<?xml version="1.0" encoding="utf-8"?>
<COLLADA xmlns="http://www.collada.org/2005/11/COLLADASchema" version="1.4.1" xmlns:xsi="http://www.w3.org/2001/XMLSchema-instance">
  <asset>
    <contributor>
      <authoring_tool>IfcOpenShell 0.8.1-c49ca69</authoring_tool>
    </contributor>
    <created>2025-04-23T00:07:30</created>
    <modified>2025-04-23T00:07:30</modified>
    <unit name="METER" meter="1"/>
    <up_axis>Z_UP</up_axis>
  </asset>
  <library_effects>
    <effect id="IfcMaterial-3732-fx">
      <profile_COMMON>
        <technique sid="common">
          <lambert/>
        </technique>
      </profile_COMMON>
    </effect>
  </library_effects>
  <library_materials>
    <material id="IfcMaterial-3732">
      <instance_effect url="#IfcMaterial-3732-fx"/>
    </material>
  </library_materials>
  <library_geometries>
    <geometry id="representation-1076714-material-3732">
      <mesh>
        <source id="representation-1076714-material-3732-positions">
          <float_array id="representation-1076714-material-3732-positions-array" count="10338">2.151209651514903 1.089779605320196 0.8599999999999999 2.151209651514903 1.089779605320196 0 2.163709651514902 1.077279605320196 0 2.163709651514902 1.077279605320196 0.8599999999999999 2.176209651514902 1.089779605320196 0.8599999999999999 2.163709651514902 1.077279605320196 0.8599999999999999 2.163709651514902 1.077279605320196 0 2.176209651514902 1.089779605320196 0 2.163709651514902 1.102279605320196 0 2.163709651514902 1.102279605320196 0.8599999999999999 2.176209651514902 1.089779605320196 0.8599999999999999 2.176209651514902 1.089779605320196 0 2.163709651514902 1.102279605320196 0.8599999999999999 2.151209651514903 1.089779605320196 0.8599999999999999 2.163709651514902 1.102279605320196 0 2.151209651514903 1.089779605320196 0 2.163709651514902 1.102279605320196 0.8599999999999999 2.151209651514903 1.089779605320196 0.8599999999999999 2.163709651514902 1.077279605320196 0.8599999999999999 2.176209651514902 1.089779605320196 0.8599999999999999 2.176209651514902 1.089779605320196 0 2.163709651514902 1.077279605320196 0 2.151209651514903 1.089779605320196 0 2.163709651514902 1.102279605320196 0 1.176209651514901 2.021595272235916 0.8599999999999999 1.176209651514901 2.021595272235916 0 1.163709651514901 2.034095272235916 0 1.163709651514901 2.034095272235916 0.8599999999999999 1.151209651514901 2.021595272235916 0.8599999999999999 1.163709651514901 2.034095272235916 0.8599999999999999 1.163709651514901 2.034095272235916 0 1.151209651514901 2.021595272235916 0 1.163709651514901 2.009095272235915 0 1.163709651514901 2.009095272235915 0.8599999999999999 1.151209651514901 2.021595272235916 0.8599999999999999 1.151209651514901 2.021595272235916 0 1.163709651514901 2.009095272235915 0.8599999999999999 1.176209651514901 2.021595272235916 0.8599999999999999 1.163709651514901 2.009095272235915 0 1.176209651514901 2.021595272235916 0 1.163709651514901 2.009095272235915 0.8599999999999999 1.176209651514901 2.021595272235916 0.8599999999999999 1.163709651514901 2.034095272235916 0.8599999999999999 1.151209651514901 2.021595272235916 0.8599999999999999 1.151209651514901 2.021595272235916 0 1.163709651514901 2.034095272235916 0 1.176209651514901 2.021595272235916 0 1.163709651514901 2.009095272235915 0 1.176209651514899 1.021595272235916 0.8599999999999999 1.176209651514899 1.021595272235916 0 1.1637096515149 1.034095272235916 0 1.1637096515149 1.034095272235916 0.8599999999999999 1.1512096515149 1.021595272235916 0.8599999999999999 1.1637096515149 1.034095272235916 0.8599999999999999 1.1637096515149 1.034095272235916 0 1.1512096515149 1.021595272235916 0 1.163709651514899 1.009095272235915 0 1.163709651514899 1.009095272235915 0.8599999999999999 1.1512096515149 1.021595272235916 0.8599999999999999 1.1512096515149 1.021595272235916 0 1.163709651514899 1.009095272235915 0.8599999999999999 1.176209651514899 1.021595272235916 0.8599999999999999 1.163709651514899 1.009095272235915 0 1.176209651514899 1.021595272235916 0 1.163709651514899 1.009095272235915 0.8599999999999999 1.176209651514899 1.021595272235916 0.8599999999999999 1.1637096515149 1.034095272235916 0.8599999999999999 1.1512096515149 1.021595272235916 0.8599999999999999 1.1512096515149 1.021595272235916 0 1.1637096515149 1.034095272235916 0 1.176209651514899 1.021595272235916 0 1.163709651514899 1.009095272235915 0 1.0015875 0.009095272235915108 0.8599999999999999 1.0015875 0.009095272235915108 0 1.0140875 0.02159527223591606 0 1.0140875 0.02159527223591606 0.8599999999999999 1.0015875 0.03409527223591612 0.8599999999999999 1.0140875 0.02159527223591606 0.8599999999999999 1.0140875 0.02159527223591606 0 1.0015875 0.03409527223591612 0 0.9890875000000001 0.02159527223591606 0 0.9890875000000001 0.02159527223591606 0.8599999999999999 1.0015875 0.03409527223591612 0.8599999999999999 1.0015875 0.03409527223591612 0 0.9890875000000001 0.02159527223591606 0.8599999999999999 1.0015875 0.009095272235915108 0.8599999999999999 0.9890875000000001 0.02159527223591606 0 1.0015875 0.009095272235915108 0 0.9890875000000001 0.02159527223591606 0.8599999999999999 1.0015875 0.009095272235915108 0.8599999999999999 1.0140875 0.02159527223591606 0.8599999999999999 1.0015875 0.03409527223591612 0.8599999999999999 1.0015875 0.03409527223591612 0 1.0140875 0.02159527223591606 0 1.0015875 0.009095272235915108 0 0.9890875000000001 0.02159527223591606 0 2.163709651514904 2.077279605320196 0.8599999999999999 2.163709651514904 2.077279605320196 0 2.176209651514904 2.089779605320195 0 2.176209651514904 2.089779605320195 0.8599999999999999 2.163709651514904 2.102279605320196 0.8599999999999999 2.176209651514904 2.089779605320195 0.8599999999999999 2.176209651514904 2.089779605320195 0 2.163709651514904 2.102279605320196 0 2.151209651514904 2.089779605320195 0 2.151209651514904 2.089779605320195 0.8599999999999999 2.163709651514904 2.102279605320196 0.8599999999999999 2.163709651514904 2.102279605320196 0 2.151209651514904 2.089779605320195 0.8599999999999999 2.163709651514904 2.077279605320196 0.8599999999999999 2.151209651514904 2.089779605320195 0 2.163709651514904 2.077279605320196 0 2.151209651514904 2.089779605320195 0.8599999999999999 2.163709651514904 2.077279605320196 0.8599999999999999 2.176209651514904 2.089779605320195 0.8599999999999999 2.163709651514904 2.102279605320196 0.8599999999999999 2.163709651514904 2.102279605320196 0 2.176209651514904 2.089779605320195 0 2.163709651514904 2.077279605320196 0 2.151209651514904 2.089779605320195 0 1.176209651514901 2.089779605320199 0.8599999999999999 1.176209651514901 2.089779605320199 0 1.163709651514901 2.102279605320199 0 1.163709651514901 2.102279605320199 0.8599999999999999 1.151209651514901 2.089779605320199 0.8599999999999999 1.163709651514901 2.102279605320199 0.8599999999999999 1.163709651514901 2.102279605320199 0 1.151209651514901 2.089779605320199 0 1.163709651514901 2.077279605320199 0 1.163709651514901 2.077279605320199 0.8599999999999999 1.151209651514901 2.089779605320199 0.8599999999999999 1.151209651514901 2.089779605320199 0 1.163709651514901 2.077279605320199 0.8599999999999999 1.176209651514901 2.089779605320199 0.8599999999999999 1.163709651514901 2.077279605320199 0 1.176209651514901 2.089779605320199 0 1.163709651514901 2.077279605320199 0.8599999999999999 1.176209651514901 2.089779605320199 0.8599999999999999 1.163709651514901 2.102279605320199 0.8599999999999999 1.151209651514901 2.089779605320199 0.8599999999999999 1.151209651514901 2.089779605320199 0 1.163709651514901 2.102279605320199 0 1.176209651514901 2.089779605320199 0 1.163709651514901 2.077279605320199 0 1.163709651514898 0.009095272235915108 0.8599999999999999 1.163709651514898 0.009095272235915108 0 1.176209651514898 0.02159527223591606 0 1.176209651514898 0.02159527223591606 0.8599999999999999 1.163709651514898 0.03409527223591612 0.8599999999999999 1.176209651514898 0.02159527223591606 0.8599999999999999 1.176209651514898 0.02159527223591606 0 1.163709651514898 0.03409527223591612 0 1.151209651514898 0.02159527223591606 0 1.151209651514898 0.02159527223591606 0.8599999999999999 1.163709651514898 0.03409527223591612 0.8599999999999999 1.163709651514898 0.03409527223591612 0 1.151209651514898 0.02159527223591606 0.8599999999999999 1.163709651514898 0.009095272235915108 0.8599999999999999 1.151209651514898 0.02159527223591606 0 1.163709651514898 0.009095272235915108 0 1.151209651514898 0.02159527223591606 0.8599999999999999 1.163709651514898 0.009095272235915108 0.8599999999999999 1.176209651514898 0.02159527223591606 0.8599999999999999 1.163709651514898 0.03409527223591612 0.8599999999999999 1.163709651514898 0.03409527223591612 0 1.176209651514898 0.02159527223591606 0 1.163709651514898 0.009095272235915108 0 1.151209651514898 0.02159527223591606 0 2.151209651514903 0.9715383011906261 0.8599999999999999 2.151209651514903 0.9715383011906261 0 2.163709651514902 0.959038301190626 0 2.163709651514902 0.959038301190626 0.8599999999999999 2.176209651514902 0.9715383011906261 0.8599999999999999 2.163709651514902 0.959038301190626 0.8599999999999999 2.163709651514902 0.959038301190626 0 2.176209651514902 0.9715383011906261 0 2.163709651514902 0.9840383011906269 0 2.163709651514902 0.9840383011906269 0.8599999999999999 2.176209651514902 0.9715383011906261 0.8599999999999999 2.176209651514902 0.9715383011906261 0 2.163709651514902 0.9840383011906269 0.8599999999999999 2.151209651514903 0.9715383011906261 0.8599999999999999 2.163709651514902 0.9840383011906269 0 2.151209651514903 0.9715383011906261 0 2.163709651514902 0.9840383011906269 0.8599999999999999 2.151209651514903 0.9715383011906261 0.8599999999999999 2.163709651514902 0.959038301190626 0.8599999999999999 2.176209651514902 0.9715383011906261 0.8599999999999999 2.176209651514902 0.9715383011906261 0 2.163709651514902 0.959038301190626 0 2.151209651514903 0.9715383011906261 0 2.163709651514902 0.9840383011906269 0 0.01408750000000003 0.009095272235918772 0.8599999999999999 0.01408750000000003 0.009095272235918772 0 0.02658749999999998 0.02159527223591883 0 0.02658749999999998 0.02159527223591883 0.8599999999999999 0.01408750000000047 0.03409527223591968 0.8599999999999999 0.02658749999999998 0.02159527223591883 0.8599999999999999 0.02658749999999998 0.02159527223591883 0 0.01408750000000003 0.03409527223591968 0 0.001587500000000519 0.02159527223591883 0 0.001587500000000519 0.02159527223591883 0.8599999999999999 0.01408750000000047 0.03409527223591968 0.8599999999999999 0.01408750000000003 0.03409527223591968 0 0.001587500000000519 0.02159527223591883 0.8599999999999999 0.01408750000000003 0.009095272235918772 0.8599999999999999 0.001587500000000519 0.02159527223591883 0 0.01408750000000003 0.009095272235918772 0 0.001587500000000519 0.02159527223591883 0.8599999999999999 0.01408750000000003 0.009095272235918772 0.8599999999999999 0.02658749999999998 0.02159527223591883 0.8599999999999999 0.01408750000000047 0.03409527223591968 0.8599999999999999 0.01408750000000003 0.03409527223591968 0 0.02658749999999998 0.02159527223591883 0 0.01408750000000003 0.009095272235918772 0 0.001587500000000519 0.02159527223591883 0 1.154334651514898 0.03097027223591608 0.7502572142074255 1.152459651514899 0.03284527223591515 0.7535048094716171 1.151287747898679 0.03401717585213548 0.7555346060764828 1.150584651514898 0.03472027223591522 0.7567524047358088 1.149998699706789 0.03530622404402583 0.7577673030382415 1.148709651514898 0.03659527223591518 0.76 1.148709651514902 2.104779605320199 0.76 1.149998699706795 2.103490557128305 0.7577673030382361 1.151287747898688 2.102201508936412 0.7555346060764718 1.152576796090581 2.10091246074452 0.7533019091147085 1.152648469001088 2.100840787834011 0.7531777679921829 1.153865844282474 2.099623412552626 0.7510692121529441 1.153961408163151 2.09952784867195 0.7509036906562446 1.1562096515149 2.097279605320199 0.7470096189432346 1.156209651514898 0.02909527223591512 0.7470096189432338 1.159959651514898 0.0253452722359152 0.7470096189432338 1.159959651514901 2.093529605320199 0.7470096189432346 1.156209651514898 0.02909527223591512 0.7470096189432338 1.156209651514898 0.02909527223591512 0.7470096189432338 1.1562096515149 2.097279605320199 0.7470096189432346 1.159959651514901 2.093529605320199 0.7470096189432346 1.159959651514898 0.0253452722359152 0.7470096189432338 1.156209651514898 0.02909527223591512 0.7470096189432338 0.00158749999999963 0.02534527223591875 0.7470096189432338 0.00158749999999963 0.02534527223591875 0.7470096189432338 1.156209651514898 0.02909527223591512 0.7470096189432338 0.00158749999999963 0.02909527223591967 0.7470096189432338 1.159959651514901 2.093529605320199 0.7470096189432346 1.1562096515149 2.097279605320199 0.7470096189432346 2.171209651514904 2.097279605320196 0.7470096189432338 2.167459651514905 2.093529605320196 0.7470096189432338 2.171209651514904 2.097279605320196 0.7470096189432338 1.159959651514901 2.093529605320199 0.7470096189432346 2.171209651514902 0.959038301190626 0.7470096189432338 2.167459651514905 2.093529605320196 0.7470096189432338 2.171209651514904 2.097279605320196 0.7470096189432338 2.167459651514902 0.959038301190626 0.7470096189432338 2.171209651514902 0.959038301190626 0.7470096189432338 2.167459651514905 2.093529605320196 0.7470096189432338 2.167459651514902 0.959038301190626 0.7470096189432338 2.167459651514905 2.093529605320196 0.7470096189432338 2.163709651514904 2.089779605320198 0.7470096189432329 2.163709651514902 0.959038301190626 0.7470096189432338 2.163709651514904 2.089779605320198 0.7470096189432329 2.167459651514902 0.959038301190626 0.7470096189432338 2.159959651514904 2.086029605320196 0.7470096189432329 2.163709651514902 0.959038301190626 0.7470096189432338 2.163709651514904 2.089779605320198 0.7470096189432329 2.159959651514902 0.959038301190626 0.7470096189432338 2.159959651514904 2.086029605320196 0.7470096189432329 2.163709651514902 0.959038301190626 0.7470096189432338 2.159959651514902 0.959038301190626 0.7470096189432338 2.159959651514904 2.086029605320196 0.7470096189432329 2.156209651514904 2.082279605320196 0.7470096189432329 2.156209651514904 2.082279605320196 0.7470096189432329 2.159959651514902 0.959038301190626 0.7470096189432338 2.156209651514902 0.959038301190626 0.7470096189432338 2.156209651514904 2.082279605320196 0.7470096189432329 2.159959651514904 2.086029605320196 0.7470096189432329 1.171209651514901 2.082279605320198 0.7470096189432338 1.167459651514901 2.086029605320199 0.7470096189432338 1.171209651514901 2.082279605320198 0.7470096189432338 2.159959651514904 2.086029605320196 0.7470096189432329 1.167459651514898 0.01784527223591514 0.7470096189432338 1.167459651514901 2.086029605320199 0.7470096189432338 1.171209651514901 2.082279605320198 0.7470096189432338 1.171209651514898 0.01409527223591522 0.7470096189432338 1.167459651514898 0.01784527223591514 0.7470096189432338 1.171209651514901 2.082279605320198 0.7470096189432338 1.171209651514898 0.01409527223591522 0.7470096189432338 1.167459651514898 0.01784527223591514 0.7470096189432338 0.00158749999999963 0.01409527223591877 0.7470096189432338 0.00158749999999963 0.0178452722359188 0.7470096189432338 0.00158749999999963 0.01409527223591877 0.7470096189432338 1.167459651514898 0.01784527223591514 0.7470096189432338 0.00158749999999963 0.0178452722359188 0.7470096189432338 1.167459651514898 0.01784527223591514 0.7470096189432338 1.163709651514898 0.02159527223591606 0.7470096189432338 1.163709651514898 0.02159527223591606 0.7470096189432338 0.00158749999999963 0.0178452722359188 0.7470096189432338 0.00158749999999963 0.02159527223591883 0.7470096189432338 1.163709651514898 0.02159527223591606 0.7470096189432338 1.159959651514898 0.0253452722359152 0.7470096189432338 0.00158749999999963 0.02159527223591883 0.7470096189432338 0.00158749999999963 0.02159527223591883 0.7470096189432338 0.00158749999999963 0.02534527223591875 0.7470096189432338 1.159959651514898 0.0253452722359152 0.7470096189432338 1.163709651514898 0.02159527223591606 0.7470096189432338 1.167459651514901 2.086029605320199 0.7470096189432338 1.163709651514901 2.089779605320199 0.7470096189432338 1.163709651514901 2.089779605320199 0.7470096189432338 1.163709651514898 0.02159527223591606 0.7470096189432338 1.159959651514898 0.0253452722359152 0.7470096189432338 1.167459651514898 0.01784527223591514 0.7470096189432338 1.167459651514901 2.086029605320199 0.7470096189432338 1.163709651514898 0.02159527223591606 0.7470096189432338 1.163709651514901 2.089779605320199 0.7470096189432338 1.159959651514898 0.0253452722359152 0.7470096189432338 1.159959651514901 2.093529605320199 0.7470096189432346 2.167459651514905 2.093529605320196 0.7470096189432338 1.159959651514901 2.093529605320199 0.7470096189432346 1.163709651514901 2.089779605320199 0.7470096189432338 1.163709651514901 2.089779605320199 0.7470096189432338 1.167459651514901 2.086029605320199 0.7470096189432338 2.163709651514904 2.089779605320198 0.7470096189432329 2.163709651514904 2.089779605320198 0.7470096189432329 2.167459651514905 2.093529605320196 0.7470096189432338 1.163709651514901 2.089779605320199 0.7470096189432338 2.159959651514904 2.086029605320196 0.7470096189432329 2.163709651514904 2.089779605320198 0.7470096189432329 1.167459651514901 2.086029605320199 0.7470096189432338 1.173084651514902 2.080404605320198 0.7502572142074255 1.174959651514901 2.078529605320198 0.7535048094716171 1.176834651514901 2.076654605320199 0.7567524047358088 1.178709651514901 2.074779605320198 0.76 1.178709651514898 0.006595272235915161 0.76 1.177420603323008 0.007884320427804514 0.7577673030382415 1.17641196597956 0.008892957771252429 0.7560202919129801 1.176131555131118 0.009173368619694866 0.7555346060764828 1.174959651514898 0.0103452722359143 0.7535048094716171 1.174114280444223 0.01119064330658958 0.7520405838259589 1.173084651514898 0.01222027223591604 0.7502572142074255 1.172661965979561 0.01264295777125234 0.7495251013845968 1.171209651514898 0.01409527223591522 0.7470096189432338 1.171209651514901 2.082279605320198 0.7470096189432338 1.171209651514901 2.082279605320198 0.7729903810567662 1.171209651514898 0.01409527223591522 0.7729903810567662 1.173084651514898 0.01222027223591604 0.7697427857925754 1.17355345873959 0.01175146501122337 0.7689307878604536 1.174842506933417 0.01046241681739679 0.7666980908953405 1.174959651514898 0.01034527223591608 0.7664951905283837 1.176131555127244 0.009173368623568323 0.7644653939302274 1.176411965974902 0.008892957775911702 0.7639797080950888 1.177420603321071 0.007884320429741742 0.7622326969651135 1.178709651514898 0.006595272235915161 0.76 1.178709651514901 2.074779605320198 0.76 1.17739671234784 2.07609254448726 0.762274077344598 1.176834651514901 2.076654605320199 0.7632475952641911 1.176083773180779 2.077405483654322 0.7645481546891937 1.174959651514901 2.078529605320199 0.7664951905283837 1.173084651514902 2.080404605320199 0.7697427857925754 1.159959651514898 0.0253452722359152 0.772990381056767 1.159959651514901 2.093529605320199 0.7729903810567662 1.163709651514901 2.089779605320199 0.7729903810567662 1.159959651514898 0.0253452722359152 0.772990381056767 1.163709651514901 2.089779605320199 0.7729903810567662 1.163709651514898 0.02159527223591606 0.772990381056767 1.163709651514898 0.02159527223591606 0.772990381056767 1.163709651514901 2.089779605320199 0.7729903810567662 1.167459651514901 2.086029605320199 0.7729903810567662 2.163709651514904 2.089779605320198 0.772990381056767 1.159959651514901 2.093529605320199 0.7729903810567662 1.163709651514901 2.089779605320199 0.7729903810567662 2.159959651514904 2.086029605320196 0.772990381056767 2.163709651514904 2.089779605320198 0.772990381056767 1.163709651514901 2.089779605320199 0.7729903810567662 1.167459651514901 2.086029605320199 0.7729903810567662 1.163709651514901 2.089779605320199 0.7729903810567662 2.159959651514904 2.086029605320196 0.772990381056767 1.167459651514898 0.01784527223591514 0.772990381056767 1.167459651514901 2.086029605320199 0.7729903810567662 1.163709651514898 0.02159527223591606 0.772990381056767 1.167459651514901 2.086029605320199 0.7729903810567662 1.171209651514901 2.082279605320198 0.7729903810567662 1.167459651514898 0.01784527223591514 0.772990381056767 2.156209651514904 2.082279605320196 0.772990381056767 1.167459651514901 2.086029605320199 0.7729903810567662 1.171209651514901 2.082279605320198 0.7729903810567662 2.156209651514904 2.082279605320196 0.772990381056767 2.159959651514904 2.086029605320196 0.772990381056767 1.167459651514901 2.086029605320199 0.7729903810567662 2.159959651514904 2.086029605320196 0.772990381056767 2.163709651514904 2.089779605320198 0.772990381056767 2.163709651514902 0.959038301190626 0.7729903810567662 2.159959651514902 0.9590383011906269 0.7729903810567662 2.163709651514902 0.959038301190626 0.7729903810567662 2.159959651514904 2.086029605320196 0.772990381056767 2.156209651514904 2.082279605320196 0.772990381056767 2.159959651514904 2.086029605320196 0.772990381056767 2.159959651514902 0.9590383011906269 0.7729903810567662 2.159959651514902 0.9590383011906269 0.7729903810567662 2.156209651514904 2.082279605320196 0.772990381056767 2.156209651514902 0.959038301190626 0.7729903810567662 2.163709651514902 0.959038301190626 0.7729903810567662 2.163709651514904 2.089779605320198 0.772990381056767 2.167459651514902 0.959038301190626 0.7729903810567662 2.167459651514902 0.959038301190626 0.7729903810567662 2.163709651514904 2.089779605320198 0.772990381056767 2.167459651514904 2.093529605320196 0.772990381056767 2.167459651514904 2.093529605320196 0.772990381056767 2.167459651514902 0.959038301190626 0.7729903810567662 2.171209651514902 0.959038301190626 0.7729903810567662 2.171209651514904 2.097279605320196 0.7729903810567662 2.171209651514902 0.959038301190626 0.7729903810567662 2.167459651514904 2.093529605320196 0.772990381056767 2.171209651514904 2.097279605320196 0.7729903810567662 2.167459651514904 2.093529605320196 0.772990381056767 1.1562096515149 2.097279605320199 0.7729903810567662 1.1562096515149 2.097279605320199 0.7729903810567662 1.159959651514901 2.093529605320199 0.7729903810567662 1.156209651514898 0.02909527223591512 0.772990381056767 1.1562096515149 2.097279605320199 0.7729903810567662 2.167459651514904 2.093529605320196 0.772990381056767 1.159959651514901 2.093529605320199 0.7729903810567662 1.156209651514898 0.02909527223591512 0.772990381056767 1.159959651514898 0.0253452722359152 0.772990381056767 1.159959651514901 2.093529605320199 0.7729903810567662 1.156209651514898 0.02909527223591512 0.772990381056767 1.159959651514898 0.0253452722359152 0.772990381056767 0.00158749999999963 0.02534527223591875 0.7729903810567662 0.00158749999999963 0.02909527223591967 0.7729903810567662 0.00158749999999963 0.02534527223591875 0.7729903810567662 1.156209651514898 0.02909527223591512 0.772990381056767 0.00158749999999963 0.02534527223591875 0.7729903810567662 1.159959651514898 0.0253452722359152 0.772990381056767 0.00158749999999963 0.02159527223591883 0.7729903810567662 0.00158749999999963 0.02159527223591883 0.7729903810567662 1.163709651514898 0.02159527223591606 0.772990381056767 1.159959651514898 0.0253452722359152 0.772990381056767 0.00158749999999963 0.02159527223591883 0.7729903810567662 1.163709651514898 0.02159527223591606 0.772990381056767 0.00158749999999963 0.0178452722359188 0.7729903810567662 0.00158749999999963 0.0178452722359188 0.7729903810567662 1.167459651514898 0.01784527223591514 0.772990381056767 0.00158749999999963 0.01409527223591877 0.7729903810567662 0.00158749999999963 0.0178452722359188 0.7729903810567662 1.167459651514898 0.01784527223591514 0.772990381056767 1.163709651514898 0.02159527223591606 0.772990381056767 1.171209651514901 2.082279605320198 0.7729903810567662 1.171209651514898 0.01409527223591522 0.7729903810567662 1.167459651514898 0.01784527223591514 0.772990381056767 1.167459651514898 0.01784527223591514 0.772990381056767 1.171209651514898 0.01409527223591522 0.7729903810567662 0.00158749999999963 0.01409527223591877 0.7729903810567662 2.167459651514904 2.093529605320196 0.772990381056767 2.163709651514904 2.089779605320198 0.772990381056767 1.159959651514901 2.093529605320199 0.7729903810567662 1.152459651514901 2.101029605320199 0.7664951905283828 1.151287747898698 2.102201508936401 0.7644653939235453 1.150584651514901 2.102904605320199 0.7632475952641911 1.149998699706799 2.103490557128301 0.7622326969617729 1.148709651514902 2.104779605320199 0.76 1.148709651514898 0.03659527223591518 0.76 1.150584651514898 0.03472027223591611 0.7632475952641921 1.152459651514898 0.03284527223591515 0.7664951905283837 1.154334651514898 0.03097027223591608 0.7697427857925754 1.156209651514898 0.02909527223591512 0.772990381056767 1.1562096515149 2.097279605320199 0.7729903810567662 1.154334651514901 2.099154605320199 0.7697427857925744 2.171209651514904 2.097279605320196 0.7470096189432338 1.1562096515149 2.097279605320199 0.7470096189432346 1.153961408163151 2.09952784867195 0.7509036906562446 1.153865844282474 2.099623412552626 0.7510692121529441 1.152648469001088 2.100840787834011 0.7531777679921829 1.152576796090581 2.10091246074452 0.7533019091147085 1.151287747898688 2.102201508936412 0.7555346060764718 1.149998699706795 2.103490557128305 0.7577673030382361 1.148709651514902 2.104779605320199 0.76 2.178709651514904 2.104779605320195 0.76 2.176834651514904 2.102904605320194 0.7567524047358088 2.176349034687705 2.102418988492996 0.7559112917180886 2.174959651514904 2.101029605320197 0.7535048094716171 2.173988417860506 2.100058371665797 0.7518225834361788 2.173084651514904 2.099154605320197 0.7502572142074255 2.172599034687705 2.098668988492997 0.7494161011897063 1.171209651514901 2.082279605320198 0.7470096189432338 2.156209651514904 2.082279605320196 0.7470096189432329 2.154334651514904 2.080404605320197 0.7502572142074255 2.153961408163159 2.080031361968451 0.7509036906562337 2.152648469001096 2.078718422806388 0.7531777679921756 2.152459651514904 2.078529605320196 0.7535048094716171 2.151335529839032 2.077405483644323 0.7554518453281175 2.150584651514904 2.076654605320196 0.7567524047358088 2.150022590676968 2.076092544482261 0.7577259226640585 2.148709651514904 2.074779605320197 0.76 1.178709651514901 2.074779605320198 0.76 1.176834651514901 2.076654605320199 0.7567524047358088 1.174959651514901 2.078529605320198 0.7535048094716171 1.173084651514902 2.080404605320198 0.7502572142074255 1.173084651514902 2.080404605320199 0.7697427857925754 1.174959651514901 2.078529605320199 0.7664951905283837 1.176083773180779 2.077405483654322 0.7645481546891937 1.176834651514901 2.076654605320199 0.7632475952641911 1.17739671234784 2.07609254448726 0.762274077344598 1.178709651514901 2.074779605320198 0.76 2.148709651514904 2.074779605320197 0.76 2.150022590680063 2.076092544485355 0.7622740773413029 2.151070268349981 2.077140222155273 0.7640887082955555 2.151335529845222 2.077405483650515 0.7645481546826045 2.152459651514904 2.078529605320196 0.7664951905283837 2.152648469010381 2.078718422815673 0.7668222320239078 2.15396140817554 2.080031361980832 0.7690963093652103 2.154334651514904 2.080404605320197 0.7697427857925744 2.156209651514904 2.082279605320196 0.772990381056767 1.171209651514901 2.082279605320198 0.7729903810567662 1.152459651514901 2.101029605320199 0.7664951905283828 1.154334651514901 2.099154605320199 0.7697427857925744 1.1562096515149 2.097279605320199 0.7729903810567662 2.171209651514904 2.097279605320196 0.7729903810567662 2.173084651514904 2.099154605320196 0.7697427857925744 2.173457894866588 2.099527848671881 0.7690963093438699 2.174770834028667 2.10084078783396 0.7668222320079025 2.174959651514904 2.101029605320197 0.7664951905283837 2.176083773190746 2.102153726996038 0.7645481546719352 2.176349034687705 2.102418988492996 0.7640887082819113 2.177396712352825 2.103466666158116 0.7622740773359678 2.178709651514904 2.104779605320195 0.76 1.148709651514902 2.104779605320199 0.76 1.149998699706799 2.103490557128301 0.7622326969617729 1.150584651514901 2.102904605320199 0.7632475952641911 1.151287747898698 2.102201508936401 0.7644653939235453 2.154334651514902 0.9590383011906269 0.7502572142074264 2.156209651514902 0.959038301190626 0.7470096189432338 2.159959651514902 0.959038301190626 0.7470096189432338 2.163709651514902 0.959038301190626 0.7470096189432338 2.167459651514902 0.959038301190626 0.7470096189432338 2.171209651514902 0.959038301190626 0.7470096189432338 2.173084651514902 0.9590383011906242 0.7502572142074255 2.174959651514902 0.959038301190626 0.7535048094716171 2.176834651514902 0.959038301190626 0.7567524047358088 2.178709651514902 0.959038301190626 0.76 2.176834651514902 0.9590383011906269 0.7632475952641921 2.174959651514902 0.959038301190626 0.7664951905283837 2.173084651514902 0.959038301190626 0.7697427857925744 2.171209651514902 0.959038301190626 0.7729903810567662 2.167459651514902 0.959038301190626 0.7729903810567662 2.163709651514902 0.959038301190626 0.7729903810567662 2.159959651514902 0.9590383011906269 0.7729903810567662 2.156209651514902 0.959038301190626 0.7729903810567662 2.154820273966588 0.959038301190626 0.7705839085521898 2.153430896418273 0.959038301190626 0.7681774360476124 2.151070273966587 0.959038301190626 0.7640887180238065 2.148709651514902 0.959038301190626 0.76 2.151070273961658 0.959038301190626 0.7559112819847327 2.152459651514902 0.959038301190626 0.7535048094716171 2.151335529839032 2.077405483644323 0.7554518453281175 2.152459651514904 2.078529605320196 0.7535048094716171 2.152648469001096 2.078718422806388 0.7531777679921756 2.153961408163159 2.080031361968451 0.7509036906562337 2.154334651514904 2.080404605320197 0.7502572142074255 2.156209651514904 2.082279605320196 0.7470096189432329 2.156209651514902 0.959038301190626 0.7470096189432338 2.154334651514902 0.9590383011906269 0.7502572142074264 2.152459651514902 0.959038301190626 0.7535048094716171 2.151070273961658 0.959038301190626 0.7559112819847327 2.148709651514902 0.959038301190626 0.76 2.148709651514904 2.074779605320197 0.76 2.150022590676968 2.076092544482261 0.7577259226640585 2.150584651514904 2.076654605320196 0.7567524047358088 2.173084651514902 0.9590383011906242 0.7502572142074255 2.171209651514902 0.959038301190626 0.7470096189432338 2.171209651514904 2.097279605320196 0.7470096189432338 2.172599034687705 2.098668988492997 0.7494161011897063 2.173084651514904 2.099154605320197 0.7502572142074255 2.173988417860506 2.100058371665797 0.7518225834361788 2.174959651514904 2.101029605320197 0.7535048094716171 2.176349034687705 2.102418988492996 0.7559112917180886 2.176834651514904 2.102904605320194 0.7567524047358088 2.178709651514904 2.104779605320195 0.76 2.178709651514902 0.959038301190626 0.76 2.176834651514902 0.959038301190626 0.7567524047358088 2.174959651514902 0.959038301190626 0.7535048094716171 2.151070273966587 0.959038301190626 0.7640887180238065 2.153430896418273 0.959038301190626 0.7681774360476124 2.154820273966588 0.959038301190626 0.7705839085521898 2.156209651514902 0.959038301190626 0.7729903810567662 2.156209651514904 2.082279605320196 0.772990381056767 2.154334651514904 2.080404605320197 0.7697427857925744 2.15396140817554 2.080031361980832 0.7690963093652103 2.152648469010381 2.078718422815673 0.7668222320239078 2.152459651514904 2.078529605320196 0.7664951905283837 2.151335529845222 2.077405483650515 0.7645481546826045 2.151070268349981 2.077140222155273 0.7640887082955555 2.150022590680063 2.076092544485355 0.7622740773413029 2.148709651514904 2.074779605320197 0.76 2.148709651514902 0.959038301190626 0.76 2.173084651514902 0.959038301190626 0.7697427857925744 2.171209651514902 0.959038301190626 0.7729903810567662 2.174959651514902 0.959038301190626 0.7664951905283837 2.176834651514902 0.9590383011906269 0.7632475952641921 2.178709651514902 0.959038301190626 0.76 2.178709651514904 2.104779605320195 0.76 2.177396712352825 2.103466666158116 0.7622740773359678 2.176349034687705 2.102418988492996 0.7640887082819113 2.176083773190746 2.102153726996038 0.7645481546719352 2.174959651514904 2.101029605320197 0.7664951905283837 2.174770834028667 2.10084078783396 0.7668222320079025 2.173457894866588 2.099527848671881 0.7690963093438699 2.173084651514904 2.099154605320196 0.7697427857925744 2.171209651514904 2.097279605320196 0.7729903810567662 0.00158749999999963 0.0342975815185873 0.7639797170624974 0.00158749999999963 0.03659527223591885 0.76 0.00158749999999963 0.0342975815185873 0.7560202829375034 0.00158749999999963 0.03199989080125664 0.7520405658750073 0.00158749999999963 0.03054758151858816 0.7495250924091201 0.00158749999999963 0.02909527223591967 0.7470096189432338 0.00158749999999963 0.02534527223591875 0.7470096189432338 0.00158749999999963 0.02159527223591883 0.7470096189432338 0.00158749999999963 0.0178452722359188 0.7470096189432338 0.00158749999999963 0.01409527223591877 0.7470096189432338 0.00158749999999963 0.01222027223591881 0.7502572142074255 0.00158749999999963 0.01034527223591785 0.7535048094716171 0.00158749999999963 0.008470272235918785 0.7567524047358088 0.00158749999999963 0.006595272235918825 0.76 0.00158749999999963 0.008470272235918785 0.7632475952641911 0.00158749999999963 0.01034527223591785 0.7664951905283837 0.00158749999999963 0.01222027223591881 0.7697427857925754 0.00158749999999963 0.01409527223591877 0.7729903810567662 0.00158749999999963 0.0178452722359188 0.7729903810567662 0.00158749999999963 0.02159527223591883 0.7729903810567662 0.00158749999999963 0.02534527223591875 0.7729903810567662 0.00158749999999963 0.02909527223591967 0.7729903810567662 0.00158749999999963 0.03097027223591886 0.7697427857925754 0.00158749999999963 0.0328452722359197 0.7664951905283837 0.00158749999999963 0.0342975815185873 0.7560202829375034 0.00158749999999963 0.03659527223591885 0.76 1.148709651514898 0.03659527223591518 0.76 1.149998699706789 0.03530622404402583 0.7577673030382415 1.150584651514898 0.03472027223591522 0.7567524047358088 1.151287747898679 0.03401717585213548 0.7555346060764828 1.152459651514899 0.03284527223591515 0.7535048094716171 1.154334651514898 0.03097027223591608 0.7502572142074255 1.156209651514898 0.02909527223591512 0.7470096189432338 0.00158749999999963 0.02909527223591967 0.7470096189432338 0.00158749999999963 0.03054758151858816 0.7495250924091201 0.00158749999999963 0.03199989080125664 0.7520405658750073 0.00158749999999963 0.006595272235918825 0.76 0.00158749999999963 0.008470272235918785 0.7567524047358088 0.00158749999999963 0.01034527223591785 0.7535048094716171 0.00158749999999963 0.01222027223591881 0.7502572142074255 0.00158749999999963 0.01409527223591877 0.7470096189432338 1.171209651514898 0.01409527223591522 0.7470096189432338 1.172661965979561 0.01264295777125234 0.7495251013845968 1.173084651514898 0.01222027223591604 0.7502572142074255 1.174114280444223 0.01119064330658958 0.7520405838259589 1.174959651514898 0.0103452722359143 0.7535048094716171 1.176131555131118 0.009173368619694866 0.7555346060764828 1.17641196597956 0.008892957771252429 0.7560202919129801 1.177420603323008 0.007884320427804514 0.7577673030382415 1.178709651514898 0.006595272235915161 0.76 1.150584651514898 0.03472027223591611 0.7632475952641921 1.148709651514898 0.03659527223591518 0.76 0.00158749999999963 0.03659527223591885 0.76 0.00158749999999963 0.0342975815185873 0.7639797170624974 0.00158749999999963 0.0328452722359197 0.7664951905283837 0.00158749999999963 0.03097027223591886 0.7697427857925754 0.00158749999999963 0.02909527223591967 0.7729903810567662 1.156209651514898 0.02909527223591512 0.772990381056767 1.154334651514898 0.03097027223591608 0.7697427857925754 1.152459651514898 0.03284527223591515 0.7664951905283837 1.173084651514898 0.01222027223591604 0.7697427857925754 1.171209651514898 0.01409527223591522 0.7729903810567662 0.00158749999999963 0.01409527223591877 0.7729903810567662 0.00158749999999963 0.01222027223591881 0.7697427857925754 0.00158749999999963 0.01034527223591785 0.7664951905283837 0.00158749999999963 0.008470272235918785 0.7632475952641911 0.00158749999999963 0.006595272235918825 0.76 1.178709651514898 0.006595272235915161 0.76 1.177420603321071 0.007884320429741742 0.7622326969651135 1.176411965974902 0.008892957775911702 0.7639797080950888 1.176131555127244 0.009173368623568323 0.7644653939302274 1.174959651514898 0.01034527223591608 0.7664951905283837 1.174842506933417 0.01046241681739679 0.7666980908953405 1.17355345873959 0.01175146501122337 0.7689307878604536 1.154334651514898 0.03097027223591608 0.6252572142074255 1.152459651514899 0.03284527223591515 0.6285048094716162 1.151287747898679 0.03401717585213548 0.6305346060764828 1.150584651514898 0.03472027223591522 0.6317524047358078 1.149998699706789 0.03530622404402583 0.6327673030382415 1.148709651514898 0.03659527223591518 0.635 1.148709651514902 2.104779605320199 0.635 1.149998699706795 2.103490557128305 0.6327673030382361 1.151287747898688 2.102201508936412 0.6305346060764709 1.152576796090581 2.10091246074452 0.6283019091147085 1.152648469001088 2.100840787834011 0.6281777679921829 1.153865844282474 2.099623412552626 0.6260692121529441 1.153961408163151 2.09952784867195 0.6259036906562437 1.1562096515149 2.097279605320199 0.6220096189432338 1.156209651514898 0.02909527223591512 0.6220096189432338 1.159959651514898 0.0253452722359152 0.6220096189432338 1.159959651514901 2.093529605320199 0.6220096189432338 1.156209651514898 0.02909527223591512 0.6220096189432338 1.156209651514898 0.02909527223591512 0.6220096189432338 1.1562096515149 2.097279605320199 0.6220096189432338 1.159959651514901 2.093529605320199 0.6220096189432338 1.159959651514898 0.0253452722359152 0.6220096189432338 1.156209651514898 0.02909527223591512 0.6220096189432338 0.00158749999999963 0.02534527223591875 0.6220096189432338 0.00158749999999963 0.02534527223591875 0.6220096189432338 1.156209651514898 0.02909527223591512 0.6220096189432338 0.00158749999999963 0.02909527223591967 0.6220096189432338 1.159959651514901 2.093529605320199 0.6220096189432338 1.1562096515149 2.097279605320199 0.6220096189432338 2.171209651514904 2.097279605320196 0.6220096189432338 2.167459651514905 2.093529605320196 0.6220096189432338 2.171209651514904 2.097279605320196 0.6220096189432338 1.159959651514901 2.093529605320199 0.6220096189432338 2.171209651514902 0.959038301190626 0.6220096189432338 2.167459651514905 2.093529605320196 0.6220096189432338 2.171209651514904 2.097279605320196 0.6220096189432338 2.167459651514902 0.959038301190626 0.6220096189432338 2.171209651514902 0.959038301190626 0.6220096189432338 2.167459651514905 2.093529605320196 0.6220096189432338 2.167459651514902 0.959038301190626 0.6220096189432338 2.167459651514905 2.093529605320196 0.6220096189432338 2.163709651514904 2.089779605320198 0.6220096189432338 2.163709651514902 0.959038301190626 0.6220096189432338 2.163709651514904 2.089779605320198 0.6220096189432338 2.167459651514902 0.959038301190626 0.6220096189432338 2.159959651514904 2.086029605320196 0.6220096189432329 2.163709651514902 0.959038301190626 0.6220096189432338 2.163709651514904 2.089779605320198 0.6220096189432338 2.159959651514902 0.959038301190626 0.6220096189432338 2.159959651514904 2.086029605320196 0.6220096189432329 2.163709651514902 0.959038301190626 0.6220096189432338 2.159959651514902 0.959038301190626 0.6220096189432338 2.159959651514904 2.086029605320196 0.6220096189432329 2.156209651514904 2.082279605320196 0.6220096189432329 2.156209651514904 2.082279605320196 0.6220096189432329 2.159959651514902 0.959038301190626 0.6220096189432338 2.156209651514902 0.959038301190626 0.6220096189432338 2.156209651514904 2.082279605320196 0.6220096189432329 2.159959651514904 2.086029605320196 0.6220096189432329 1.171209651514901 2.082279605320198 0.6220096189432338 1.167459651514901 2.086029605320199 0.6220096189432338 1.171209651514901 2.082279605320198 0.6220096189432338 2.159959651514904 2.086029605320196 0.6220096189432329 1.167459651514898 0.01784527223591514 0.6220096189432338 1.167459651514901 2.086029605320199 0.6220096189432338 1.171209651514901 2.082279605320198 0.6220096189432338 1.171209651514898 0.01409527223591522 0.6220096189432338 1.167459651514898 0.01784527223591514 0.6220096189432338 1.171209651514901 2.082279605320198 0.6220096189432338 1.171209651514898 0.01409527223591522 0.6220096189432338 1.167459651514898 0.01784527223591514 0.6220096189432338 0.00158749999999963 0.01409527223591877 0.6220096189432338 0.00158749999999963 0.0178452722359188 0.6220096189432338 0.00158749999999963 0.01409527223591877 0.6220096189432338 1.167459651514898 0.01784527223591514 0.6220096189432338 0.00158749999999963 0.0178452722359188 0.6220096189432338 1.167459651514898 0.01784527223591514 0.6220096189432338 1.163709651514898 0.02159527223591606 0.6220096189432338 1.163709651514898 0.02159527223591606 0.6220096189432338 0.00158749999999963 0.0178452722359188 0.6220096189432338 0.00158749999999963 0.02159527223591883 0.6220096189432338 1.163709651514898 0.02159527223591606 0.6220096189432338 1.159959651514898 0.0253452722359152 0.6220096189432338 0.00158749999999963 0.02159527223591883 0.6220096189432338 0.00158749999999963 0.02159527223591883 0.6220096189432338 0.00158749999999963 0.02534527223591875 0.6220096189432338 1.159959651514898 0.0253452722359152 0.6220096189432338 1.163709651514898 0.02159527223591606 0.6220096189432338 1.167459651514901 2.086029605320199 0.6220096189432338 1.163709651514901 2.089779605320199 0.6220096189432338 1.163709651514901 2.089779605320199 0.6220096189432338 1.163709651514898 0.02159527223591606 0.6220096189432338 1.159959651514898 0.0253452722359152 0.6220096189432338 1.167459651514898 0.01784527223591514 0.6220096189432338 1.167459651514901 2.086029605320199 0.6220096189432338 1.163709651514898 0.02159527223591606 0.6220096189432338 1.163709651514901 2.089779605320199 0.6220096189432338 1.159959651514898 0.0253452722359152 0.6220096189432338 1.159959651514901 2.093529605320199 0.6220096189432338 2.167459651514905 2.093529605320196 0.6220096189432338 1.159959651514901 2.093529605320199 0.6220096189432338 1.163709651514901 2.089779605320199 0.6220096189432338 1.163709651514901 2.089779605320199 0.6220096189432338 1.167459651514901 2.086029605320199 0.6220096189432338 2.163709651514904 2.089779605320198 0.6220096189432338 2.163709651514904 2.089779605320198 0.6220096189432338 2.167459651514905 2.093529605320196 0.6220096189432338 1.163709651514901 2.089779605320199 0.6220096189432338 2.159959651514904 2.086029605320196 0.6220096189432329 2.163709651514904 2.089779605320198 0.6220096189432338 1.167459651514901 2.086029605320199 0.6220096189432338 1.173084651514902 2.080404605320198 0.6252572142074255 1.174959651514901 2.078529605320198 0.6285048094716162 1.176834651514901 2.076654605320199 0.6317524047358078 1.178709651514901 2.074779605320198 0.635 1.178709651514898 0.006595272235915161 0.635 1.177420603323008 0.007884320427804514 0.6327673030382406 1.17641196597956 0.008892957771252429 0.6310202919129792 1.176131555131118 0.009173368619694866 0.6305346060764828 1.174959651514898 0.0103452722359143 0.6285048094716162 1.174114280444223 0.01119064330658958 0.6270405838259589 1.173084651514898 0.01222027223591604 0.6252572142074255 1.172661965979561 0.01264295777125234 0.6245251013845959 1.171209651514898 0.01409527223591522 0.6220096189432338 1.171209651514901 2.082279605320198 0.6220096189432338 1.171209651514901 2.082279605320198 0.6479903810567662 1.171209651514898 0.01409527223591522 0.6479903810567662 1.173084651514898 0.01222027223591604 0.6447427857925744 1.17355345873959 0.01175146501122337 0.6439307878604545 1.174842506933417 0.01046241681739679 0.6416980908953396 1.174959651514898 0.01034527223591608 0.6414951905283828 1.176131555127244 0.009173368623568323 0.6394653939302274 1.176411965974902 0.008892957775911702 0.6389797080950888 1.177420603321071 0.007884320429741742 0.6372326969651135 1.178709651514898 0.006595272235915161 0.635 1.178709651514901 2.074779605320198 0.635 1.17739671234784 2.07609254448726 0.6372740773445971 1.176834651514901 2.076654605320199 0.6382475952641921 1.176083773180779 2.077405483654322 0.6395481546891946 1.174959651514901 2.078529605320199 0.6414951905283828 1.173084651514902 2.080404605320199 0.6447427857925744 1.159959651514898 0.0253452722359152 0.6479903810567662 1.159959651514901 2.093529605320199 0.6479903810567662 1.163709651514901 2.089779605320199 0.6479903810567662 1.159959651514898 0.0253452722359152 0.6479903810567662 1.163709651514901 2.089779605320199 0.6479903810567662 1.163709651514898 0.02159527223591606 0.6479903810567662 1.163709651514898 0.02159527223591606 0.6479903810567662 1.163709651514901 2.089779605320199 0.6479903810567662 1.167459651514901 2.086029605320199 0.6479903810567662 2.163709651514904 2.089779605320198 0.6479903810567662 1.159959651514901 2.093529605320199 0.6479903810567662 1.163709651514901 2.089779605320199 0.6479903810567662 2.159959651514904 2.086029605320196 0.647990381056767 2.163709651514904 2.089779605320198 0.6479903810567662 1.163709651514901 2.089779605320199 0.6479903810567662 1.167459651514901 2.086029605320199 0.6479903810567662 1.163709651514901 2.089779605320199 0.6479903810567662 2.159959651514904 2.086029605320196 0.647990381056767 1.167459651514898 0.01784527223591514 0.6479903810567662 1.167459651514901 2.086029605320199 0.6479903810567662 1.163709651514898 0.02159527223591606 0.6479903810567662 1.167459651514901 2.086029605320199 0.6479903810567662 1.171209651514901 2.082279605320198 0.6479903810567662 1.167459651514898 0.01784527223591514 0.6479903810567662 2.156209651514904 2.082279605320196 0.647990381056767 1.167459651514901 2.086029605320199 0.6479903810567662 1.171209651514901 2.082279605320198 0.6479903810567662 2.156209651514904 2.082279605320196 0.647990381056767 2.159959651514904 2.086029605320196 0.647990381056767 1.167459651514901 2.086029605320199 0.6479903810567662 2.159959651514904 2.086029605320196 0.647990381056767 2.163709651514904 2.089779605320198 0.6479903810567662 2.163709651514902 0.959038301190626 0.6479903810567662 2.159959651514902 0.9590383011906269 0.6479903810567662 2.163709651514902 0.959038301190626 0.6479903810567662 2.159959651514904 2.086029605320196 0.647990381056767 2.156209651514904 2.082279605320196 0.647990381056767 2.159959651514904 2.086029605320196 0.647990381056767 2.159959651514902 0.9590383011906269 0.6479903810567662 2.159959651514902 0.9590383011906269 0.6479903810567662 2.156209651514904 2.082279605320196 0.647990381056767 2.156209651514902 0.959038301190626 0.6479903810567662 2.163709651514902 0.959038301190626 0.6479903810567662 2.163709651514904 2.089779605320198 0.6479903810567662 2.167459651514902 0.959038301190626 0.6479903810567662 2.167459651514902 0.959038301190626 0.6479903810567662 2.163709651514904 2.089779605320198 0.6479903810567662 2.167459651514904 2.093529605320196 0.6479903810567662 2.167459651514904 2.093529605320196 0.6479903810567662 2.167459651514902 0.959038301190626 0.6479903810567662 2.171209651514902 0.959038301190626 0.6479903810567662 2.171209651514904 2.097279605320196 0.6479903810567662 2.171209651514902 0.959038301190626 0.6479903810567662 2.167459651514904 2.093529605320196 0.6479903810567662 2.171209651514904 2.097279605320196 0.6479903810567662 2.167459651514904 2.093529605320196 0.6479903810567662 1.1562096515149 2.097279605320199 0.6479903810567662 1.1562096515149 2.097279605320199 0.6479903810567662 1.159959651514901 2.093529605320199 0.6479903810567662 1.156209651514898 0.02909527223591512 0.647990381056767 1.1562096515149 2.097279605320199 0.6479903810567662 2.167459651514904 2.093529605320196 0.6479903810567662 1.159959651514901 2.093529605320199 0.6479903810567662 1.156209651514898 0.02909527223591512 0.647990381056767 1.159959651514898 0.0253452722359152 0.6479903810567662 1.159959651514901 2.093529605320199 0.6479903810567662 1.156209651514898 0.02909527223591512 0.647990381056767 1.159959651514898 0.0253452722359152 0.6479903810567662 0.00158749999999963 0.02534527223591875 0.6479903810567662 0.00158749999999963 0.02909527223591967 0.6479903810567662 0.00158749999999963 0.02534527223591875 0.6479903810567662 1.156209651514898 0.02909527223591512 0.647990381056767 0.00158749999999963 0.02534527223591875 0.6479903810567662 1.159959651514898 0.0253452722359152 0.6479903810567662 0.00158749999999963 0.02159527223591883 0.6479903810567662 0.00158749999999963 0.02159527223591883 0.6479903810567662 1.163709651514898 0.02159527223591606 0.6479903810567662 1.159959651514898 0.0253452722359152 0.6479903810567662 0.00158749999999963 0.02159527223591883 0.6479903810567662 1.163709651514898 0.02159527223591606 0.6479903810567662 0.00158749999999963 0.0178452722359188 0.6479903810567662 0.00158749999999963 0.0178452722359188 0.6479903810567662 1.167459651514898 0.01784527223591514 0.6479903810567662 0.00158749999999963 0.01409527223591877 0.6479903810567662 0.00158749999999963 0.0178452722359188 0.6479903810567662 1.167459651514898 0.01784527223591514 0.6479903810567662 1.163709651514898 0.02159527223591606 0.6479903810567662 1.171209651514901 2.082279605320198 0.6479903810567662 1.171209651514898 0.01409527223591522 0.6479903810567662 1.167459651514898 0.01784527223591514 0.6479903810567662 1.167459651514898 0.01784527223591514 0.6479903810567662 1.171209651514898 0.01409527223591522 0.6479903810567662 0.00158749999999963 0.01409527223591877 0.6479903810567662 2.167459651514904 2.093529605320196 0.6479903810567662 2.163709651514904 2.089779605320198 0.6479903810567662 1.159959651514901 2.093529605320199 0.6479903810567662 1.152459651514901 2.101029605320199 0.6414951905283828 1.151287747898698 2.102201508936401 0.6394653939235445 1.150584651514901 2.102904605320199 0.6382475952641921 1.149998699706799 2.103490557128301 0.637232696961772 1.148709651514902 2.104779605320199 0.635 1.148709651514898 0.03659527223591518 0.635 1.150584651514898 0.03472027223591611 0.6382475952641921 1.152459651514898 0.03284527223591515 0.6414951905283837 1.154334651514898 0.03097027223591608 0.6447427857925754 1.156209651514898 0.02909527223591512 0.647990381056767 1.1562096515149 2.097279605320199 0.6479903810567662 1.154334651514901 2.099154605320199 0.6447427857925744 2.171209651514904 2.097279605320196 0.6220096189432338 1.1562096515149 2.097279605320199 0.6220096189432338 1.153961408163151 2.09952784867195 0.6259036906562437 1.153865844282474 2.099623412552626 0.6260692121529441 1.152648469001088 2.100840787834011 0.6281777679921829 1.152576796090581 2.10091246074452 0.6283019091147085 1.151287747898688 2.102201508936412 0.6305346060764709 1.149998699706795 2.103490557128305 0.6327673030382361 1.148709651514902 2.104779605320199 0.635 2.178709651514904 2.104779605320195 0.635 2.176834651514904 2.102904605320194 0.6317524047358088 2.176349034687705 2.102418988492996 0.6309112917180895 2.174959651514904 2.101029605320197 0.6285048094716171 2.173988417860506 2.100058371665797 0.6268225834361779 2.173084651514904 2.099154605320197 0.6252572142074255 2.172599034687705 2.098668988492997 0.6244161011897053 1.171209651514901 2.082279605320198 0.6220096189432338 2.156209651514904 2.082279605320196 0.6220096189432329 2.154334651514904 2.080404605320197 0.6252572142074245 2.153961408163159 2.080031361968451 0.6259036906562337 2.152648469001096 2.078718422806388 0.6281777679921756 2.152459651514904 2.078529605320196 0.6285048094716162 2.151335529839032 2.077405483644323 0.6304518453281175 2.150584651514904 2.076654605320196 0.6317524047358078 2.150022590676968 2.076092544482261 0.6327259226640585 2.148709651514904 2.074779605320197 0.635 1.178709651514901 2.074779605320198 0.635 1.176834651514901 2.076654605320199 0.6317524047358078 1.174959651514901 2.078529605320198 0.6285048094716162 1.173084651514902 2.080404605320198 0.6252572142074255 1.173084651514902 2.080404605320199 0.6447427857925744 1.174959651514901 2.078529605320199 0.6414951905283828 1.176083773180779 2.077405483654322 0.6395481546891946 1.176834651514901 2.076654605320199 0.6382475952641921 1.17739671234784 2.07609254448726 0.6372740773445971 1.178709651514901 2.074779605320198 0.635 2.148709651514904 2.074779605320197 0.635 2.150022590680063 2.076092544485355 0.6372740773413029 2.151070268349981 2.077140222155273 0.6390887082955555 2.151335529845222 2.077405483650515 0.6395481546826053 2.152459651514904 2.078529605320196 0.6414951905283828 2.152648469010381 2.078718422815673 0.6418222320239078 2.15396140817554 2.080031361980832 0.6440963093652112 2.154334651514904 2.080404605320197 0.6447427857925744 2.156209651514904 2.082279605320196 0.647990381056767 1.171209651514901 2.082279605320198 0.6479903810567662 1.152459651514901 2.101029605320199 0.6414951905283828 1.154334651514901 2.099154605320199 0.6447427857925744 1.1562096515149 2.097279605320199 0.6479903810567662 2.171209651514904 2.097279605320196 0.6479903810567662 2.173084651514904 2.099154605320196 0.6447427857925744 2.173457894866588 2.099527848671881 0.6440963093438699 2.174770834028667 2.10084078783396 0.6418222320079025 2.174959651514904 2.101029605320197 0.6414951905283828 2.176083773190746 2.102153726996038 0.6395481546719342 2.176349034687705 2.102418988492996 0.6390887082819113 2.177396712352825 2.103466666158116 0.6372740773359678 2.178709651514904 2.104779605320195 0.635 1.148709651514902 2.104779605320199 0.635 1.149998699706799 2.103490557128301 0.637232696961772 1.150584651514901 2.102904605320199 0.6382475952641921 1.151287747898698 2.102201508936401 0.6394653939235445 2.154334651514902 0.9590383011906269 0.6252572142074255 2.156209651514902 0.959038301190626 0.6220096189432338 2.159959651514902 0.959038301190626 0.6220096189432338 2.163709651514902 0.959038301190626 0.6220096189432338 2.167459651514902 0.959038301190626 0.6220096189432338 2.171209651514902 0.959038301190626 0.6220096189432338 2.173084651514902 0.9590383011906242 0.6252572142074255 2.174959651514902 0.959038301190626 0.6285048094716171 2.176834651514902 0.959038301190626 0.6317524047358078 2.178709651514902 0.959038301190626 0.635 2.176834651514902 0.9590383011906269 0.6382475952641921 2.174959651514902 0.959038301190626 0.6414951905283828 2.173084651514902 0.959038301190626 0.6447427857925744 2.171209651514902 0.959038301190626 0.6479903810567662 2.167459651514902 0.959038301190626 0.6479903810567662 2.163709651514902 0.959038301190626 0.6479903810567662 2.159959651514902 0.9590383011906269 0.6479903810567662 2.156209651514902 0.959038301190626 0.6479903810567662 2.154820273966588 0.959038301190626 0.6455839085521898 2.153430896418273 0.959038301190626 0.6431774360476133 2.151070273966587 0.959038301190626 0.6390887180238065 2.148709651514902 0.959038301190626 0.635 2.151070273961658 0.959038301190626 0.6309112819847318 2.152459651514902 0.959038301190626 0.6285048094716171 2.151335529839032 2.077405483644323 0.6304518453281175 2.152459651514904 2.078529605320196 0.6285048094716162 2.152648469001096 2.078718422806388 0.6281777679921756 2.153961408163159 2.080031361968451 0.6259036906562337 2.154334651514904 2.080404605320197 0.6252572142074245 2.156209651514904 2.082279605320196 0.6220096189432329 2.156209651514902 0.959038301190626 0.6220096189432338 2.154334651514902 0.9590383011906269 0.6252572142074255 2.152459651514902 0.959038301190626 0.6285048094716171 2.151070273961658 0.959038301190626 0.6309112819847318 2.148709651514902 0.959038301190626 0.635 2.148709651514904 2.074779605320197 0.635 2.150022590676968 2.076092544482261 0.6327259226640585 2.150584651514904 2.076654605320196 0.6317524047358078 2.173084651514902 0.9590383011906242 0.6252572142074255 2.171209651514902 0.959038301190626 0.6220096189432338 2.171209651514904 2.097279605320196 0.6220096189432338 2.172599034687705 2.098668988492997 0.6244161011897053 2.173084651514904 2.099154605320197 0.6252572142074255 2.173988417860506 2.100058371665797 0.6268225834361779 2.174959651514904 2.101029605320197 0.6285048094716171 2.176349034687705 2.102418988492996 0.6309112917180895 2.176834651514904 2.102904605320194 0.6317524047358088 2.178709651514904 2.104779605320195 0.635 2.178709651514902 0.959038301190626 0.635 2.176834651514902 0.959038301190626 0.6317524047358078 2.174959651514902 0.959038301190626 0.6285048094716171 2.151070273966587 0.959038301190626 0.6390887180238065 2.153430896418273 0.959038301190626 0.6431774360476133 2.154820273966588 0.959038301190626 0.6455839085521898 2.156209651514902 0.959038301190626 0.6479903810567662 2.156209651514904 2.082279605320196 0.647990381056767 2.154334651514904 2.080404605320197 0.6447427857925744 2.15396140817554 2.080031361980832 0.6440963093652112 2.152648469010381 2.078718422815673 0.6418222320239078 2.152459651514904 2.078529605320196 0.6414951905283828 2.151335529845222 2.077405483650515 0.6395481546826053 2.151070268349981 2.077140222155273 0.6390887082955555 2.150022590680063 2.076092544485355 0.6372740773413029 2.148709651514904 2.074779605320197 0.635 2.148709651514902 0.959038301190626 0.635 2.173084651514902 0.959038301190626 0.6447427857925744 2.171209651514902 0.959038301190626 0.6479903810567662 2.174959651514902 0.959038301190626 0.6414951905283828 2.176834651514902 0.9590383011906269 0.6382475952641921 2.178709651514902 0.959038301190626 0.635 2.178709651514904 2.104779605320195 0.635 2.177396712352825 2.103466666158116 0.6372740773359678 2.176349034687705 2.102418988492996 0.6390887082819113 2.176083773190746 2.102153726996038 0.6395481546719342 2.174959651514904 2.101029605320197 0.6414951905283828 2.174770834028667 2.10084078783396 0.6418222320079025 2.173457894866588 2.099527848671881 0.6440963093438699 2.173084651514904 2.099154605320196 0.6447427857925744 2.171209651514904 2.097279605320196 0.6479903810567662 0.00158749999999963 0.0342975815185873 0.6389797170624974 0.00158749999999963 0.03659527223591885 0.635 0.00158749999999963 0.0342975815185873 0.6310202829375034 0.00158749999999963 0.03199989080125664 0.6270405658750064 0.00158749999999963 0.03054758151858816 0.6245250924091201 0.00158749999999963 0.02909527223591967 0.6220096189432338 0.00158749999999963 0.02534527223591875 0.6220096189432338 0.00158749999999963 0.02159527223591883 0.6220096189432338 0.00158749999999963 0.0178452722359188 0.6220096189432338 0.00158749999999963 0.01409527223591877 0.6220096189432338 0.00158749999999963 0.01222027223591881 0.6252572142074255 0.00158749999999963 0.01034527223591785 0.6285048094716171 0.00158749999999963 0.008470272235918785 0.6317524047358078 0.00158749999999963 0.006595272235918825 0.635 0.00158749999999963 0.008470272235918785 0.6382475952641921 0.00158749999999963 0.01034527223591785 0.6414951905283828 0.00158749999999963 0.01222027223591881 0.6447427857925754 0.00158749999999963 0.01409527223591877 0.6479903810567662 0.00158749999999963 0.0178452722359188 0.6479903810567662 0.00158749999999963 0.02159527223591883 0.6479903810567662 0.00158749999999963 0.02534527223591875 0.6479903810567662 0.00158749999999963 0.02909527223591967 0.6479903810567662 0.00158749999999963 0.03097027223591886 0.6447427857925744 0.00158749999999963 0.0328452722359197 0.6414951905283828 0.00158749999999963 0.0342975815185873 0.6310202829375034 0.00158749999999963 0.03659527223591885 0.635 1.148709651514898 0.03659527223591518 0.635 1.149998699706789 0.03530622404402583 0.6327673030382415 1.150584651514898 0.03472027223591522 0.6317524047358078 1.151287747898679 0.03401717585213548 0.6305346060764828 1.152459651514899 0.03284527223591515 0.6285048094716162 1.154334651514898 0.03097027223591608 0.6252572142074255 1.156209651514898 0.02909527223591512 0.6220096189432338 0.00158749999999963 0.02909527223591967 0.6220096189432338 0.00158749999999963 0.03054758151858816 0.6245250924091201 0.00158749999999963 0.03199989080125664 0.6270405658750064 0.00158749999999963 0.006595272235918825 0.635 0.00158749999999963 0.008470272235918785 0.6317524047358078 0.00158749999999963 0.01034527223591785 0.6285048094716171 0.00158749999999963 0.01222027223591881 0.6252572142074255 0.00158749999999963 0.01409527223591877 0.6220096189432338 1.171209651514898 0.01409527223591522 0.6220096189432338 1.172661965979561 0.01264295777125234 0.6245251013845959 1.173084651514898 0.01222027223591604 0.6252572142074255 1.174114280444223 0.01119064330658958 0.6270405838259589 1.174959651514898 0.0103452722359143 0.6285048094716162 1.176131555131118 0.009173368619694866 0.6305346060764828 1.17641196597956 0.008892957771252429 0.6310202919129792 1.177420603323008 0.007884320427804514 0.6327673030382406 1.178709651514898 0.006595272235915161 0.635 1.150584651514898 0.03472027223591611 0.6382475952641921 1.148709651514898 0.03659527223591518 0.635 0.00158749999999963 0.03659527223591885 0.635 0.00158749999999963 0.0342975815185873 0.6389797170624974 0.00158749999999963 0.0328452722359197 0.6414951905283828 0.00158749999999963 0.03097027223591886 0.6447427857925744 0.00158749999999963 0.02909527223591967 0.6479903810567662 1.156209651514898 0.02909527223591512 0.647990381056767 1.154334651514898 0.03097027223591608 0.6447427857925754 1.152459651514898 0.03284527223591515 0.6414951905283837 1.173084651514898 0.01222027223591604 0.6447427857925744 1.171209651514898 0.01409527223591522 0.6479903810567662 0.00158749999999963 0.01409527223591877 0.6479903810567662 0.00158749999999963 0.01222027223591881 0.6447427857925754 0.00158749999999963 0.01034527223591785 0.6414951905283828 0.00158749999999963 0.008470272235918785 0.6382475952641921 0.00158749999999963 0.006595272235918825 0.635 1.178709651514898 0.006595272235915161 0.635 1.177420603321071 0.007884320429741742 0.6372326969651135 1.176411965974902 0.008892957775911702 0.6389797080950888 1.176131555127244 0.009173368623568323 0.6394653939302274 1.174959651514898 0.01034527223591608 0.6414951905283828 1.174842506933417 0.01046241681739679 0.6416980908953396 1.17355345873959 0.01175146501122337 0.6439307878604545 1.154334651514898 0.03097027223591608 0.500257214207425 1.152459651514899 0.03284527223591515 0.5035048094716162 1.151287747898679 0.03401717585213548 0.5055346060764822 1.150584651514898 0.03472027223591522 0.5067524047358078 1.149998699706789 0.03530622404402583 0.5077673030382411 1.148709651514898 0.03659527223591518 0.51 1.148709651514902 2.104779605320199 0.51 1.149998699706795 2.103490557128305 0.5077673030382356 1.151287747898688 2.102201508936412 0.5055346060764713 1.152576796090581 2.10091246074452 0.5033019091147079 1.152648469001088 2.100840787834011 0.503177767992182 1.153865844282474 2.099623412552626 0.5010692121529446 1.153961408163151 2.09952784867195 0.5009036906562437 1.1562096515149 2.097279605320199 0.4970096189432338 1.156209651514898 0.02909527223591512 0.4970096189432333 1.159959651514898 0.0253452722359152 0.4970096189432333 1.159959651514901 2.093529605320199 0.4970096189432333 1.156209651514898 0.02909527223591512 0.4970096189432333 1.156209651514898 0.02909527223591512 0.4970096189432333 1.1562096515149 2.097279605320199 0.4970096189432338 1.159959651514901 2.093529605320199 0.4970096189432333 1.159959651514898 0.0253452722359152 0.4970096189432333 1.156209651514898 0.02909527223591512 0.4970096189432333 0.00158749999999963 0.02534527223591875 0.4970096189432333 0.00158749999999963 0.02534527223591875 0.4970096189432333 1.156209651514898 0.02909527223591512 0.4970096189432333 0.00158749999999963 0.02909527223591967 0.4970096189432333 1.159959651514901 2.093529605320199 0.4970096189432333 1.1562096515149 2.097279605320199 0.4970096189432338 2.171209651514904 2.097279605320196 0.4970096189432333 2.167459651514905 2.093529605320196 0.4970096189432329 2.171209651514904 2.097279605320196 0.4970096189432333 1.159959651514901 2.093529605320199 0.4970096189432333 2.171209651514902 0.959038301190626 0.4970096189432333 2.167459651514905 2.093529605320196 0.4970096189432329 2.171209651514904 2.097279605320196 0.4970096189432333 2.167459651514902 0.959038301190626 0.4970096189432333 2.171209651514902 0.959038301190626 0.4970096189432333 2.167459651514905 2.093529605320196 0.4970096189432329 2.167459651514902 0.959038301190626 0.4970096189432333 2.167459651514905 2.093529605320196 0.4970096189432329 2.163709651514904 2.089779605320198 0.4970096189432329 2.163709651514902 0.959038301190626 0.4970096189432333 2.163709651514904 2.089779605320198 0.4970096189432329 2.167459651514902 0.959038301190626 0.4970096189432333 2.159959651514904 2.086029605320196 0.4970096189432329 2.163709651514902 0.959038301190626 0.4970096189432333 2.163709651514904 2.089779605320198 0.4970096189432329 2.159959651514902 0.959038301190626 0.4970096189432333 2.159959651514904 2.086029605320196 0.4970096189432329 2.163709651514902 0.959038301190626 0.4970096189432333 2.159959651514902 0.959038301190626 0.4970096189432333 2.159959651514904 2.086029605320196 0.4970096189432329 2.156209651514904 2.082279605320196 0.4970096189432329 2.156209651514904 2.082279605320196 0.4970096189432329 2.159959651514902 0.959038301190626 0.4970096189432333 2.156209651514902 0.959038301190626 0.4970096189432333 2.156209651514904 2.082279605320196 0.4970096189432329 2.159959651514904 2.086029605320196 0.4970096189432329 1.171209651514901 2.082279605320198 0.4970096189432333 1.167459651514901 2.086029605320199 0.4970096189432338 1.171209651514901 2.082279605320198 0.4970096189432333 2.159959651514904 2.086029605320196 0.4970096189432329 1.167459651514898 0.01784527223591514 0.4970096189432333 1.167459651514901 2.086029605320199 0.4970096189432338 1.171209651514901 2.082279605320198 0.4970096189432333 1.171209651514898 0.01409527223591522 0.4970096189432333 1.167459651514898 0.01784527223591514 0.4970096189432333 1.171209651514901 2.082279605320198 0.4970096189432333 1.171209651514898 0.01409527223591522 0.4970096189432333 1.167459651514898 0.01784527223591514 0.4970096189432333 0.00158749999999963 0.01409527223591877 0.4970096189432333 0.00158749999999963 0.0178452722359188 0.4970096189432333 0.00158749999999963 0.01409527223591877 0.4970096189432333 1.167459651514898 0.01784527223591514 0.4970096189432333 0.00158749999999963 0.0178452722359188 0.4970096189432333 1.167459651514898 0.01784527223591514 0.4970096189432333 1.163709651514898 0.02159527223591606 0.4970096189432333 1.163709651514898 0.02159527223591606 0.4970096189432333 0.00158749999999963 0.0178452722359188 0.4970096189432333 0.00158749999999963 0.02159527223591883 0.4970096189432333 1.163709651514898 0.02159527223591606 0.4970096189432333 1.159959651514898 0.0253452722359152 0.4970096189432333 0.00158749999999963 0.02159527223591883 0.4970096189432333 0.00158749999999963 0.02159527223591883 0.4970096189432333 0.00158749999999963 0.02534527223591875 0.4970096189432333 1.159959651514898 0.0253452722359152 0.4970096189432333 1.163709651514898 0.02159527223591606 0.4970096189432333 1.167459651514901 2.086029605320199 0.4970096189432338 1.163709651514901 2.089779605320199 0.4970096189432333 1.163709651514901 2.089779605320199 0.4970096189432333 1.163709651514898 0.02159527223591606 0.4970096189432333 1.159959651514898 0.0253452722359152 0.4970096189432333 1.167459651514898 0.01784527223591514 0.4970096189432333 1.167459651514901 2.086029605320199 0.4970096189432338 1.163709651514898 0.02159527223591606 0.4970096189432333 1.163709651514901 2.089779605320199 0.4970096189432333 1.159959651514898 0.0253452722359152 0.4970096189432333 1.159959651514901 2.093529605320199 0.4970096189432333 2.167459651514905 2.093529605320196 0.4970096189432329 1.159959651514901 2.093529605320199 0.4970096189432333 1.163709651514901 2.089779605320199 0.4970096189432333 1.163709651514901 2.089779605320199 0.4970096189432333 1.167459651514901 2.086029605320199 0.4970096189432338 2.163709651514904 2.089779605320198 0.4970096189432329 2.163709651514904 2.089779605320198 0.4970096189432329 2.167459651514905 2.093529605320196 0.4970096189432329 1.163709651514901 2.089779605320199 0.4970096189432333 2.159959651514904 2.086029605320196 0.4970096189432329 2.163709651514904 2.089779605320198 0.4970096189432329 1.167459651514901 2.086029605320199 0.4970096189432338 1.173084651514902 2.080404605320198 0.5002572142074245 1.174959651514901 2.078529605320198 0.5035048094716162 1.176834651514901 2.076654605320199 0.5067524047358078 1.178709651514901 2.074779605320198 0.51 1.178709651514898 0.006595272235915161 0.51 1.177420603323008 0.007884320427804514 0.5077673030382411 1.17641196597956 0.008892957771252429 0.5060202919129792 1.176131555131118 0.009173368619694866 0.5055346060764822 1.174959651514898 0.0103452722359143 0.5035048094716162 1.174114280444223 0.01119064330658958 0.5020405838259585 1.173084651514898 0.01222027223591604 0.5002572142074245 1.172661965979561 0.01264295777125234 0.4995251013845959 1.171209651514898 0.01409527223591522 0.4970096189432333 1.171209651514901 2.082279605320198 0.4970096189432333 1.171209651514901 2.082279605320198 0.5229903810567662 1.171209651514898 0.01409527223591522 0.5229903810567662 1.173084651514898 0.01222027223591604 0.5197427857925744 1.17355345873959 0.01175146501122337 0.5189307878604532 1.174842506933417 0.01046241681739679 0.5166980908953401 1.174959651514898 0.01034527223591608 0.5164951905283833 1.176131555127244 0.009173368623568323 0.5144653939302266 1.176411965974902 0.008892957775911702 0.5139797080950888 1.177420603321071 0.007884320429741742 0.512232696965113 1.178709651514898 0.006595272235915161 0.51 1.178709651514901 2.074779605320198 0.51 1.17739671234784 2.07609254448726 0.5122740773445966 1.176834651514901 2.076654605320199 0.5132475952641911 1.176083773180779 2.077405483654322 0.5145481546891937 1.174959651514901 2.078529605320199 0.5164951905283833 1.173084651514902 2.080404605320199 0.5197427857925744 1.159959651514898 0.0253452722359152 0.5229903810567662 1.159959651514901 2.093529605320199 0.5229903810567657 1.163709651514901 2.089779605320199 0.5229903810567657 1.159959651514898 0.0253452722359152 0.5229903810567662 1.163709651514901 2.089779605320199 0.5229903810567657 1.163709651514898 0.02159527223591606 0.5229903810567666 1.163709651514898 0.02159527223591606 0.5229903810567666 1.163709651514901 2.089779605320199 0.5229903810567657 1.167459651514901 2.086029605320199 0.5229903810567657 2.163709651514904 2.089779605320198 0.5229903810567666 1.159959651514901 2.093529605320199 0.5229903810567657 1.163709651514901 2.089779605320199 0.5229903810567657 2.159959651514904 2.086029605320196 0.5229903810567666 2.163709651514904 2.089779605320198 0.5229903810567666 1.163709651514901 2.089779605320199 0.5229903810567657 1.167459651514901 2.086029605320199 0.5229903810567657 1.163709651514901 2.089779605320199 0.5229903810567657 2.159959651514904 2.086029605320196 0.5229903810567666 1.167459651514898 0.01784527223591514 0.5229903810567662 1.167459651514901 2.086029605320199 0.5229903810567657 1.163709651514898 0.02159527223591606 0.5229903810567666 1.167459651514901 2.086029605320199 0.5229903810567657 1.171209651514901 2.082279605320198 0.5229903810567662 1.167459651514898 0.01784527223591514 0.5229903810567662 2.156209651514904 2.082279605320196 0.5229903810567666 1.167459651514901 2.086029605320199 0.5229903810567657 1.171209651514901 2.082279605320198 0.5229903810567662 2.156209651514904 2.082279605320196 0.5229903810567666 2.159959651514904 2.086029605320196 0.5229903810567666 1.167459651514901 2.086029605320199 0.5229903810567657 2.159959651514904 2.086029605320196 0.5229903810567666 2.163709651514904 2.089779605320198 0.5229903810567666 2.163709651514902 0.959038301190626 0.5229903810567662 2.159959651514902 0.9590383011906269 0.5229903810567657 2.163709651514902 0.959038301190626 0.5229903810567662 2.159959651514904 2.086029605320196 0.5229903810567666 2.156209651514904 2.082279605320196 0.5229903810567666 2.159959651514904 2.086029605320196 0.5229903810567666 2.159959651514902 0.9590383011906269 0.5229903810567657 2.159959651514902 0.9590383011906269 0.5229903810567657 2.156209651514904 2.082279605320196 0.5229903810567666 2.156209651514902 0.959038301190626 0.5229903810567662 2.163709651514902 0.959038301190626 0.5229903810567662 2.163709651514904 2.089779605320198 0.5229903810567666 2.167459651514902 0.959038301190626 0.5229903810567662 2.167459651514902 0.959038301190626 0.5229903810567662 2.163709651514904 2.089779605320198 0.5229903810567666 2.167459651514904 2.093529605320196 0.5229903810567662 2.167459651514904 2.093529605320196 0.5229903810567662 2.167459651514902 0.959038301190626 0.5229903810567662 2.171209651514902 0.959038301190626 0.5229903810567662 2.171209651514904 2.097279605320196 0.5229903810567662 2.171209651514902 0.959038301190626 0.5229903810567662 2.167459651514904 2.093529605320196 0.5229903810567662 2.171209651514904 2.097279605320196 0.5229903810567662 2.167459651514904 2.093529605320196 0.5229903810567662 1.1562096515149 2.097279605320199 0.5229903810567657 1.1562096515149 2.097279605320199 0.5229903810567657 1.159959651514901 2.093529605320199 0.5229903810567657 1.156209651514898 0.02909527223591512 0.5229903810567666 1.1562096515149 2.097279605320199 0.5229903810567657 2.167459651514904 2.093529605320196 0.5229903810567662 1.159959651514901 2.093529605320199 0.5229903810567657 1.156209651514898 0.02909527223591512 0.5229903810567666 1.159959651514898 0.0253452722359152 0.5229903810567662 1.159959651514901 2.093529605320199 0.5229903810567657 1.156209651514898 0.02909527223591512 0.5229903810567666 1.159959651514898 0.0253452722359152 0.5229903810567662 0.00158749999999963 0.02534527223591875 0.5229903810567662 0.00158749999999963 0.02909527223591967 0.5229903810567662 0.00158749999999963 0.02534527223591875 0.5229903810567662 1.156209651514898 0.02909527223591512 0.5229903810567666 0.00158749999999963 0.02534527223591875 0.5229903810567662 1.159959651514898 0.0253452722359152 0.5229903810567662 0.00158749999999963 0.02159527223591883 0.5229903810567662 0.00158749999999963 0.02159527223591883 0.5229903810567662 1.163709651514898 0.02159527223591606 0.5229903810567666 1.159959651514898 0.0253452722359152 0.5229903810567662 0.00158749999999963 0.02159527223591883 0.5229903810567662 1.163709651514898 0.02159527223591606 0.5229903810567666 0.00158749999999963 0.0178452722359188 0.5229903810567662 0.00158749999999963 0.0178452722359188 0.5229903810567662 1.167459651514898 0.01784527223591514 0.5229903810567662 0.00158749999999963 0.01409527223591877 0.5229903810567662 0.00158749999999963 0.0178452722359188 0.5229903810567662 1.167459651514898 0.01784527223591514 0.5229903810567662 1.163709651514898 0.02159527223591606 0.5229903810567666 1.171209651514901 2.082279605320198 0.5229903810567662 1.171209651514898 0.01409527223591522 0.5229903810567662 1.167459651514898 0.01784527223591514 0.5229903810567662 1.167459651514898 0.01784527223591514 0.5229903810567662 1.171209651514898 0.01409527223591522 0.5229903810567662 0.00158749999999963 0.01409527223591877 0.5229903810567662 2.167459651514904 2.093529605320196 0.5229903810567662 2.163709651514904 2.089779605320198 0.5229903810567666 1.159959651514901 2.093529605320199 0.5229903810567657 1.152459651514901 2.101029605320199 0.5164951905283824 1.151287747898698 2.102201508936401 0.5144653939235453 1.150584651514901 2.102904605320199 0.5132475952641911 1.149998699706799 2.103490557128301 0.5122326969617725 1.148709651514902 2.104779605320199 0.51 1.148709651514898 0.03659527223591518 0.51 1.150584651514898 0.03472027223591611 0.5132475952641911 1.152459651514898 0.03284527223591515 0.5164951905283833 1.154334651514898 0.03097027223591608 0.5197427857925749 1.156209651514898 0.02909527223591512 0.5229903810567666 1.1562096515149 2.097279605320199 0.5229903810567657 1.154334651514901 2.099154605320199 0.5197427857925744 2.171209651514904 2.097279605320196 0.4970096189432333 1.1562096515149 2.097279605320199 0.4970096189432338 1.153961408163151 2.09952784867195 0.5009036906562437 1.153865844282474 2.099623412552626 0.5010692121529446 1.152648469001088 2.100840787834011 0.503177767992182 1.152576796090581 2.10091246074452 0.5033019091147079 1.151287747898688 2.102201508936412 0.5055346060764713 1.149998699706795 2.103490557128305 0.5077673030382356 1.148709651514902 2.104779605320199 0.51 2.178709651514904 2.104779605320195 0.51 2.176834651514904 2.102904605320194 0.5067524047358078 2.176349034687705 2.102418988492996 0.5059112917180882 2.174959651514904 2.101029605320197 0.5035048094716162 2.173988417860506 2.100058371665797 0.5018225834361779 2.173084651514904 2.099154605320197 0.500257214207425 2.172599034687705 2.098668988492997 0.4994161011897054 1.171209651514901 2.082279605320198 0.4970096189432333 2.156209651514904 2.082279605320196 0.4970096189432329 2.154334651514904 2.080404605320197 0.5002572142074245 2.153961408163159 2.080031361968451 0.5009036906562341 2.152648469001096 2.078718422806388 0.5031777679921756 2.152459651514904 2.078529605320196 0.5035048094716162 2.151335529839032 2.077405483644323 0.505451845328117 2.150584651514904 2.076654605320196 0.5067524047358078 2.150022590676968 2.076092544482261 0.5077259226640581 2.148709651514904 2.074779605320197 0.51 1.178709651514901 2.074779605320198 0.51 1.176834651514901 2.076654605320199 0.5067524047358078 1.174959651514901 2.078529605320198 0.5035048094716162 1.173084651514902 2.080404605320198 0.5002572142074245 1.173084651514902 2.080404605320199 0.5197427857925744 1.174959651514901 2.078529605320199 0.5164951905283833 1.176083773180779 2.077405483654322 0.5145481546891937 1.176834651514901 2.076654605320199 0.5132475952641911 1.17739671234784 2.07609254448726 0.5122740773445966 1.178709651514901 2.074779605320198 0.51 2.148709651514904 2.074779605320197 0.51 2.150022590680063 2.076092544485355 0.512274077341302 2.151070268349981 2.077140222155273 0.514088708295555 2.151335529845222 2.077405483650515 0.5145481546826049 2.152459651514904 2.078529605320196 0.5164951905283833 2.152648469010381 2.078718422815673 0.5168222320239078 2.15396140817554 2.080031361980832 0.5190963093652098 2.154334651514904 2.080404605320197 0.5197427857925744 2.156209651514904 2.082279605320196 0.5229903810567666 1.171209651514901 2.082279605320198 0.5229903810567662 1.152459651514901 2.101029605320199 0.5164951905283824 1.154334651514901 2.099154605320199 0.5197427857925744 1.1562096515149 2.097279605320199 0.5229903810567657 2.171209651514904 2.097279605320196 0.5229903810567662 2.173084651514904 2.099154605320196 0.5197427857925744 2.173457894866588 2.099527848671881 0.5190963093438699 2.174770834028667 2.10084078783396 0.5168222320079016 2.174959651514904 2.101029605320197 0.5164951905283833 2.176083773190746 2.102153726996038 0.5145481546719347 2.176349034687705 2.102418988492996 0.5140887082819108 2.177396712352825 2.103466666158116 0.5122740773359674 2.178709651514904 2.104779605320195 0.51 1.148709651514902 2.104779605320199 0.51 1.149998699706799 2.103490557128301 0.5122326969617725 1.150584651514901 2.102904605320199 0.5132475952641911 1.151287747898698 2.102201508936401 0.5144653939235453 2.154334651514902 0.9590383011906269 0.500257214207425 2.156209651514902 0.959038301190626 0.4970096189432333 2.159959651514902 0.959038301190626 0.4970096189432333 2.163709651514902 0.959038301190626 0.4970096189432333 2.167459651514902 0.959038301190626 0.4970096189432333 2.171209651514902 0.959038301190626 0.4970096189432333 2.173084651514902 0.9590383011906242 0.5002572142074245 2.174959651514902 0.959038301190626 0.5035048094716162 2.176834651514902 0.959038301190626 0.5067524047358078 2.178709651514902 0.959038301190626 0.51 2.176834651514902 0.9590383011906269 0.5132475952641911 2.174959651514902 0.959038301190626 0.5164951905283833 2.173084651514902 0.959038301190626 0.5197427857925744 2.171209651514902 0.959038301190626 0.5229903810567662 2.167459651514902 0.959038301190626 0.5229903810567662 2.163709651514902 0.959038301190626 0.5229903810567662 2.159959651514902 0.9590383011906269 0.5229903810567657 2.156209651514902 0.959038301190626 0.5229903810567662 2.154820273966588 0.959038301190626 0.5205839085521892 2.153430896418273 0.959038301190626 0.5181774360476124 2.151070273966587 0.959038301190626 0.5140887180238059 2.148709651514902 0.959038301190626 0.51 2.151070273961658 0.959038301190626 0.5059112819847314 2.152459651514902 0.959038301190626 0.5035048094716162 2.151335529839032 2.077405483644323 0.505451845328117 2.152459651514904 2.078529605320196 0.5035048094716162 2.152648469001096 2.078718422806388 0.5031777679921756 2.153961408163159 2.080031361968451 0.5009036906562341 2.154334651514904 2.080404605320197 0.5002572142074245 2.156209651514904 2.082279605320196 0.4970096189432329 2.156209651514902 0.959038301190626 0.4970096189432333 2.154334651514902 0.9590383011906269 0.500257214207425 2.152459651514902 0.959038301190626 0.5035048094716162 2.151070273961658 0.959038301190626 0.5059112819847314 2.148709651514902 0.959038301190626 0.51 2.148709651514904 2.074779605320197 0.51 2.150022590676968 2.076092544482261 0.5077259226640581 2.150584651514904 2.076654605320196 0.5067524047358078 2.173084651514902 0.9590383011906242 0.5002572142074245 2.171209651514902 0.959038301190626 0.4970096189432333 2.171209651514904 2.097279605320196 0.4970096189432333 2.172599034687705 2.098668988492997 0.4994161011897054 2.173084651514904 2.099154605320197 0.500257214207425 2.173988417860506 2.100058371665797 0.5018225834361779 2.174959651514904 2.101029605320197 0.5035048094716162 2.176349034687705 2.102418988492996 0.5059112917180882 2.176834651514904 2.102904605320194 0.5067524047358078 2.178709651514904 2.104779605320195 0.51 2.178709651514902 0.959038301190626 0.51 2.176834651514902 0.959038301190626 0.5067524047358078 2.174959651514902 0.959038301190626 0.5035048094716162 2.151070273966587 0.959038301190626 0.5140887180238059 2.153430896418273 0.959038301190626 0.5181774360476124 2.154820273966588 0.959038301190626 0.5205839085521892 2.156209651514902 0.959038301190626 0.5229903810567662 2.156209651514904 2.082279605320196 0.5229903810567666 2.154334651514904 2.080404605320197 0.5197427857925744 2.15396140817554 2.080031361980832 0.5190963093652098 2.152648469010381 2.078718422815673 0.5168222320239078 2.152459651514904 2.078529605320196 0.5164951905283833 2.151335529845222 2.077405483650515 0.5145481546826049 2.151070268349981 2.077140222155273 0.514088708295555 2.150022590680063 2.076092544485355 0.512274077341302 2.148709651514904 2.074779605320197 0.51 2.148709651514902 0.959038301190626 0.51 2.173084651514902 0.959038301190626 0.5197427857925744 2.171209651514902 0.959038301190626 0.5229903810567662 2.174959651514902 0.959038301190626 0.5164951905283833 2.176834651514902 0.9590383011906269 0.5132475952641911 2.178709651514902 0.959038301190626 0.51 2.178709651514904 2.104779605320195 0.51 2.177396712352825 2.103466666158116 0.5122740773359674 2.176349034687705 2.102418988492996 0.5140887082819108 2.176083773190746 2.102153726996038 0.5145481546719347 2.174959651514904 2.101029605320197 0.5164951905283833 2.174770834028667 2.10084078783396 0.5168222320079016 2.173457894866588 2.099527848671881 0.5190963093438699 2.173084651514904 2.099154605320196 0.5197427857925744 2.171209651514904 2.097279605320196 0.5229903810567662 0.00158749999999963 0.0342975815185873 0.5139797170624965 0.00158749999999963 0.03659527223591885 0.51 0.00158749999999963 0.0342975815185873 0.506020282937503 0.00158749999999963 0.03199989080125664 0.502040565875006 0.00158749999999963 0.03054758151858816 0.4995250924091192 0.00158749999999963 0.02909527223591967 0.4970096189432333 0.00158749999999963 0.02534527223591875 0.4970096189432333 0.00158749999999963 0.02159527223591883 0.4970096189432333 0.00158749999999963 0.0178452722359188 0.4970096189432333 0.00158749999999963 0.01409527223591877 0.4970096189432333 0.00158749999999963 0.01222027223591881 0.5002572142074245 0.00158749999999963 0.01034527223591785 0.5035048094716162 0.00158749999999963 0.008470272235918785 0.5067524047358078 0.00158749999999963 0.006595272235918825 0.51 0.00158749999999963 0.008470272235918785 0.5132475952641911 0.00158749999999963 0.01034527223591785 0.5164951905283833 0.00158749999999963 0.01222027223591881 0.5197427857925749 0.00158749999999963 0.01409527223591877 0.5229903810567662 0.00158749999999963 0.0178452722359188 0.5229903810567662 0.00158749999999963 0.02159527223591883 0.5229903810567662 0.00158749999999963 0.02534527223591875 0.5229903810567662 0.00158749999999963 0.02909527223591967 0.5229903810567662 0.00158749999999963 0.03097027223591886 0.5197427857925744 0.00158749999999963 0.0328452722359197 0.5164951905283833 0.00158749999999963 0.0342975815185873 0.506020282937503 0.00158749999999963 0.03659527223591885 0.51 1.148709651514898 0.03659527223591518 0.51 1.149998699706789 0.03530622404402583 0.5077673030382411 1.150584651514898 0.03472027223591522 0.5067524047358078 1.151287747898679 0.03401717585213548 0.5055346060764822 1.152459651514899 0.03284527223591515 0.5035048094716162 1.154334651514898 0.03097027223591608 0.500257214207425 1.156209651514898 0.02909527223591512 0.4970096189432333 0.00158749999999963 0.02909527223591967 0.4970096189432333 0.00158749999999963 0.03054758151858816 0.4995250924091192 0.00158749999999963 0.03199989080125664 0.502040565875006 0.00158749999999963 0.006595272235918825 0.51 0.00158749999999963 0.008470272235918785 0.5067524047358078 0.00158749999999963 0.01034527223591785 0.5035048094716162 0.00158749999999963 0.01222027223591881 0.5002572142074245 0.00158749999999963 0.01409527223591877 0.4970096189432333 1.171209651514898 0.01409527223591522 0.4970096189432333 1.172661965979561 0.01264295777125234 0.4995251013845959 1.173084651514898 0.01222027223591604 0.5002572142074245 1.174114280444223 0.01119064330658958 0.5020405838259585 1.174959651514898 0.0103452722359143 0.5035048094716162 1.176131555131118 0.009173368619694866 0.5055346060764822 1.17641196597956 0.008892957771252429 0.5060202919129792 1.177420603323008 0.007884320427804514 0.5077673030382411 1.178709651514898 0.006595272235915161 0.51 1.150584651514898 0.03472027223591611 0.5132475952641911 1.148709651514898 0.03659527223591518 0.51 0.00158749999999963 0.03659527223591885 0.51 0.00158749999999963 0.0342975815185873 0.5139797170624965 0.00158749999999963 0.0328452722359197 0.5164951905283833 0.00158749999999963 0.03097027223591886 0.5197427857925744 0.00158749999999963 0.02909527223591967 0.5229903810567662 1.156209651514898 0.02909527223591512 0.5229903810567666 1.154334651514898 0.03097027223591608 0.5197427857925749 1.152459651514898 0.03284527223591515 0.5164951905283833 1.173084651514898 0.01222027223591604 0.5197427857925744 1.171209651514898 0.01409527223591522 0.5229903810567662 0.00158749999999963 0.01409527223591877 0.5229903810567662 0.00158749999999963 0.01222027223591881 0.5197427857925749 0.00158749999999963 0.01034527223591785 0.5164951905283833 0.00158749999999963 0.008470272235918785 0.5132475952641911 0.00158749999999963 0.006595272235918825 0.51 1.178709651514898 0.006595272235915161 0.51 1.177420603321071 0.007884320429741742 0.512232696965113 1.176411965974902 0.008892957775911702 0.5139797080950888 1.176131555127244 0.009173368623568323 0.5144653939302266 1.174959651514898 0.01034527223591608 0.5164951905283833 1.174842506933417 0.01046241681739679 0.5166980908953401 1.17355345873959 0.01175146501122337 0.5189307878604532 1.154334651514898 0.03097027223591608 0.3752572142074255 1.152459651514899 0.03284527223591515 0.3785048094716166 1.151287747898679 0.03401717585213548 0.3805346060764828 1.150584651514898 0.03472027223591522 0.3817524047358084 1.149998699706789 0.03530622404402583 0.3827673030382411 1.148709651514898 0.03659527223591518 0.385 1.148709651514902 2.104779605320199 0.385 1.149998699706795 2.103490557128305 0.3827673030382356 1.151287747898688 2.102201508936412 0.3805346060764718 1.152576796090581 2.10091246074452 0.378301909114708 1.152648469001088 2.100840787834011 0.3781777679921825 1.153865844282474 2.099623412552626 0.3760692121529446 1.153961408163151 2.09952784867195 0.3759036906562441 1.1562096515149 2.097279605320199 0.3720096189432342 1.156209651514898 0.02909527223591512 0.3720096189432338 1.159959651514898 0.0253452722359152 0.3720096189432338 1.159959651514901 2.093529605320199 0.3720096189432338 1.156209651514898 0.02909527223591512 0.3720096189432338 1.156209651514898 0.02909527223591512 0.3720096189432338 1.1562096515149 2.097279605320199 0.3720096189432342 1.159959651514901 2.093529605320199 0.3720096189432338 1.159959651514898 0.0253452722359152 0.3720096189432338 1.156209651514898 0.02909527223591512 0.3720096189432338 0.00158749999999963 0.02534527223591875 0.3720096189432338 0.00158749999999963 0.02534527223591875 0.3720096189432338 1.156209651514898 0.02909527223591512 0.3720096189432338 0.00158749999999963 0.02909527223591967 0.3720096189432338 1.159959651514901 2.093529605320199 0.3720096189432338 1.1562096515149 2.097279605320199 0.3720096189432342 2.171209651514904 2.097279605320196 0.3720096189432338 2.167459651514905 2.093529605320196 0.3720096189432329 2.171209651514904 2.097279605320196 0.3720096189432338 1.159959651514901 2.093529605320199 0.3720096189432338 2.171209651514902 0.959038301190626 0.3720096189432338 2.167459651514905 2.093529605320196 0.3720096189432329 2.171209651514904 2.097279605320196 0.3720096189432338 2.167459651514902 0.959038301190626 0.3720096189432338 2.171209651514902 0.959038301190626 0.3720096189432338 2.167459651514905 2.093529605320196 0.3720096189432329 2.167459651514902 0.959038301190626 0.3720096189432338 2.167459651514905 2.093529605320196 0.3720096189432329 2.163709651514904 2.089779605320198 0.3720096189432329 2.163709651514902 0.959038301190626 0.3720096189432338 2.163709651514904 2.089779605320198 0.3720096189432329 2.167459651514902 0.959038301190626 0.3720096189432338 2.159959651514904 2.086029605320196 0.3720096189432329 2.163709651514902 0.959038301190626 0.3720096189432338 2.163709651514904 2.089779605320198 0.3720096189432329 2.159959651514902 0.959038301190626 0.3720096189432338 2.159959651514904 2.086029605320196 0.3720096189432329 2.163709651514902 0.959038301190626 0.3720096189432338 2.159959651514902 0.959038301190626 0.3720096189432338 2.159959651514904 2.086029605320196 0.3720096189432329 2.156209651514904 2.082279605320196 0.3720096189432329 2.156209651514904 2.082279605320196 0.3720096189432329 2.159959651514902 0.959038301190626 0.3720096189432338 2.156209651514902 0.959038301190626 0.3720096189432338 2.156209651514904 2.082279605320196 0.3720096189432329 2.159959651514904 2.086029605320196 0.3720096189432329 1.171209651514901 2.082279605320198 0.3720096189432338 1.167459651514901 2.086029605320199 0.3720096189432342 1.171209651514901 2.082279605320198 0.3720096189432338 2.159959651514904 2.086029605320196 0.3720096189432329 1.167459651514898 0.01784527223591514 0.3720096189432338 1.167459651514901 2.086029605320199 0.3720096189432342 1.171209651514901 2.082279605320198 0.3720096189432338 1.171209651514898 0.01409527223591522 0.3720096189432338 1.167459651514898 0.01784527223591514 0.3720096189432338 1.171209651514901 2.082279605320198 0.3720096189432338 1.171209651514898 0.01409527223591522 0.3720096189432338 1.167459651514898 0.01784527223591514 0.3720096189432338 0.00158749999999963 0.01409527223591877 0.3720096189432338 0.00158749999999963 0.0178452722359188 0.3720096189432338 0.00158749999999963 0.01409527223591877 0.3720096189432338 1.167459651514898 0.01784527223591514 0.3720096189432338 0.00158749999999963 0.0178452722359188 0.3720096189432338 1.167459651514898 0.01784527223591514 0.3720096189432338 1.163709651514898 0.02159527223591606 0.3720096189432338 1.163709651514898 0.02159527223591606 0.3720096189432338 0.00158749999999963 0.0178452722359188 0.3720096189432338 0.00158749999999963 0.02159527223591883 0.3720096189432338 1.163709651514898 0.02159527223591606 0.3720096189432338 1.159959651514898 0.0253452722359152 0.3720096189432338 0.00158749999999963 0.02159527223591883 0.3720096189432338 0.00158749999999963 0.02159527223591883 0.3720096189432338 0.00158749999999963 0.02534527223591875 0.3720096189432338 1.159959651514898 0.0253452722359152 0.3720096189432338 1.163709651514898 0.02159527223591606 0.3720096189432338 1.167459651514901 2.086029605320199 0.3720096189432342 1.163709651514901 2.089779605320199 0.3720096189432338 1.163709651514901 2.089779605320199 0.3720096189432338 1.163709651514898 0.02159527223591606 0.3720096189432338 1.159959651514898 0.0253452722359152 0.3720096189432338 1.167459651514898 0.01784527223591514 0.3720096189432338 1.167459651514901 2.086029605320199 0.3720096189432342 1.163709651514898 0.02159527223591606 0.3720096189432338 1.163709651514901 2.089779605320199 0.3720096189432338 1.159959651514898 0.0253452722359152 0.3720096189432338 1.159959651514901 2.093529605320199 0.3720096189432338 2.167459651514905 2.093529605320196 0.3720096189432329 1.159959651514901 2.093529605320199 0.3720096189432338 1.163709651514901 2.089779605320199 0.3720096189432338 1.163709651514901 2.089779605320199 0.3720096189432338 1.167459651514901 2.086029605320199 0.3720096189432342 2.163709651514904 2.089779605320198 0.3720096189432329 2.163709651514904 2.089779605320198 0.3720096189432329 2.167459651514905 2.093529605320196 0.3720096189432329 1.163709651514901 2.089779605320199 0.3720096189432338 2.159959651514904 2.086029605320196 0.3720096189432329 2.163709651514904 2.089779605320198 0.3720096189432329 1.167459651514901 2.086029605320199 0.3720096189432342 1.173084651514902 2.080404605320198 0.3752572142074246 1.174959651514901 2.078529605320198 0.3785048094716166 1.176834651514901 2.076654605320199 0.3817524047358084 1.178709651514901 2.074779605320198 0.385 1.178709651514898 0.006595272235915161 0.385 1.177420603323008 0.007884320427804514 0.3827673030382411 1.17641196597956 0.008892957771252429 0.3810202919129792 1.176131555131118 0.009173368619694866 0.3805346060764828 1.174959651514898 0.0103452722359143 0.3785048094716166 1.174114280444223 0.01119064330658958 0.3770405838259589 1.173084651514898 0.01222027223591604 0.3752572142074255 1.172661965979561 0.01264295777125234 0.3745251013845959 1.171209651514898 0.01409527223591522 0.3720096189432338 1.171209651514901 2.082279605320198 0.3720096189432338 1.171209651514901 2.082279605320198 0.3979903810567662 1.171209651514898 0.01409527223591522 0.3979903810567662 1.173084651514898 0.01222027223591604 0.3947427857925746 1.17355345873959 0.01175146501122337 0.3939307878604536 1.174842506933417 0.01046241681739679 0.3916980908953401 1.174959651514898 0.01034527223591608 0.3914951905283833 1.176131555127244 0.009173368623568323 0.3894653939302266 1.176411965974902 0.008892957775911702 0.3889797080950889 1.177420603321071 0.007884320429741742 0.3872326969651135 1.178709651514898 0.006595272235915161 0.385 1.178709651514901 2.074779605320198 0.385 1.17739671234784 2.07609254448726 0.3872740773445971 1.176834651514901 2.076654605320199 0.3882475952641917 1.176083773180779 2.077405483654322 0.3895481546891937 1.174959651514901 2.078529605320199 0.3914951905283833 1.173084651514902 2.080404605320199 0.3947427857925746 1.159959651514898 0.0253452722359152 0.3979903810567662 1.159959651514901 2.093529605320199 0.3979903810567657 1.163709651514901 2.089779605320199 0.3979903810567657 1.159959651514898 0.0253452722359152 0.3979903810567662 1.163709651514901 2.089779605320199 0.3979903810567657 1.163709651514898 0.02159527223591606 0.397990381056767 1.163709651514898 0.02159527223591606 0.397990381056767 1.163709651514901 2.089779605320199 0.3979903810567657 1.167459651514901 2.086029605320199 0.3979903810567657 2.163709651514904 2.089779605320198 0.397990381056767 1.159959651514901 2.093529605320199 0.3979903810567657 1.163709651514901 2.089779605320199 0.3979903810567657 2.159959651514904 2.086029605320196 0.397990381056767 2.163709651514904 2.089779605320198 0.397990381056767 1.163709651514901 2.089779605320199 0.3979903810567657 1.167459651514901 2.086029605320199 0.3979903810567657 1.163709651514901 2.089779605320199 0.3979903810567657 2.159959651514904 2.086029605320196 0.397990381056767 1.167459651514898 0.01784527223591514 0.3979903810567662 1.167459651514901 2.086029605320199 0.3979903810567657 1.163709651514898 0.02159527223591606 0.397990381056767 1.167459651514901 2.086029605320199 0.3979903810567657 1.171209651514901 2.082279605320198 0.3979903810567662 1.167459651514898 0.01784527223591514 0.3979903810567662 2.156209651514904 2.082279605320196 0.397990381056767 1.167459651514901 2.086029605320199 0.3979903810567657 1.171209651514901 2.082279605320198 0.3979903810567662 2.156209651514904 2.082279605320196 0.397990381056767 2.159959651514904 2.086029605320196 0.397990381056767 1.167459651514901 2.086029605320199 0.3979903810567657 2.159959651514904 2.086029605320196 0.397990381056767 2.163709651514904 2.089779605320198 0.397990381056767 2.163709651514902 0.959038301190626 0.3979903810567662 2.159959651514902 0.9590383011906269 0.3979903810567657 2.163709651514902 0.959038301190626 0.3979903810567662 2.159959651514904 2.086029605320196 0.397990381056767 2.156209651514904 2.082279605320196 0.397990381056767 2.159959651514904 2.086029605320196 0.397990381056767 2.159959651514902 0.9590383011906269 0.3979903810567657 2.159959651514902 0.9590383011906269 0.3979903810567657 2.156209651514904 2.082279605320196 0.397990381056767 2.156209651514902 0.959038301190626 0.3979903810567662 2.163709651514902 0.959038301190626 0.3979903810567662 2.163709651514904 2.089779605320198 0.397990381056767 2.167459651514902 0.959038301190626 0.3979903810567662 2.167459651514902 0.959038301190626 0.3979903810567662 2.163709651514904 2.089779605320198 0.397990381056767 2.167459651514904 2.093529605320196 0.3979903810567662 2.167459651514904 2.093529605320196 0.3979903810567662 2.167459651514902 0.959038301190626 0.3979903810567662 2.171209651514902 0.959038301190626 0.3979903810567662 2.171209651514904 2.097279605320196 0.3979903810567662 2.171209651514902 0.959038301190626 0.3979903810567662 2.167459651514904 2.093529605320196 0.3979903810567662 2.171209651514904 2.097279605320196 0.3979903810567662 2.167459651514904 2.093529605320196 0.3979903810567662 1.1562096515149 2.097279605320199 0.3979903810567657 1.1562096515149 2.097279605320199 0.3979903810567657 1.159959651514901 2.093529605320199 0.3979903810567657 1.156209651514898 0.02909527223591512 0.397990381056767 1.1562096515149 2.097279605320199 0.3979903810567657 2.167459651514904 2.093529605320196 0.3979903810567662 1.159959651514901 2.093529605320199 0.3979903810567657 1.156209651514898 0.02909527223591512 0.397990381056767 1.159959651514898 0.0253452722359152 0.3979903810567662 1.159959651514901 2.093529605320199 0.3979903810567657 1.156209651514898 0.02909527223591512 0.397990381056767 1.159959651514898 0.0253452722359152 0.3979903810567662 0.00158749999999963 0.02534527223591875 0.3979903810567662 0.00158749999999963 0.02909527223591967 0.3979903810567662 0.00158749999999963 0.02534527223591875 0.3979903810567662 1.156209651514898 0.02909527223591512 0.397990381056767 0.00158749999999963 0.02534527223591875 0.3979903810567662 1.159959651514898 0.0253452722359152 0.3979903810567662 0.00158749999999963 0.02159527223591883 0.3979903810567662 0.00158749999999963 0.02159527223591883 0.3979903810567662 1.163709651514898 0.02159527223591606 0.397990381056767 1.159959651514898 0.0253452722359152 0.3979903810567662 0.00158749999999963 0.02159527223591883 0.3979903810567662 1.163709651514898 0.02159527223591606 0.397990381056767 0.00158749999999963 0.0178452722359188 0.3979903810567662 0.00158749999999963 0.0178452722359188 0.3979903810567662 1.167459651514898 0.01784527223591514 0.3979903810567662 0.00158749999999963 0.01409527223591877 0.3979903810567662 0.00158749999999963 0.0178452722359188 0.3979903810567662 1.167459651514898 0.01784527223591514 0.3979903810567662 1.163709651514898 0.02159527223591606 0.397990381056767 1.171209651514901 2.082279605320198 0.3979903810567662 1.171209651514898 0.01409527223591522 0.3979903810567662 1.167459651514898 0.01784527223591514 0.3979903810567662 1.167459651514898 0.01784527223591514 0.3979903810567662 1.171209651514898 0.01409527223591522 0.3979903810567662 0.00158749999999963 0.01409527223591877 0.3979903810567662 2.167459651514904 2.093529605320196 0.3979903810567662 2.163709651514904 2.089779605320198 0.397990381056767 1.159959651514901 2.093529605320199 0.3979903810567657 1.152459651514901 2.101029605320199 0.3914951905283828 1.151287747898698 2.102201508936401 0.3894653939235455 1.150584651514901 2.102904605320199 0.3882475952641917 1.149998699706799 2.103490557128301 0.3872326969617729 1.148709651514902 2.104779605320199 0.385 1.148709651514898 0.03659527223591518 0.385 1.150584651514898 0.03472027223591611 0.3882475952641917 1.152459651514898 0.03284527223591515 0.3914951905283833 1.154334651514898 0.03097027223591608 0.394742785792575 1.156209651514898 0.02909527223591512 0.397990381056767 1.1562096515149 2.097279605320199 0.3979903810567657 1.154334651514901 2.099154605320199 0.3947427857925741 2.171209651514904 2.097279605320196 0.3720096189432338 1.1562096515149 2.097279605320199 0.3720096189432342 1.153961408163151 2.09952784867195 0.3759036906562441 1.153865844282474 2.099623412552626 0.3760692121529446 1.152648469001088 2.100840787834011 0.3781777679921825 1.152576796090581 2.10091246074452 0.378301909114708 1.151287747898688 2.102201508936412 0.3805346060764718 1.149998699706795 2.103490557128305 0.3827673030382356 1.148709651514902 2.104779605320199 0.385 2.178709651514904 2.104779605320195 0.385 2.176834651514904 2.102904605320194 0.3817524047358084 2.176349034687705 2.102418988492996 0.3809112917180887 2.174959651514904 2.101029605320197 0.3785048094716166 2.173988417860506 2.100058371665797 0.3768225834361783 2.173084651514904 2.099154605320197 0.3752572142074255 2.172599034687705 2.098668988492997 0.3744161011897059 1.171209651514901 2.082279605320198 0.3720096189432338 2.156209651514904 2.082279605320196 0.3720096189432329 2.154334651514904 2.080404605320197 0.3752572142074246 2.153961408163159 2.080031361968451 0.3759036906562341 2.152648469001096 2.078718422806388 0.3781777679921756 2.152459651514904 2.078529605320196 0.3785048094716166 2.151335529839032 2.077405483644323 0.3804518453281167 2.150584651514904 2.076654605320196 0.3817524047358084 2.150022590676968 2.076092544482261 0.3827259226640585 2.148709651514904 2.074779605320197 0.385 1.178709651514901 2.074779605320198 0.385 1.176834651514901 2.076654605320199 0.3817524047358084 1.174959651514901 2.078529605320198 0.3785048094716166 1.173084651514902 2.080404605320198 0.3752572142074246 1.173084651514902 2.080404605320199 0.3947427857925746 1.174959651514901 2.078529605320199 0.3914951905283833 1.176083773180779 2.077405483654322 0.3895481546891937 1.176834651514901 2.076654605320199 0.3882475952641917 1.17739671234784 2.07609254448726 0.3872740773445971 1.178709651514901 2.074779605320198 0.385 2.148709651514904 2.074779605320197 0.385 2.150022590680063 2.076092544485355 0.3872740773413024 2.151070268349981 2.077140222155273 0.3890887082955555 2.151335529845222 2.077405483650515 0.3895481546826049 2.152459651514904 2.078529605320196 0.3914951905283833 2.152648469010381 2.078718422815673 0.3918222320239078 2.15396140817554 2.080031361980832 0.3940963093652103 2.154334651514904 2.080404605320197 0.3947427857925746 2.156209651514904 2.082279605320196 0.397990381056767 1.171209651514901 2.082279605320198 0.3979903810567662 1.152459651514901 2.101029605320199 0.3914951905283828 1.154334651514901 2.099154605320199 0.3947427857925741 1.1562096515149 2.097279605320199 0.3979903810567657 2.171209651514904 2.097279605320196 0.3979903810567662 2.173084651514904 2.099154605320196 0.3947427857925746 2.173457894866588 2.099527848671881 0.3940963093438695 2.174770834028667 2.10084078783396 0.3918222320079021 2.174959651514904 2.101029605320197 0.3914951905283833 2.176083773190746 2.102153726996038 0.3895481546719352 2.176349034687705 2.102418988492996 0.3890887082819113 2.177396712352825 2.103466666158116 0.3872740773359674 2.178709651514904 2.104779605320195 0.385 1.148709651514902 2.104779605320199 0.385 1.149998699706799 2.103490557128301 0.3872326969617729 1.150584651514901 2.102904605320199 0.3882475952641917 1.151287747898698 2.102201508936401 0.3894653939235455 2.154334651514902 0.9590383011906269 0.3752572142074255 2.156209651514902 0.959038301190626 0.3720096189432338 2.159959651514902 0.959038301190626 0.3720096189432338 2.163709651514902 0.959038301190626 0.3720096189432338 2.167459651514902 0.959038301190626 0.3720096189432338 2.171209651514902 0.959038301190626 0.3720096189432338 2.173084651514902 0.9590383011906242 0.3752572142074246 2.174959651514902 0.959038301190626 0.3785048094716166 2.176834651514902 0.959038301190626 0.3817524047358084 2.178709651514902 0.959038301190626 0.385 2.176834651514902 0.9590383011906269 0.3882475952641917 2.174959651514902 0.959038301190626 0.3914951905283833 2.173084651514902 0.959038301190626 0.3947427857925746 2.171209651514902 0.959038301190626 0.3979903810567662 2.167459651514902 0.959038301190626 0.3979903810567662 2.163709651514902 0.959038301190626 0.3979903810567662 2.159959651514902 0.9590383011906269 0.3979903810567657 2.156209651514902 0.959038301190626 0.3979903810567662 2.154820273966588 0.959038301190626 0.3955839085521898 2.153430896418273 0.959038301190626 0.3931774360476129 2.151070273966587 0.959038301190626 0.3890887180238065 2.148709651514902 0.959038301190626 0.385 2.151070273961658 0.959038301190626 0.3809112819847314 2.152459651514902 0.959038301190626 0.3785048094716166 2.151335529839032 2.077405483644323 0.3804518453281167 2.152459651514904 2.078529605320196 0.3785048094716166 2.152648469001096 2.078718422806388 0.3781777679921756 2.153961408163159 2.080031361968451 0.3759036906562341 2.154334651514904 2.080404605320197 0.3752572142074246 2.156209651514904 2.082279605320196 0.3720096189432329 2.156209651514902 0.959038301190626 0.3720096189432338 2.154334651514902 0.9590383011906269 0.3752572142074255 2.152459651514902 0.959038301190626 0.3785048094716166 2.151070273961658 0.959038301190626 0.3809112819847314 2.148709651514902 0.959038301190626 0.385 2.148709651514904 2.074779605320197 0.385 2.150022590676968 2.076092544482261 0.3827259226640585 2.150584651514904 2.076654605320196 0.3817524047358084 2.173084651514902 0.9590383011906242 0.3752572142074246 2.171209651514902 0.959038301190626 0.3720096189432338 2.171209651514904 2.097279605320196 0.3720096189432338 2.172599034687705 2.098668988492997 0.3744161011897059 2.173084651514904 2.099154605320197 0.3752572142074255 2.173988417860506 2.100058371665797 0.3768225834361783 2.174959651514904 2.101029605320197 0.3785048094716166 2.176349034687705 2.102418988492996 0.3809112917180887 2.176834651514904 2.102904605320194 0.3817524047358084 2.178709651514904 2.104779605320195 0.385 2.178709651514902 0.959038301190626 0.385 2.176834651514902 0.959038301190626 0.3817524047358084 2.174959651514902 0.959038301190626 0.3785048094716166 2.151070273966587 0.959038301190626 0.3890887180238065 2.153430896418273 0.959038301190626 0.3931774360476129 2.154820273966588 0.959038301190626 0.3955839085521898 2.156209651514902 0.959038301190626 0.3979903810567662 2.156209651514904 2.082279605320196 0.397990381056767 2.154334651514904 2.080404605320197 0.3947427857925746 2.15396140817554 2.080031361980832 0.3940963093652103 2.152648469010381 2.078718422815673 0.3918222320239078 2.152459651514904 2.078529605320196 0.3914951905283833 2.151335529845222 2.077405483650515 0.3895481546826049 2.151070268349981 2.077140222155273 0.3890887082955555 2.150022590680063 2.076092544485355 0.3872740773413024 2.148709651514904 2.074779605320197 0.385 2.148709651514902 0.959038301190626 0.385 2.173084651514902 0.959038301190626 0.3947427857925746 2.171209651514902 0.959038301190626 0.3979903810567662 2.174959651514902 0.959038301190626 0.3914951905283833 2.176834651514902 0.9590383011906269 0.3882475952641917 2.178709651514902 0.959038301190626 0.385 2.178709651514904 2.104779605320195 0.385 2.177396712352825 2.103466666158116 0.3872740773359674 2.176349034687705 2.102418988492996 0.3890887082819113 2.176083773190746 2.102153726996038 0.3895481546719352 2.174959651514904 2.101029605320197 0.3914951905283833 2.174770834028667 2.10084078783396 0.3918222320079021 2.173457894866588 2.099527848671881 0.3940963093438695 2.173084651514904 2.099154605320196 0.3947427857925746 2.171209651514904 2.097279605320196 0.3979903810567662 0.00158749999999963 0.0342975815185873 0.3889797170624974 0.00158749999999963 0.03659527223591885 0.385 0.00158749999999963 0.0342975815185873 0.381020282937503 0.00158749999999963 0.03199989080125664 0.3770405658750064 0.00158749999999963 0.03054758151858816 0.3745250924091201 0.00158749999999963 0.02909527223591967 0.3720096189432338 0.00158749999999963 0.02534527223591875 0.3720096189432338 0.00158749999999963 0.02159527223591883 0.3720096189432338 0.00158749999999963 0.0178452722359188 0.3720096189432338 0.00158749999999963 0.01409527223591877 0.3720096189432338 0.00158749999999963 0.01222027223591881 0.3752572142074246 0.00158749999999963 0.01034527223591785 0.3785048094716166 0.00158749999999963 0.008470272235918785 0.3817524047358084 0.00158749999999963 0.006595272235918825 0.385 0.00158749999999963 0.008470272235918785 0.3882475952641917 0.00158749999999963 0.01034527223591785 0.3914951905283833 0.00158749999999963 0.01222027223591881 0.394742785792575 0.00158749999999963 0.01409527223591877 0.3979903810567662 0.00158749999999963 0.0178452722359188 0.3979903810567662 0.00158749999999963 0.02159527223591883 0.3979903810567662 0.00158749999999963 0.02534527223591875 0.3979903810567662 0.00158749999999963 0.02909527223591967 0.3979903810567662 0.00158749999999963 0.03097027223591886 0.3947427857925746 0.00158749999999963 0.0328452722359197 0.3914951905283833 0.00158749999999963 0.0342975815185873 0.381020282937503 0.00158749999999963 0.03659527223591885 0.385 1.148709651514898 0.03659527223591518 0.385 1.149998699706789 0.03530622404402583 0.3827673030382411 1.150584651514898 0.03472027223591522 0.3817524047358084 1.151287747898679 0.03401717585213548 0.3805346060764828 1.152459651514899 0.03284527223591515 0.3785048094716166 1.154334651514898 0.03097027223591608 0.3752572142074255 1.156209651514898 0.02909527223591512 0.3720096189432338 0.00158749999999963 0.02909527223591967 0.3720096189432338 0.00158749999999963 0.03054758151858816 0.3745250924091201 0.00158749999999963 0.03199989080125664 0.3770405658750064 0.00158749999999963 0.006595272235918825 0.385 0.00158749999999963 0.008470272235918785 0.3817524047358084 0.00158749999999963 0.01034527223591785 0.3785048094716166 0.00158749999999963 0.01222027223591881 0.3752572142074246 0.00158749999999963 0.01409527223591877 0.3720096189432338 1.171209651514898 0.01409527223591522 0.3720096189432338 1.172661965979561 0.01264295777125234 0.3745251013845959 1.173084651514898 0.01222027223591604 0.3752572142074255 1.174114280444223 0.01119064330658958 0.3770405838259589 1.174959651514898 0.0103452722359143 0.3785048094716166 1.176131555131118 0.009173368619694866 0.3805346060764828 1.17641196597956 0.008892957771252429 0.3810202919129792 1.177420603323008 0.007884320427804514 0.3827673030382411 1.178709651514898 0.006595272235915161 0.385 1.150584651514898 0.03472027223591611 0.3882475952641917 1.148709651514898 0.03659527223591518 0.385 0.00158749999999963 0.03659527223591885 0.385 0.00158749999999963 0.0342975815185873 0.3889797170624974 0.00158749999999963 0.0328452722359197 0.3914951905283833 0.00158749999999963 0.03097027223591886 0.3947427857925746 0.00158749999999963 0.02909527223591967 0.3979903810567662 1.156209651514898 0.02909527223591512 0.397990381056767 1.154334651514898 0.03097027223591608 0.394742785792575 1.152459651514898 0.03284527223591515 0.3914951905283833 1.173084651514898 0.01222027223591604 0.3947427857925746 1.171209651514898 0.01409527223591522 0.3979903810567662 0.00158749999999963 0.01409527223591877 0.3979903810567662 0.00158749999999963 0.01222027223591881 0.394742785792575 0.00158749999999963 0.01034527223591785 0.3914951905283833 0.00158749999999963 0.008470272235918785 0.3882475952641917 0.00158749999999963 0.006595272235918825 0.385 1.178709651514898 0.006595272235915161 0.385 1.177420603321071 0.007884320429741742 0.3872326969651135 1.176411965974902 0.008892957775911702 0.3889797080950889 1.176131555127244 0.009173368623568323 0.3894653939302266 1.174959651514898 0.01034527223591608 0.3914951905283833 1.174842506933417 0.01046241681739679 0.3916980908953401 1.17355345873959 0.01175146501122337 0.3939307878604536 1.154334651514898 0.03097027223591608 0.2502572142074255 1.152459651514899 0.03284527223591515 0.2535048094716166 1.151287747898679 0.03401717585213548 0.2555346060764828 1.150584651514898 0.03472027223591522 0.2567524047358084 1.149998699706789 0.03530622404402583 0.2577673030382416 1.148709651514898 0.03659527223591518 0.26 1.148709651514902 2.104779605320199 0.26 1.149998699706795 2.103490557128305 0.2577673030382361 1.151287747898688 2.102201508936412 0.2555346060764718 1.152576796090581 2.10091246074452 0.2533019091147085 1.152648469001088 2.100840787834011 0.2531777679921825 1.153865844282474 2.099623412552626 0.251069212152945 1.153961408163151 2.09952784867195 0.2509036906562446 1.1562096515149 2.097279605320199 0.2470096189432342 1.156209651514898 0.02909527223591512 0.2470096189432338 1.159959651514898 0.0253452722359152 0.2470096189432338 1.159959651514901 2.093529605320199 0.2470096189432338 1.156209651514898 0.02909527223591512 0.2470096189432338 1.156209651514898 0.02909527223591512 0.2470096189432338 1.1562096515149 2.097279605320199 0.2470096189432342 1.159959651514901 2.093529605320199 0.2470096189432338 1.159959651514898 0.0253452722359152 0.2470096189432338 1.156209651514898 0.02909527223591512 0.2470096189432338 0.00158749999999963 0.02534527223591875 0.2470096189432338 0.00158749999999963 0.02534527223591875 0.2470096189432338 1.156209651514898 0.02909527223591512 0.2470096189432338 0.00158749999999963 0.02909527223591967 0.2470096189432338 1.159959651514901 2.093529605320199 0.2470096189432338 1.1562096515149 2.097279605320199 0.2470096189432342 2.171209651514904 2.097279605320196 0.2470096189432338 2.167459651514905 2.093529605320196 0.2470096189432333 2.171209651514904 2.097279605320196 0.2470096189432338 1.159959651514901 2.093529605320199 0.2470096189432338 2.171209651514902 0.959038301190626 0.2470096189432338 2.167459651514905 2.093529605320196 0.2470096189432333 2.171209651514904 2.097279605320196 0.2470096189432338 2.167459651514902 0.959038301190626 0.2470096189432338 2.171209651514902 0.959038301190626 0.2470096189432338 2.167459651514905 2.093529605320196 0.2470096189432333 2.167459651514902 0.959038301190626 0.2470096189432338 2.167459651514905 2.093529605320196 0.2470096189432333 2.163709651514904 2.089779605320198 0.2470096189432333 2.163709651514902 0.959038301190626 0.2470096189432338 2.163709651514904 2.089779605320198 0.2470096189432333 2.167459651514902 0.959038301190626 0.2470096189432338 2.159959651514904 2.086029605320196 0.2470096189432333 2.163709651514902 0.959038301190626 0.2470096189432338 2.163709651514904 2.089779605320198 0.2470096189432333 2.159959651514902 0.959038301190626 0.2470096189432338 2.159959651514904 2.086029605320196 0.2470096189432333 2.163709651514902 0.959038301190626 0.2470096189432338 2.159959651514902 0.959038301190626 0.2470096189432338 2.159959651514904 2.086029605320196 0.2470096189432333 2.156209651514904 2.082279605320196 0.2470096189432333 2.156209651514904 2.082279605320196 0.2470096189432333 2.159959651514902 0.959038301190626 0.2470096189432338 2.156209651514902 0.959038301190626 0.2470096189432338 2.156209651514904 2.082279605320196 0.2470096189432333 2.159959651514904 2.086029605320196 0.2470096189432333 1.171209651514901 2.082279605320198 0.2470096189432338 1.167459651514901 2.086029605320199 0.2470096189432342 1.171209651514901 2.082279605320198 0.2470096189432338 2.159959651514904 2.086029605320196 0.2470096189432333 1.167459651514898 0.01784527223591514 0.2470096189432338 1.167459651514901 2.086029605320199 0.2470096189432342 1.171209651514901 2.082279605320198 0.2470096189432338 1.171209651514898 0.01409527223591522 0.2470096189432338 1.167459651514898 0.01784527223591514 0.2470096189432338 1.171209651514901 2.082279605320198 0.2470096189432338 1.171209651514898 0.01409527223591522 0.2470096189432338 1.167459651514898 0.01784527223591514 0.2470096189432338 0.00158749999999963 0.01409527223591877 0.2470096189432338 0.00158749999999963 0.0178452722359188 0.2470096189432338 0.00158749999999963 0.01409527223591877 0.2470096189432338 1.167459651514898 0.01784527223591514 0.2470096189432338 0.00158749999999963 0.0178452722359188 0.2470096189432338 1.167459651514898 0.01784527223591514 0.2470096189432338 1.163709651514898 0.02159527223591606 0.2470096189432338 1.163709651514898 0.02159527223591606 0.2470096189432338 0.00158749999999963 0.0178452722359188 0.2470096189432338 0.00158749999999963 0.02159527223591883 0.2470096189432338 1.163709651514898 0.02159527223591606 0.2470096189432338 1.159959651514898 0.0253452722359152 0.2470096189432338 0.00158749999999963 0.02159527223591883 0.2470096189432338 0.00158749999999963 0.02159527223591883 0.2470096189432338 0.00158749999999963 0.02534527223591875 0.2470096189432338 1.159959651514898 0.0253452722359152 0.2470096189432338 1.163709651514898 0.02159527223591606 0.2470096189432338 1.167459651514901 2.086029605320199 0.2470096189432342 1.163709651514901 2.089779605320199 0.2470096189432338 1.163709651514901 2.089779605320199 0.2470096189432338 1.163709651514898 0.02159527223591606 0.2470096189432338 1.159959651514898 0.0253452722359152 0.2470096189432338 1.167459651514898 0.01784527223591514 0.2470096189432338 1.167459651514901 2.086029605320199 0.2470096189432342 1.163709651514898 0.02159527223591606 0.2470096189432338 1.163709651514901 2.089779605320199 0.2470096189432338 1.159959651514898 0.0253452722359152 0.2470096189432338 1.159959651514901 2.093529605320199 0.2470096189432338 2.167459651514905 2.093529605320196 0.2470096189432333 1.159959651514901 2.093529605320199 0.2470096189432338 1.163709651514901 2.089779605320199 0.2470096189432338 1.163709651514901 2.089779605320199 0.2470096189432338 1.167459651514901 2.086029605320199 0.2470096189432342 2.163709651514904 2.089779605320198 0.2470096189432333 2.163709651514904 2.089779605320198 0.2470096189432333 2.167459651514905 2.093529605320196 0.2470096189432333 1.163709651514901 2.089779605320199 0.2470096189432338 2.159959651514904 2.086029605320196 0.2470096189432333 2.163709651514904 2.089779605320198 0.2470096189432333 1.167459651514901 2.086029605320199 0.2470096189432342 1.173084651514902 2.080404605320198 0.250257214207425 1.174959651514901 2.078529605320198 0.2535048094716166 1.176834651514901 2.076654605320199 0.2567524047358084 1.178709651514901 2.074779605320198 0.26 1.178709651514898 0.006595272235915161 0.26 1.177420603323008 0.007884320427804514 0.2577673030382416 1.17641196597956 0.008892957771252429 0.2560202919129797 1.176131555131118 0.009173368619694866 0.2555346060764828 1.174959651514898 0.0103452722359143 0.2535048094716166 1.174114280444223 0.01119064330658958 0.2520405838259593 1.173084651514898 0.01222027223591604 0.2502572142074255 1.172661965979561 0.01264295777125234 0.2495251013845963 1.171209651514898 0.01409527223591522 0.2470096189432338 1.171209651514901 2.082279605320198 0.2470096189432338 1.171209651514901 2.082279605320198 0.2729903810567666 1.171209651514898 0.01409527223591522 0.2729903810567666 1.173084651514898 0.01222027223591604 0.269742785792575 1.17355345873959 0.01175146501122337 0.2689307878604536 1.174842506933417 0.01046241681739679 0.2666980908953405 1.174959651514898 0.01034527223591608 0.2664951905283837 1.176131555127244 0.009173368623568323 0.264465393930227 1.176411965974902 0.008892957775911702 0.2639797080950894 1.177420603321071 0.007884320429741742 0.2622326969651135 1.178709651514898 0.006595272235915161 0.26 1.178709651514901 2.074779605320198 0.26 1.17739671234784 2.07609254448726 0.2622740773445976 1.176834651514901 2.076654605320199 0.2632475952641921 1.176083773180779 2.077405483654322 0.2645481546891942 1.174959651514901 2.078529605320199 0.2664951905283837 1.173084651514902 2.080404605320199 0.269742785792575 1.159959651514898 0.0253452722359152 0.2729903810567666 1.159959651514901 2.093529605320199 0.2729903810567662 1.163709651514901 2.089779605320199 0.2729903810567662 1.159959651514898 0.0253452722359152 0.2729903810567666 1.163709651514901 2.089779605320199 0.2729903810567662 1.163709651514898 0.02159527223591606 0.272990381056767 1.163709651514898 0.02159527223591606 0.272990381056767 1.163709651514901 2.089779605320199 0.2729903810567662 1.167459651514901 2.086029605320199 0.2729903810567662 2.163709651514904 2.089779605320198 0.272990381056767 1.159959651514901 2.093529605320199 0.2729903810567662 1.163709651514901 2.089779605320199 0.2729903810567662 2.159959651514904 2.086029605320196 0.272990381056767 2.163709651514904 2.089779605320198 0.272990381056767 1.163709651514901 2.089779605320199 0.2729903810567662 1.167459651514901 2.086029605320199 0.2729903810567662 1.163709651514901 2.089779605320199 0.2729903810567662 2.159959651514904 2.086029605320196 0.272990381056767 1.167459651514898 0.01784527223591514 0.2729903810567666 1.167459651514901 2.086029605320199 0.2729903810567662 1.163709651514898 0.02159527223591606 0.272990381056767 1.167459651514901 2.086029605320199 0.2729903810567662 1.171209651514901 2.082279605320198 0.2729903810567666 1.167459651514898 0.01784527223591514 0.2729903810567666 2.156209651514904 2.082279605320196 0.272990381056767 1.167459651514901 2.086029605320199 0.2729903810567662 1.171209651514901 2.082279605320198 0.2729903810567666 2.156209651514904 2.082279605320196 0.272990381056767 2.159959651514904 2.086029605320196 0.272990381056767 1.167459651514901 2.086029605320199 0.2729903810567662 2.159959651514904 2.086029605320196 0.272990381056767 2.163709651514904 2.089779605320198 0.272990381056767 2.163709651514902 0.959038301190626 0.2729903810567666 2.159959651514902 0.9590383011906269 0.2729903810567662 2.163709651514902 0.959038301190626 0.2729903810567666 2.159959651514904 2.086029605320196 0.272990381056767 2.156209651514904 2.082279605320196 0.272990381056767 2.159959651514904 2.086029605320196 0.272990381056767 2.159959651514902 0.9590383011906269 0.2729903810567662 2.159959651514902 0.9590383011906269 0.2729903810567662 2.156209651514904 2.082279605320196 0.272990381056767 2.156209651514902 0.959038301190626 0.2729903810567666 2.163709651514902 0.959038301190626 0.2729903810567666 2.163709651514904 2.089779605320198 0.272990381056767 2.167459651514902 0.959038301190626 0.2729903810567666 2.167459651514902 0.959038301190626 0.2729903810567666 2.163709651514904 2.089779605320198 0.272990381056767 2.167459651514904 2.093529605320196 0.2729903810567666 2.167459651514904 2.093529605320196 0.2729903810567666 2.167459651514902 0.959038301190626 0.2729903810567666 2.171209651514902 0.959038301190626 0.2729903810567666 2.171209651514904 2.097279605320196 0.2729903810567666 2.171209651514902 0.959038301190626 0.2729903810567666 2.167459651514904 2.093529605320196 0.2729903810567666 2.171209651514904 2.097279605320196 0.2729903810567666 2.167459651514904 2.093529605320196 0.2729903810567666 1.1562096515149 2.097279605320199 0.2729903810567662 1.1562096515149 2.097279605320199 0.2729903810567662 1.159959651514901 2.093529605320199 0.2729903810567662 1.156209651514898 0.02909527223591512 0.272990381056767 1.1562096515149 2.097279605320199 0.2729903810567662 2.167459651514904 2.093529605320196 0.2729903810567666 1.159959651514901 2.093529605320199 0.2729903810567662 1.156209651514898 0.02909527223591512 0.272990381056767 1.159959651514898 0.0253452722359152 0.2729903810567666 1.159959651514901 2.093529605320199 0.2729903810567662 1.156209651514898 0.02909527223591512 0.272990381056767 1.159959651514898 0.0253452722359152 0.2729903810567666 0.00158749999999963 0.02534527223591875 0.2729903810567666 0.00158749999999963 0.02909527223591967 0.2729903810567666 0.00158749999999963 0.02534527223591875 0.2729903810567666 1.156209651514898 0.02909527223591512 0.272990381056767 0.00158749999999963 0.02534527223591875 0.2729903810567666 1.159959651514898 0.0253452722359152 0.2729903810567666 0.00158749999999963 0.02159527223591883 0.2729903810567666 0.00158749999999963 0.02159527223591883 0.2729903810567666 1.163709651514898 0.02159527223591606 0.272990381056767 1.159959651514898 0.0253452722359152 0.2729903810567666 0.00158749999999963 0.02159527223591883 0.2729903810567666 1.163709651514898 0.02159527223591606 0.272990381056767 0.00158749999999963 0.0178452722359188 0.2729903810567666 0.00158749999999963 0.0178452722359188 0.2729903810567666 1.167459651514898 0.01784527223591514 0.2729903810567666 0.00158749999999963 0.01409527223591877 0.2729903810567666 0.00158749999999963 0.0178452722359188 0.2729903810567666 1.167459651514898 0.01784527223591514 0.2729903810567666 1.163709651514898 0.02159527223591606 0.272990381056767 1.171209651514901 2.082279605320198 0.2729903810567666 1.171209651514898 0.01409527223591522 0.2729903810567666 1.167459651514898 0.01784527223591514 0.2729903810567666 1.167459651514898 0.01784527223591514 0.2729903810567666 1.171209651514898 0.01409527223591522 0.2729903810567666 0.00158749999999963 0.01409527223591877 0.2729903810567666 2.167459651514904 2.093529605320196 0.2729903810567666 2.163709651514904 2.089779605320198 0.272990381056767 1.159959651514901 2.093529605320199 0.2729903810567662 1.152459651514901 2.101029605320199 0.2664951905283833 1.151287747898698 2.102201508936401 0.2644653939235459 1.150584651514901 2.102904605320199 0.2632475952641921 1.149998699706799 2.103490557128301 0.2622326969617729 1.148709651514902 2.104779605320199 0.26 1.148709651514898 0.03659527223591518 0.26 1.150584651514898 0.03472027223591611 0.2632475952641921 1.152459651514898 0.03284527223591515 0.2664951905283837 1.154334651514898 0.03097027223591608 0.2697427857925754 1.156209651514898 0.02909527223591512 0.272990381056767 1.1562096515149 2.097279605320199 0.2729903810567662 1.154334651514901 2.099154605320199 0.2697427857925746 2.171209651514904 2.097279605320196 0.2470096189432338 1.1562096515149 2.097279605320199 0.2470096189432342 1.153961408163151 2.09952784867195 0.2509036906562446 1.153865844282474 2.099623412552626 0.251069212152945 1.152648469001088 2.100840787834011 0.2531777679921825 1.152576796090581 2.10091246074452 0.2533019091147085 1.151287747898688 2.102201508936412 0.2555346060764718 1.149998699706795 2.103490557128305 0.2577673030382361 1.148709651514902 2.104779605320199 0.26 2.178709651514904 2.104779605320195 0.26 2.176834651514904 2.102904605320194 0.2567524047358084 2.176349034687705 2.102418988492996 0.2559112917180892 2.174959651514904 2.101029605320197 0.2535048094716166 2.173988417860506 2.100058371665797 0.2518225834361788 2.173084651514904 2.099154605320197 0.2502572142074255 2.172599034687705 2.098668988492997 0.2494161011897058 1.171209651514901 2.082279605320198 0.2470096189432338 2.156209651514904 2.082279605320196 0.2470096189432333 2.154334651514904 2.080404605320197 0.250257214207425 2.153961408163159 2.080031361968451 0.2509036906562346 2.152648469001096 2.078718422806388 0.2531777679921761 2.152459651514904 2.078529605320196 0.2535048094716166 2.151335529839032 2.077405483644323 0.2554518453281175 2.150584651514904 2.076654605320196 0.2567524047358084 2.150022590676968 2.076092544482261 0.2577259226640585 2.148709651514904 2.074779605320197 0.26 1.178709651514901 2.074779605320198 0.26 1.176834651514901 2.076654605320199 0.2567524047358084 1.174959651514901 2.078529605320198 0.2535048094716166 1.173084651514902 2.080404605320198 0.250257214207425 1.173084651514902 2.080404605320199 0.269742785792575 1.174959651514901 2.078529605320199 0.2664951905283837 1.176083773180779 2.077405483654322 0.2645481546891942 1.176834651514901 2.076654605320199 0.2632475952641921 1.17739671234784 2.07609254448726 0.2622740773445976 1.178709651514901 2.074779605320198 0.26 2.148709651514904 2.074779605320197 0.26 2.150022590680063 2.076092544485355 0.2622740773413024 2.151070268349981 2.077140222155273 0.2640887082955555 2.151335529845222 2.077405483650515 0.2645481546826053 2.152459651514904 2.078529605320196 0.2664951905283837 2.152648469010381 2.078718422815673 0.2668222320239083 2.15396140817554 2.080031361980832 0.2690963093652103 2.154334651514904 2.080404605320197 0.269742785792575 2.156209651514904 2.082279605320196 0.272990381056767 1.171209651514901 2.082279605320198 0.2729903810567666 1.152459651514901 2.101029605320199 0.2664951905283833 1.154334651514901 2.099154605320199 0.2697427857925746 1.1562096515149 2.097279605320199 0.2729903810567662 2.171209651514904 2.097279605320196 0.2729903810567666 2.173084651514904 2.099154605320196 0.269742785792575 2.173457894866588 2.099527848671881 0.2690963093438699 2.174770834028667 2.10084078783396 0.2668222320079026 2.174959651514904 2.101029605320197 0.2664951905283837 2.176083773190746 2.102153726996038 0.2645481546719352 2.176349034687705 2.102418988492996 0.2640887082819113 2.177396712352825 2.103466666158116 0.2622740773359678 2.178709651514904 2.104779605320195 0.26 1.148709651514902 2.104779605320199 0.26 1.149998699706799 2.103490557128301 0.2622326969617729 1.150584651514901 2.102904605320199 0.2632475952641921 1.151287747898698 2.102201508936401 0.2644653939235459 2.154334651514902 0.9590383011906269 0.2502572142074255 2.156209651514902 0.959038301190626 0.2470096189432338 2.159959651514902 0.959038301190626 0.2470096189432338 2.163709651514902 0.959038301190626 0.2470096189432338 2.167459651514902 0.959038301190626 0.2470096189432338 2.171209651514902 0.959038301190626 0.2470096189432338 2.173084651514902 0.9590383011906242 0.2502572142074255 2.174959651514902 0.959038301190626 0.2535048094716166 2.176834651514902 0.959038301190626 0.2567524047358084 2.178709651514902 0.959038301190626 0.26 2.176834651514902 0.9590383011906269 0.2632475952641921 2.174959651514902 0.959038301190626 0.2664951905283837 2.173084651514902 0.959038301190626 0.269742785792575 2.171209651514902 0.959038301190626 0.2729903810567666 2.167459651514902 0.959038301190626 0.2729903810567666 2.163709651514902 0.959038301190626 0.2729903810567666 2.159959651514902 0.9590383011906269 0.2729903810567662 2.156209651514902 0.959038301190626 0.2729903810567666 2.154820273966588 0.959038301190626 0.2705839085521898 2.153430896418273 0.959038301190626 0.2681774360476129 2.151070273966587 0.959038301190626 0.2640887180238065 2.148709651514902 0.959038301190626 0.26 2.151070273961658 0.959038301190626 0.2559112819847323 2.152459651514902 0.959038301190626 0.2535048094716166 2.151335529839032 2.077405483644323 0.2554518453281175 2.152459651514904 2.078529605320196 0.2535048094716166 2.152648469001096 2.078718422806388 0.2531777679921761 2.153961408163159 2.080031361968451 0.2509036906562346 2.154334651514904 2.080404605320197 0.250257214207425 2.156209651514904 2.082279605320196 0.2470096189432333 2.156209651514902 0.959038301190626 0.2470096189432338 2.154334651514902 0.9590383011906269 0.2502572142074255 2.152459651514902 0.959038301190626 0.2535048094716166 2.151070273961658 0.959038301190626 0.2559112819847323 2.148709651514902 0.959038301190626 0.26 2.148709651514904 2.074779605320197 0.26 2.150022590676968 2.076092544482261 0.2577259226640585 2.150584651514904 2.076654605320196 0.2567524047358084 2.173084651514902 0.9590383011906242 0.2502572142074255 2.171209651514902 0.959038301190626 0.2470096189432338 2.171209651514904 2.097279605320196 0.2470096189432338 2.172599034687705 2.098668988492997 0.2494161011897058 2.173084651514904 2.099154605320197 0.2502572142074255 2.173988417860506 2.100058371665797 0.2518225834361788 2.174959651514904 2.101029605320197 0.2535048094716166 2.176349034687705 2.102418988492996 0.2559112917180892 2.176834651514904 2.102904605320194 0.2567524047358084 2.178709651514904 2.104779605320195 0.26 2.178709651514902 0.959038301190626 0.26 2.176834651514902 0.959038301190626 0.2567524047358084 2.174959651514902 0.959038301190626 0.2535048094716166 2.151070273966587 0.959038301190626 0.2640887180238065 2.153430896418273 0.959038301190626 0.2681774360476129 2.154820273966588 0.959038301190626 0.2705839085521898 2.156209651514902 0.959038301190626 0.2729903810567666 2.156209651514904 2.082279605320196 0.272990381056767 2.154334651514904 2.080404605320197 0.269742785792575 2.15396140817554 2.080031361980832 0.2690963093652103 2.152648469010381 2.078718422815673 0.2668222320239083 2.152459651514904 2.078529605320196 0.2664951905283837 2.151335529845222 2.077405483650515 0.2645481546826053 2.151070268349981 2.077140222155273 0.2640887082955555 2.150022590680063 2.076092544485355 0.2622740773413024 2.148709651514904 2.074779605320197 0.26 2.148709651514902 0.959038301190626 0.26 2.173084651514902 0.959038301190626 0.269742785792575 2.171209651514902 0.959038301190626 0.2729903810567666 2.174959651514902 0.959038301190626 0.2664951905283837 2.176834651514902 0.9590383011906269 0.2632475952641921 2.178709651514902 0.959038301190626 0.26 2.178709651514904 2.104779605320195 0.26 2.177396712352825 2.103466666158116 0.2622740773359678 2.176349034687705 2.102418988492996 0.2640887082819113 2.176083773190746 2.102153726996038 0.2645481546719352 2.174959651514904 2.101029605320197 0.2664951905283837 2.174770834028667 2.10084078783396 0.2668222320079026 2.173457894866588 2.099527848671881 0.2690963093438699 2.173084651514904 2.099154605320196 0.269742785792575 2.171209651514904 2.097279605320196 0.2729903810567666 0.00158749999999963 0.0342975815185873 0.2639797170624974 0.00158749999999963 0.03659527223591885 0.26 0.00158749999999963 0.0342975815185873 0.2560202829375034 0.00158749999999963 0.03199989080125664 0.2520405658750064 0.00158749999999963 0.03054758151858816 0.2495250924091205 0.00158749999999963 0.02909527223591967 0.2470096189432338 0.00158749999999963 0.02534527223591875 0.2470096189432338 0.00158749999999963 0.02159527223591883 0.2470096189432338 0.00158749999999963 0.0178452722359188 0.2470096189432338 0.00158749999999963 0.01409527223591877 0.2470096189432338 0.00158749999999963 0.01222027223591881 0.250257214207425 0.00158749999999963 0.01034527223591785 0.2535048094716166 0.00158749999999963 0.008470272235918785 0.2567524047358084 0.00158749999999963 0.006595272235918825 0.26 0.00158749999999963 0.008470272235918785 0.2632475952641921 0.00158749999999963 0.01034527223591785 0.2664951905283837 0.00158749999999963 0.01222027223591881 0.2697427857925754 0.00158749999999963 0.01409527223591877 0.2729903810567666 0.00158749999999963 0.0178452722359188 0.2729903810567666 0.00158749999999963 0.02159527223591883 0.2729903810567666 0.00158749999999963 0.02534527223591875 0.2729903810567666 0.00158749999999963 0.02909527223591967 0.2729903810567666 0.00158749999999963 0.03097027223591886 0.269742785792575 0.00158749999999963 0.0328452722359197 0.2664951905283837 0.00158749999999963 0.0342975815185873 0.2560202829375034 0.00158749999999963 0.03659527223591885 0.26 1.148709651514898 0.03659527223591518 0.26 1.149998699706789 0.03530622404402583 0.2577673030382416 1.150584651514898 0.03472027223591522 0.2567524047358084 1.151287747898679 0.03401717585213548 0.2555346060764828 1.152459651514899 0.03284527223591515 0.2535048094716166 1.154334651514898 0.03097027223591608 0.2502572142074255 1.156209651514898 0.02909527223591512 0.2470096189432338 0.00158749999999963 0.02909527223591967 0.2470096189432338 0.00158749999999963 0.03054758151858816 0.2495250924091205 0.00158749999999963 0.03199989080125664 0.2520405658750064 0.00158749999999963 0.006595272235918825 0.26 0.00158749999999963 0.008470272235918785 0.2567524047358084 0.00158749999999963 0.01034527223591785 0.2535048094716166 0.00158749999999963 0.01222027223591881 0.250257214207425 0.00158749999999963 0.01409527223591877 0.2470096189432338 1.171209651514898 0.01409527223591522 0.2470096189432338 1.172661965979561 0.01264295777125234 0.2495251013845963 1.173084651514898 0.01222027223591604 0.2502572142074255 1.174114280444223 0.01119064330658958 0.2520405838259593 1.174959651514898 0.0103452722359143 0.2535048094716166 1.176131555131118 0.009173368619694866 0.2555346060764828 1.17641196597956 0.008892957771252429 0.2560202919129797 1.177420603323008 0.007884320427804514 0.2577673030382416 1.178709651514898 0.006595272235915161 0.26 1.150584651514898 0.03472027223591611 0.2632475952641921 1.148709651514898 0.03659527223591518 0.26 0.00158749999999963 0.03659527223591885 0.26 0.00158749999999963 0.0342975815185873 0.2639797170624974 0.00158749999999963 0.0328452722359197 0.2664951905283837 0.00158749999999963 0.03097027223591886 0.269742785792575 0.00158749999999963 0.02909527223591967 0.2729903810567666 1.156209651514898 0.02909527223591512 0.272990381056767 1.154334651514898 0.03097027223591608 0.2697427857925754 1.152459651514898 0.03284527223591515 0.2664951905283837 1.173084651514898 0.01222027223591604 0.269742785792575 1.171209651514898 0.01409527223591522 0.2729903810567666 0.00158749999999963 0.01409527223591877 0.2729903810567666 0.00158749999999963 0.01222027223591881 0.2697427857925754 0.00158749999999963 0.01034527223591785 0.2664951905283837 0.00158749999999963 0.008470272235918785 0.2632475952641921 0.00158749999999963 0.006595272235918825 0.26 1.178709651514898 0.006595272235915161 0.26 1.177420603321071 0.007884320429741742 0.2622326969651135 1.176411965974902 0.008892957775911702 0.2639797080950894 1.176131555127244 0.009173368623568323 0.264465393930227 1.174959651514898 0.01034527223591608 0.2664951905283837 1.174842506933417 0.01046241681739679 0.2666980908953405 1.17355345873959 0.01175146501122337 0.2689307878604536 1.154334651514898 0.03097027223591608 0.1252572142074255 1.152459651514899 0.03284527223591515 0.1285048094716166 1.151287747898679 0.03401717585213548 0.1305346060764832 1.150584651514898 0.03472027223591522 0.1317524047358084 1.149998699706789 0.03530622404402583 0.1327673030382415 1.148709651514898 0.03659527223591518 0.135 1.148709651514902 2.104779605320199 0.135 1.149998699706795 2.103490557128305 0.1327673030382352 1.151287747898688 2.102201508936412 0.1305346060764722 1.152576796090581 2.10091246074452 0.128301909114708 1.152648469001088 2.100840787834011 0.1281777679921829 1.153865844282474 2.099623412552626 0.1260692121529441 1.153961408163151 2.09952784867195 0.1259036906562437 1.1562096515149 2.097279605320199 0.1220096189432342 1.156209651514898 0.02909527223591512 0.1220096189432333 1.159959651514898 0.0253452722359152 0.1220096189432333 1.159959651514901 2.093529605320199 0.1220096189432333 1.156209651514898 0.02909527223591512 0.1220096189432333 1.156209651514898 0.02909527223591512 0.1220096189432333 1.1562096515149 2.097279605320199 0.1220096189432342 1.159959651514901 2.093529605320199 0.1220096189432333 1.159959651514898 0.0253452722359152 0.1220096189432333 1.156209651514898 0.02909527223591512 0.1220096189432333 0.00158749999999963 0.02534527223591875 0.1220096189432333 0.00158749999999963 0.02534527223591875 0.1220096189432333 1.156209651514898 0.02909527223591512 0.1220096189432333 0.00158749999999963 0.02909527223591967 0.1220096189432333 1.159959651514901 2.093529605320199 0.1220096189432333 1.1562096515149 2.097279605320199 0.1220096189432342 2.171209651514904 2.097279605320196 0.1220096189432333 2.167459651514905 2.093529605320196 0.1220096189432333 2.171209651514904 2.097279605320196 0.1220096189432333 1.159959651514901 2.093529605320199 0.1220096189432333 2.171209651514902 0.959038301190626 0.1220096189432333 2.167459651514905 2.093529605320196 0.1220096189432333 2.171209651514904 2.097279605320196 0.1220096189432333 2.167459651514902 0.959038301190626 0.1220096189432333 2.171209651514902 0.959038301190626 0.1220096189432333 2.167459651514905 2.093529605320196 0.1220096189432333 2.167459651514902 0.959038301190626 0.1220096189432333 2.167459651514905 2.093529605320196 0.1220096189432333 2.163709651514904 2.089779605320198 0.1220096189432333 2.163709651514902 0.959038301190626 0.1220096189432333 2.163709651514904 2.089779605320198 0.1220096189432333 2.167459651514902 0.959038301190626 0.1220096189432333 2.159959651514904 2.086029605320196 0.1220096189432333 2.163709651514902 0.959038301190626 0.1220096189432333 2.163709651514904 2.089779605320198 0.1220096189432333 2.159959651514902 0.959038301190626 0.1220096189432333 2.159959651514904 2.086029605320196 0.1220096189432333 2.163709651514902 0.959038301190626 0.1220096189432333 2.159959651514902 0.959038301190626 0.1220096189432333 2.159959651514904 2.086029605320196 0.1220096189432333 2.156209651514904 2.082279605320196 0.1220096189432329 2.156209651514904 2.082279605320196 0.1220096189432329 2.159959651514902 0.959038301190626 0.1220096189432333 2.156209651514902 0.959038301190626 0.1220096189432333 2.156209651514904 2.082279605320196 0.1220096189432329 2.159959651514904 2.086029605320196 0.1220096189432333 1.171209651514901 2.082279605320198 0.1220096189432333 1.167459651514901 2.086029605320199 0.1220096189432333 1.171209651514901 2.082279605320198 0.1220096189432333 2.159959651514904 2.086029605320196 0.1220096189432333 1.167459651514898 0.01784527223591514 0.1220096189432333 1.167459651514901 2.086029605320199 0.1220096189432333 1.171209651514901 2.082279605320198 0.1220096189432333 1.171209651514898 0.01409527223591522 0.1220096189432333 1.167459651514898 0.01784527223591514 0.1220096189432333 1.171209651514901 2.082279605320198 0.1220096189432333 1.171209651514898 0.01409527223591522 0.1220096189432333 1.167459651514898 0.01784527223591514 0.1220096189432333 0.00158749999999963 0.01409527223591877 0.1220096189432333 0.00158749999999963 0.0178452722359188 0.1220096189432333 0.00158749999999963 0.01409527223591877 0.1220096189432333 1.167459651514898 0.01784527223591514 0.1220096189432333 0.00158749999999963 0.0178452722359188 0.1220096189432333 1.167459651514898 0.01784527223591514 0.1220096189432333 1.163709651514898 0.02159527223591606 0.1220096189432333 1.163709651514898 0.02159527223591606 0.1220096189432333 0.00158749999999963 0.0178452722359188 0.1220096189432333 0.00158749999999963 0.02159527223591883 0.1220096189432333 1.163709651514898 0.02159527223591606 0.1220096189432333 1.159959651514898 0.0253452722359152 0.1220096189432333 0.00158749999999963 0.02159527223591883 0.1220096189432333 0.00158749999999963 0.02159527223591883 0.1220096189432333 0.00158749999999963 0.02534527223591875 0.1220096189432333 1.159959651514898 0.0253452722359152 0.1220096189432333 1.163709651514898 0.02159527223591606 0.1220096189432333 1.167459651514901 2.086029605320199 0.1220096189432333 1.163709651514901 2.089779605320199 0.1220096189432333 1.163709651514901 2.089779605320199 0.1220096189432333 1.163709651514898 0.02159527223591606 0.1220096189432333 1.159959651514898 0.0253452722359152 0.1220096189432333 1.167459651514898 0.01784527223591514 0.1220096189432333 1.167459651514901 2.086029605320199 0.1220096189432333 1.163709651514898 0.02159527223591606 0.1220096189432333 1.163709651514901 2.089779605320199 0.1220096189432333 1.159959651514898 0.0253452722359152 0.1220096189432333 1.159959651514901 2.093529605320199 0.1220096189432333 2.167459651514905 2.093529605320196 0.1220096189432333 1.159959651514901 2.093529605320199 0.1220096189432333 1.163709651514901 2.089779605320199 0.1220096189432333 1.163709651514901 2.089779605320199 0.1220096189432333 1.167459651514901 2.086029605320199 0.1220096189432333 2.163709651514904 2.089779605320198 0.1220096189432333 2.163709651514904 2.089779605320198 0.1220096189432333 2.167459651514905 2.093529605320196 0.1220096189432333 1.163709651514901 2.089779605320199 0.1220096189432333 2.159959651514904 2.086029605320196 0.1220096189432333 2.163709651514904 2.089779605320198 0.1220096189432333 1.167459651514901 2.086029605320199 0.1220096189432333 1.173084651514902 2.080404605320198 0.1252572142074255 1.174959651514901 2.078529605320198 0.1285048094716166 1.176834651514901 2.076654605320199 0.1317524047358084 1.178709651514901 2.074779605320198 0.135 1.178709651514898 0.006595272235915161 0.135 1.177420603323008 0.007884320427804514 0.1327673030382411 1.17641196597956 0.008892957771252429 0.1310202919129792 1.176131555131118 0.009173368619694866 0.1305346060764828 1.174959651514898 0.0103452722359143 0.1285048094716166 1.174114280444223 0.01119064330658958 0.1270405838259589 1.173084651514898 0.01222027223591604 0.1252572142074255 1.172661965979561 0.01264295777125234 0.1245251013845963 1.171209651514898 0.01409527223591522 0.1220096189432333 1.171209651514901 2.082279605320198 0.1220096189432333 1.171209651514901 2.082279605320198 0.1479903810567662 1.171209651514898 0.01409527223591522 0.1479903810567662 1.173084651514898 0.01222027223591604 0.1447427857925744 1.17355345873959 0.01175146501122337 0.1439307878604541 1.174842506933417 0.01046241681739679 0.1416980908953396 1.174959651514898 0.01034527223591608 0.1414951905283828 1.176131555127244 0.009173368623568323 0.1394653939302266 1.176411965974902 0.008892957775911702 0.1389797080950888 1.177420603321071 0.007884320429741742 0.1372326969651135 1.178709651514898 0.006595272235915161 0.135 1.178709651514901 2.074779605320198 0.135 1.17739671234784 2.07609254448726 0.1372740773445967 1.176834651514901 2.076654605320199 0.1382475952641911 1.176083773180779 2.077405483654322 0.1395481546891937 1.174959651514901 2.078529605320199 0.1414951905283828 1.173084651514902 2.080404605320199 0.1447427857925744 1.159959651514898 0.0253452722359152 0.1479903810567662 1.159959651514901 2.093529605320199 0.1479903810567657 1.163709651514901 2.089779605320199 0.1479903810567662 1.159959651514898 0.0253452722359152 0.1479903810567662 1.163709651514901 2.089779605320199 0.1479903810567662 1.163709651514898 0.02159527223591606 0.1479903810567662 1.163709651514898 0.02159527223591606 0.1479903810567662 1.163709651514901 2.089779605320199 0.1479903810567662 1.167459651514901 2.086029605320199 0.1479903810567657 2.163709651514904 2.089779605320198 0.1479903810567662 1.159959651514901 2.093529605320199 0.1479903810567657 1.163709651514901 2.089779605320199 0.1479903810567662 2.159959651514904 2.086029605320196 0.1479903810567666 2.163709651514904 2.089779605320198 0.1479903810567662 1.163709651514901 2.089779605320199 0.1479903810567662 1.167459651514901 2.086029605320199 0.1479903810567657 1.163709651514901 2.089779605320199 0.1479903810567662 2.159959651514904 2.086029605320196 0.1479903810567666 1.167459651514898 0.01784527223591514 0.1479903810567662 1.167459651514901 2.086029605320199 0.1479903810567657 1.163709651514898 0.02159527223591606 0.1479903810567662 1.167459651514901 2.086029605320199 0.1479903810567657 1.171209651514901 2.082279605320198 0.1479903810567662 1.167459651514898 0.01784527223591514 0.1479903810567662 2.156209651514904 2.082279605320196 0.1479903810567666 1.167459651514901 2.086029605320199 0.1479903810567657 1.171209651514901 2.082279605320198 0.1479903810567662 2.156209651514904 2.082279605320196 0.1479903810567666 2.159959651514904 2.086029605320196 0.1479903810567666 1.167459651514901 2.086029605320199 0.1479903810567657 2.159959651514904 2.086029605320196 0.1479903810567666 2.163709651514904 2.089779605320198 0.1479903810567662 2.163709651514902 0.959038301190626 0.1479903810567662 2.159959651514902 0.9590383011906269 0.1479903810567662 2.163709651514902 0.959038301190626 0.1479903810567662 2.159959651514904 2.086029605320196 0.1479903810567666 2.156209651514904 2.082279605320196 0.1479903810567666 2.159959651514904 2.086029605320196 0.1479903810567666 2.159959651514902 0.9590383011906269 0.1479903810567662 2.159959651514902 0.9590383011906269 0.1479903810567662 2.156209651514904 2.082279605320196 0.1479903810567666 2.156209651514902 0.959038301190626 0.1479903810567662 2.163709651514902 0.959038301190626 0.1479903810567662 2.163709651514904 2.089779605320198 0.1479903810567662 2.167459651514902 0.959038301190626 0.1479903810567662 2.167459651514902 0.959038301190626 0.1479903810567662 2.163709651514904 2.089779605320198 0.1479903810567662 2.167459651514904 2.093529605320196 0.1479903810567662 2.167459651514904 2.093529605320196 0.1479903810567662 2.167459651514902 0.959038301190626 0.1479903810567662 2.171209651514902 0.959038301190626 0.1479903810567662 2.171209651514904 2.097279605320196 0.1479903810567662 2.171209651514902 0.959038301190626 0.1479903810567662 2.167459651514904 2.093529605320196 0.1479903810567662 2.171209651514904 2.097279605320196 0.1479903810567662 2.167459651514904 2.093529605320196 0.1479903810567662 1.1562096515149 2.097279605320199 0.1479903810567657 1.1562096515149 2.097279605320199 0.1479903810567657 1.159959651514901 2.093529605320199 0.1479903810567657 1.156209651514898 0.02909527223591512 0.1479903810567666 1.1562096515149 2.097279605320199 0.1479903810567657 2.167459651514904 2.093529605320196 0.1479903810567662 1.159959651514901 2.093529605320199 0.1479903810567657 1.156209651514898 0.02909527223591512 0.1479903810567666 1.159959651514898 0.0253452722359152 0.1479903810567662 1.159959651514901 2.093529605320199 0.1479903810567657 1.156209651514898 0.02909527223591512 0.1479903810567666 1.159959651514898 0.0253452722359152 0.1479903810567662 0.00158749999999963 0.02534527223591875 0.1479903810567662 0.00158749999999963 0.02909527223591967 0.1479903810567662 0.00158749999999963 0.02534527223591875 0.1479903810567662 1.156209651514898 0.02909527223591512 0.1479903810567666 0.00158749999999963 0.02534527223591875 0.1479903810567662 1.159959651514898 0.0253452722359152 0.1479903810567662 0.00158749999999963 0.02159527223591883 0.1479903810567662 0.00158749999999963 0.02159527223591883 0.1479903810567662 1.163709651514898 0.02159527223591606 0.1479903810567662 1.159959651514898 0.0253452722359152 0.1479903810567662 0.00158749999999963 0.02159527223591883 0.1479903810567662 1.163709651514898 0.02159527223591606 0.1479903810567662 0.00158749999999963 0.0178452722359188 0.1479903810567662 0.00158749999999963 0.0178452722359188 0.1479903810567662 1.167459651514898 0.01784527223591514 0.1479903810567662 0.00158749999999963 0.01409527223591877 0.1479903810567662 0.00158749999999963 0.0178452722359188 0.1479903810567662 1.167459651514898 0.01784527223591514 0.1479903810567662 1.163709651514898 0.02159527223591606 0.1479903810567662 1.171209651514901 2.082279605320198 0.1479903810567662 1.171209651514898 0.01409527223591522 0.1479903810567662 1.167459651514898 0.01784527223591514 0.1479903810567662 1.167459651514898 0.01784527223591514 0.1479903810567662 1.171209651514898 0.01409527223591522 0.1479903810567662 0.00158749999999963 0.01409527223591877 0.1479903810567662 2.167459651514904 2.093529605320196 0.1479903810567662 2.163709651514904 2.089779605320198 0.1479903810567662 1.159959651514901 2.093529605320199 0.1479903810567657 1.152459651514901 2.101029605320199 0.1414951905283828 1.151287747898698 2.102201508936401 0.1394653939235449 1.150584651514901 2.102904605320199 0.1382475952641911 1.149998699706799 2.103490557128301 0.137232696961772 1.148709651514902 2.104779605320199 0.135 1.148709651514898 0.03659527223591518 0.135 1.150584651514898 0.03472027223591611 0.1382475952641917 1.152459651514898 0.03284527223591515 0.1414951905283837 1.154334651514898 0.03097027223591608 0.144742785792575 1.156209651514898 0.02909527223591512 0.1479903810567666 1.1562096515149 2.097279605320199 0.1479903810567657 1.154334651514901 2.099154605320199 0.144742785792574 2.171209651514904 2.097279605320196 0.1220096189432333 1.1562096515149 2.097279605320199 0.1220096189432342 1.153961408163151 2.09952784867195 0.1259036906562437 1.153865844282474 2.099623412552626 0.1260692121529441 1.152648469001088 2.100840787834011 0.1281777679921829 1.152576796090581 2.10091246074452 0.128301909114708 1.151287747898688 2.102201508936412 0.1305346060764722 1.149998699706795 2.103490557128305 0.1327673030382352 1.148709651514902 2.104779605320199 0.135 2.178709651514904 2.104779605320195 0.135 2.176834651514904 2.102904605320194 0.1317524047358084 2.176349034687705 2.102418988492996 0.1309112917180891 2.174959651514904 2.101029605320197 0.1285048094716171 2.173988417860506 2.100058371665797 0.1268225834361779 2.173084651514904 2.099154605320197 0.1252572142074255 2.172599034687705 2.098668988492997 0.1244161011897058 1.171209651514901 2.082279605320198 0.1220096189432333 2.156209651514904 2.082279605320196 0.1220096189432329 2.154334651514904 2.080404605320197 0.1252572142074246 2.153961408163159 2.080031361968451 0.1259036906562341 2.152648469001096 2.078718422806388 0.1281777679921756 2.152459651514904 2.078529605320196 0.1285048094716166 2.151335529839032 2.077405483644323 0.1304518453281175 2.150584651514904 2.076654605320196 0.1317524047358084 2.150022590676968 2.076092544482261 0.1327259226640585 2.148709651514904 2.074779605320197 0.135 1.178709651514901 2.074779605320198 0.135 1.176834651514901 2.076654605320199 0.1317524047358084 1.174959651514901 2.078529605320198 0.1285048094716166 1.173084651514902 2.080404605320198 0.1252572142074255 1.173084651514902 2.080404605320199 0.1447427857925744 1.174959651514901 2.078529605320199 0.1414951905283828 1.176083773180779 2.077405483654322 0.1395481546891937 1.176834651514901 2.076654605320199 0.1382475952641911 1.17739671234784 2.07609254448726 0.1372740773445967 1.178709651514901 2.074779605320198 0.135 2.148709651514904 2.074779605320197 0.135 2.150022590680063 2.076092544485355 0.1372740773413029 2.151070268349981 2.077140222155273 0.1390887082955559 2.151335529845222 2.077405483650515 0.1395481546826049 2.152459651514904 2.078529605320196 0.1414951905283828 2.152648469010381 2.078718422815673 0.1418222320239078 2.15396140817554 2.080031361980832 0.1440963093652103 2.154334651514904 2.080404605320197 0.1447427857925744 2.156209651514904 2.082279605320196 0.1479903810567666 1.171209651514901 2.082279605320198 0.1479903810567662 1.152459651514901 2.101029605320199 0.1414951905283828 1.154334651514901 2.099154605320199 0.144742785792574 1.1562096515149 2.097279605320199 0.1479903810567657 2.171209651514904 2.097279605320196 0.1479903810567662 2.173084651514904 2.099154605320196 0.1447427857925744 2.173457894866588 2.099527848671881 0.1440963093438699 2.174770834028667 2.10084078783396 0.1418222320079025 2.174959651514904 2.101029605320197 0.1414951905283828 2.176083773190746 2.102153726996038 0.1395481546719342 2.176349034687705 2.102418988492996 0.1390887082819113 2.177396712352825 2.103466666158116 0.1372740773359674 2.178709651514904 2.104779605320195 0.135 1.148709651514902 2.104779605320199 0.135 1.149998699706799 2.103490557128301 0.137232696961772 1.150584651514901 2.102904605320199 0.1382475952641911 1.151287747898698 2.102201508936401 0.1394653939235449 2.154334651514902 0.9590383011906269 0.1252572142074255 2.156209651514902 0.959038301190626 0.1220096189432333 2.159959651514902 0.959038301190626 0.1220096189432333 2.163709651514902 0.959038301190626 0.1220096189432333 2.167459651514902 0.959038301190626 0.1220096189432333 2.171209651514902 0.959038301190626 0.1220096189432333 2.173084651514902 0.9590383011906242 0.1252572142074255 2.174959651514902 0.959038301190626 0.1285048094716171 2.176834651514902 0.959038301190626 0.1317524047358084 2.178709651514902 0.959038301190626 0.135 2.176834651514902 0.9590383011906269 0.1382475952641917 2.174959651514902 0.959038301190626 0.1414951905283828 2.173084651514902 0.959038301190626 0.1447427857925744 2.171209651514902 0.959038301190626 0.1479903810567662 2.167459651514902 0.959038301190626 0.1479903810567662 2.163709651514902 0.959038301190626 0.1479903810567662 2.159959651514902 0.9590383011906269 0.1479903810567662 2.156209651514902 0.959038301190626 0.1479903810567662 2.154820273966588 0.959038301190626 0.1455839085521898 2.153430896418273 0.959038301190626 0.1431774360476129 2.151070273966587 0.959038301190626 0.1390887180238069 2.148709651514902 0.959038301190626 0.135 2.151070273961658 0.959038301190626 0.1309112819847314 2.152459651514902 0.959038301190626 0.1285048094716171 2.151335529839032 2.077405483644323 0.1304518453281175 2.152459651514904 2.078529605320196 0.1285048094716166 2.152648469001096 2.078718422806388 0.1281777679921756 2.153961408163159 2.080031361968451 0.1259036906562341 2.154334651514904 2.080404605320197 0.1252572142074246 2.156209651514904 2.082279605320196 0.1220096189432329 2.156209651514902 0.959038301190626 0.1220096189432333 2.154334651514902 0.9590383011906269 0.1252572142074255 2.152459651514902 0.959038301190626 0.1285048094716171 2.151070273961658 0.959038301190626 0.1309112819847314 2.148709651514902 0.959038301190626 0.135 2.148709651514904 2.074779605320197 0.135 2.150022590676968 2.076092544482261 0.1327259226640585 2.150584651514904 2.076654605320196 0.1317524047358084 2.173084651514902 0.9590383011906242 0.1252572142074255 2.171209651514902 0.959038301190626 0.1220096189432333 2.171209651514904 2.097279605320196 0.1220096189432333 2.172599034687705 2.098668988492997 0.1244161011897058 2.173084651514904 2.099154605320197 0.1252572142074255 2.173988417860506 2.100058371665797 0.1268225834361779 2.174959651514904 2.101029605320197 0.1285048094716171 2.176349034687705 2.102418988492996 0.1309112917180891 2.176834651514904 2.102904605320194 0.1317524047358084 2.178709651514904 2.104779605320195 0.135 2.178709651514902 0.959038301190626 0.135 2.176834651514902 0.959038301190626 0.1317524047358084 2.174959651514902 0.959038301190626 0.1285048094716171 2.151070273966587 0.959038301190626 0.1390887180238069 2.153430896418273 0.959038301190626 0.1431774360476129 2.154820273966588 0.959038301190626 0.1455839085521898 2.156209651514902 0.959038301190626 0.1479903810567662 2.156209651514904 2.082279605320196 0.1479903810567666 2.154334651514904 2.080404605320197 0.1447427857925744 2.15396140817554 2.080031361980832 0.1440963093652103 2.152648469010381 2.078718422815673 0.1418222320239078 2.152459651514904 2.078529605320196 0.1414951905283828 2.151335529845222 2.077405483650515 0.1395481546826049 2.151070268349981 2.077140222155273 0.1390887082955559 2.150022590680063 2.076092544485355 0.1372740773413029 2.148709651514904 2.074779605320197 0.135 2.148709651514902 0.959038301190626 0.135 2.173084651514902 0.959038301190626 0.1447427857925744 2.171209651514902 0.959038301190626 0.1479903810567662 2.174959651514902 0.959038301190626 0.1414951905283828 2.176834651514902 0.9590383011906269 0.1382475952641917 2.178709651514902 0.959038301190626 0.135 2.178709651514904 2.104779605320195 0.135 2.177396712352825 2.103466666158116 0.1372740773359674 2.176349034687705 2.102418988492996 0.1390887082819113 2.176083773190746 2.102153726996038 0.1395481546719342 2.174959651514904 2.101029605320197 0.1414951905283828 2.174770834028667 2.10084078783396 0.1418222320079025 2.173457894866588 2.099527848671881 0.1440963093438699 2.173084651514904 2.099154605320196 0.1447427857925744 2.171209651514904 2.097279605320196 0.1479903810567662 0.00158749999999963 0.0342975815185873 0.1389797170624974 0.00158749999999963 0.03659527223591885 0.135 0.00158749999999963 0.0342975815185873 0.1310202829375025 0.00158749999999963 0.03199989080125664 0.1270405658750068 0.00158749999999963 0.03054758151858816 0.1245250924091196 0.00158749999999963 0.02909527223591967 0.1220096189432333 0.00158749999999963 0.02534527223591875 0.1220096189432333 0.00158749999999963 0.02159527223591883 0.1220096189432333 0.00158749999999963 0.0178452722359188 0.1220096189432333 0.00158749999999963 0.01409527223591877 0.1220096189432333 0.00158749999999963 0.01222027223591881 0.1252572142074246 0.00158749999999963 0.01034527223591785 0.1285048094716171 0.00158749999999963 0.008470272235918785 0.1317524047358084 0.00158749999999963 0.006595272235918825 0.135 0.00158749999999963 0.008470272235918785 0.1382475952641917 0.00158749999999963 0.01034527223591785 0.1414951905283828 0.00158749999999963 0.01222027223591881 0.1447427857925744 0.00158749999999963 0.01409527223591877 0.1479903810567662 0.00158749999999963 0.0178452722359188 0.1479903810567662 0.00158749999999963 0.02159527223591883 0.1479903810567662 0.00158749999999963 0.02534527223591875 0.1479903810567662 0.00158749999999963 0.02909527223591967 0.1479903810567662 0.00158749999999963 0.03097027223591886 0.1447427857925744 0.00158749999999963 0.0328452722359197 0.1414951905283828 0.00158749999999963 0.0342975815185873 0.1310202829375025 0.00158749999999963 0.03659527223591885 0.135 1.148709651514898 0.03659527223591518 0.135 1.149998699706789 0.03530622404402583 0.1327673030382415 1.150584651514898 0.03472027223591522 0.1317524047358084 1.151287747898679 0.03401717585213548 0.1305346060764832 1.152459651514899 0.03284527223591515 0.1285048094716166 1.154334651514898 0.03097027223591608 0.1252572142074255 1.156209651514898 0.02909527223591512 0.1220096189432333 0.00158749999999963 0.02909527223591967 0.1220096189432333 0.00158749999999963 0.03054758151858816 0.1245250924091196 0.00158749999999963 0.03199989080125664 0.1270405658750068 0.00158749999999963 0.006595272235918825 0.135 0.00158749999999963 0.008470272235918785 0.1317524047358084 0.00158749999999963 0.01034527223591785 0.1285048094716171 0.00158749999999963 0.01222027223591881 0.1252572142074246 0.00158749999999963 0.01409527223591877 0.1220096189432333 1.171209651514898 0.01409527223591522 0.1220096189432333 1.172661965979561 0.01264295777125234 0.1245251013845963 1.173084651514898 0.01222027223591604 0.1252572142074255 1.174114280444223 0.01119064330658958 0.1270405838259589 1.174959651514898 0.0103452722359143 0.1285048094716166 1.176131555131118 0.009173368619694866 0.1305346060764828 1.17641196597956 0.008892957771252429 0.1310202919129792 1.177420603323008 0.007884320427804514 0.1327673030382411 1.178709651514898 0.006595272235915161 0.135 1.150584651514898 0.03472027223591611 0.1382475952641917 1.148709651514898 0.03659527223591518 0.135 0.00158749999999963 0.03659527223591885 0.135 0.00158749999999963 0.0342975815185873 0.1389797170624974 0.00158749999999963 0.0328452722359197 0.1414951905283828 0.00158749999999963 0.03097027223591886 0.1447427857925744 0.00158749999999963 0.02909527223591967 0.1479903810567662 1.156209651514898 0.02909527223591512 0.1479903810567666 1.154334651514898 0.03097027223591608 0.144742785792575 1.152459651514898 0.03284527223591515 0.1414951905283837 1.173084651514898 0.01222027223591604 0.1447427857925744 1.171209651514898 0.01409527223591522 0.1479903810567662 0.00158749999999963 0.01409527223591877 0.1479903810567662 0.00158749999999963 0.01222027223591881 0.1447427857925744 0.00158749999999963 0.01034527223591785 0.1414951905283828 0.00158749999999963 0.008470272235918785 0.1382475952641917 0.00158749999999963 0.006595272235918825 0.135 1.178709651514898 0.006595272235915161 0.135 1.177420603321071 0.007884320429741742 0.1372326969651135 1.176411965974902 0.008892957775911702 0.1389797080950888 1.176131555127244 0.009173368623568323 0.1394653939302266 1.174959651514898 0.01034527223591608 0.1414951905283828 1.174842506933417 0.01046241681739679 0.1416980908953396 1.17355345873959 0.01175146501122337 0.1439307878604541 1.173709651514901 2.079779605320199 0.8973205080756893 1.173709651514899 0.01159527223591427 0.8973205080756884 1.176209651514898 0.00909527223591422 0.8929903810567662 1.176734446940674 0.008570476810139449 0.8920814087157419 1.178709651514898 0.006595272235915161 0.8886602540378439 1.17975924236645 0.005545681384362954 0.8868423093557963 1.180187101850198 0.005117821900615937 0.8861012349914449 1.181734446940674 0.003570476810138556 0.8834211546778975 1.181948376682548 0.003356547068266046 0.8830506174957222 1.183709651514898 0.001595272235915157 0.88 1.183709651514901 2.069779605320199 0.88 1.181707690382826 2.071781566452275 0.8834674983955324 1.181209651514902 2.072279605320199 0.8843301270189217 1.179705729250751 2.07378352758435 0.8869349967910643 1.178709651514901 2.074779605320199 0.8886602540378439 1.176707690382826 2.076781566452274 0.8921277524333759 1.176209651514901 2.077279605320199 0.892990381056767 1.158709651514898 0.02659527223591517 0.8973205080756893 1.163709651514901 2.089779605320199 0.8973205080756884 1.163709651514899 0.02159527223591606 0.8973205080756884 1.168709651514901 2.084779605320199 0.8973205080756884 1.163709651514901 2.089779605320199 0.8973205080756884 1.163709651514899 0.02159527223591606 0.8973205080756884 1.168709651514898 0.01659527223591428 0.8973205080756884 1.168709651514901 2.084779605320199 0.8973205080756884 1.163709651514899 0.02159527223591606 0.8973205080756884 0.00158749999999963 0.02159527223591883 0.8973205080756884 1.158709651514898 0.02659527223591517 0.8973205080756893 1.163709651514899 0.02159527223591606 0.8973205080756884 0.00158749999999963 0.01659527223591883 0.8973205080756884 1.168709651514898 0.01659527223591428 0.8973205080756884 1.163709651514899 0.02159527223591606 0.8973205080756884 0.00158749999999963 0.02159527223591883 0.8973205080756884 1.163709651514899 0.02159527223591606 0.8973205080756884 0.00158749999999963 0.01659527223591883 0.8973205080756884 0.00158749999999963 0.01659527223591883 0.8973205080756884 1.168709651514898 0.01659527223591428 0.8973205080756884 0.00158749999999963 0.01159527223591882 0.8973205080756884 1.168709651514898 0.01659527223591428 0.8973205080756884 1.173709651514899 0.01159527223591427 0.8973205080756884 0.00158749999999963 0.01159527223591882 0.8973205080756884 1.173709651514901 2.079779605320199 0.8973205080756893 1.173709651514899 0.01159527223591427 0.8973205080756884 1.168709651514898 0.01659527223591428 0.8973205080756884 1.168709651514901 2.084779605320199 0.8973205080756884 1.173709651514901 2.079779605320199 0.8973205080756893 1.168709651514898 0.01659527223591428 0.8973205080756884 2.153709651514904 2.079779605320196 0.8973205080756884 1.168709651514901 2.084779605320199 0.8973205080756884 1.173709651514901 2.079779605320199 0.8973205080756893 2.158709651514904 2.084779605320195 0.8973205080756884 2.153709651514904 2.079779605320196 0.8973205080756884 1.168709651514901 2.084779605320199 0.8973205080756884 2.158709651514902 0.959038301190626 0.8973205080756884 2.158709651514904 2.084779605320195 0.8973205080756884 2.153709651514904 2.079779605320196 0.8973205080756884 2.158709651514902 0.959038301190626 0.8973205080756884 2.153709651514904 2.079779605320196 0.8973205080756884 2.153709651514903 0.959038301190626 0.8973205080756884 2.163709651514902 0.959038301190626 0.8973205080756884 2.158709651514902 0.959038301190626 0.8973205080756884 2.158709651514904 2.084779605320195 0.8973205080756884 2.163709651514902 0.959038301190626 0.8973205080756884 2.158709651514904 2.084779605320195 0.8973205080756884 2.163709651514904 2.089779605320195 0.8973205080756884 2.168709651514902 0.9590383011906269 0.8973205080756893 2.163709651514904 2.089779605320195 0.8973205080756884 2.163709651514902 0.959038301190626 0.8973205080756884 2.168709651514902 0.9590383011906269 0.8973205080756893 2.163709651514904 2.089779605320195 0.8973205080756884 2.168709651514904 2.094779605320196 0.8973205080756893 2.168709651514904 2.094779605320196 0.8973205080756893 2.168709651514902 0.9590383011906269 0.8973205080756893 2.173709651514903 0.959038301190626 0.8973205080756893 2.173709651514904 2.099779605320196 0.8973205080756893 2.173709651514903 0.959038301190626 0.8973205080756893 2.168709651514904 2.094779605320196 0.8973205080756893 2.173709651514904 2.099779605320196 0.8973205080756893 2.168709651514904 2.094779605320196 0.8973205080756893 1.153709651514901 2.099779605320199 0.8973205080756884 1.158709651514902 2.0947796053202 0.8973205080756884 1.153709651514901 2.099779605320199 0.8973205080756884 2.168709651514904 2.094779605320196 0.8973205080756893 1.153709651514899 0.03159527223591518 0.8973205080756893 1.158709651514902 2.0947796053202 0.8973205080756884 1.153709651514901 2.099779605320199 0.8973205080756884 1.158709651514902 2.0947796053202 0.8973205080756884 1.158709651514898 0.02659527223591517 0.8973205080756893 1.153709651514899 0.03159527223591518 0.8973205080756893 1.153709651514899 0.03159527223591518 0.8973205080756893 1.158709651514898 0.02659527223591517 0.8973205080756893 0.00158749999999963 0.02659527223591884 0.8973205080756884 0.00158749999999963 0.03159527223591884 0.8973205080756893 0.00158749999999963 0.02659527223591884 0.8973205080756884 1.153709651514899 0.03159527223591518 0.8973205080756893 0.00158749999999963 0.02659527223591884 0.8973205080756884 0.00158749999999963 0.02159527223591883 0.8973205080756884 1.158709651514898 0.02659527223591517 0.8973205080756893 1.158709651514902 2.0947796053202 0.8973205080756884 1.158709651514898 0.02659527223591517 0.8973205080756893 1.163709651514901 2.089779605320199 0.8973205080756884 2.163709651514904 2.089779605320195 0.8973205080756884 1.163709651514901 2.089779605320199 0.8973205080756884 1.158709651514902 2.0947796053202 0.8973205080756884 2.168709651514904 2.094779605320196 0.8973205080756893 2.163709651514904 2.089779605320195 0.8973205080756884 1.158709651514902 2.0947796053202 0.8973205080756884 2.158709651514904 2.084779605320195 0.8973205080756884 1.163709651514901 2.089779605320199 0.8973205080756884 2.163709651514904 2.089779605320195 0.8973205080756884 1.168709651514901 2.084779605320199 0.8973205080756884 1.163709651514901 2.089779605320199 0.8973205080756884 2.158709651514904 2.084779605320195 0.8973205080756884 1.143709651514898 0.04159527223591519 0.88 1.146209651514898 0.03909527223591613 0.8843301270189217 1.148709651514898 0.03659527223591518 0.8886602540378439 1.151209651514898 0.03409527223591513 0.892990381056767 1.153709651514899 0.03159527223591518 0.8973205080756893 1.153709651514901 2.099779605320199 0.8973205080756884 1.151209651514901 2.102279605320199 0.8929903810567662 1.148709651514902 2.104779605320199 0.8886602540378439 1.146209651514901 2.107279605320199 0.8843301270189217 1.145684856089126 2.107804400745974 0.8834211546779001 1.143709651514902 2.109779605320199 0.88 1.151209651514898 0.03409527223591513 0.8670096189432329 1.148709651514898 0.03659527223591518 0.871339745962156 1.146209651514898 0.03909527223591613 0.8756698729810782 1.143709651514898 0.04159527223591519 0.88 1.143709651514902 2.109779605320199 0.88 1.145684856091632 2.107804400743468 0.8765788453177597 1.146209651514901 2.107279605320199 0.8756698729810782 1.147660060668363 2.105829196166738 0.8731576906355199 1.148709651514901 2.104779605320199 0.871339745962156 1.150684856091632 2.102804400743468 0.8679185912799162 1.151209651514901 2.102279605320198 0.8670096189432338 1.153709651514901 2.099779605320199 0.8626794919243115 1.153709651514898 0.03159527223591518 0.8626794919243115 1.178709651514901 2.074779605320199 0.871339745962156 1.181209651514901 2.0722796053202 0.8756698729810782 1.183709651514901 2.069779605320199 0.88 1.183709651514898 0.001595272235915157 0.88 1.181948376682535 0.003356547068278814 0.8769493825042559 1.181734446940674 0.003570476810138556 0.8765788453221016 1.180187101850172 0.005117821900640584 0.8738987650085114 1.178709651514898 0.006595272235915161 0.871339745962156 1.17842582701781 0.00687909673300413 0.8708481475127669 1.176664552185447 0.0086403715653659 0.8677975300170233 1.176209651514898 0.009095272235916107 0.8670096189432329 1.173709651514898 0.01159527223591605 0.8626794919243107 1.173709651514901 2.079779605320199 0.8626794919243107 1.176209651514901 2.0772796053202 0.8670096189432329 1.173709651514901 2.079779605320199 0.8626794919243107 1.173709651514898 0.01159527223591605 0.8626794919243107 1.168709651514898 0.01659527223591605 0.8626794919243107 1.168709651514901 2.084779605320199 0.8626794919243107 1.168709651514898 0.01659527223591605 0.8626794919243107 1.173709651514901 2.079779605320199 0.8626794919243107 1.163709651514898 0.02159527223591606 0.8626794919243115 1.168709651514901 2.084779605320199 0.8626794919243107 1.168709651514898 0.01659527223591605 0.8626794919243107 0.00158749999999963 0.01159527223591882 0.8626794919243107 1.168709651514898 0.01659527223591605 0.8626794919243107 1.173709651514898 0.01159527223591605 0.8626794919243107 0.00158749999999963 0.01659527223591883 0.8626794919243107 1.163709651514898 0.02159527223591606 0.8626794919243115 1.168709651514898 0.01659527223591605 0.8626794919243107 0.00158749999999963 0.01659527223591883 0.8626794919243107 0.00158749999999963 0.01159527223591882 0.8626794919243107 1.168709651514898 0.01659527223591605 0.8626794919243107 0.00158749999999963 0.01659527223591883 0.8626794919243107 1.163709651514898 0.02159527223591606 0.8626794919243115 0.00158749999999963 0.02159527223591795 0.8626794919243107 0.00158749999999963 0.02159527223591795 0.8626794919243107 1.163709651514898 0.02159527223591606 0.8626794919243115 1.158709651514898 0.02659527223591517 0.8626794919243115 0.00158749999999963 0.02659527223591884 0.8626794919243115 1.158709651514898 0.02659527223591517 0.8626794919243115 0.00158749999999963 0.02159527223591795 0.8626794919243107 1.158709651514898 0.02659527223591517 0.8626794919243115 1.153709651514898 0.03159527223591518 0.8626794919243115 0.00158749999999963 0.02659527223591884 0.8626794919243115 0.00158749999999963 0.02659527223591884 0.8626794919243115 1.153709651514898 0.03159527223591518 0.8626794919243115 0.00158749999999963 0.03159527223591884 0.8626794919243115 1.158709651514901 2.094779605320199 0.8626794919243115 1.158709651514898 0.02659527223591517 0.8626794919243115 1.153709651514898 0.03159527223591518 0.8626794919243115 1.158709651514901 2.094779605320199 0.8626794919243115 1.153709651514898 0.03159527223591518 0.8626794919243115 1.153709651514901 2.099779605320199 0.8626794919243115 2.173709651514904 2.099779605320196 0.8626794919243115 1.158709651514901 2.094779605320199 0.8626794919243115 1.153709651514901 2.099779605320199 0.8626794919243115 2.168709651514904 2.094779605320196 0.8626794919243115 2.173709651514904 2.099779605320196 0.8626794919243115 1.158709651514901 2.094779605320199 0.8626794919243115 2.173709651514903 0.959038301190626 0.8626794919243115 2.168709651514904 2.094779605320196 0.8626794919243115 2.173709651514904 2.099779605320196 0.8626794919243115 2.168709651514903 0.959038301190626 0.8626794919243115 2.173709651514903 0.959038301190626 0.8626794919243115 2.168709651514904 2.094779605320196 0.8626794919243115 2.168709651514903 0.959038301190626 0.8626794919243115 2.168709651514904 2.094779605320196 0.8626794919243115 2.163709651514904 2.089779605320195 0.8626794919243115 2.163709651514902 0.959038301190626 0.8626794919243115 2.163709651514904 2.089779605320195 0.8626794919243115 2.168709651514903 0.959038301190626 0.8626794919243115 2.158709651514904 2.084779605320195 0.8626794919243107 2.163709651514902 0.959038301190626 0.8626794919243115 2.163709651514904 2.089779605320195 0.8626794919243115 2.158709651514902 0.959038301190626 0.8626794919243107 2.158709651514904 2.084779605320195 0.8626794919243107 2.163709651514902 0.959038301190626 0.8626794919243115 2.158709651514902 0.959038301190626 0.8626794919243107 2.158709651514904 2.084779605320195 0.8626794919243107 2.153709651514904 2.079779605320196 0.8626794919243107 2.153709651514904 2.079779605320196 0.8626794919243107 2.158709651514902 0.959038301190626 0.8626794919243107 2.153709651514903 0.959038301190626 0.8626794919243107 2.158709651514904 2.084779605320195 0.8626794919243107 1.173709651514901 2.079779605320199 0.8626794919243107 2.153709651514904 2.079779605320196 0.8626794919243107 2.163709651514904 2.089779605320195 0.8626794919243115 1.168709651514901 2.084779605320199 0.8626794919243107 2.158709651514904 2.084779605320195 0.8626794919243107 1.168709651514901 2.084779605320199 0.8626794919243107 1.173709651514901 2.079779605320199 0.8626794919243107 2.158709651514904 2.084779605320195 0.8626794919243107 1.163709651514898 0.02159527223591606 0.8626794919243115 1.168709651514901 2.084779605320199 0.8626794919243107 1.163709651514901 2.089779605320199 0.8626794919243115 2.163709651514904 2.089779605320195 0.8626794919243115 1.168709651514901 2.084779605320199 0.8626794919243107 1.163709651514901 2.089779605320199 0.8626794919243115 2.163709651514904 2.089779605320195 0.8626794919243115 2.168709651514904 2.094779605320196 0.8626794919243115 1.163709651514901 2.089779605320199 0.8626794919243115 1.163709651514901 2.089779605320199 0.8626794919243115 2.168709651514904 2.094779605320196 0.8626794919243115 1.158709651514901 2.094779605320199 0.8626794919243115 1.158709651514898 0.02659527223591517 0.8626794919243115 1.163709651514898 0.02159527223591606 0.8626794919243115 1.163709651514901 2.089779605320199 0.8626794919243115 1.158709651514901 2.094779605320199 0.8626794919243115 1.158709651514898 0.02659527223591517 0.8626794919243115 1.163709651514901 2.089779605320199 0.8626794919243115 2.143709651514904 2.069779605320197 0.88 1.183709651514901 2.069779605320199 0.88 2.146209651514904 2.072279605320197 0.8843301270189226 2.148709651514904 2.074779605320197 0.8886602540378439 2.151209651514904 2.077279605320196 0.8929903810567662 2.153709651514904 2.079779605320196 0.8973205080756884 1.173709651514901 2.079779605320199 0.8973205080756893 1.176209651514901 2.077279605320199 0.892990381056767 1.176707690382826 2.076781566452274 0.8921277524333759 1.178709651514901 2.074779605320199 0.8886602540378439 1.179705729250751 2.07378352758435 0.8869349967910643 1.181209651514902 2.072279605320199 0.8843301270189217 1.181707690382826 2.071781566452275 0.8834674983955324 1.145684856089126 2.107804400745974 0.8834211546779001 1.146209651514901 2.107279605320199 0.8843301270189217 1.148709651514902 2.104779605320199 0.8886602540378439 1.151209651514901 2.102279605320199 0.8929903810567662 1.153709651514901 2.099779605320199 0.8973205080756884 2.173709651514904 2.099779605320196 0.8973205080756893 2.176209651514904 2.102279605320196 0.892990381056767 2.178709651514904 2.104779605320195 0.8886602540378439 2.181707690382827 2.107777644188119 0.8834674983955351 2.181900346913477 2.107970300718768 0.8831338074960408 2.183709651514904 2.109779605320195 0.88 1.143709651514902 2.109779605320199 0.88 2.181900346906913 2.107970300712204 0.8768661924925913 2.181707690377329 2.107777644182621 0.8765325015949415 2.180091042298922 2.106160996104213 0.8737323849851823 2.178709651514904 2.104779605320195 0.871339745962156 2.176900346906913 2.102970300712204 0.868205938454747 2.176209651514904 2.102279605320196 0.8670096189432338 2.173709651514904 2.099779605320196 0.8626794919243115 1.153709651514901 2.099779605320199 0.8626794919243115 1.151209651514901 2.102279605320198 0.8670096189432338 1.150684856091632 2.102804400743468 0.8679185912799162 1.148709651514901 2.104779605320199 0.871339745962156 1.147660060668363 2.105829196166738 0.8731576906355199 1.146209651514901 2.107279605320199 0.8756698729810782 1.145684856091632 2.107804400743468 0.8765788453177597 1.143709651514902 2.109779605320199 0.88 2.183709651514904 2.109779605320195 0.88 2.151209651514904 2.077279605320196 0.8670096189432329 2.150711612647008 2.076781566452299 0.8678722475665741 2.148709651514904 2.074779605320197 0.871339745962156 2.147713573779111 2.073783527584402 0.8730650032088373 2.146209651514904 2.072279605320197 0.8756698729810782 2.145711612647008 2.071781566452298 0.8765325016044185 2.143709651514904 2.069779605320197 0.88 1.183709651514901 2.069779605320199 0.88 1.181209651514901 2.0722796053202 0.8756698729810782 1.178709651514901 2.074779605320199 0.871339745962156 1.176209651514901 2.0772796053202 0.8670096189432329 1.173709651514901 2.079779605320199 0.8626794919243107 2.153709651514904 2.079779605320196 0.8626794919243107 2.153709651514903 0.959038301190626 0.8973205080756884 2.158709651514902 0.959038301190626 0.8973205080756884 2.150518963707057 0.959038301190626 0.8917940746814096 2.147328275899211 0.9590383011906242 0.88626764128713 2.145518963707057 0.959038301190626 0.8831338206435652 2.143709651514902 0.959038301190626 0.88 2.145518963707071 0.959038301190626 0.8768661793564083 2.148709651514902 0.959038301190626 0.871339745962156 2.151209651514903 0.9590383011906269 0.8670096189432338 2.153709651514903 0.959038301190626 0.8626794919243107 2.158709651514902 0.959038301190626 0.8626794919243107 2.163709651514902 0.959038301190626 0.8626794919243115 2.168709651514903 0.959038301190626 0.8626794919243115 2.173709651514903 0.959038301190626 0.8626794919243115 2.176209651514902 0.959038301190626 0.8670096189432338 2.178709651514902 0.959038301190626 0.871339745962156 2.181209651514902 0.959038301190626 0.8756698729810782 2.183709651514902 0.959038301190626 0.88 2.181209651514902 0.9590383011906242 0.8843301270189226 2.178709651514902 0.959038301190626 0.8886602540378439 2.176209651514902 0.9590383011906242 0.8929903810567662 2.173709651514903 0.959038301190626 0.8973205080756893 2.168709651514902 0.9590383011906269 0.8973205080756893 2.163709651514902 0.959038301190626 0.8973205080756884 2.146209651514904 2.072279605320197 0.8843301270189226 2.143709651514904 2.069779605320197 0.88 2.143709651514902 0.959038301190626 0.88 2.145518963707057 0.959038301190626 0.8831338206435652 2.147328275899211 0.9590383011906242 0.88626764128713 2.150518963707057 0.959038301190626 0.8917940746814096 2.153709651514903 0.959038301190626 0.8973205080756884 2.153709651514904 2.079779605320196 0.8973205080756884 2.151209651514904 2.077279605320196 0.8929903810567662 2.148709651514904 2.074779605320197 0.8886602540378439 2.181209651514902 0.9590383011906242 0.8843301270189226 2.183709651514902 0.959038301190626 0.88 2.183709651514904 2.109779605320195 0.88 2.181900346913477 2.107970300718768 0.8831338074960408 2.181707690382827 2.107777644188119 0.8834674983955351 2.178709651514904 2.104779605320195 0.8886602540378439 2.176209651514904 2.102279605320196 0.892990381056767 2.173709651514904 2.099779605320196 0.8973205080756893 2.173709651514903 0.959038301190626 0.8973205080756893 2.176209651514902 0.9590383011906242 0.8929903810567662 2.178709651514902 0.959038301190626 0.8886602540378439 2.173709651514903 0.959038301190626 0.8626794919243115 2.173709651514904 2.099779605320196 0.8626794919243115 2.176209651514904 2.102279605320196 0.8670096189432338 2.176900346906913 2.102970300712204 0.868205938454747 2.178709651514904 2.104779605320195 0.871339745962156 2.180091042298922 2.106160996104213 0.8737323849851823 2.181707690377329 2.107777644182621 0.8765325015949415 2.181900346906913 2.107970300712204 0.8768661924925913 2.183709651514904 2.109779605320195 0.88 2.183709651514902 0.959038301190626 0.88 2.181209651514902 0.959038301190626 0.8756698729810782 2.178709651514902 0.959038301190626 0.871339745962156 2.176209651514902 0.959038301190626 0.8670096189432338 2.148709651514902 0.959038301190626 0.871339745962156 2.145518963707071 0.959038301190626 0.8768661793564083 2.143709651514902 0.959038301190626 0.88 2.143709651514904 2.069779605320197 0.88 2.145711612647008 2.071781566452298 0.8765325016044185 2.146209651514904 2.072279605320197 0.8756698729810782 2.147713573779111 2.073783527584402 0.8730650032088373 2.148709651514904 2.074779605320197 0.871339745962156 2.150711612647008 2.076781566452299 0.8678722475665741 2.151209651514904 2.077279605320196 0.8670096189432329 2.153709651514904 2.079779605320196 0.8626794919243107 2.153709651514903 0.959038301190626 0.8626794919243107 2.151209651514903 0.9590383011906269 0.8670096189432338 0.00158749999999963 0.0345501448728509 0.8677974814613731 0.00158749999999963 0.03159527223591884 0.8626794919243115 0.00158749999999963 0.02659527223591884 0.8626794919243115 0.00158749999999963 0.02159527223591795 0.8626794919243107 0.00158749999999963 0.01659527223591883 0.8626794919243107 0.00158749999999963 0.01159527223591882 0.8626794919243107 0.00158749999999963 0.009095272235918772 0.8670096189432329 0.00158749999999963 0.006595272235918825 0.871339745962156 0.00158749999999963 0.004095272235919655 0.8756698729810782 0.00158749999999963 0.00159527223591882 0.88 0.00158749999999963 0.004095272235919655 0.8843301270189217 0.00158749999999963 0.006595272235918825 0.8886602540378439 0.00158749999999963 0.009095272235918772 0.8929903810567662 0.00158749999999963 0.01159527223591882 0.8973205080756884 0.00158749999999963 0.01659527223591883 0.8973205080756884 0.00158749999999963 0.02159527223591883 0.8973205080756884 0.00158749999999963 0.02659527223591884 0.8973205080756884 0.00158749999999963 0.03159527223591884 0.8973205080756893 0.00158749999999963 0.03409527223591968 0.892990381056767 0.00158749999999963 0.03659527223591885 0.8886602540378439 0.00158749999999963 0.03909527223591791 0.8843301270189217 0.00158749999999963 0.04159527223591885 0.88 0.00158749999999963 0.03983399039515189 0.8769493703653429 0.00158749999999963 0.03807270855438482 0.8738987407306872 0.00158749999999963 0.03631142671361697 0.8708481110960296 0.00158749999999963 0.03909527223591791 0.8843301270189217 0.00158749999999963 0.03659527223591885 0.8886602540378439 0.00158749999999963 0.03409527223591968 0.892990381056767 0.00158749999999963 0.03159527223591884 0.8973205080756893 1.153709651514899 0.03159527223591518 0.8973205080756893 1.151209651514898 0.03409527223591513 0.892990381056767 1.148709651514898 0.03659527223591518 0.8886602540378439 1.146209651514898 0.03909527223591613 0.8843301270189217 1.143709651514898 0.04159527223591519 0.88 0.00158749999999963 0.04159527223591885 0.88 0.00158749999999963 0.009095272235918772 0.8929903810567662 0.00158749999999963 0.01159527223591882 0.8973205080756884 0.00158749999999963 0.006595272235918825 0.8886602540378439 0.00158749999999963 0.004095272235919655 0.8843301270189217 0.00158749999999963 0.00159527223591882 0.88 1.183709651514898 0.001595272235915157 0.88 1.181948376682548 0.003356547068266046 0.8830506174957222 1.181734446940674 0.003570476810138556 0.8834211546778975 1.180187101850198 0.005117821900615937 0.8861012349914449 1.17975924236645 0.005545681384362954 0.8868423093557963 1.178709651514898 0.006595272235915161 0.8886602540378439 1.176734446940674 0.008570476810139449 0.8920814087157419 1.176209651514898 0.00909527223591422 0.8929903810567662 1.173709651514899 0.01159527223591427 0.8973205080756884 0.00158749999999963 0.03159527223591884 0.8626794919243115 1.153709651514898 0.03159527223591518 0.8626794919243115 0.00158749999999963 0.0345501448728509 0.8677974814613731 0.00158749999999963 0.03631142671361697 0.8708481110960296 0.00158749999999963 0.03807270855438482 0.8738987407306872 0.00158749999999963 0.03983399039515189 0.8769493703653429 0.00158749999999963 0.04159527223591885 0.88 1.143709651514898 0.04159527223591519 0.88 1.146209651514898 0.03909527223591613 0.8756698729810782 1.148709651514898 0.03659527223591518 0.871339745962156 1.151209651514898 0.03409527223591513 0.8670096189432329 0.00158749999999963 0.004095272235919655 0.8756698729810782 0.00158749999999963 0.006595272235918825 0.871339745962156 0.00158749999999963 0.009095272235918772 0.8670096189432329 0.00158749999999963 0.01159527223591882 0.8626794919243107 1.173709651514898 0.01159527223591605 0.8626794919243107 1.176209651514898 0.009095272235916107 0.8670096189432329 1.176664552185447 0.0086403715653659 0.8677975300170233 1.17842582701781 0.00687909673300413 0.8708481475127669 1.178709651514898 0.006595272235915161 0.871339745962156 1.180187101850172 0.005117821900640584 0.8738987650085114 1.181734446940674 0.003570476810138556 0.8765788453221016 1.181948376682535 0.003356547068278814 0.8769493825042559 1.183709651514898 0.001595272235915157 0.88 0.00158749999999963 0.00159527223591882 0.88</float_array>
          <technique_common>
            <accessor source="#representation-1076714-material-3732-positions-array" count="3446" stride="3">
              <param name="X" type="float"/>
              <param name="Y" type="float"/>
              <param name="Z" type="float"/>
            </accessor>
          </technique_common>
        </source>
        <source id="representation-1076714-material-3732-normals">
          <float_array id="representation-1076714-material-3732-normals-array" count="10338">-0.7071067811865596 -0.7071067811865354 0 -0.7071067811865596 -0.7071067811865354 0 -0.7071067811865596 -0.7071067811865354 0 -0.7071067811865596 -0.7071067811865354 0 0.7071067811865376 -0.7071067811865573 0 0.7071067811865376 -0.7071067811865573 0 0.7071067811865376 -0.7071067811865573 0 0.7071067811865376 -0.7071067811865573 0 0.7071067811865628 0.7071067811865321 0 0.7071067811865628 0.7071067811865321 0 0.7071067811865628 0.7071067811865321 0 0.7071067811865628 0.7071067811865321 0 -0.7071067811865847 0.7071067811865102 0 -0.7071067811865847 0.7071067811865102 0 -0.7071067811865847 0.7071067811865102 0 -0.7071067811865847 0.7071067811865102 0 -5.551115123125716e-15 0 1 -5.551115123125716e-15 0 1 -5.551115123125716e-15 0 1 -5.551115123125716e-15 0 1 0 0 -1 0 0 -1 0 0 -1 0 0 -1 0.7071067811865732 0.7071067811865218 0 0.7071067811865732 0.7071067811865218 0 0.7071067811865732 0.7071067811865218 0 0.7071067811865732 0.7071067811865218 0 -0.707106781186544 0.7071067811865511 0 -0.707106781186544 0.7071067811865511 0 -0.707106781186544 0.7071067811865511 0 -0.707106781186544 0.7071067811865511 0 -0.7071067811865712 -0.7071067811865238 0 -0.7071067811865712 -0.7071067811865238 0 -0.7071067811865712 -0.7071067811865238 0 -0.7071067811865712 -0.7071067811865238 0 0.7071067811865712 -0.7071067811865238 0 0.7071067811865712 -0.7071067811865238 0 0.7071067811865712 -0.7071067811865238 0 0.7071067811865712 -0.7071067811865238 0 5.551115123125532e-15 0 1 5.551115123125532e-15 0 1 5.551115123125532e-15 0 1 5.551115123125532e-15 0 1 0 0 -1 0 0 -1 0 0 -1 0 0 -1 0.7071067811865658 0.7071067811865291 0 0.7071067811865658 0.7071067811865291 0 0.7071067811865658 0.7071067811865291 0 0.7071067811865658 0.7071067811865291 0 -0.7071067811865513 0.7071067811865437 0 -0.7071067811865513 0.7071067811865437 0 -0.7071067811865513 0.7071067811865437 0 -0.7071067811865513 0.7071067811865437 0 -0.7071067811865774 -0.7071067811865175 0 -0.7071067811865774 -0.7071067811865175 0 -0.7071067811865774 -0.7071067811865175 0 -0.7071067811865774 -0.7071067811865175 0 0.7071067811865774 -0.7071067811865175 0 0.7071067811865774 -0.7071067811865175 0 0.7071067811865774 -0.7071067811865175 0 0.7071067811865774 -0.7071067811865175 0 -5.551115123125562e-15 0 1 -5.551115123125562e-15 0 1 -5.551115123125562e-15 0 1 -5.551115123125562e-15 0 1 0 0 -1 0 0 -1 0 0 -1 0 0 -1 0.7071067811865793 -0.7071067811865157 0 0.7071067811865793 -0.7071067811865157 0 0.7071067811865793 -0.7071067811865157 0 0.7071067811865793 -0.7071067811865157 0 0.7071067811865536 0.7071067811865414 0 0.7071067811865536 0.7071067811865414 0 0.7071067811865536 0.7071067811865414 0 0.7071067811865536 0.7071067811865414 0 -0.7071067811865536 0.7071067811865414 0 -0.7071067811865536 0.7071067811865414 0 -0.7071067811865536 0.7071067811865414 0 -0.7071067811865536 0.7071067811865414 0 -0.7071067811865793 -0.7071067811865157 0 -0.7071067811865793 -0.7071067811865157 0 -0.7071067811865793 -0.7071067811865157 0 -0.7071067811865793 -0.7071067811865157 0 0 0 1 0 0 1 0 0 1 0 0 1 0 0 -1 0 0 -1 0 0 -1 0 0 -1 0.7071067811865241 -0.7071067811865708 0 0.7071067811865241 -0.7071067811865708 0 0.7071067811865241 -0.7071067811865708 0 0.7071067811865241 -0.7071067811865708 0 0.7071067811865692 0.7071067811865259 0 0.7071067811865692 0.7071067811865259 0 0.7071067811865692 0.7071067811865259 0 0.7071067811865692 0.7071067811865259 0 -0.707106781186591 0.7071067811865039 0 -0.707106781186591 0.7071067811865039 0 -0.707106781186591 0.7071067811865039 0 -0.707106781186591 0.7071067811865039 0 -0.7071067811865606 -0.7071067811865343 0 -0.7071067811865606 -0.7071067811865343 0 -0.7071067811865606 -0.7071067811865343 0 -0.7071067811865606 -0.7071067811865343 0 0 0 1 0 0 1 0 0 1 0 0 1 0 0 -1 0 0 -1 0 0 -1 0 0 -1 0.7071067811865606 0.7071067811865343 0 0.7071067811865606 0.7071067811865343 0 0.7071067811865606 0.7071067811865343 0 0.7071067811865606 0.7071067811865343 0 -0.7071067811865314 0.7071067811865636 0 -0.7071067811865314 0.7071067811865636 0 -0.7071067811865314 0.7071067811865636 0 -0.7071067811865314 0.7071067811865636 0 -0.7071067811865585 -0.7071067811865364 0 -0.7071067811865585 -0.7071067811865364 0 -0.7071067811865585 -0.7071067811865364 0 -0.7071067811865585 -0.7071067811865364 0 0.7071067811865585 -0.7071067811865364 0 0.7071067811865585 -0.7071067811865364 0 0.7071067811865585 -0.7071067811865364 0 0.7071067811865585 -0.7071067811865364 0 0 0 1 0 0 1 0 0 1 0 0 1 0 0 -1 0 0 -1 0 0 -1 0 0 -1 0.7071067811865793 -0.7071067811865157 0 0.7071067811865793 -0.7071067811865157 0 0.7071067811865793 -0.7071067811865157 0 0.7071067811865793 -0.7071067811865157 0 0.7071067811865536 0.7071067811865414 0 0.7071067811865536 0.7071067811865414 0 0.7071067811865536 0.7071067811865414 0 0.7071067811865536 0.7071067811865414 0 -0.7071067811865463 0.7071067811865487 0 -0.7071067811865463 0.7071067811865487 0 -0.7071067811865463 0.7071067811865487 0 -0.7071067811865463 0.7071067811865487 0 -0.7071067811865721 -0.707106781186523 0 -0.7071067811865721 -0.707106781186523 0 -0.7071067811865721 -0.707106781186523 0 -0.7071067811865721 -0.707106781186523 0 0 0 1 0 0 1 0 0 1 0 0 1 0 0 -1 0 0 -1 0 0 -1 0 0 -1 -0.7071067811865627 -0.7071067811865323 0 -0.7071067811865627 -0.7071067811865323 0 -0.7071067811865627 -0.7071067811865323 0 -0.7071067811865627 -0.7071067811865323 0 0.7071067811865408 -0.7071067811865542 0 0.7071067811865408 -0.7071067811865542 0 0.7071067811865408 -0.7071067811865542 0 0.7071067811865408 -0.7071067811865542 0 0.7071067811865628 0.7071067811865321 0 0.7071067811865628 0.7071067811865321 0 0.7071067811865628 0.7071067811865321 0 0.7071067811865628 0.7071067811865321 0 -0.7071067811865847 0.7071067811865102 0 -0.7071067811865847 0.7071067811865102 0 -0.7071067811865847 0.7071067811865102 0 -0.7071067811865847 0.7071067811865102 0 0 0 1 0 0 1 0 0 1 0 0 1 0 0 -1 0 0 -1 0 0 -1 0 0 -1 0.7071067811865476 -0.7071067811865474 0 0.7071067811865476 -0.7071067811865474 0 0.7071067811865476 -0.7071067811865474 0 0.7071067811865476 -0.7071067811865474 0 0.7071067811865797 0.7071067811865153 0 0.7071067811865797 0.7071067811865153 0 0.7071067811865797 0.7071067811865153 0 0.7071067811865797 0.7071067811865153 0 -0.7071067811865796 0.7071067811865153 0 -0.7071067811865796 0.7071067811865153 0 -0.7071067811865796 0.7071067811865153 0 -0.7071067811865796 0.7071067811865153 0 -0.7071067811865603 -0.7071067811865346 0 -0.7071067811865603 -0.7071067811865346 0 -0.7071067811865603 -0.7071067811865346 0 -0.7071067811865603 -0.7071067811865346 0 0 0 1 0 0 1 0 0 1 0 0 1 0 0 -1 0 0 -1 0 0 -1 0 0 -1 -0.8660254037844364 1.174272925056885e-15 -0.5000000000000036 -0.8660254037844364 1.174272925056885e-15 -0.5000000000000036 -0.8660254037844364 1.174272925056885e-15 -0.5000000000000036 -0.8660254037844364 1.174272925056885e-15 -0.5000000000000036 -0.8660254037844364 1.174272925056885e-15 -0.5000000000000036 -0.8660254037844364 1.174272925056885e-15 -0.5000000000000036 -0.8660254037844364 1.174272925056885e-15 -0.5000000000000036 -0.8660254037844364 1.174272925056885e-15 -0.5000000000000036 -0.8660254037844364 1.174272925056885e-15 -0.5000000000000036 -0.8660254037844364 1.174272925056885e-15 -0.5000000000000036 -0.8660254037844364 1.174272925056885e-15 -0.5000000000000036 -0.8660254037844364 1.174272925056885e-15 -0.5000000000000036 -0.8660254037844364 1.174272925056885e-15 -0.5000000000000036 -0.8660254037844364 1.174272925056885e-15 -0.5000000000000036 -0.8660254037844364 1.174272925056885e-15 -0.5000000000000036 4.29448384020807e-16 4.294483840207721e-16 -1 4.29448384020807e-16 4.294483840207721e-16 -1 4.29448384020807e-16 4.294483840207721e-16 -1 4.294483840207466e-16 4.294483840207721e-16 -1 4.294483840207466e-16 4.294483840207721e-16 -1 4.294483840207466e-16 4.294483840207721e-16 -1 0 0 -1 0 0 -1 0 0 -1 0 0 -1 0 0 -1 0 0 -1 -8.750526302464276e-16 -8.750526302464509e-16 -1 -8.750526302464276e-16 -8.750526302464509e-16 -1 -8.750526302464276e-16 -8.750526302464509e-16 -1 -8.81566669677538e-16 8.815666696774719e-16 -1 -8.81566669677538e-16 8.815666696774719e-16 -1 -8.81566669677538e-16 8.815666696774719e-16 -1 0 0 -1 0 0 -1 0 0 -1 0 0 -1 0 0 -1 0 0 -1 2.368475785866635e-13 0 -1 2.368475785866635e-13 0 -1 2.368475785866635e-13 0 -1 0 -7.854833076817977e-16 -1 0 -7.854833076817977e-16 -1 0 -7.854833076817977e-16 -1 7.854833076820777e-16 -7.854833076817988e-16 -1 7.854833076820777e-16 -7.854833076817988e-16 -1 7.854833076820777e-16 -7.854833076817988e-16 -1 0 -7.880969590853305e-16 -1 0 -7.880969590853305e-16 -1 0 -7.880969590853305e-16 -1 7.880969590853139e-16 -7.88096959085332e-16 -1 7.880969590853139e-16 -7.88096959085332e-16 -1 7.880969590853139e-16 -7.88096959085332e-16 -1 0 -7.907280621134195e-16 -1 0 -7.907280621134195e-16 -1 0 -7.907280621134195e-16 -1 -9.017039793909859e-16 9.017039793909235e-16 -1 -9.017039793909859e-16 9.017039793909235e-16 -1 -9.017039793909859e-16 9.017039793909235e-16 -1 -8.948900954157428e-16 -8.948900954156137e-16 -1 -8.948900954157428e-16 -8.948900954156137e-16 -1 -8.948900954157428e-16 -8.948900954156137e-16 -1 0 0 -1 0 0 -1 0 0 -1 0 0 -1 0 0 -1 0 0 -1 0 0 -1 0 0 -1 0 0 -1 0 0 -1 0 0 -1 0 0 -1 0 0 -1 0 0 -1 0 0 -1 0 0 -1 0 0 -1 0 0 -1 0 0 -1 0 0 -1 0 0 -1 0 0 -1 0 0 -1 0 0 -1 0 0 -1 0 0 -1 0 0 -1 0 0 -1 0 0 -1 0 0 -1 0 0 -1 0 0 -1 0 0 -1 -2.3641813020267e-13 4.294483840211028e-16 -1 -2.3641813020267e-13 4.294483840211028e-16 -1 -2.3641813020267e-13 4.294483840211028e-16 -1 -8.815666696769161e-16 2.359660119170421e-13 -1 -8.815666696769161e-16 2.359660119170421e-13 -1 -8.815666696769161e-16 2.359660119170421e-13 -1 -8.881784197001239e-16 -8.88178419700119e-16 -1 -8.881784197001239e-16 -8.88178419700119e-16 -1 -8.881784197001239e-16 -8.88178419700119e-16 -1 -8.881784196997001e-16 2.377357570064754e-13 -1 -8.881784196997001e-16 2.377357570064754e-13 -1 -8.881784196997001e-16 2.377357570064754e-13 -1 -8.94890095415738e-16 8.948900954154201e-16 -1 -8.94890095415738e-16 8.948900954154201e-16 -1 -8.94890095415738e-16 8.948900954154201e-16 -1 0.8660254037844397 -1.397943958400975e-15 -0.4999999999999983 0.8660254037844397 -1.397943958400975e-15 -0.4999999999999983 0.8660254037844397 -1.397943958400975e-15 -0.4999999999999983 0.8660254037844397 -1.397943958400975e-15 -0.4999999999999983 0.8660254037844397 -1.397943958400975e-15 -0.4999999999999983 0.8660254037844397 -1.397943958400975e-15 -0.4999999999999983 0.8660254037844397 -1.397943958400975e-15 -0.4999999999999983 0.8660254037844397 -1.397943958400975e-15 -0.4999999999999983 0.8660254037844397 -1.397943958400975e-15 -0.4999999999999983 0.8660254037844397 -1.397943958400975e-15 -0.4999999999999983 0.8660254037844397 -1.397943958400975e-15 -0.4999999999999983 0.8660254037844397 -1.397943958400975e-15 -0.4999999999999983 0.8660254037844397 -1.397943958400975e-15 -0.4999999999999983 0.8660254037844397 -1.397943958400975e-15 -0.4999999999999983 0.8660254037844342 -1.46784115632103e-15 0.5000000000000075 0.8660254037844342 -1.46784115632103e-15 0.5000000000000075 0.8660254037844342 -1.46784115632103e-15 0.5000000000000075 0.8660254037844342 -1.46784115632103e-15 0.5000000000000075 0.8660254037844342 -1.46784115632103e-15 0.5000000000000075 0.8660254037844342 -1.46784115632103e-15 0.5000000000000075 0.8660254037844342 -1.46784115632103e-15 0.5000000000000075 0.8660254037844342 -1.46784115632103e-15 0.5000000000000075 0.8660254037844342 -1.46784115632103e-15 0.5000000000000075 0.8660254037844342 -1.46784115632103e-15 0.5000000000000075 0.8660254037844342 -1.46784115632103e-15 0.5000000000000075 0.8660254037844342 -1.46784115632103e-15 0.5000000000000075 0.8660254037844342 -1.46784115632103e-15 0.5000000000000075 0.8660254037844342 -1.46784115632103e-15 0.5000000000000075 0.8660254037844342 -1.46784115632103e-15 0.5000000000000075 0.8660254037844342 -1.46784115632103e-15 0.5000000000000075 4.294483840207212e-16 4.294483840207721e-16 1 4.294483840207212e-16 4.294483840207721e-16 1 4.294483840207212e-16 4.294483840207721e-16 1 4.294483840206514e-16 4.294483840207722e-16 1 4.294483840206514e-16 4.294483840207722e-16 1 4.294483840206514e-16 4.294483840207722e-16 1 4.294483840207877e-16 4.294483840207722e-16 1 4.294483840207877e-16 4.294483840207722e-16 1 4.294483840207877e-16 4.294483840207722e-16 1 -8.881784197001239e-16 -8.881784197002291e-16 1 -8.881784197001239e-16 -8.881784197002291e-16 1 -8.881784197001239e-16 -8.881784197002291e-16 1 -8.881784197001209e-16 8.881784196998054e-16 1 -8.881784197001209e-16 8.881784196998054e-16 1 -8.881784197001209e-16 8.881784196998054e-16 1 -8.948900954157426e-16 -8.948900954157263e-16 1 -8.948900954157426e-16 -8.948900954157263e-16 1 -8.948900954157426e-16 -8.948900954157263e-16 1 4.294483840208946e-16 4.294483840207721e-16 1 4.294483840208946e-16 4.294483840207721e-16 1 4.294483840208946e-16 4.294483840207721e-16 1 4.294483840208437e-16 4.294483840207721e-16 1 4.294483840208437e-16 4.294483840207721e-16 1 4.294483840208437e-16 4.294483840207721e-16 1 -9.017039793909891e-16 -9.017039793908287e-16 1 -9.017039793909891e-16 -9.017039793908287e-16 1 -9.017039793909891e-16 -9.017039793908287e-16 1 -8.948900954157377e-16 8.948900954157691e-16 1 -8.948900954157377e-16 8.948900954157691e-16 1 -8.948900954157377e-16 8.948900954157691e-16 1 7.854833076820984e-16 -7.854833076817988e-16 1 7.854833076820984e-16 -7.854833076817988e-16 1 7.854833076820984e-16 -7.854833076817988e-16 1 0 -7.88096959085331e-16 1 0 -7.88096959085331e-16 1 0 -7.88096959085331e-16 1 7.880969590853327e-16 -7.880969590853327e-16 1 7.880969590853327e-16 -7.880969590853327e-16 1 7.880969590853327e-16 -7.880969590853327e-16 1 0 -7.907280621134195e-16 1 0 -7.907280621134195e-16 1 0 -7.907280621134195e-16 1 0 -7.854833076817976e-16 1 0 -7.854833076817976e-16 1 0 -7.854833076817976e-16 1 7.828869348463267e-16 -7.828869348466049e-16 1 7.828869348463267e-16 -7.828869348466049e-16 1 7.828869348463267e-16 -7.828869348466049e-16 1 0 -7.828869348466036e-16 1 0 -7.828869348466036e-16 1 0 -7.828869348466036e-16 1 2.368475785866916e-13 0 1 2.368475785866916e-13 0 1 2.368475785866916e-13 0 1 0 2.368475785866904e-13 1 0 2.368475785866904e-13 1 0 2.368475785866904e-13 1 4.294483840207468e-16 4.294483840207722e-16 1 4.294483840207468e-16 4.294483840207722e-16 1 4.294483840207468e-16 4.294483840207722e-16 1 -8.81566669677543e-16 -8.815666696775954e-16 1 -8.81566669677543e-16 -8.815666696775954e-16 1 -8.81566669677543e-16 -8.815666696775954e-16 1 4.294483840207574e-16 4.294483840207722e-16 1 4.294483840207574e-16 4.294483840207722e-16 1 4.294483840207574e-16 4.294483840207722e-16 1 -7.667470411288671e-16 -7.667470411288047e-16 1 -7.667470411288671e-16 -7.667470411288047e-16 1 -7.667470411288671e-16 -7.667470411288047e-16 1 -7.692372942393395e-16 0 1 -7.692372942393395e-16 0 1 -7.692372942393395e-16 0 1 -7.667470411288648e-16 0 1 -7.667470411288648e-16 0 1 -7.667470411288648e-16 0 1 -7.64272859391185e-16 -7.642728593914e-16 1 -7.64272859391185e-16 -7.642728593914e-16 1 -7.64272859391185e-16 -7.642728593914e-16 1 -7.642728593911832e-16 0 1 -7.642728593911832e-16 0 1 -7.642728593911832e-16 0 1 -7.618145939467322e-16 0 1 -7.618145939467322e-16 0 1 -7.618145939467322e-16 0 1 -7.618145939467345e-16 -7.61814593946533e-16 1 -7.618145939467345e-16 -7.61814593946533e-16 1 -7.618145939467345e-16 -7.61814593946533e-16 1 2.368475785867047e-13 0 1 2.368475785867047e-13 0 1 2.368475785867047e-13 0 1 0 -2.368475785867009e-13 1 0 -2.368475785867009e-13 1 0 -2.368475785867009e-13 1 -8.815666696775384e-16 8.815666696778718e-16 1 -8.815666696775384e-16 8.815666696778718e-16 1 -8.815666696775384e-16 8.815666696778718e-16 1 -0.8660254037844566 1.369985079232937e-15 0.4999999999999689 -0.8660254037844566 1.369985079232937e-15 0.4999999999999689 -0.8660254037844566 1.369985079232937e-15 0.4999999999999689 -0.8660254037844566 1.369985079232937e-15 0.4999999999999689 -0.8660254037844566 1.369985079232937e-15 0.4999999999999689 -0.8660254037844566 1.369985079232937e-15 0.4999999999999689 -0.8660254037844566 1.369985079232937e-15 0.4999999999999689 -0.8660254037844566 1.369985079232937e-15 0.4999999999999689 -0.8660254037844566 1.369985079232937e-15 0.4999999999999689 -0.8660254037844566 1.369985079232937e-15 0.4999999999999689 -0.8660254037844566 1.369985079232937e-15 0.4999999999999689 -0.8660254037844566 1.369985079232937e-15 0.4999999999999689 2.629654168962518e-15 0.8660254037844261 -0.5000000000000216 2.629654168962518e-15 0.8660254037844261 -0.5000000000000216 2.629654168962518e-15 0.8660254037844261 -0.5000000000000216 2.629654168962518e-15 0.8660254037844261 -0.5000000000000216 2.629654168962518e-15 0.8660254037844261 -0.5000000000000216 2.629654168962518e-15 0.8660254037844261 -0.5000000000000216 2.629654168962518e-15 0.8660254037844261 -0.5000000000000216 2.629654168962518e-15 0.8660254037844261 -0.5000000000000216 2.629654168962518e-15 0.8660254037844261 -0.5000000000000216 2.629654168962518e-15 0.8660254037844261 -0.5000000000000216 2.629654168962518e-15 0.8660254037844261 -0.5000000000000216 2.629654168962518e-15 0.8660254037844261 -0.5000000000000216 2.629654168962518e-15 0.8660254037844261 -0.5000000000000216 2.629654168962518e-15 0.8660254037844261 -0.5000000000000216 2.629654168962518e-15 0.8660254037844261 -0.5000000000000216 2.629654168962518e-15 0.8660254037844261 -0.5000000000000216 -1.833808278099965e-15 -0.8660254037844524 -0.499999999999976 -1.833808278099965e-15 -0.8660254037844524 -0.499999999999976 -1.833808278099965e-15 -0.8660254037844524 -0.499999999999976 -1.833808278099965e-15 -0.8660254037844524 -0.499999999999976 -1.833808278099965e-15 -0.8660254037844524 -0.499999999999976 -1.833808278099965e-15 -0.8660254037844524 -0.499999999999976 -1.833808278099965e-15 -0.8660254037844524 -0.499999999999976 -1.833808278099965e-15 -0.8660254037844524 -0.499999999999976 -1.833808278099965e-15 -0.8660254037844524 -0.499999999999976 -1.833808278099965e-15 -0.8660254037844524 -0.499999999999976 -1.833808278099965e-15 -0.8660254037844524 -0.499999999999976 -1.833808278099965e-15 -0.8660254037844524 -0.499999999999976 -1.833808278099965e-15 -0.8660254037844524 -0.499999999999976 -1.833808278099965e-15 -0.8660254037844524 -0.499999999999976 -2.292260347624923e-15 -0.8660254037844399 0.499999999999998 -2.292260347624923e-15 -0.8660254037844399 0.499999999999998 -2.292260347624923e-15 -0.8660254037844399 0.499999999999998 -2.292260347624923e-15 -0.8660254037844399 0.499999999999998 -2.292260347624923e-15 -0.8660254037844399 0.499999999999998 -2.292260347624923e-15 -0.8660254037844399 0.499999999999998 -2.292260347624923e-15 -0.8660254037844399 0.499999999999998 -2.292260347624923e-15 -0.8660254037844399 0.499999999999998 -2.292260347624923e-15 -0.8660254037844399 0.499999999999998 -2.292260347624923e-15 -0.8660254037844399 0.499999999999998 -2.292260347624923e-15 -0.8660254037844399 0.499999999999998 -2.292260347624923e-15 -0.8660254037844399 0.499999999999998 -2.292260347624923e-15 -0.8660254037844399 0.499999999999998 -2.292260347624923e-15 -0.8660254037844399 0.499999999999998 -2.292260347624923e-15 -0.8660254037844399 0.499999999999998 -2.292260347624923e-15 -0.8660254037844399 0.499999999999998 2.707412759980248e-15 0.8660254037844623 0.499999999999959 2.707412759980248e-15 0.8660254037844623 0.499999999999959 2.707412759980248e-15 0.8660254037844623 0.499999999999959 2.707412759980248e-15 0.8660254037844623 0.499999999999959 2.707412759980248e-15 0.8660254037844623 0.499999999999959 2.707412759980248e-15 0.8660254037844623 0.499999999999959 2.707412759980248e-15 0.8660254037844623 0.499999999999959 2.707412759980248e-15 0.8660254037844623 0.499999999999959 2.707412759980248e-15 0.8660254037844623 0.499999999999959 2.707412759980248e-15 0.8660254037844623 0.499999999999959 2.707412759980248e-15 0.8660254037844623 0.499999999999959 2.707412759980248e-15 0.8660254037844623 0.499999999999959 2.707412759980248e-15 0.8660254037844623 0.499999999999959 2.707412759980248e-15 0.8660254037844623 0.499999999999959 2.707412759980248e-15 0.8660254037844623 0.499999999999959 2.707412759980248e-15 0.8660254037844623 0.499999999999959 -9.868649107779477e-15 -1 4.451302514776963e-15 -9.868649107779477e-15 -1 4.451302514776963e-15 -9.868649107779477e-15 -1 4.451302514776963e-15 -9.868649107779477e-15 -1 4.451302514776963e-15 -9.868649107779477e-15 -1 4.451302514776963e-15 -9.868649107779477e-15 -1 4.451302514776963e-15 -9.868649107779477e-15 -1 4.451302514776963e-15 -9.868649107779477e-15 -1 4.451302514776963e-15 -9.868649107779477e-15 -1 4.451302514776963e-15 -9.868649107779477e-15 -1 4.451302514776963e-15 -9.868649107779477e-15 -1 4.451302514776963e-15 -9.868649107779477e-15 -1 4.451302514776963e-15 -9.868649107779477e-15 -1 4.451302514776963e-15 -9.868649107779477e-15 -1 4.451302514776963e-15 -9.868649107779477e-15 -1 4.451302514776963e-15 -9.868649107779477e-15 -1 4.451302514776963e-15 -9.868649107779477e-15 -1 4.451302514776963e-15 -9.868649107779477e-15 -1 4.451302514776963e-15 -9.868649107779477e-15 -1 4.451302514776963e-15 -9.868649107779477e-15 -1 4.451302514776963e-15 -9.868649107779477e-15 -1 4.451302514776963e-15 -9.868649107779477e-15 -1 4.451302514776963e-15 -9.868649107779477e-15 -1 4.451302514776963e-15 -9.868649107779477e-15 -1 4.451302514776963e-15 -0.8660254037844336 1.265477305172883e-15 -0.5000000000000087 -0.8660254037844336 1.265477305172883e-15 -0.5000000000000087 -0.8660254037844336 1.265477305172883e-15 -0.5000000000000087 -0.8660254037844336 1.265477305172883e-15 -0.5000000000000087 -0.8660254037844336 1.265477305172883e-15 -0.5000000000000087 -0.8660254037844336 1.265477305172883e-15 -0.5000000000000087 -0.8660254037844336 1.265477305172883e-15 -0.5000000000000087 -0.8660254037844336 1.265477305172883e-15 -0.5000000000000087 -0.8660254037844336 1.265477305172883e-15 -0.5000000000000087 -0.8660254037844336 1.265477305172883e-15 -0.5000000000000087 -0.8660254037844336 1.265477305172883e-15 -0.5000000000000087 -0.8660254037844336 1.265477305172883e-15 -0.5000000000000087 -0.8660254037844336 1.265477305172883e-15 -0.5000000000000087 -0.8660254037844336 1.265477305172883e-15 -0.5000000000000087 0.8660254037844309 -1.31649602503688e-15 -0.5000000000000135 0.8660254037844309 -1.31649602503688e-15 -0.5000000000000135 0.8660254037844309 -1.31649602503688e-15 -0.5000000000000135 0.8660254037844309 -1.31649602503688e-15 -0.5000000000000135 0.8660254037844309 -1.31649602503688e-15 -0.5000000000000135 0.8660254037844309 -1.31649602503688e-15 -0.5000000000000135 0.8660254037844309 -1.31649602503688e-15 -0.5000000000000135 0.8660254037844309 -1.31649602503688e-15 -0.5000000000000135 0.8660254037844309 -1.31649602503688e-15 -0.5000000000000135 0.8660254037844309 -1.31649602503688e-15 -0.5000000000000135 0.8660254037844309 -1.31649602503688e-15 -0.5000000000000135 0.8660254037844309 -1.31649602503688e-15 -0.5000000000000135 0.8660254037844309 -1.31649602503688e-15 -0.5000000000000135 -0.8660254037844284 1.342955507530431e-15 0.5000000000000177 -0.8660254037844284 1.342955507530431e-15 0.5000000000000177 -0.8660254037844284 1.342955507530431e-15 0.5000000000000177 -0.8660254037844284 1.342955507530431e-15 0.5000000000000177 -0.8660254037844284 1.342955507530431e-15 0.5000000000000177 -0.8660254037844284 1.342955507530431e-15 0.5000000000000177 -0.8660254037844284 1.342955507530431e-15 0.5000000000000177 -0.8660254037844284 1.342955507530431e-15 0.5000000000000177 -0.8660254037844284 1.342955507530431e-15 0.5000000000000177 -0.8660254037844284 1.342955507530431e-15 0.5000000000000177 -0.8660254037844284 1.342955507530431e-15 0.5000000000000177 -0.8660254037844284 1.342955507530431e-15 0.5000000000000177 -0.8660254037844284 1.342955507530431e-15 0.5000000000000177 -0.8660254037844284 1.342955507530431e-15 0.5000000000000177 0.8660254037844293 -1.367130487538307e-15 0.500000000000016 0.8660254037844293 -1.367130487538307e-15 0.500000000000016 0.8660254037844293 -1.367130487538307e-15 0.500000000000016 0.8660254037844293 -1.367130487538307e-15 0.500000000000016 0.8660254037844293 -1.367130487538307e-15 0.500000000000016 0.8660254037844293 -1.367130487538307e-15 0.500000000000016 0.8660254037844293 -1.367130487538307e-15 0.500000000000016 0.8660254037844293 -1.367130487538307e-15 0.500000000000016 0.8660254037844293 -1.367130487538307e-15 0.500000000000016 0.8660254037844293 -1.367130487538307e-15 0.500000000000016 0.8660254037844293 -1.367130487538307e-15 0.500000000000016 0.8660254037844293 -1.367130487538307e-15 0.500000000000016 0.8660254037844293 -1.367130487538307e-15 0.500000000000016 0.8660254037844293 -1.367130487538307e-15 0.500000000000016 -1 0 0 -1 0 0 -1 0 0 -1 0 0 -1 0 0 -1 0 0 -1 0 0 -1 0 0 -1 0 0 -1 0 0 -1 0 0 -1 0 0 -1 0 0 -1 0 0 -1 0 0 -1 0 0 -1 0 0 -1 0 0 -1 0 0 -1 0 0 -1 0 0 -1 0 0 -1 0 0 -1 0 0 2.424260233299555e-15 0.8660254037844457 -0.4999999999999878 2.424260233299555e-15 0.8660254037844457 -0.4999999999999878 2.424260233299555e-15 0.8660254037844457 -0.4999999999999878 2.424260233299555e-15 0.8660254037844457 -0.4999999999999878 2.424260233299555e-15 0.8660254037844457 -0.4999999999999878 2.424260233299555e-15 0.8660254037844457 -0.4999999999999878 2.424260233299555e-15 0.8660254037844457 -0.4999999999999878 2.424260233299555e-15 0.8660254037844457 -0.4999999999999878 2.424260233299555e-15 0.8660254037844457 -0.4999999999999878 2.424260233299555e-15 0.8660254037844457 -0.4999999999999878 2.424260233299555e-15 0.8660254037844457 -0.4999999999999878 2.424260233299555e-15 0.8660254037844457 -0.4999999999999878 -2.806019516615613e-15 -0.8660254037844327 -0.5000000000000102 -2.806019516615613e-15 -0.8660254037844327 -0.5000000000000102 -2.806019516615613e-15 -0.8660254037844327 -0.5000000000000102 -2.806019516615613e-15 -0.8660254037844327 -0.5000000000000102 -2.806019516615613e-15 -0.8660254037844327 -0.5000000000000102 -2.806019516615613e-15 -0.8660254037844327 -0.5000000000000102 -2.806019516615613e-15 -0.8660254037844327 -0.5000000000000102 -2.806019516615613e-15 -0.8660254037844327 -0.5000000000000102 -2.806019516615613e-15 -0.8660254037844327 -0.5000000000000102 -2.806019516615613e-15 -0.8660254037844327 -0.5000000000000102 -2.806019516615613e-15 -0.8660254037844327 -0.5000000000000102 -2.806019516615613e-15 -0.8660254037844327 -0.5000000000000102 -2.806019516615613e-15 -0.8660254037844327 -0.5000000000000102 -2.806019516615613e-15 -0.8660254037844327 -0.5000000000000102 2.461943034853372e-15 0.8660254037844531 0.499999999999975 2.461943034853372e-15 0.8660254037844531 0.499999999999975 2.461943034853372e-15 0.8660254037844531 0.499999999999975 2.461943034853372e-15 0.8660254037844531 0.499999999999975 2.461943034853372e-15 0.8660254037844531 0.499999999999975 2.461943034853372e-15 0.8660254037844531 0.499999999999975 2.461943034853372e-15 0.8660254037844531 0.499999999999975 2.461943034853372e-15 0.8660254037844531 0.499999999999975 2.461943034853372e-15 0.8660254037844531 0.499999999999975 2.461943034853372e-15 0.8660254037844531 0.499999999999975 -2.420894077164416e-15 -0.8660254037844326 0.5000000000000104 -2.420894077164416e-15 -0.8660254037844326 0.5000000000000104 -2.420894077164416e-15 -0.8660254037844326 0.5000000000000104 -2.420894077164416e-15 -0.8660254037844326 0.5000000000000104 -2.420894077164416e-15 -0.8660254037844326 0.5000000000000104 -2.420894077164416e-15 -0.8660254037844326 0.5000000000000104 -2.420894077164416e-15 -0.8660254037844326 0.5000000000000104 -2.420894077164416e-15 -0.8660254037844326 0.5000000000000104 -2.420894077164416e-15 -0.8660254037844326 0.5000000000000104 -2.420894077164416e-15 -0.8660254037844326 0.5000000000000104 -2.420894077164416e-15 -0.8660254037844326 0.5000000000000104 -2.420894077164416e-15 -0.8660254037844326 0.5000000000000104 -2.420894077164416e-15 -0.8660254037844326 0.5000000000000104 -2.420894077164416e-15 -0.8660254037844326 0.5000000000000104 -0.8660254037844464 1.202231804224865e-15 -0.4999999999999866 -0.8660254037844464 1.202231804224865e-15 -0.4999999999999866 -0.8660254037844464 1.202231804224865e-15 -0.4999999999999866 -0.8660254037844464 1.202231804224865e-15 -0.4999999999999866 -0.8660254037844464 1.202231804224865e-15 -0.4999999999999866 -0.8660254037844464 1.202231804224865e-15 -0.4999999999999866 -0.8660254037844464 1.202231804224865e-15 -0.4999999999999866 -0.8660254037844464 1.202231804224865e-15 -0.4999999999999866 -0.8660254037844464 1.202231804224865e-15 -0.4999999999999866 -0.8660254037844464 1.202231804224865e-15 -0.4999999999999866 -0.8660254037844464 1.202231804224865e-15 -0.4999999999999866 -0.8660254037844464 1.202231804224865e-15 -0.4999999999999866 -0.8660254037844464 1.202231804224865e-15 -0.4999999999999866 -0.8660254037844464 1.202231804224865e-15 -0.4999999999999866 -0.8660254037844464 1.202231804224865e-15 -0.4999999999999866 0 0 -1 0 0 -1 0 0 -1 0 0 -1 0 0 -1 0 0 -1 0 0 -1 0 0 -1 0 0 -1 0 0 -1 0 0 -1 0 0 -1 0 0 -1 0 0 -1 0 0 -1 0 0 -1 0 0 -1 0 0 -1 0 0 -1 0 0 -1 0 0 -1 0 0 -1 0 0 -1 0 0 -1 0 0 -1 0 0 -1 0 0 -1 0 0 -1 0 0 -1 0 0 -1 2.368475785867195e-13 0 -1 2.368475785867195e-13 0 -1 2.368475785867195e-13 0 -1 0 -7.880969590853305e-16 -1 0 -7.880969590853305e-16 -1 0 -7.880969590853305e-16 -1 7.880969590853139e-16 -7.88096959085332e-16 -1 7.880969590853139e-16 -7.88096959085332e-16 -1 7.880969590853139e-16 -7.88096959085332e-16 -1 0 -7.907280621134195e-16 -1 0 -7.907280621134195e-16 -1 0 -7.907280621134195e-16 -1 -9.017039793909859e-16 9.017039793909235e-16 -1 -9.017039793909859e-16 9.017039793909235e-16 -1 -9.017039793909859e-16 9.017039793909235e-16 -1 -8.948900954157428e-16 -8.948900954156137e-16 -1 -8.948900954157428e-16 -8.948900954156137e-16 -1 -8.948900954157428e-16 -8.948900954156137e-16 -1 0 0 -1 0 0 -1 0 0 -1 0 0 -1 0 0 -1 0 0 -1 0 0 -1 0 0 -1 0 0 -1 0 0 -1 0 0 -1 0 0 -1 0 0 -1 0 0 -1 0 0 -1 0 0 -1 0 0 -1 0 0 -1 0 0 -1 0 0 -1 0 0 -1 0 0 -1 0 0 -1 0 0 -1 0 0 -1 0 0 -1 0 0 -1 0 0 -1 0 0 -1 0 0 -1 0 0 -1 0 0 -1 0 0 -1 0 0 -1 0 0 -1 0 0 -1 0 0 -1 0 0 -1 0 0 -1 0 0 -1 0 0 -1 0 0 -1 0 0 -1 0 0 -1 0 0 -1 -8.948900954151021e-16 2.377424686820498e-13 -1 -8.948900954151021e-16 2.377424686820498e-13 -1 -8.948900954151021e-16 2.377424686820498e-13 -1 0.8660254037844361 -1.397943958400993e-15 -0.5000000000000045 0.8660254037844361 -1.397943958400993e-15 -0.5000000000000045 0.8660254037844361 -1.397943958400993e-15 -0.5000000000000045 0.8660254037844361 -1.397943958400993e-15 -0.5000000000000045 0.8660254037844361 -1.397943958400993e-15 -0.5000000000000045 0.8660254037844361 -1.397943958400993e-15 -0.5000000000000045 0.8660254037844361 -1.397943958400993e-15 -0.5000000000000045 0.8660254037844361 -1.397943958400993e-15 -0.5000000000000045 0.8660254037844361 -1.397943958400993e-15 -0.5000000000000045 0.8660254037844361 -1.397943958400993e-15 -0.5000000000000045 0.8660254037844361 -1.397943958400993e-15 -0.5000000000000045 0.8660254037844361 -1.397943958400993e-15 -0.5000000000000045 0.8660254037844361 -1.397943958400993e-15 -0.5000000000000045 0.8660254037844361 -1.397943958400993e-15 -0.5000000000000045 0.866025403784432 -1.439882277153022e-15 0.5000000000000115 0.866025403784432 -1.439882277153022e-15 0.5000000000000115 0.866025403784432 -1.439882277153022e-15 0.5000000000000115 0.866025403784432 -1.439882277153022e-15 0.5000000000000115 0.866025403784432 -1.439882277153022e-15 0.5000000000000115 0.866025403784432 -1.439882277153022e-15 0.5000000000000115 0.866025403784432 -1.439882277153022e-15 0.5000000000000115 0.866025403784432 -1.439882277153022e-15 0.5000000000000115 0.866025403784432 -1.439882277153022e-15 0.5000000000000115 0.866025403784432 -1.439882277153022e-15 0.5000000000000115 0.866025403784432 -1.439882277153022e-15 0.5000000000000115 0.866025403784432 -1.439882277153022e-15 0.5000000000000115 0.866025403784432 -1.439882277153022e-15 0.5000000000000115 0.866025403784432 -1.439882277153022e-15 0.5000000000000115 0.866025403784432 -1.439882277153022e-15 0.5000000000000115 0.866025403784432 -1.439882277153022e-15 0.5000000000000115 0 0 1 0 0 1 0 0 1 0 0 1 0 0 1 0 0 1 0 0 1 0 0 1 0 0 1 0 0 1 0 0 1 0 0 1 0 2.368475785866346e-13 1 0 2.368475785866346e-13 1 0 2.368475785866346e-13 1 -8.948900954157426e-16 -8.948900954157263e-16 1 -8.948900954157426e-16 -8.948900954157263e-16 1 -8.948900954157426e-16 -8.948900954157263e-16 1 0 0 1 0 0 1 0 0 1 0 0 1 0 0 1 0 0 1 -9.017039793909891e-16 -9.017039793908287e-16 1 -9.017039793909891e-16 -9.017039793908287e-16 1 -9.017039793909891e-16 -9.017039793908287e-16 1 -8.948900954157377e-16 8.948900954157691e-16 1 -8.948900954157377e-16 8.948900954157691e-16 1 -8.948900954157377e-16 8.948900954157691e-16 1 2.368475785867195e-13 0 1 2.368475785867195e-13 0 1 2.368475785867195e-13 0 1 0 -7.88096959085331e-16 1 0 -7.88096959085331e-16 1 0 -7.88096959085331e-16 1 7.880969590853327e-16 -7.880969590853327e-16 1 7.880969590853327e-16 -7.880969590853327e-16 1 7.880969590853327e-16 -7.880969590853327e-16 1 0 -7.907280621134195e-16 1 0 -7.907280621134195e-16 1 0 -7.907280621134195e-16 1 0 0 1 0 0 1 0 0 1 0 0 1 0 0 1 0 0 1 0 0 1 0 0 1 0 0 1 0 0 1 0 0 1 0 0 1 0 0 1 0 0 1 0 0 1 4.294483840207468e-16 4.294483840207722e-16 1 4.294483840207468e-16 4.294483840207722e-16 1 4.294483840207468e-16 4.294483840207722e-16 1 0 0 1 0 0 1 0 0 1 2.368475785867188e-13 0 1 2.368475785867188e-13 0 1 2.368475785867188e-13 0 1 0 -2.368475785867006e-13 1 0 -2.368475785867006e-13 1 0 -2.368475785867006e-13 1 -7.692372942393395e-16 0 1 -7.692372942393395e-16 0 1 -7.692372942393395e-16 0 1 0 0 1 0 0 1 0 0 1 0 0 1 0 0 1 0 0 1 0 0 1 0 0 1 0 0 1 0 0 1 0 0 1 0 0 1 0 0 1 0 0 1 0 0 1 0 0 1 0 0 1 0 0 1 0 0 1 0 0 1 0 0 1 0 0 1 0 0 1 0 0 1 -0.8660254037844512 1.425902837569001e-15 0.4999999999999781 -0.8660254037844512 1.425902837569001e-15 0.4999999999999781 -0.8660254037844512 1.425902837569001e-15 0.4999999999999781 -0.8660254037844512 1.425902837569001e-15 0.4999999999999781 -0.8660254037844512 1.425902837569001e-15 0.4999999999999781 -0.8660254037844512 1.425902837569001e-15 0.4999999999999781 -0.8660254037844512 1.425902837569001e-15 0.4999999999999781 -0.8660254037844512 1.425902837569001e-15 0.4999999999999781 -0.8660254037844512 1.425902837569001e-15 0.4999999999999781 -0.8660254037844512 1.425902837569001e-15 0.4999999999999781 -0.8660254037844512 1.425902837569001e-15 0.4999999999999781 -0.8660254037844512 1.425902837569001e-15 0.4999999999999781 2.799309276637448e-15 0.8660254037844336 -0.5000000000000087 2.799309276637448e-15 0.8660254037844336 -0.5000000000000087 2.799309276637448e-15 0.8660254037844336 -0.5000000000000087 2.799309276637448e-15 0.8660254037844336 -0.5000000000000087 2.799309276637448e-15 0.8660254037844336 -0.5000000000000087 2.799309276637448e-15 0.8660254037844336 -0.5000000000000087 2.799309276637448e-15 0.8660254037844336 -0.5000000000000087 2.799309276637448e-15 0.8660254037844336 -0.5000000000000087 2.799309276637448e-15 0.8660254037844336 -0.5000000000000087 2.799309276637448e-15 0.8660254037844336 -0.5000000000000087 2.799309276637448e-15 0.8660254037844336 -0.5000000000000087 2.799309276637448e-15 0.8660254037844336 -0.5000000000000087 2.799309276637448e-15 0.8660254037844336 -0.5000000000000087 2.799309276637448e-15 0.8660254037844336 -0.5000000000000087 2.799309276637448e-15 0.8660254037844336 -0.5000000000000087 2.799309276637448e-15 0.8660254037844336 -0.5000000000000087 -1.804230725227386e-15 -0.8660254037844524 -0.4999999999999761 -1.804230725227386e-15 -0.8660254037844524 -0.4999999999999761 -1.804230725227386e-15 -0.8660254037844524 -0.4999999999999761 -1.804230725227386e-15 -0.8660254037844524 -0.4999999999999761 -1.804230725227386e-15 -0.8660254037844524 -0.4999999999999761 -1.804230725227386e-15 -0.8660254037844524 -0.4999999999999761 -1.804230725227386e-15 -0.8660254037844524 -0.4999999999999761 -1.804230725227386e-15 -0.8660254037844524 -0.4999999999999761 -1.804230725227386e-15 -0.8660254037844524 -0.4999999999999761 -1.804230725227386e-15 -0.8660254037844524 -0.4999999999999761 -1.804230725227386e-15 -0.8660254037844524 -0.4999999999999761 -1.804230725227386e-15 -0.8660254037844524 -0.4999999999999761 -1.804230725227386e-15 -0.8660254037844524 -0.4999999999999761 -1.804230725227386e-15 -0.8660254037844524 -0.4999999999999761 -2.454936888424111e-15 -0.8660254037844399 0.4999999999999978 -2.454936888424111e-15 -0.8660254037844399 0.4999999999999978 -2.454936888424111e-15 -0.8660254037844399 0.4999999999999978 -2.454936888424111e-15 -0.8660254037844399 0.4999999999999978 -2.454936888424111e-15 -0.8660254037844399 0.4999999999999978 -2.454936888424111e-15 -0.8660254037844399 0.4999999999999978 -2.454936888424111e-15 -0.8660254037844399 0.4999999999999978 -2.454936888424111e-15 -0.8660254037844399 0.4999999999999978 -2.454936888424111e-15 -0.8660254037844399 0.4999999999999978 -2.454936888424111e-15 -0.8660254037844399 0.4999999999999978 -2.454936888424111e-15 -0.8660254037844399 0.4999999999999978 -2.454936888424111e-15 -0.8660254037844399 0.4999999999999978 -2.454936888424111e-15 -0.8660254037844399 0.4999999999999978 -2.454936888424111e-15 -0.8660254037844399 0.4999999999999978 -2.454936888424111e-15 -0.8660254037844399 0.4999999999999978 -2.454936888424111e-15 -0.8660254037844399 0.4999999999999978 2.693274834340664e-15 0.8660254037844623 0.4999999999999591 2.693274834340664e-15 0.8660254037844623 0.4999999999999591 2.693274834340664e-15 0.8660254037844623 0.4999999999999591 2.693274834340664e-15 0.8660254037844623 0.4999999999999591 2.693274834340664e-15 0.8660254037844623 0.4999999999999591 2.693274834340664e-15 0.8660254037844623 0.4999999999999591 2.693274834340664e-15 0.8660254037844623 0.4999999999999591 2.693274834340664e-15 0.8660254037844623 0.4999999999999591 2.693274834340664e-15 0.8660254037844623 0.4999999999999591 2.693274834340664e-15 0.8660254037844623 0.4999999999999591 2.693274834340664e-15 0.8660254037844623 0.4999999999999591 2.693274834340664e-15 0.8660254037844623 0.4999999999999591 2.693274834340664e-15 0.8660254037844623 0.4999999999999591 2.693274834340664e-15 0.8660254037844623 0.4999999999999591 2.693274834340664e-15 0.8660254037844623 0.4999999999999591 2.693274834340664e-15 0.8660254037844623 0.4999999999999591 -9.868649107780093e-15 -1 4.451302514776936e-15 -9.868649107780093e-15 -1 4.451302514776936e-15 -9.868649107780093e-15 -1 4.451302514776936e-15 -9.868649107780093e-15 -1 4.451302514776936e-15 -9.868649107780093e-15 -1 4.451302514776936e-15 -9.868649107780093e-15 -1 4.451302514776936e-15 -9.868649107780093e-15 -1 4.451302514776936e-15 -9.868649107780093e-15 -1 4.451302514776936e-15 -9.868649107780093e-15 -1 4.451302514776936e-15 -9.868649107780093e-15 -1 4.451302514776936e-15 -9.868649107780093e-15 -1 4.451302514776936e-15 -9.868649107780093e-15 -1 4.451302514776936e-15 -9.868649107780093e-15 -1 4.451302514776936e-15 -9.868649107780093e-15 -1 4.451302514776936e-15 -9.868649107780093e-15 -1 4.451302514776936e-15 -9.868649107780093e-15 -1 4.451302514776936e-15 -9.868649107780093e-15 -1 4.451302514776936e-15 -9.868649107780093e-15 -1 4.451302514776936e-15 -9.868649107780093e-15 -1 4.451302514776936e-15 -9.868649107780093e-15 -1 4.451302514776936e-15 -9.868649107780093e-15 -1 4.451302514776936e-15 -9.868649107780093e-15 -1 4.451302514776936e-15 -9.868649107780093e-15 -1 4.451302514776936e-15 -9.868649107780093e-15 -1 4.451302514776936e-15 -0.8660254037844303 1.213825170267881e-15 -0.5000000000000145 -0.8660254037844303 1.213825170267881e-15 -0.5000000000000145 -0.8660254037844303 1.213825170267881e-15 -0.5000000000000145 -0.8660254037844303 1.213825170267881e-15 -0.5000000000000145 -0.8660254037844303 1.213825170267881e-15 -0.5000000000000145 -0.8660254037844303 1.213825170267881e-15 -0.5000000000000145 -0.8660254037844303 1.213825170267881e-15 -0.5000000000000145 -0.8660254037844303 1.213825170267881e-15 -0.5000000000000145 -0.8660254037844303 1.213825170267881e-15 -0.5000000000000145 -0.8660254037844303 1.213825170267881e-15 -0.5000000000000145 -0.8660254037844303 1.213825170267881e-15 -0.5000000000000145 -0.8660254037844303 1.213825170267881e-15 -0.5000000000000145 -0.8660254037844303 1.213825170267881e-15 -0.5000000000000145 -0.8660254037844303 1.213825170267881e-15 -0.5000000000000145 0.8660254037844309 -1.265861562535462e-15 -0.5000000000000135 0.8660254037844309 -1.265861562535462e-15 -0.5000000000000135 0.8660254037844309 -1.265861562535462e-15 -0.5000000000000135 0.8660254037844309 -1.265861562535462e-15 -0.5000000000000135 0.8660254037844309 -1.265861562535462e-15 -0.5000000000000135 0.8660254037844309 -1.265861562535462e-15 -0.5000000000000135 0.8660254037844309 -1.265861562535462e-15 -0.5000000000000135 0.8660254037844309 -1.265861562535462e-15 -0.5000000000000135 0.8660254037844309 -1.265861562535462e-15 -0.5000000000000135 0.8660254037844309 -1.265861562535462e-15 -0.5000000000000135 0.8660254037844309 -1.265861562535462e-15 -0.5000000000000135 0.8660254037844309 -1.265861562535462e-15 -0.5000000000000135 0.8660254037844309 -1.265861562535462e-15 -0.5000000000000135 -0.8660254037844301 1.342955507530423e-15 0.5000000000000148 -0.8660254037844301 1.342955507530423e-15 0.5000000000000148 -0.8660254037844301 1.342955507530423e-15 0.5000000000000148 -0.8660254037844301 1.342955507530423e-15 0.5000000000000148 -0.8660254037844301 1.342955507530423e-15 0.5000000000000148 -0.8660254037844301 1.342955507530423e-15 0.5000000000000148 -0.8660254037844301 1.342955507530423e-15 0.5000000000000148 -0.8660254037844301 1.342955507530423e-15 0.5000000000000148 -0.8660254037844301 1.342955507530423e-15 0.5000000000000148 -0.8660254037844301 1.342955507530423e-15 0.5000000000000148 -0.8660254037844301 1.342955507530423e-15 0.5000000000000148 -0.8660254037844301 1.342955507530423e-15 0.5000000000000148 -0.8660254037844301 1.342955507530423e-15 0.5000000000000148 -0.8660254037844301 1.342955507530423e-15 0.5000000000000148 0.866025403784431 -1.367130487538299e-15 0.5000000000000133 0.866025403784431 -1.367130487538299e-15 0.5000000000000133 0.866025403784431 -1.367130487538299e-15 0.5000000000000133 0.866025403784431 -1.367130487538299e-15 0.5000000000000133 0.866025403784431 -1.367130487538299e-15 0.5000000000000133 0.866025403784431 -1.367130487538299e-15 0.5000000000000133 0.866025403784431 -1.367130487538299e-15 0.5000000000000133 0.866025403784431 -1.367130487538299e-15 0.5000000000000133 0.866025403784431 -1.367130487538299e-15 0.5000000000000133 0.866025403784431 -1.367130487538299e-15 0.5000000000000133 0.866025403784431 -1.367130487538299e-15 0.5000000000000133 0.866025403784431 -1.367130487538299e-15 0.5000000000000133 0.866025403784431 -1.367130487538299e-15 0.5000000000000133 0.866025403784431 -1.367130487538299e-15 0.5000000000000133 -1 0 0 -1 0 0 -1 0 0 -1 0 0 -1 0 0 -1 0 0 -1 0 0 -1 0 0 -1 0 0 -1 0 0 -1 0 0 -1 0 0 -1 0 0 -1 0 0 -1 0 0 -1 0 0 -1 0 0 -1 0 0 -1 0 0 -1 0 0 -1 0 0 -1 0 0 -1 0 0 -1 0 0 2.399138365596969e-15 0.8660254037844457 -0.4999999999999878 2.399138365596969e-15 0.8660254037844457 -0.4999999999999878 2.399138365596969e-15 0.8660254037844457 -0.4999999999999878 2.399138365596969e-15 0.8660254037844457 -0.4999999999999878 2.399138365596969e-15 0.8660254037844457 -0.4999999999999878 2.399138365596969e-15 0.8660254037844457 -0.4999999999999878 2.399138365596969e-15 0.8660254037844457 -0.4999999999999878 2.399138365596969e-15 0.8660254037844457 -0.4999999999999878 2.399138365596969e-15 0.8660254037844457 -0.4999999999999878 2.399138365596969e-15 0.8660254037844457 -0.4999999999999878 2.399138365596969e-15 0.8660254037844457 -0.4999999999999878 2.399138365596969e-15 0.8660254037844457 -0.4999999999999878 -2.793699444976099e-15 -0.8660254037844328 -0.5000000000000102 -2.793699444976099e-15 -0.8660254037844328 -0.5000000000000102 -2.793699444976099e-15 -0.8660254037844328 -0.5000000000000102 -2.793699444976099e-15 -0.8660254037844328 -0.5000000000000102 -2.793699444976099e-15 -0.8660254037844328 -0.5000000000000102 -2.793699444976099e-15 -0.8660254037844328 -0.5000000000000102 -2.793699444976099e-15 -0.8660254037844328 -0.5000000000000102 -2.793699444976099e-15 -0.8660254037844328 -0.5000000000000102 -2.793699444976099e-15 -0.8660254037844328 -0.5000000000000102 -2.793699444976099e-15 -0.8660254037844328 -0.5000000000000102 -2.793699444976099e-15 -0.8660254037844328 -0.5000000000000102 -2.793699444976099e-15 -0.8660254037844328 -0.5000000000000102 -2.793699444976099e-15 -0.8660254037844328 -0.5000000000000102 -2.793699444976099e-15 -0.8660254037844328 -0.5000000000000102 2.311211828637859e-15 0.8660254037844531 0.499999999999975 2.311211828637859e-15 0.8660254037844531 0.499999999999975 2.311211828637859e-15 0.8660254037844531 0.499999999999975 2.311211828637859e-15 0.8660254037844531 0.499999999999975 2.311211828637859e-15 0.8660254037844531 0.499999999999975 2.311211828637859e-15 0.8660254037844531 0.499999999999975 2.311211828637859e-15 0.8660254037844531 0.499999999999975 2.311211828637859e-15 0.8660254037844531 0.499999999999975 2.311211828637859e-15 0.8660254037844531 0.499999999999975 2.311211828637859e-15 0.8660254037844531 0.499999999999975 -2.325413521958185e-15 -0.8660254037844326 0.5000000000000104 -2.325413521958185e-15 -0.8660254037844326 0.5000000000000104 -2.325413521958185e-15 -0.8660254037844326 0.5000000000000104 -2.325413521958185e-15 -0.8660254037844326 0.5000000000000104 -2.325413521958185e-15 -0.8660254037844326 0.5000000000000104 -2.325413521958185e-15 -0.8660254037844326 0.5000000000000104 -2.325413521958185e-15 -0.8660254037844326 0.5000000000000104 -2.325413521958185e-15 -0.8660254037844326 0.5000000000000104 -2.325413521958185e-15 -0.8660254037844326 0.5000000000000104 -2.325413521958185e-15 -0.8660254037844326 0.5000000000000104 -2.325413521958185e-15 -0.8660254037844326 0.5000000000000104 -2.325413521958185e-15 -0.8660254037844326 0.5000000000000104 -2.325413521958185e-15 -0.8660254037844326 0.5000000000000104 -2.325413521958185e-15 -0.8660254037844326 0.5000000000000104 -0.8660254037844491 1.202231804224854e-15 -0.4999999999999819 -0.8660254037844491 1.202231804224854e-15 -0.4999999999999819 -0.8660254037844491 1.202231804224854e-15 -0.4999999999999819 -0.8660254037844491 1.202231804224854e-15 -0.4999999999999819 -0.8660254037844491 1.202231804224854e-15 -0.4999999999999819 -0.8660254037844491 1.202231804224854e-15 -0.4999999999999819 -0.8660254037844491 1.202231804224854e-15 -0.4999999999999819 -0.8660254037844491 1.202231804224854e-15 -0.4999999999999819 -0.8660254037844491 1.202231804224854e-15 -0.4999999999999819 -0.8660254037844491 1.202231804224854e-15 -0.4999999999999819 -0.8660254037844491 1.202231804224854e-15 -0.4999999999999819 -0.8660254037844491 1.202231804224854e-15 -0.4999999999999819 -0.8660254037844491 1.202231804224854e-15 -0.4999999999999819 -0.8660254037844491 1.202231804224854e-15 -0.4999999999999819 -0.8660254037844491 1.202231804224854e-15 -0.4999999999999819 0 0 -1 0 0 -1 0 0 -1 -1.18209065101328e-13 0 -1 -1.18209065101328e-13 0 -1 -1.18209065101328e-13 0 -1 0 0 -1 0 0 -1 0 0 -1 0 0 -1 0 0 -1 0 0 -1 -4.37526315122903e-16 1.179862629782226e-13 -1 -4.37526315122903e-16 1.179862629782226e-13 -1 -4.37526315122903e-16 1.179862629782226e-13 -1 -4.407833348384559e-16 1.18864572628184e-13 -1 -4.407833348384559e-16 1.18864572628184e-13 -1 -4.407833348384559e-16 1.18864572628184e-13 -1 1.184237892933598e-13 0 -1 1.184237892933598e-13 0 -1 1.184237892933598e-13 0 -1 0 -3.914434674233018e-16 -1 0 -3.914434674233018e-16 -1 0 -3.914434674233018e-16 -1 3.914434674231135e-16 -3.914434674233025e-16 -1 3.914434674231135e-16 -3.914434674233025e-16 -1 3.914434674231135e-16 -3.914434674233025e-16 -1 0 -3.927416538408988e-16 -1 0 -3.927416538408988e-16 -1 0 -3.927416538408988e-16 -1 3.927416538410388e-16 -3.927416538408994e-16 -1 3.927416538410388e-16 -3.927416538408994e-16 -1 3.927416538410388e-16 -3.927416538408994e-16 -1 0 -3.940484795426652e-16 -1 0 -3.940484795426652e-16 -1 0 -3.940484795426652e-16 -1 3.940484795426569e-16 -3.94048479542666e-16 -1 3.940484795426569e-16 -3.94048479542666e-16 -1 3.940484795426569e-16 -3.94048479542666e-16 -1 0 -3.953640310567097e-16 -1 0 -3.953640310567097e-16 -1 0 -3.953640310567097e-16 -1 -4.50851989695493e-16 4.508519896954618e-16 -1 -4.50851989695493e-16 4.508519896954618e-16 -1 -4.50851989695493e-16 4.508519896954618e-16 -1 -8.948900954154249e-16 1.175288991979022e-13 -1 -8.948900954154249e-16 1.175288991979022e-13 -1 -8.948900954154249e-16 1.175288991979022e-13 -1 -1.18209065101328e-13 0 -1 -1.18209065101328e-13 0 -1 -1.18209065101328e-13 0 -1 0 0 -1 0 0 -1 0 0 -1 0 0 -1 0 0 -1 0 0 -1 0 0 -1 0 0 -1 0 0 -1 0 0 -1 0 0 -1 0 0 -1 0 0 -1 0 0 -1 0 0 -1 0 0 -1 0 0 -1 0 0 -1 0 0 -1 0 0 -1 0 0 -1 1.184237892933454e-13 0 -1 1.184237892933454e-13 0 -1 1.184237892933454e-13 0 -1 0 0 -1 0 0 -1 0 0 -1 0 0 -1 0 0 -1 0 0 -1 0 0 -1 0 0 -1 0 0 -1 -4.407833348387714e-16 -4.407833348388341e-16 -1 -4.407833348387714e-16 -4.407833348388341e-16 -1 -4.407833348387714e-16 -4.407833348388341e-16 -1 -4.440892098502724e-16 -1.188678785031958e-13 -1 -4.440892098502724e-16 -1.188678785031958e-13 -1 -4.440892098502724e-16 -1.188678785031958e-13 -1 -4.440892098500605e-16 4.440892098502708e-16 -1 -4.440892098500605e-16 4.440892098502708e-16 -1 -4.440892098500605e-16 4.440892098502708e-16 -1 -8.94890095415738e-16 8.948900954154201e-16 -1 -8.94890095415738e-16 8.948900954154201e-16 -1 -8.94890095415738e-16 8.948900954154201e-16 -1 0.8660254037844468 -1.42590283756896e-15 -0.4999999999999859 0.8660254037844468 -1.42590283756896e-15 -0.4999999999999859 0.8660254037844468 -1.42590283756896e-15 -0.4999999999999859 0.8660254037844468 -1.42590283756896e-15 -0.4999999999999859 0.8660254037844468 -1.42590283756896e-15 -0.4999999999999859 0.8660254037844468 -1.42590283756896e-15 -0.4999999999999859 0.8660254037844468 -1.42590283756896e-15 -0.4999999999999859 0.8660254037844468 -1.42590283756896e-15 -0.4999999999999859 0.8660254037844468 -1.42590283756896e-15 -0.4999999999999859 0.8660254037844468 -1.42590283756896e-15 -0.4999999999999859 0.8660254037844468 -1.42590283756896e-15 -0.4999999999999859 0.8660254037844468 -1.42590283756896e-15 -0.4999999999999859 0.8660254037844468 -1.42590283756896e-15 -0.4999999999999859 0.8660254037844468 -1.42590283756896e-15 -0.4999999999999859 0.8660254037844316 -1.495800035489063e-15 0.5000000000000123 0.8660254037844316 -1.495800035489063e-15 0.5000000000000123 0.8660254037844316 -1.495800035489063e-15 0.5000000000000123 0.8660254037844316 -1.495800035489063e-15 0.5000000000000123 0.8660254037844316 -1.495800035489063e-15 0.5000000000000123 0.8660254037844316 -1.495800035489063e-15 0.5000000000000123 0.8660254037844316 -1.495800035489063e-15 0.5000000000000123 0.8660254037844316 -1.495800035489063e-15 0.5000000000000123 0.8660254037844316 -1.495800035489063e-15 0.5000000000000123 0.8660254037844316 -1.495800035489063e-15 0.5000000000000123 0.8660254037844316 -1.495800035489063e-15 0.5000000000000123 0.8660254037844316 -1.495800035489063e-15 0.5000000000000123 0.8660254037844316 -1.495800035489063e-15 0.5000000000000123 0.8660254037844316 -1.495800035489063e-15 0.5000000000000123 0.8660254037844316 -1.495800035489063e-15 0.5000000000000123 0.8660254037844316 -1.495800035489063e-15 0.5000000000000123 0 0 1 0 0 1 0 0 1 -1.179943409093247e-13 4.294483840209375e-16 1 -1.179943409093247e-13 4.294483840209375e-16 1 -1.179943409093247e-13 4.294483840209375e-16 1 4.294483840207877e-16 4.294483840207722e-16 1 4.294483840207877e-16 4.294483840207722e-16 1 4.294483840207877e-16 4.294483840207722e-16 1 -8.881784197001239e-16 -8.881784197002291e-16 1 -8.881784197001239e-16 -8.881784197002291e-16 1 -8.881784197001239e-16 -8.881784197002291e-16 1 -8.881784197001209e-16 8.881784196998054e-16 1 -8.881784197001209e-16 8.881784196998054e-16 1 -8.881784197001209e-16 8.881784196998054e-16 1 -8.948900954157426e-16 -8.948900954157263e-16 1 -8.948900954157426e-16 -8.948900954157263e-16 1 -8.948900954157426e-16 -8.948900954157263e-16 1 1.186385134853628e-13 0 1 1.186385134853628e-13 0 1 1.186385134853628e-13 0 1 -1.18209065101328e-13 0 1 -1.18209065101328e-13 0 1 -1.18209065101328e-13 0 1 -4.50851989695281e-16 1.179729373036223e-13 1 -4.50851989695281e-16 1.179729373036223e-13 1 -4.50851989695281e-16 1.179729373036223e-13 1 -8.948900954157377e-16 8.948900954157691e-16 1 -8.948900954157377e-16 8.948900954157691e-16 1 -8.948900954157377e-16 8.948900954157691e-16 1 3.927416538410492e-16 -3.927416538408994e-16 1 3.927416538410492e-16 -3.927416538408994e-16 1 3.927416538410492e-16 -3.927416538408994e-16 1 -1.184237892933457e-13 -7.880969590850977e-16 1 -1.184237892933457e-13 -7.880969590850977e-16 1 -1.184237892933457e-13 -7.880969590850977e-16 1 7.880969590853327e-16 -7.880969590853327e-16 1 7.880969590853327e-16 -7.880969590853327e-16 1 7.880969590853327e-16 -7.880969590853327e-16 1 1.184237892933597e-13 -3.953640310568971e-16 1 1.184237892933597e-13 -3.953640310568971e-16 1 1.184237892933597e-13 -3.953640310568971e-16 1 0 -3.927416538408988e-16 1 0 -3.927416538408988e-16 1 0 -3.927416538408988e-16 1 1.184237892933457e-13 0 1 1.184237892933457e-13 0 1 1.184237892933457e-13 0 1 0 0 1 0 0 1 0 0 1 0 0 1 0 0 1 0 0 1 -4.375263151232116e-16 4.375263151231967e-16 1 -4.375263151232116e-16 4.375263151231967e-16 1 -4.375263151232116e-16 4.375263151231967e-16 1 4.294483840207468e-16 4.294483840207722e-16 1 4.294483840207468e-16 4.294483840207722e-16 1 4.294483840207468e-16 4.294483840207722e-16 1 -4.407833348387716e-16 -4.407833348387978e-16 1 -4.407833348387716e-16 -4.407833348387978e-16 1 -4.407833348387716e-16 -4.407833348387978e-16 1 1.186385134853698e-13 0 1 1.186385134853698e-13 0 1 1.186385134853698e-13 0 1 0 -1.184237892933503e-13 1 0 -1.184237892933503e-13 1 0 -1.184237892933503e-13 1 -3.846186471196697e-16 0 1 -3.846186471196697e-16 0 1 -3.846186471196697e-16 0 1 0 0 1 0 0 1 0 0 1 -3.821364296953146e-16 1.180416528636834e-13 1 -3.821364296953146e-16 1.180416528636834e-13 1 -3.821364296953146e-16 1.180416528636834e-13 1 -3.821364296955916e-16 0 1 -3.821364296955916e-16 0 1 -3.821364296955916e-16 0 1 0 0 1 0 0 1 0 0 1 0 -1.184237892933216e-13 1 0 -1.184237892933216e-13 1 0 -1.184237892933216e-13 1 0 0 1 0 0 1 0 0 1 0 0 1 0 0 1 0 0 1 -4.407833348384561e-16 1.188645726282262e-13 1 -4.407833348384561e-16 1.188645726282262e-13 1 -4.407833348384561e-16 1.188645726282262e-13 1 -0.8660254037844494 1.286108441728911e-15 0.4999999999999813 -0.8660254037844494 1.286108441728911e-15 0.4999999999999813 -0.8660254037844494 1.286108441728911e-15 0.4999999999999813 -0.8660254037844494 1.286108441728911e-15 0.4999999999999813 -0.8660254037844494 1.286108441728911e-15 0.4999999999999813 -0.8660254037844494 1.286108441728911e-15 0.4999999999999813 -0.8660254037844494 1.286108441728911e-15 0.4999999999999813 -0.8660254037844494 1.286108441728911e-15 0.4999999999999813 -0.8660254037844494 1.286108441728911e-15 0.4999999999999813 -0.8660254037844494 1.286108441728911e-15 0.4999999999999813 -0.8660254037844494 1.286108441728911e-15 0.4999999999999813 -0.8660254037844494 1.286108441728911e-15 0.4999999999999813 2.566033503584293e-15 0.8660254037844373 -0.5000000000000022 2.566033503584293e-15 0.8660254037844373 -0.5000000000000022 2.566033503584293e-15 0.8660254037844373 -0.5000000000000022 2.566033503584293e-15 0.8660254037844373 -0.5000000000000022 2.566033503584293e-15 0.8660254037844373 -0.5000000000000022 2.566033503584293e-15 0.8660254037844373 -0.5000000000000022 2.566033503584293e-15 0.8660254037844373 -0.5000000000000022 2.566033503584293e-15 0.8660254037844373 -0.5000000000000022 2.566033503584293e-15 0.8660254037844373 -0.5000000000000022 2.566033503584293e-15 0.8660254037844373 -0.5000000000000022 2.566033503584293e-15 0.8660254037844373 -0.5000000000000022 2.566033503584293e-15 0.8660254037844373 -0.5000000000000022 2.566033503584293e-15 0.8660254037844373 -0.5000000000000022 2.566033503584293e-15 0.8660254037844373 -0.5000000000000022 2.566033503584293e-15 0.8660254037844373 -0.5000000000000022 2.566033503584293e-15 0.8660254037844373 -0.5000000000000022 -1.708103678391479e-15 -0.8660254037844561 -0.4999999999999698 -1.708103678391479e-15 -0.8660254037844561 -0.4999999999999698 -1.708103678391479e-15 -0.8660254037844561 -0.4999999999999698 -1.708103678391479e-15 -0.8660254037844561 -0.4999999999999698 -1.708103678391479e-15 -0.8660254037844561 -0.4999999999999698 -1.708103678391479e-15 -0.8660254037844561 -0.4999999999999698 -1.708103678391479e-15 -0.8660254037844561 -0.4999999999999698 -1.708103678391479e-15 -0.8660254037844561 -0.4999999999999698 -1.708103678391479e-15 -0.8660254037844561 -0.4999999999999698 -1.708103678391479e-15 -0.8660254037844561 -0.4999999999999698 -1.708103678391479e-15 -0.8660254037844561 -0.4999999999999698 -1.708103678391479e-15 -0.8660254037844561 -0.4999999999999698 -1.708103678391479e-15 -0.8660254037844561 -0.4999999999999698 -1.708103678391479e-15 -0.8660254037844561 -0.4999999999999698 -2.410570559115271e-15 -0.8660254037844362 0.5000000000000041 -2.410570559115271e-15 -0.8660254037844362 0.5000000000000041 -2.410570559115271e-15 -0.8660254037844362 0.5000000000000041 -2.410570559115271e-15 -0.8660254037844362 0.5000000000000041 -2.410570559115271e-15 -0.8660254037844362 0.5000000000000041 -2.410570559115271e-15 -0.8660254037844362 0.5000000000000041 -2.410570559115271e-15 -0.8660254037844362 0.5000000000000041 -2.410570559115271e-15 -0.8660254037844362 0.5000000000000041 -2.410570559115271e-15 -0.8660254037844362 0.5000000000000041 -2.410570559115271e-15 -0.8660254037844362 0.5000000000000041 -2.410570559115271e-15 -0.8660254037844362 0.5000000000000041 -2.410570559115271e-15 -0.8660254037844362 0.5000000000000041 -2.410570559115271e-15 -0.8660254037844362 0.5000000000000041 -2.410570559115271e-15 -0.8660254037844362 0.5000000000000041 -2.410570559115271e-15 -0.8660254037844362 0.5000000000000041 -2.410570559115271e-15 -0.8660254037844362 0.5000000000000041 2.728619648439658e-15 0.8660254037844585 0.4999999999999655 2.728619648439658e-15 0.8660254037844585 0.4999999999999655 2.728619648439658e-15 0.8660254037844585 0.4999999999999655 2.728619648439658e-15 0.8660254037844585 0.4999999999999655 2.728619648439658e-15 0.8660254037844585 0.4999999999999655 2.728619648439658e-15 0.8660254037844585 0.4999999999999655 2.728619648439658e-15 0.8660254037844585 0.4999999999999655 2.728619648439658e-15 0.8660254037844585 0.4999999999999655 2.728619648439658e-15 0.8660254037844585 0.4999999999999655 2.728619648439658e-15 0.8660254037844585 0.4999999999999655 2.728619648439658e-15 0.8660254037844585 0.4999999999999655 2.728619648439658e-15 0.8660254037844585 0.4999999999999655 2.728619648439658e-15 0.8660254037844585 0.4999999999999655 2.728619648439658e-15 0.8660254037844585 0.4999999999999655 2.728619648439658e-15 0.8660254037844585 0.4999999999999655 2.728619648439658e-15 0.8660254037844585 0.4999999999999655 -9.868649107778297e-15 -1 4.451302514776811e-15 -9.868649107778297e-15 -1 4.451302514776811e-15 -9.868649107778297e-15 -1 4.451302514776811e-15 -9.868649107778297e-15 -1 4.451302514776811e-15 -9.868649107778297e-15 -1 4.451302514776811e-15 -9.868649107778297e-15 -1 4.451302514776811e-15 -9.868649107778297e-15 -1 4.451302514776811e-15 -9.868649107778297e-15 -1 4.451302514776811e-15 -9.868649107778297e-15 -1 4.451302514776811e-15 -9.868649107778297e-15 -1 4.451302514776811e-15 -9.868649107778297e-15 -1 4.451302514776811e-15 -9.868649107778297e-15 -1 4.451302514776811e-15 -9.868649107778297e-15 -1 4.451302514776811e-15 -9.868649107778297e-15 -1 4.451302514776811e-15 -9.868649107778297e-15 -1 4.451302514776811e-15 -9.868649107778297e-15 -1 4.451302514776811e-15 -9.868649107778297e-15 -1 4.451302514776811e-15 -9.868649107778297e-15 -1 4.451302514776811e-15 -9.868649107778297e-15 -1 4.451302514776811e-15 -9.868649107778297e-15 -1 4.451302514776811e-15 -9.868649107778297e-15 -1 4.451302514776811e-15 -9.868649107778297e-15 -1 4.451302514776811e-15 -9.868649107778297e-15 -1 4.451302514776811e-15 -9.868649107778297e-15 -1 4.451302514776811e-15 -0.8660254037844351 1.187999102815353e-15 -0.5000000000000058 -0.8660254037844351 1.187999102815353e-15 -0.5000000000000058 -0.8660254037844351 1.187999102815353e-15 -0.5000000000000058 -0.8660254037844351 1.187999102815353e-15 -0.5000000000000058 -0.8660254037844351 1.187999102815353e-15 -0.5000000000000058 -0.8660254037844351 1.187999102815353e-15 -0.5000000000000058 -0.8660254037844351 1.187999102815353e-15 -0.5000000000000058 -0.8660254037844351 1.187999102815353e-15 -0.5000000000000058 -0.8660254037844351 1.187999102815353e-15 -0.5000000000000058 -0.8660254037844351 1.187999102815353e-15 -0.5000000000000058 -0.8660254037844351 1.187999102815353e-15 -0.5000000000000058 -0.8660254037844351 1.187999102815353e-15 -0.5000000000000058 -0.8660254037844351 1.187999102815353e-15 -0.5000000000000058 -0.8660254037844351 1.187999102815353e-15 -0.5000000000000058 0.8660254037844373 -1.51903387504252e-15 -0.5000000000000023 0.8660254037844373 -1.51903387504252e-15 -0.5000000000000023 0.8660254037844373 -1.51903387504252e-15 -0.5000000000000023 0.8660254037844373 -1.51903387504252e-15 -0.5000000000000023 0.8660254037844373 -1.51903387504252e-15 -0.5000000000000023 0.8660254037844373 -1.51903387504252e-15 -0.5000000000000023 0.8660254037844373 -1.51903387504252e-15 -0.5000000000000023 0.8660254037844373 -1.51903387504252e-15 -0.5000000000000023 0.8660254037844373 -1.51903387504252e-15 -0.5000000000000023 0.8660254037844373 -1.51903387504252e-15 -0.5000000000000023 0.8660254037844373 -1.51903387504252e-15 -0.5000000000000023 0.8660254037844373 -1.51903387504252e-15 -0.5000000000000023 0.8660254037844373 -1.51903387504252e-15 -0.5000000000000023 -0.8660254037844268 1.446259777340472e-15 0.5000000000000205 -0.8660254037844268 1.446259777340472e-15 0.5000000000000205 -0.8660254037844268 1.446259777340472e-15 0.5000000000000205 -0.8660254037844268 1.446259777340472e-15 0.5000000000000205 -0.8660254037844268 1.446259777340472e-15 0.5000000000000205 -0.8660254037844268 1.446259777340472e-15 0.5000000000000205 -0.8660254037844268 1.446259777340472e-15 0.5000000000000205 -0.8660254037844268 1.446259777340472e-15 0.5000000000000205 -0.8660254037844268 1.446259777340472e-15 0.5000000000000205 -0.8660254037844268 1.446259777340472e-15 0.5000000000000205 -0.8660254037844268 1.446259777340472e-15 0.5000000000000205 -0.8660254037844268 1.446259777340472e-15 0.5000000000000205 -0.8660254037844268 1.446259777340472e-15 0.5000000000000205 -0.8660254037844268 1.446259777340472e-15 0.5000000000000205 0.866025403784431 -1.468399412541136e-15 0.5000000000000133 0.866025403784431 -1.468399412541136e-15 0.5000000000000133 0.866025403784431 -1.468399412541136e-15 0.5000000000000133 0.866025403784431 -1.468399412541136e-15 0.5000000000000133 0.866025403784431 -1.468399412541136e-15 0.5000000000000133 0.866025403784431 -1.468399412541136e-15 0.5000000000000133 0.866025403784431 -1.468399412541136e-15 0.5000000000000133 0.866025403784431 -1.468399412541136e-15 0.5000000000000133 0.866025403784431 -1.468399412541136e-15 0.5000000000000133 0.866025403784431 -1.468399412541136e-15 0.5000000000000133 0.866025403784431 -1.468399412541136e-15 0.5000000000000133 0.866025403784431 -1.468399412541136e-15 0.5000000000000133 0.866025403784431 -1.468399412541136e-15 0.5000000000000133 0.866025403784431 -1.468399412541136e-15 0.5000000000000133 -1 0 0 -1 0 0 -1 0 0 -1 0 0 -1 0 0 -1 0 0 -1 0 0 -1 0 0 -1 0 0 -1 0 0 -1 0 0 -1 0 0 -1 0 0 -1 0 0 -1 0 0 -1 0 0 -1 0 0 -1 0 0 -1 0 0 -1 0 0 -1 0 0 -1 0 0 -1 0 0 -1 0 0 2.461943034853371e-15 0.866025403784453 -0.4999999999999751 2.461943034853371e-15 0.866025403784453 -0.4999999999999751 2.461943034853371e-15 0.866025403784453 -0.4999999999999751 2.461943034853371e-15 0.866025403784453 -0.4999999999999751 2.461943034853371e-15 0.866025403784453 -0.4999999999999751 2.461943034853371e-15 0.866025403784453 -0.4999999999999751 2.461943034853371e-15 0.866025403784453 -0.4999999999999751 2.461943034853371e-15 0.866025403784453 -0.4999999999999751 2.461943034853371e-15 0.866025403784453 -0.4999999999999751 2.461943034853371e-15 0.866025403784453 -0.4999999999999751 2.461943034853371e-15 0.866025403784453 -0.4999999999999751 2.461943034853371e-15 0.866025403784453 -0.4999999999999751 -2.744419158417974e-15 -0.8660254037844401 -0.4999999999999975 -2.744419158417974e-15 -0.8660254037844401 -0.4999999999999975 -2.744419158417974e-15 -0.8660254037844401 -0.4999999999999975 -2.744419158417974e-15 -0.8660254037844401 -0.4999999999999975 -2.744419158417974e-15 -0.8660254037844401 -0.4999999999999975 -2.744419158417974e-15 -0.8660254037844401 -0.4999999999999975 -2.744419158417974e-15 -0.8660254037844401 -0.4999999999999975 -2.744419158417974e-15 -0.8660254037844401 -0.4999999999999975 -2.744419158417974e-15 -0.8660254037844401 -0.4999999999999975 -2.744419158417974e-15 -0.8660254037844401 -0.4999999999999975 -2.744419158417974e-15 -0.8660254037844401 -0.4999999999999975 -2.744419158417974e-15 -0.8660254037844401 -0.4999999999999975 -2.744419158417974e-15 -0.8660254037844401 -0.4999999999999975 -2.744419158417974e-15 -0.8660254037844401 -0.4999999999999975 2.518467237184221e-15 0.8660254037844494 0.4999999999999813 2.518467237184221e-15 0.8660254037844494 0.4999999999999813 2.518467237184221e-15 0.8660254037844494 0.4999999999999813 2.518467237184221e-15 0.8660254037844494 0.4999999999999813 2.518467237184221e-15 0.8660254037844494 0.4999999999999813 2.518467237184221e-15 0.8660254037844494 0.4999999999999813 2.518467237184221e-15 0.8660254037844494 0.4999999999999813 2.518467237184221e-15 0.8660254037844494 0.4999999999999813 2.518467237184221e-15 0.8660254037844494 0.4999999999999813 2.518467237184221e-15 0.8660254037844494 0.4999999999999813 -2.387013880155754e-15 -0.8660254037844326 0.5000000000000105 -2.387013880155754e-15 -0.8660254037844326 0.5000000000000105 -2.387013880155754e-15 -0.8660254037844326 0.5000000000000105 -2.387013880155754e-15 -0.8660254037844326 0.5000000000000105 -2.387013880155754e-15 -0.8660254037844326 0.5000000000000105 -2.387013880155754e-15 -0.8660254037844326 0.5000000000000105 -2.387013880155754e-15 -0.8660254037844326 0.5000000000000105 -2.387013880155754e-15 -0.8660254037844326 0.5000000000000105 -2.387013880155754e-15 -0.8660254037844326 0.5000000000000105 -2.387013880155754e-15 -0.8660254037844326 0.5000000000000105 -2.387013880155754e-15 -0.8660254037844326 0.5000000000000105 -2.387013880155754e-15 -0.8660254037844326 0.5000000000000105 -2.387013880155754e-15 -0.8660254037844326 0.5000000000000105 -2.387013880155754e-15 -0.8660254037844326 0.5000000000000105 -0.866025403784442 1.160293485472852e-15 -0.4999999999999941 -0.866025403784442 1.160293485472852e-15 -0.4999999999999941 -0.866025403784442 1.160293485472852e-15 -0.4999999999999941 -0.866025403784442 1.160293485472852e-15 -0.4999999999999941 -0.866025403784442 1.160293485472852e-15 -0.4999999999999941 -0.866025403784442 1.160293485472852e-15 -0.4999999999999941 -0.866025403784442 1.160293485472852e-15 -0.4999999999999941 -0.866025403784442 1.160293485472852e-15 -0.4999999999999941 -0.866025403784442 1.160293485472852e-15 -0.4999999999999941 -0.866025403784442 1.160293485472852e-15 -0.4999999999999941 -0.866025403784442 1.160293485472852e-15 -0.4999999999999941 -0.866025403784442 1.160293485472852e-15 -0.4999999999999941 -0.866025403784442 1.160293485472852e-15 -0.4999999999999941 -0.866025403784442 1.160293485472852e-15 -0.4999999999999941 -0.866025403784442 1.160293485472852e-15 -0.4999999999999941 0 0 -1 0 0 -1 0 0 -1 -1.18209065101328e-13 0 -1 -1.18209065101328e-13 0 -1 -1.18209065101328e-13 0 -1 0 0 -1 0 0 -1 0 0 -1 0 0 -1 0 0 -1 0 0 -1 -4.37526315122903e-16 1.179862629782226e-13 -1 -4.37526315122903e-16 1.179862629782226e-13 -1 -4.37526315122903e-16 1.179862629782226e-13 -1 -8.815666696769117e-16 2.377291452563679e-13 -1 -8.815666696769117e-16 2.377291452563679e-13 -1 -8.815666696769117e-16 2.377291452563679e-13 -1 2.368475785867197e-13 0 -1 2.368475785867197e-13 0 -1 2.368475785867197e-13 0 -1 0 -7.828869348466036e-16 -1 0 -7.828869348466036e-16 -1 0 -7.828869348466036e-16 -1 7.828869348462271e-16 -7.828869348466051e-16 -1 7.828869348462271e-16 -7.828869348466051e-16 -1 7.828869348462271e-16 -7.828869348466051e-16 -1 0 -7.854833076817977e-16 -1 0 -7.854833076817977e-16 -1 0 -7.854833076817977e-16 -1 7.854833076820777e-16 -7.854833076817988e-16 -1 7.854833076820777e-16 -7.854833076817988e-16 -1 7.854833076820777e-16 -7.854833076817988e-16 -1 0 -7.880969590853305e-16 -1 0 -7.880969590853305e-16 -1 0 -7.880969590853305e-16 -1 7.880969590853139e-16 -7.88096959085332e-16 -1 7.880969590853139e-16 -7.88096959085332e-16 -1 7.880969590853139e-16 -7.88096959085332e-16 -1 0 -7.907280621134195e-16 -1 0 -7.907280621134195e-16 -1 0 -7.907280621134195e-16 -1 -9.017039793909859e-16 9.017039793909235e-16 -1 -9.017039793909859e-16 9.017039793909235e-16 -1 -9.017039793909859e-16 9.017039793909235e-16 -1 -1.342335143123296e-15 1.170814541501944e-13 -1 -1.342335143123296e-15 1.170814541501944e-13 -1 -1.342335143123296e-15 1.170814541501944e-13 -1 -1.18209065101328e-13 0 -1 -1.18209065101328e-13 0 -1 -1.18209065101328e-13 0 -1 0 0 -1 0 0 -1 0 0 -1 0 0 -1 0 0 -1 0 0 -1 0 0 -1 0 0 -1 0 0 -1 0 0 -1 0 0 -1 0 0 -1 0 0 -1 0 0 -1 0 0 -1 0 0 -1 0 0 -1 0 0 -1 0 0 -1 0 0 -1 0 0 -1 1.184237892933454e-13 0 -1 1.184237892933454e-13 0 -1 1.184237892933454e-13 0 -1 0 0 -1 0 0 -1 0 0 -1 0 0 -1 0 0 -1 0 0 -1 0 0 -1 0 0 -1 0 0 -1 -8.815666696775426e-16 -8.815666696776681e-16 -1 -8.815666696775426e-16 -8.815666696776681e-16 -1 -8.815666696775426e-16 -8.815666696776681e-16 -1 -8.881784197003344e-16 -1.193119677130459e-13 -1 -8.881784197003344e-16 -1.193119677130459e-13 -1 -8.881784197003344e-16 -1.193119677130459e-13 -1 -8.881784197001209e-16 8.881784197005416e-16 -1 -8.881784197001209e-16 8.881784197005416e-16 -1 -8.881784197001209e-16 8.881784197005416e-16 -1 -1.342335143123607e-15 1.34233514312313e-15 -1 -1.342335143123607e-15 1.34233514312313e-15 -1 -1.342335143123607e-15 1.34233514312313e-15 -1 0.8660254037844361 -1.425902837569013e-15 -0.5000000000000045 0.8660254037844361 -1.425902837569013e-15 -0.5000000000000045 0.8660254037844361 -1.425902837569013e-15 -0.5000000000000045 0.8660254037844361 -1.425902837569013e-15 -0.5000000000000045 0.8660254037844361 -1.425902837569013e-15 -0.5000000000000045 0.8660254037844361 -1.425902837569013e-15 -0.5000000000000045 0.8660254037844361 -1.425902837569013e-15 -0.5000000000000045 0.8660254037844361 -1.425902837569013e-15 -0.5000000000000045 0.8660254037844361 -1.425902837569013e-15 -0.5000000000000045 0.8660254037844361 -1.425902837569013e-15 -0.5000000000000045 0.8660254037844361 -1.425902837569013e-15 -0.5000000000000045 0.8660254037844361 -1.425902837569013e-15 -0.5000000000000045 0.8660254037844361 -1.425902837569013e-15 -0.5000000000000045 0.8660254037844361 -1.425902837569013e-15 -0.5000000000000045 0.8660254037844329 -1.425902837569008e-15 0.5000000000000099 0.8660254037844329 -1.425902837569008e-15 0.5000000000000099 0.8660254037844329 -1.425902837569008e-15 0.5000000000000099 0.8660254037844329 -1.425902837569008e-15 0.5000000000000099 0.8660254037844329 -1.425902837569008e-15 0.5000000000000099 0.8660254037844329 -1.425902837569008e-15 0.5000000000000099 0.8660254037844329 -1.425902837569008e-15 0.5000000000000099 0.8660254037844329 -1.425902837569008e-15 0.5000000000000099 0.8660254037844329 -1.425902837569008e-15 0.5000000000000099 0.8660254037844329 -1.425902837569008e-15 0.5000000000000099 0.8660254037844329 -1.425902837569008e-15 0.5000000000000099 0.8660254037844329 -1.425902837569008e-15 0.5000000000000099 0.8660254037844329 -1.425902837569008e-15 0.5000000000000099 0.8660254037844329 -1.425902837569008e-15 0.5000000000000099 0.8660254037844329 -1.425902837569008e-15 0.5000000000000099 0.8660254037844329 -1.425902837569008e-15 0.5000000000000099 0 0 1 0 0 1 0 0 1 -2.362034060106598e-13 6.44172576031489e-16 1 -2.362034060106598e-13 6.44172576031489e-16 1 -2.362034060106598e-13 6.44172576031489e-16 1 6.441725760311545e-16 6.441725760311584e-16 1 6.441725760311545e-16 6.441725760311584e-16 1 6.441725760311545e-16 6.441725760311584e-16 1 -1.332267629550186e-15 -1.332267629550344e-15 1 -1.332267629550186e-15 -1.332267629550344e-15 1 -1.332267629550186e-15 -1.332267629550344e-15 1 -1.332267629550181e-15 1.332267629549708e-15 1 -1.332267629550181e-15 1.332267629549708e-15 1 -1.332267629550181e-15 1.332267629549708e-15 1 -1.342335143123614e-15 -1.342335143123589e-15 1 -1.342335143123614e-15 -1.342335143123589e-15 1 -1.342335143123614e-15 -1.342335143123589e-15 1 2.370623027787152e-13 0 1 2.370623027787152e-13 0 1 2.370623027787152e-13 0 1 -1.18209065101328e-13 0 1 -1.18209065101328e-13 0 1 -1.18209065101328e-13 0 1 -9.017039793907754e-16 1.175220853139269e-13 1 -9.017039793907754e-16 1.175220853139269e-13 1 -9.017039793907754e-16 1.175220853139269e-13 1 -1.342335143123607e-15 1.342335143123628e-15 1 -1.342335143123607e-15 1.342335143123628e-15 1 -1.342335143123607e-15 1.342335143123628e-15 1 7.854833076820984e-16 -7.854833076817988e-16 1 7.854833076820984e-16 -7.854833076817988e-16 1 7.854833076820984e-16 -7.854833076817988e-16 1 -1.184237892933458e-13 -1.182145438627763e-15 1 -1.184237892933458e-13 -1.182145438627763e-15 1 -1.184237892933458e-13 -1.182145438627763e-15 1 1.182145438627999e-15 -1.182145438627999e-15 1 1.182145438627999e-15 -1.182145438627999e-15 1 1.182145438627999e-15 -1.182145438627999e-15 1 1.184237892933597e-13 -7.907280621136067e-16 1 1.184237892933597e-13 -7.907280621136067e-16 1 1.184237892933597e-13 -7.907280621136067e-16 1 0 -7.854833076817976e-16 1 0 -7.854833076817976e-16 1 0 -7.854833076817976e-16 1 2.368475785866914e-13 0 1 2.368475785866914e-13 0 1 2.368475785866914e-13 0 1 0 0 1 0 0 1 0 0 1 0 0 1 0 0 1 0 0 1 -4.375263151232116e-16 4.375263151231967e-16 1 -4.375263151232116e-16 4.375263151231967e-16 1 -4.375263151232116e-16 4.375263151231967e-16 1 6.4417257603112e-16 6.441725760311583e-16 1 6.4417257603112e-16 6.441725760311583e-16 1 6.4417257603112e-16 6.441725760311583e-16 1 -4.407833348387716e-16 -4.407833348387978e-16 1 -4.407833348387716e-16 -4.407833348387978e-16 1 -4.407833348387716e-16 -4.407833348387978e-16 1 2.370623027787292e-13 0 1 2.370623027787292e-13 0 1 2.370623027787292e-13 0 1 0 -2.368475785867006e-13 1 0 -2.368475785867006e-13 1 0 -2.368475785867006e-13 1 -7.692372942393395e-16 0 1 -7.692372942393395e-16 0 1 -7.692372942393395e-16 0 1 0 0 1 0 0 1 0 0 1 -7.642728593906293e-16 2.360833057273669e-13 1 -7.642728593906293e-16 2.360833057273669e-13 1 -7.642728593906293e-16 2.360833057273669e-13 1 -7.642728593911832e-16 0 1 -7.642728593911832e-16 0 1 -7.642728593911832e-16 0 1 0 0 1 0 0 1 0 0 1 0 -2.368475785866432e-13 1 0 -2.368475785866432e-13 1 0 -2.368475785866432e-13 1 0 0 1 0 0 1 0 0 1 0 0 1 0 0 1 0 0 1 -4.407833348381429e-16 2.372883619216135e-13 1 -4.407833348381429e-16 2.372883619216135e-13 1 -4.407833348381429e-16 2.372883619216135e-13 1 -0.8660254037844512 1.328046760480933e-15 0.4999999999999782 -0.8660254037844512 1.328046760480933e-15 0.4999999999999782 -0.8660254037844512 1.328046760480933e-15 0.4999999999999782 -0.8660254037844512 1.328046760480933e-15 0.4999999999999782 -0.8660254037844512 1.328046760480933e-15 0.4999999999999782 -0.8660254037844512 1.328046760480933e-15 0.4999999999999782 -0.8660254037844512 1.328046760480933e-15 0.4999999999999782 -0.8660254037844512 1.328046760480933e-15 0.4999999999999782 -0.8660254037844512 1.328046760480933e-15 0.4999999999999782 -0.8660254037844512 1.328046760480933e-15 0.4999999999999782 -0.8660254037844512 1.328046760480933e-15 0.4999999999999782 -0.8660254037844512 1.328046760480933e-15 0.4999999999999782 2.629654168962485e-15 0.8660254037844299 -0.5000000000000152 2.629654168962485e-15 0.8660254037844299 -0.5000000000000152 2.629654168962485e-15 0.8660254037844299 -0.5000000000000152 2.629654168962485e-15 0.8660254037844299 -0.5000000000000152 2.629654168962485e-15 0.8660254037844299 -0.5000000000000152 2.629654168962485e-15 0.8660254037844299 -0.5000000000000152 2.629654168962485e-15 0.8660254037844299 -0.5000000000000152 2.629654168962485e-15 0.8660254037844299 -0.5000000000000152 2.629654168962485e-15 0.8660254037844299 -0.5000000000000152 2.629654168962485e-15 0.8660254037844299 -0.5000000000000152 2.629654168962485e-15 0.8660254037844299 -0.5000000000000152 2.629654168962485e-15 0.8660254037844299 -0.5000000000000152 2.629654168962485e-15 0.8660254037844299 -0.5000000000000152 2.629654168962485e-15 0.8660254037844299 -0.5000000000000152 2.629654168962485e-15 0.8660254037844299 -0.5000000000000152 2.629654168962485e-15 0.8660254037844299 -0.5000000000000152 -1.789441948791095e-15 -0.8660254037844524 -0.499999999999976 -1.789441948791095e-15 -0.8660254037844524 -0.499999999999976 -1.789441948791095e-15 -0.8660254037844524 -0.499999999999976 -1.789441948791095e-15 -0.8660254037844524 -0.499999999999976 -1.789441948791095e-15 -0.8660254037844524 -0.499999999999976 -1.789441948791095e-15 -0.8660254037844524 -0.499999999999976 -1.789441948791095e-15 -0.8660254037844524 -0.499999999999976 -1.789441948791095e-15 -0.8660254037844524 -0.499999999999976 -1.789441948791095e-15 -0.8660254037844524 -0.499999999999976 -1.789441948791095e-15 -0.8660254037844524 -0.499999999999976 -1.789441948791095e-15 -0.8660254037844524 -0.499999999999976 -1.789441948791095e-15 -0.8660254037844524 -0.499999999999976 -1.789441948791095e-15 -0.8660254037844524 -0.499999999999976 -1.789441948791095e-15 -0.8660254037844524 -0.499999999999976 -2.454936888424111e-15 -0.8660254037844399 0.4999999999999978 -2.454936888424111e-15 -0.8660254037844399 0.4999999999999978 -2.454936888424111e-15 -0.8660254037844399 0.4999999999999978 -2.454936888424111e-15 -0.8660254037844399 0.4999999999999978 -2.454936888424111e-15 -0.8660254037844399 0.4999999999999978 -2.454936888424111e-15 -0.8660254037844399 0.4999999999999978 -2.454936888424111e-15 -0.8660254037844399 0.4999999999999978 -2.454936888424111e-15 -0.8660254037844399 0.4999999999999978 -2.454936888424111e-15 -0.8660254037844399 0.4999999999999978 -2.454936888424111e-15 -0.8660254037844399 0.4999999999999978 -2.454936888424111e-15 -0.8660254037844399 0.4999999999999978 -2.454936888424111e-15 -0.8660254037844399 0.4999999999999978 -2.454936888424111e-15 -0.8660254037844399 0.4999999999999978 -2.454936888424111e-15 -0.8660254037844399 0.4999999999999978 -2.454936888424111e-15 -0.8660254037844399 0.4999999999999978 -2.454936888424111e-15 -0.8660254037844399 0.4999999999999978 2.725085167029762e-15 0.8660254037844585 0.4999999999999655 2.725085167029762e-15 0.8660254037844585 0.4999999999999655 2.725085167029762e-15 0.8660254037844585 0.4999999999999655 2.725085167029762e-15 0.8660254037844585 0.4999999999999655 2.725085167029762e-15 0.8660254037844585 0.4999999999999655 2.725085167029762e-15 0.8660254037844585 0.4999999999999655 2.725085167029762e-15 0.8660254037844585 0.4999999999999655 2.725085167029762e-15 0.8660254037844585 0.4999999999999655 2.725085167029762e-15 0.8660254037844585 0.4999999999999655 2.725085167029762e-15 0.8660254037844585 0.4999999999999655 2.725085167029762e-15 0.8660254037844585 0.4999999999999655 2.725085167029762e-15 0.8660254037844585 0.4999999999999655 2.725085167029762e-15 0.8660254037844585 0.4999999999999655 2.725085167029762e-15 0.8660254037844585 0.4999999999999655 2.725085167029762e-15 0.8660254037844585 0.4999999999999655 2.725085167029762e-15 0.8660254037844585 0.4999999999999655 -9.868649107778361e-15 -1 4.451302514776917e-15 -9.868649107778361e-15 -1 4.451302514776917e-15 -9.868649107778361e-15 -1 4.451302514776917e-15 -9.868649107778361e-15 -1 4.451302514776917e-15 -9.868649107778361e-15 -1 4.451302514776917e-15 -9.868649107778361e-15 -1 4.451302514776917e-15 -9.868649107778361e-15 -1 4.451302514776917e-15 -9.868649107778361e-15 -1 4.451302514776917e-15 -9.868649107778361e-15 -1 4.451302514776917e-15 -9.868649107778361e-15 -1 4.451302514776917e-15 -9.868649107778361e-15 -1 4.451302514776917e-15 -9.868649107778361e-15 -1 4.451302514776917e-15 -9.868649107778361e-15 -1 4.451302514776917e-15 -9.868649107778361e-15 -1 4.451302514776917e-15 -9.868649107778361e-15 -1 4.451302514776917e-15 -9.868649107778361e-15 -1 4.451302514776917e-15 -9.868649107778361e-15 -1 4.451302514776917e-15 -9.868649107778361e-15 -1 4.451302514776917e-15 -9.868649107778361e-15 -1 4.451302514776917e-15 -9.868649107778361e-15 -1 4.451302514776917e-15 -9.868649107778361e-15 -1 4.451302514776917e-15 -9.868649107778361e-15 -1 4.451302514776917e-15 -9.868649107778361e-15 -1 4.451302514776917e-15 -9.868649107778361e-15 -1 4.451302514776917e-15 -0.866025403784432 1.342955507530414e-15 -0.5000000000000116 -0.866025403784432 1.342955507530414e-15 -0.5000000000000116 -0.866025403784432 1.342955507530414e-15 -0.5000000000000116 -0.866025403784432 1.342955507530414e-15 -0.5000000000000116 -0.866025403784432 1.342955507530414e-15 -0.5000000000000116 -0.866025403784432 1.342955507530414e-15 -0.5000000000000116 -0.866025403784432 1.342955507530414e-15 -0.5000000000000116 -0.866025403784432 1.342955507530414e-15 -0.5000000000000116 -0.866025403784432 1.342955507530414e-15 -0.5000000000000116 -0.866025403784432 1.342955507530414e-15 -0.5000000000000116 -0.866025403784432 1.342955507530414e-15 -0.5000000000000116 -0.866025403784432 1.342955507530414e-15 -0.5000000000000116 -0.866025403784432 1.342955507530414e-15 -0.5000000000000116 -0.866025403784432 1.342955507530414e-15 -0.5000000000000116 0.86602540378443 -1.468399412541139e-15 -0.5000000000000148 0.86602540378443 -1.468399412541139e-15 -0.5000000000000148 0.86602540378443 -1.468399412541139e-15 -0.5000000000000148 0.86602540378443 -1.468399412541139e-15 -0.5000000000000148 0.86602540378443 -1.468399412541139e-15 -0.5000000000000148 0.86602540378443 -1.468399412541139e-15 -0.5000000000000148 0.86602540378443 -1.468399412541139e-15 -0.5000000000000148 0.86602540378443 -1.468399412541139e-15 -0.5000000000000148 0.86602540378443 -1.468399412541139e-15 -0.5000000000000148 0.86602540378443 -1.468399412541139e-15 -0.5000000000000148 0.86602540378443 -1.468399412541139e-15 -0.5000000000000148 0.86602540378443 -1.468399412541139e-15 -0.5000000000000148 0.86602540378443 -1.468399412541139e-15 -0.5000000000000148 -0.8660254037844317 1.549564047150479e-15 0.5000000000000119 -0.8660254037844317 1.549564047150479e-15 0.5000000000000119 -0.8660254037844317 1.549564047150479e-15 0.5000000000000119 -0.8660254037844317 1.549564047150479e-15 0.5000000000000119 -0.8660254037844317 1.549564047150479e-15 0.5000000000000119 -0.8660254037844317 1.549564047150479e-15 0.5000000000000119 -0.8660254037844317 1.549564047150479e-15 0.5000000000000119 -0.8660254037844317 1.549564047150479e-15 0.5000000000000119 -0.8660254037844317 1.549564047150479e-15 0.5000000000000119 -0.8660254037844317 1.549564047150479e-15 0.5000000000000119 -0.8660254037844317 1.549564047150479e-15 0.5000000000000119 -0.8660254037844317 1.549564047150479e-15 0.5000000000000119 -0.8660254037844317 1.549564047150479e-15 0.5000000000000119 -0.8660254037844317 1.549564047150479e-15 0.5000000000000119 0.866025403784431 -1.367130487538299e-15 0.5000000000000133 0.866025403784431 -1.367130487538299e-15 0.5000000000000133 0.866025403784431 -1.367130487538299e-15 0.5000000000000133 0.866025403784431 -1.367130487538299e-15 0.5000000000000133 0.866025403784431 -1.367130487538299e-15 0.5000000000000133 0.866025403784431 -1.367130487538299e-15 0.5000000000000133 0.866025403784431 -1.367130487538299e-15 0.5000000000000133 0.866025403784431 -1.367130487538299e-15 0.5000000000000133 0.866025403784431 -1.367130487538299e-15 0.5000000000000133 0.866025403784431 -1.367130487538299e-15 0.5000000000000133 0.866025403784431 -1.367130487538299e-15 0.5000000000000133 0.866025403784431 -1.367130487538299e-15 0.5000000000000133 0.866025403784431 -1.367130487538299e-15 0.5000000000000133 0.866025403784431 -1.367130487538299e-15 0.5000000000000133 -1 0 0 -1 0 0 -1 0 0 -1 0 0 -1 0 0 -1 0 0 -1 0 0 -1 0 0 -1 0 0 -1 0 0 -1 0 0 -1 0 0 -1 0 0 -1 0 0 -1 0 0 -1 0 0 -1 0 0 -1 0 0 -1 0 0 -1 0 0 -1 0 0 -1 0 0 -1 0 0 -1 0 0 2.480784435630374e-15 0.8660254037844457 -0.4999999999999878 2.480784435630374e-15 0.8660254037844457 -0.4999999999999878 2.480784435630374e-15 0.8660254037844457 -0.4999999999999878 2.480784435630374e-15 0.8660254037844457 -0.4999999999999878 2.480784435630374e-15 0.8660254037844457 -0.4999999999999878 2.480784435630374e-15 0.8660254037844457 -0.4999999999999878 2.480784435630374e-15 0.8660254037844457 -0.4999999999999878 2.480784435630374e-15 0.8660254037844457 -0.4999999999999878 2.480784435630374e-15 0.8660254037844457 -0.4999999999999878 2.480784435630374e-15 0.8660254037844457 -0.4999999999999878 2.480784435630374e-15 0.8660254037844457 -0.4999999999999878 2.480784435630374e-15 0.8660254037844457 -0.4999999999999878 -2.725939050958775e-15 -0.8660254037844328 -0.5000000000000103 -2.725939050958775e-15 -0.8660254037844328 -0.5000000000000103 -2.725939050958775e-15 -0.8660254037844328 -0.5000000000000103 -2.725939050958775e-15 -0.8660254037844328 -0.5000000000000103 -2.725939050958775e-15 -0.8660254037844328 -0.5000000000000103 -2.725939050958775e-15 -0.8660254037844328 -0.5000000000000103 -2.725939050958775e-15 -0.8660254037844328 -0.5000000000000103 -2.725939050958775e-15 -0.8660254037844328 -0.5000000000000103 -2.725939050958775e-15 -0.8660254037844328 -0.5000000000000103 -2.725939050958775e-15 -0.8660254037844328 -0.5000000000000103 -2.725939050958775e-15 -0.8660254037844328 -0.5000000000000103 -2.725939050958775e-15 -0.8660254037844328 -0.5000000000000103 -2.725939050958775e-15 -0.8660254037844328 -0.5000000000000103 -2.725939050958775e-15 -0.8660254037844328 -0.5000000000000103 2.505906303332896e-15 0.8660254037844531 0.4999999999999749 2.505906303332896e-15 0.8660254037844531 0.4999999999999749 2.505906303332896e-15 0.8660254037844531 0.4999999999999749 2.505906303332896e-15 0.8660254037844531 0.4999999999999749 2.505906303332896e-15 0.8660254037844531 0.4999999999999749 2.505906303332896e-15 0.8660254037844531 0.4999999999999749 2.505906303332896e-15 0.8660254037844531 0.4999999999999749 2.505906303332896e-15 0.8660254037844531 0.4999999999999749 2.505906303332896e-15 0.8660254037844531 0.4999999999999749 2.505906303332896e-15 0.8660254037844531 0.4999999999999749 -2.362373736876727e-15 -0.8660254037844326 0.5000000000000105 -2.362373736876727e-15 -0.8660254037844326 0.5000000000000105 -2.362373736876727e-15 -0.8660254037844326 0.5000000000000105 -2.362373736876727e-15 -0.8660254037844326 0.5000000000000105 -2.362373736876727e-15 -0.8660254037844326 0.5000000000000105 -2.362373736876727e-15 -0.8660254037844326 0.5000000000000105 -2.362373736876727e-15 -0.8660254037844326 0.5000000000000105 -2.362373736876727e-15 -0.8660254037844326 0.5000000000000105 -2.362373736876727e-15 -0.8660254037844326 0.5000000000000105 -2.362373736876727e-15 -0.8660254037844326 0.5000000000000105 -2.362373736876727e-15 -0.8660254037844326 0.5000000000000105 -2.362373736876727e-15 -0.8660254037844326 0.5000000000000105 -2.362373736876727e-15 -0.8660254037844326 0.5000000000000105 -2.362373736876727e-15 -0.8660254037844326 0.5000000000000105 -0.866025403784443 1.216211243808889e-15 -0.4999999999999925 -0.866025403784443 1.216211243808889e-15 -0.4999999999999925 -0.866025403784443 1.216211243808889e-15 -0.4999999999999925 -0.866025403784443 1.216211243808889e-15 -0.4999999999999925 -0.866025403784443 1.216211243808889e-15 -0.4999999999999925 -0.866025403784443 1.216211243808889e-15 -0.4999999999999925 -0.866025403784443 1.216211243808889e-15 -0.4999999999999925 -0.866025403784443 1.216211243808889e-15 -0.4999999999999925 -0.866025403784443 1.216211243808889e-15 -0.4999999999999925 -0.866025403784443 1.216211243808889e-15 -0.4999999999999925 -0.866025403784443 1.216211243808889e-15 -0.4999999999999925 -0.866025403784443 1.216211243808889e-15 -0.4999999999999925 -0.866025403784443 1.216211243808889e-15 -0.4999999999999925 -0.866025403784443 1.216211243808889e-15 -0.4999999999999925 -0.866025403784443 1.216211243808889e-15 -0.4999999999999925 0 0 -1 0 0 -1 0 0 -1 -1.25597131670161e-13 2.281444540111702e-16 -1 -1.25597131670161e-13 2.281444540111702e-16 -1 -1.25597131670161e-13 2.281444540111702e-16 -1 0 0 -1 0 0 -1 0 0 -1 0 0 -1 0 0 -1 0 0 -1 -4.648717098180845e-16 1.253604044143615e-13 -1 -4.648717098180845e-16 1.253604044143615e-13 -1 -4.648717098180845e-16 1.253604044143615e-13 -1 -4.407833348384559e-16 1.18864572628184e-13 -1 -4.407833348384559e-16 1.18864572628184e-13 -1 -4.407833348384559e-16 1.18864572628184e-13 -1 1.184237892933598e-13 0 -1 1.184237892933598e-13 0 -1 1.184237892933598e-13 0 -1 0 -3.914434674233018e-16 -1 0 -3.914434674233018e-16 -1 0 -3.914434674233018e-16 -1 3.914434674231135e-16 -3.914434674233025e-16 -1 3.914434674231135e-16 -3.914434674233025e-16 -1 3.914434674231135e-16 -3.914434674233025e-16 -1 0 -3.927416538408988e-16 -1 0 -3.927416538408988e-16 -1 0 -3.927416538408988e-16 -1 3.927416538410388e-16 -3.927416538408994e-16 -1 3.927416538410388e-16 -3.927416538408994e-16 -1 3.927416538410388e-16 -3.927416538408994e-16 -1 0 -3.940484795426652e-16 -1 0 -3.940484795426652e-16 -1 0 -3.940484795426652e-16 -1 3.940484795426569e-16 -3.94048479542666e-16 -1 3.940484795426569e-16 -3.94048479542666e-16 -1 3.940484795426569e-16 -3.94048479542666e-16 -1 0 -3.953640310567097e-16 -1 0 -3.953640310567097e-16 -1 0 -3.953640310567097e-16 -1 -4.50851989695493e-16 4.508519896954618e-16 -1 -4.50851989695493e-16 4.508519896954618e-16 -1 -4.50851989695493e-16 4.508519896954618e-16 -1 -9.228554108971469e-16 1.249024207132529e-13 -1 -9.228554108971469e-16 1.249024207132529e-13 -1 -9.228554108971469e-16 1.249024207132529e-13 -1 -1.255971316701609e-13 2.281444540112107e-16 -1 -1.255971316701609e-13 2.281444540112107e-16 -1 -1.255971316701609e-13 2.281444540112107e-16 -1 0 0 -1 0 0 -1 0 0 -1 0 0 -1 0 0 -1 0 0 -1 0 0 -1 0 0 -1 0 0 -1 0 0 -1 0 0 -1 0 0 -1 0 0 -1 0 0 -1 0 0 -1 0 0 -1 0 0 -1 0 0 -1 0 0 -1 0 0 -1 0 0 -1 1.258252761241794e-13 0 -1 1.258252761241794e-13 0 -1 1.258252761241794e-13 0 -1 0 0 -1 0 0 -1 0 0 -1 2.28144454011082e-16 2.281444540110352e-16 -1 2.28144454011082e-16 2.281444540110352e-16 -1 2.28144454011082e-16 2.281444540110352e-16 -1 0 0 -1 0 0 -1 0 0 -1 -4.407833348387714e-16 -4.407833348388341e-16 -1 -4.407833348387714e-16 -4.407833348388341e-16 -1 -4.407833348387714e-16 -4.407833348388341e-16 -1 -4.440892098502856e-16 -1.262693653340299e-13 -1 -4.440892098502856e-16 -1.262693653340299e-13 -1 -4.440892098502856e-16 -1.262693653340299e-13 -1 -4.440892098500605e-16 4.440892098502708e-16 -1 -4.440892098500605e-16 4.440892098502708e-16 -1 -4.440892098500605e-16 4.440892098502708e-16 -1 -9.228554108974797e-16 9.228554108971522e-16 -1 -9.228554108974797e-16 9.228554108971522e-16 -1 -9.228554108974797e-16 9.228554108971522e-16 -1 0.8660254037844379 -1.425902837569004e-15 -0.5000000000000014 0.8660254037844379 -1.425902837569004e-15 -0.5000000000000014 0.8660254037844379 -1.425902837569004e-15 -0.5000000000000014 0.8660254037844379 -1.425902837569004e-15 -0.5000000000000014 0.8660254037844379 -1.425902837569004e-15 -0.5000000000000014 0.8660254037844379 -1.425902837569004e-15 -0.5000000000000014 0.8660254037844379 -1.425902837569004e-15 -0.5000000000000014 0.8660254037844379 -1.425902837569004e-15 -0.5000000000000014 0.8660254037844379 -1.425902837569004e-15 -0.5000000000000014 0.8660254037844379 -1.425902837569004e-15 -0.5000000000000014 0.8660254037844379 -1.425902837569004e-15 -0.5000000000000014 0.8660254037844379 -1.425902837569004e-15 -0.5000000000000014 0.8660254037844379 -1.425902837569004e-15 -0.5000000000000014 0.8660254037844379 -1.425902837569004e-15 -0.5000000000000014 0.8660254037844395 -1.425902837568974e-15 0.4999999999999983 0.8660254037844395 -1.425902837568974e-15 0.4999999999999983 0.8660254037844395 -1.425902837568974e-15 0.4999999999999983 0.8660254037844395 -1.425902837568974e-15 0.4999999999999983 0.8660254037844395 -1.425902837568974e-15 0.4999999999999983 0.8660254037844395 -1.425902837568974e-15 0.4999999999999983 0.8660254037844395 -1.425902837568974e-15 0.4999999999999983 0.8660254037844395 -1.425902837568974e-15 0.4999999999999983 0.8660254037844395 -1.425902837568974e-15 0.4999999999999983 0.8660254037844395 -1.425902837568974e-15 0.4999999999999983 0.8660254037844395 -1.425902837568974e-15 0.4999999999999983 0.8660254037844395 -1.425902837568974e-15 0.4999999999999983 0.8660254037844395 -1.425902837568974e-15 0.4999999999999983 0.8660254037844395 -1.425902837568974e-15 0.4999999999999983 0.8660254037844395 -1.425902837568974e-15 0.4999999999999983 0.8660254037844395 -1.425902837568974e-15 0.4999999999999983 0 0 1 0 0 1 0 0 1 -1.179943409093247e-13 4.294483840209375e-16 1 -1.179943409093247e-13 4.294483840209375e-16 1 -1.179943409093247e-13 4.294483840209375e-16 1 4.294483840207877e-16 4.294483840207722e-16 1 4.294483840207877e-16 4.294483840207722e-16 1 4.294483840207877e-16 4.294483840207722e-16 1 -8.881784197001239e-16 -8.881784197002291e-16 1 -8.881784197001239e-16 -8.881784197002291e-16 1 -8.881784197001239e-16 -8.881784197002291e-16 1 -8.881784197001209e-16 8.881784196998054e-16 1 -8.881784197001209e-16 8.881784196998054e-16 1 -8.881784197001209e-16 8.881784196998054e-16 1 -8.948900954157426e-16 -8.948900954157263e-16 1 -8.948900954157426e-16 -8.948900954157263e-16 1 -8.948900954157426e-16 -8.948900954157263e-16 1 1.186385134853628e-13 0 1 1.186385134853628e-13 0 1 1.186385134853628e-13 0 1 -1.18209065101328e-13 0 1 -1.18209065101328e-13 0 1 -1.18209065101328e-13 0 1 -4.50851989695281e-16 1.179729373036223e-13 1 -4.50851989695281e-16 1.179729373036223e-13 1 -4.50851989695281e-16 1.179729373036223e-13 1 -8.948900954157377e-16 8.948900954157691e-16 1 -8.948900954157377e-16 8.948900954157691e-16 1 -8.948900954157377e-16 8.948900954157691e-16 1 3.927416538410492e-16 -3.927416538408994e-16 1 3.927416538410492e-16 -3.927416538408994e-16 1 3.927416538410492e-16 -3.927416538408994e-16 1 -1.184237892933457e-13 -7.880969590850977e-16 1 -1.184237892933457e-13 -7.880969590850977e-16 1 -1.184237892933457e-13 -7.880969590850977e-16 1 7.880969590853327e-16 -7.880969590853327e-16 1 7.880969590853327e-16 -7.880969590853327e-16 1 7.880969590853327e-16 -7.880969590853327e-16 1 1.184237892933597e-13 -3.953640310568971e-16 1 1.184237892933597e-13 -3.953640310568971e-16 1 1.184237892933597e-13 -3.953640310568971e-16 1 0 -3.927416538408988e-16 1 0 -3.927416538408988e-16 1 0 -3.927416538408988e-16 1 1.184237892933457e-13 0 1 1.184237892933457e-13 0 1 1.184237892933457e-13 0 1 0 0 1 0 0 1 0 0 1 0 0 1 0 0 1 0 0 1 -4.375263151232116e-16 4.375263151231967e-16 1 -4.375263151232116e-16 4.375263151231967e-16 1 -4.375263151232116e-16 4.375263151231967e-16 1 4.294483840207468e-16 4.294483840207722e-16 1 4.294483840207468e-16 4.294483840207722e-16 1 4.294483840207468e-16 4.294483840207722e-16 1 -4.407833348387716e-16 -4.407833348387978e-16 1 -4.407833348387716e-16 -4.407833348387978e-16 1 -4.407833348387716e-16 -4.407833348387978e-16 1 1.186385134853698e-13 0 1 1.186385134853698e-13 0 1 1.186385134853698e-13 0 1 0 -1.184237892933503e-13 1 0 -1.184237892933503e-13 1 0 -1.184237892933503e-13 1 -3.846186471196697e-16 0 1 -3.846186471196697e-16 0 1 -3.846186471196697e-16 0 1 0 0 1 0 0 1 0 0 1 -3.821364296953146e-16 1.180416528636834e-13 1 -3.821364296953146e-16 1.180416528636834e-13 1 -3.821364296953146e-16 1.180416528636834e-13 1 -3.821364296955916e-16 0 1 -3.821364296955916e-16 0 1 -3.821364296955916e-16 0 1 0 0 1 0 0 1 0 0 1 0 -1.184237892933216e-13 1 0 -1.184237892933216e-13 1 0 -1.184237892933216e-13 1 0 0 1 0 0 1 0 0 1 0 0 1 0 0 1 0 0 1 -4.407833348384561e-16 1.188645726282262e-13 1 -4.407833348384561e-16 1.188645726282262e-13 1 -4.407833348384561e-16 1.188645726282262e-13 1 -0.8660254037844539 1.32804676048092e-15 0.4999999999999735 -0.8660254037844539 1.32804676048092e-15 0.4999999999999735 -0.8660254037844539 1.32804676048092e-15 0.4999999999999735 -0.8660254037844539 1.32804676048092e-15 0.4999999999999735 -0.8660254037844539 1.32804676048092e-15 0.4999999999999735 -0.8660254037844539 1.32804676048092e-15 0.4999999999999735 -0.8660254037844539 1.32804676048092e-15 0.4999999999999735 -0.8660254037844539 1.32804676048092e-15 0.4999999999999735 -0.8660254037844539 1.32804676048092e-15 0.4999999999999735 -0.8660254037844539 1.32804676048092e-15 0.4999999999999735 -0.8660254037844539 1.32804676048092e-15 0.4999999999999735 -0.8660254037844539 1.32804676048092e-15 0.4999999999999735 2.55896454076457e-15 0.8660254037844296 -0.5000000000000156 2.55896454076457e-15 0.8660254037844296 -0.5000000000000156 2.55896454076457e-15 0.8660254037844296 -0.5000000000000156 2.55896454076457e-15 0.8660254037844296 -0.5000000000000156 2.55896454076457e-15 0.8660254037844296 -0.5000000000000156 2.55896454076457e-15 0.8660254037844296 -0.5000000000000156 2.55896454076457e-15 0.8660254037844296 -0.5000000000000156 2.55896454076457e-15 0.8660254037844296 -0.5000000000000156 2.55896454076457e-15 0.8660254037844296 -0.5000000000000156 2.55896454076457e-15 0.8660254037844296 -0.5000000000000156 2.55896454076457e-15 0.8660254037844296 -0.5000000000000156 2.55896454076457e-15 0.8660254037844296 -0.5000000000000156 2.55896454076457e-15 0.8660254037844296 -0.5000000000000156 2.55896454076457e-15 0.8660254037844296 -0.5000000000000156 2.55896454076457e-15 0.8660254037844296 -0.5000000000000156 2.55896454076457e-15 0.8660254037844296 -0.5000000000000156 -1.693314901955232e-15 -0.8660254037844489 -0.4999999999999823 -1.693314901955232e-15 -0.8660254037844489 -0.4999999999999823 -1.693314901955232e-15 -0.8660254037844489 -0.4999999999999823 -1.693314901955232e-15 -0.8660254037844489 -0.4999999999999823 -1.693314901955232e-15 -0.8660254037844489 -0.4999999999999823 -1.693314901955232e-15 -0.8660254037844489 -0.4999999999999823 -1.693314901955232e-15 -0.8660254037844489 -0.4999999999999823 -1.693314901955232e-15 -0.8660254037844489 -0.4999999999999823 -1.693314901955232e-15 -0.8660254037844489 -0.4999999999999823 -1.693314901955232e-15 -0.8660254037844489 -0.4999999999999823 -1.693314901955232e-15 -0.8660254037844489 -0.4999999999999823 -1.693314901955232e-15 -0.8660254037844489 -0.4999999999999823 -1.693314901955232e-15 -0.8660254037844489 -0.4999999999999823 -1.693314901955232e-15 -0.8660254037844489 -0.4999999999999823 -2.329232288715617e-15 -0.8660254037844435 0.4999999999999915 -2.329232288715617e-15 -0.8660254037844435 0.4999999999999915 -2.329232288715617e-15 -0.8660254037844435 0.4999999999999915 -2.329232288715617e-15 -0.8660254037844435 0.4999999999999915 -2.329232288715617e-15 -0.8660254037844435 0.4999999999999915 -2.329232288715617e-15 -0.8660254037844435 0.4999999999999915 -2.329232288715617e-15 -0.8660254037844435 0.4999999999999915 -2.329232288715617e-15 -0.8660254037844435 0.4999999999999915 -2.329232288715617e-15 -0.8660254037844435 0.4999999999999915 -2.329232288715617e-15 -0.8660254037844435 0.4999999999999915 -2.329232288715617e-15 -0.8660254037844435 0.4999999999999915 -2.329232288715617e-15 -0.8660254037844435 0.4999999999999915 -2.329232288715617e-15 -0.8660254037844435 0.4999999999999915 -2.329232288715617e-15 -0.8660254037844435 0.4999999999999915 -2.329232288715617e-15 -0.8660254037844435 0.4999999999999915 -2.329232288715617e-15 -0.8660254037844435 0.4999999999999915 2.728619648439588e-15 0.866025403784466 0.4999999999999527 2.728619648439588e-15 0.866025403784466 0.4999999999999527 2.728619648439588e-15 0.866025403784466 0.4999999999999527 2.728619648439588e-15 0.866025403784466 0.4999999999999527 2.728619648439588e-15 0.866025403784466 0.4999999999999527 2.728619648439588e-15 0.866025403784466 0.4999999999999527 2.728619648439588e-15 0.866025403784466 0.4999999999999527 2.728619648439588e-15 0.866025403784466 0.4999999999999527 2.728619648439588e-15 0.866025403784466 0.4999999999999527 2.728619648439588e-15 0.866025403784466 0.4999999999999527 2.728619648439588e-15 0.866025403784466 0.4999999999999527 2.728619648439588e-15 0.866025403784466 0.4999999999999527 2.728619648439588e-15 0.866025403784466 0.4999999999999527 2.728619648439588e-15 0.866025403784466 0.4999999999999527 2.728619648439588e-15 0.866025403784466 0.4999999999999527 2.728619648439588e-15 0.866025403784466 0.4999999999999527 -9.868649107777974e-15 -1 4.451302514776817e-15 -9.868649107777974e-15 -1 4.451302514776817e-15 -9.868649107777974e-15 -1 4.451302514776817e-15 -9.868649107777974e-15 -1 4.451302514776817e-15 -9.868649107777974e-15 -1 4.451302514776817e-15 -9.868649107777974e-15 -1 4.451302514776817e-15 -9.868649107777974e-15 -1 4.451302514776817e-15 -9.868649107777974e-15 -1 4.451302514776817e-15 -9.868649107777974e-15 -1 4.451302514776817e-15 -9.868649107777974e-15 -1 4.451302514776817e-15 -9.868649107777974e-15 -1 4.451302514776817e-15 -9.868649107777974e-15 -1 4.451302514776817e-15 -9.868649107777974e-15 -1 4.451302514776817e-15 -9.868649107777974e-15 -1 4.451302514776817e-15 -9.868649107777974e-15 -1 4.451302514776817e-15 -9.868649107777974e-15 -1 4.451302514776817e-15 -9.868649107777974e-15 -1 4.451302514776817e-15 -9.868649107777974e-15 -1 4.451302514776817e-15 -9.868649107777974e-15 -1 4.451302514776817e-15 -9.868649107777974e-15 -1 4.451302514776817e-15 -9.868649107777974e-15 -1 4.451302514776817e-15 -9.868649107777974e-15 -1 4.451302514776817e-15 -9.868649107777974e-15 -1 4.451302514776817e-15 -9.868649107777974e-15 -1 4.451302514776817e-15 -0.8660254037844279 1.291303372625417e-15 -0.5000000000000187 -0.8660254037844279 1.291303372625417e-15 -0.5000000000000187 -0.8660254037844279 1.291303372625417e-15 -0.5000000000000187 -0.8660254037844279 1.291303372625417e-15 -0.5000000000000187 -0.8660254037844279 1.291303372625417e-15 -0.5000000000000187 -0.8660254037844279 1.291303372625417e-15 -0.5000000000000187 -0.8660254037844279 1.291303372625417e-15 -0.5000000000000187 -0.8660254037844279 1.291303372625417e-15 -0.5000000000000187 -0.8660254037844279 1.291303372625417e-15 -0.5000000000000187 -0.8660254037844279 1.291303372625417e-15 -0.5000000000000187 -0.8660254037844279 1.291303372625417e-15 -0.5000000000000187 -0.8660254037844279 1.291303372625417e-15 -0.5000000000000187 -0.8660254037844279 1.291303372625417e-15 -0.5000000000000187 -0.8660254037844279 1.291303372625417e-15 -0.5000000000000187 0.86602540378443 -1.569668337543977e-15 -0.5000000000000148 0.86602540378443 -1.569668337543977e-15 -0.5000000000000148 0.86602540378443 -1.569668337543977e-15 -0.5000000000000148 0.86602540378443 -1.569668337543977e-15 -0.5000000000000148 0.86602540378443 -1.569668337543977e-15 -0.5000000000000148 0.86602540378443 -1.569668337543977e-15 -0.5000000000000148 0.86602540378443 -1.569668337543977e-15 -0.5000000000000148 0.86602540378443 -1.569668337543977e-15 -0.5000000000000148 0.86602540378443 -1.569668337543977e-15 -0.5000000000000148 0.86602540378443 -1.569668337543977e-15 -0.5000000000000148 0.86602540378443 -1.569668337543977e-15 -0.5000000000000148 0.86602540378443 -1.569668337543977e-15 -0.5000000000000148 0.86602540378443 -1.569668337543977e-15 -0.5000000000000148 -0.8660254037844359 1.549564047150457e-15 0.5000000000000048 -0.8660254037844359 1.549564047150457e-15 0.5000000000000048 -0.8660254037844359 1.549564047150457e-15 0.5000000000000048 -0.8660254037844359 1.549564047150457e-15 0.5000000000000048 -0.8660254037844359 1.549564047150457e-15 0.5000000000000048 -0.8660254037844359 1.549564047150457e-15 0.5000000000000048 -0.8660254037844359 1.549564047150457e-15 0.5000000000000048 -0.8660254037844359 1.549564047150457e-15 0.5000000000000048 -0.8660254037844359 1.549564047150457e-15 0.5000000000000048 -0.8660254037844359 1.549564047150457e-15 0.5000000000000048 -0.8660254037844359 1.549564047150457e-15 0.5000000000000048 -0.8660254037844359 1.549564047150457e-15 0.5000000000000048 -0.8660254037844359 1.549564047150457e-15 0.5000000000000048 -0.8660254037844359 1.549564047150457e-15 0.5000000000000048 0.8660254037844383 -1.468399412541099e-15 0.5000000000000006 0.8660254037844383 -1.468399412541099e-15 0.5000000000000006 0.8660254037844383 -1.468399412541099e-15 0.5000000000000006 0.8660254037844383 -1.468399412541099e-15 0.5000000000000006 0.8660254037844383 -1.468399412541099e-15 0.5000000000000006 0.8660254037844383 -1.468399412541099e-15 0.5000000000000006 0.8660254037844383 -1.468399412541099e-15 0.5000000000000006 0.8660254037844383 -1.468399412541099e-15 0.5000000000000006 0.8660254037844383 -1.468399412541099e-15 0.5000000000000006 0.8660254037844383 -1.468399412541099e-15 0.5000000000000006 0.8660254037844383 -1.468399412541099e-15 0.5000000000000006 0.8660254037844383 -1.468399412541099e-15 0.5000000000000006 0.8660254037844383 -1.468399412541099e-15 0.5000000000000006 0.8660254037844383 -1.468399412541099e-15 0.5000000000000006 -1 0 0 -1 0 0 -1 0 0 -1 0 0 -1 0 0 -1 0 0 -1 0 0 -1 0 0 -1 0 0 -1 0 0 -1 0 0 -1 0 0 -1 0 0 -1 0 0 -1 0 0 -1 0 0 -1 0 0 -1 0 0 -1 0 0 -1 0 0 -1 0 0 -1 0 0 -1 0 0 -1 0 0 2.424260233299555e-15 0.8660254037844457 -0.4999999999999878 2.424260233299555e-15 0.8660254037844457 -0.4999999999999878 2.424260233299555e-15 0.8660254037844457 -0.4999999999999878 2.424260233299555e-15 0.8660254037844457 -0.4999999999999878 2.424260233299555e-15 0.8660254037844457 -0.4999999999999878 2.424260233299555e-15 0.8660254037844457 -0.4999999999999878 2.424260233299555e-15 0.8660254037844457 -0.4999999999999878 2.424260233299555e-15 0.8660254037844457 -0.4999999999999878 2.424260233299555e-15 0.8660254037844457 -0.4999999999999878 2.424260233299555e-15 0.8660254037844457 -0.4999999999999878 2.424260233299555e-15 0.8660254037844457 -0.4999999999999878 2.424260233299555e-15 0.8660254037844457 -0.4999999999999878 -2.65817865694145e-15 -0.8660254037844327 -0.5000000000000102 -2.65817865694145e-15 -0.8660254037844327 -0.5000000000000102 -2.65817865694145e-15 -0.8660254037844327 -0.5000000000000102 -2.65817865694145e-15 -0.8660254037844327 -0.5000000000000102 -2.65817865694145e-15 -0.8660254037844327 -0.5000000000000102 -2.65817865694145e-15 -0.8660254037844327 -0.5000000000000102 -2.65817865694145e-15 -0.8660254037844327 -0.5000000000000102 -2.65817865694145e-15 -0.8660254037844327 -0.5000000000000102 -2.65817865694145e-15 -0.8660254037844327 -0.5000000000000102 -2.65817865694145e-15 -0.8660254037844327 -0.5000000000000102 -2.65817865694145e-15 -0.8660254037844327 -0.5000000000000102 -2.65817865694145e-15 -0.8660254037844327 -0.5000000000000102 -2.65817865694145e-15 -0.8660254037844327 -0.5000000000000102 -2.65817865694145e-15 -0.8660254037844327 -0.5000000000000102 2.480784435630278e-15 0.8660254037844568 0.4999999999999685 2.480784435630278e-15 0.8660254037844568 0.4999999999999685 2.480784435630278e-15 0.8660254037844568 0.4999999999999685 2.480784435630278e-15 0.8660254037844568 0.4999999999999685 2.480784435630278e-15 0.8660254037844568 0.4999999999999685 2.480784435630278e-15 0.8660254037844568 0.4999999999999685 2.480784435630278e-15 0.8660254037844568 0.4999999999999685 2.480784435630278e-15 0.8660254037844568 0.4999999999999685 2.480784435630278e-15 0.8660254037844568 0.4999999999999685 2.480784435630278e-15 0.8660254037844568 0.4999999999999685 -2.322333504048248e-15 -0.86602540378444 0.4999999999999976 -2.322333504048248e-15 -0.86602540378444 0.4999999999999976 -2.322333504048248e-15 -0.86602540378444 0.4999999999999976 -2.322333504048248e-15 -0.86602540378444 0.4999999999999976 -2.322333504048248e-15 -0.86602540378444 0.4999999999999976 -2.322333504048248e-15 -0.86602540378444 0.4999999999999976 -2.322333504048248e-15 -0.86602540378444 0.4999999999999976 -2.322333504048248e-15 -0.86602540378444 0.4999999999999976 -2.322333504048248e-15 -0.86602540378444 0.4999999999999976 -2.322333504048248e-15 -0.86602540378444 0.4999999999999976 -2.322333504048248e-15 -0.86602540378444 0.4999999999999976 -2.322333504048248e-15 -0.86602540378444 0.4999999999999976 -2.322333504048248e-15 -0.86602540378444 0.4999999999999976 -2.322333504048248e-15 -0.86602540378444 0.4999999999999976 -0.8660254037844457 1.188252364640858e-15 -0.4999999999999877 -0.8660254037844457 1.188252364640858e-15 -0.4999999999999877 -0.8660254037844457 1.188252364640858e-15 -0.4999999999999877 -0.8660254037844457 1.188252364640858e-15 -0.4999999999999877 -0.8660254037844457 1.188252364640858e-15 -0.4999999999999877 -0.8660254037844457 1.188252364640858e-15 -0.4999999999999877 -0.8660254037844457 1.188252364640858e-15 -0.4999999999999877 -0.8660254037844457 1.188252364640858e-15 -0.4999999999999877 -0.8660254037844457 1.188252364640858e-15 -0.4999999999999877 -0.8660254037844457 1.188252364640858e-15 -0.4999999999999877 -0.8660254037844457 1.188252364640858e-15 -0.4999999999999877 -0.8660254037844457 1.188252364640858e-15 -0.4999999999999877 -0.8660254037844457 1.188252364640858e-15 -0.4999999999999877 -0.8660254037844457 1.188252364640858e-15 -0.4999999999999877 -0.8660254037844457 1.188252364640858e-15 -0.4999999999999877 0 0 -1 0 0 -1 0 0 -1 -2.401121634870725e-13 4.36158515021355e-16 -1 -2.401121634870725e-13 4.36158515021355e-16 -1 -2.401121634870725e-13 4.36158515021355e-16 -1 0 0 -1 0 0 -1 0 0 -1 0 0 -1 0 0 -1 0 0 -1 -8.887253275933968e-16 2.396595966745147e-13 -1 -8.887253275933968e-16 2.396595966745147e-13 -1 -8.887253275933968e-16 2.396595966745147e-13 -1 0 0 -1 0 0 -1 0 0 -1 0 0 -1 0 0 -1 0 0 -1 0 0 -1 0 0 -1 0 0 -1 0 0 -1 0 0 -1 0 0 -1 0 0 -1 0 0 -1 0 0 -1 0 0 -1 0 0 -1 0 0 -1 0 0 -1 0 0 -1 0 0 -1 1.221245327087628e-13 0 -1 1.221245327087628e-13 0 -1 1.221245327087628e-13 0 -1 0 -4.07719157027232e-16 -1 0 -4.07719157027232e-16 -1 0 -4.07719157027232e-16 -1 -4.64941114373257e-16 1.225894738231358e-13 -1 -4.64941114373257e-16 1.225894738231358e-13 -1 -4.64941114373257e-16 1.225894738231358e-13 -1 0 0 -1 0 0 -1 0 0 -1 0 0 -1 0 0 -1 0 0 -1 0 0 -1 0 0 -1 0 0 -1 0 0 -1 0 0 -1 0 0 -1 0 0 -1 0 0 -1 0 0 -1 0 0 -1 0 0 -1 0 0 -1 0 0 -1 0 0 -1 0 0 -1 0 0 -1 0 0 -1 0 0 -1 0 0 -1 0 0 -1 0 0 -1 0 0 -1 0 0 -1 0 0 -1 0 0 -1 0 0 -1 0 0 -1 0 0 -1 0 0 -1 0 0 -1 0 0 -1 0 0 -1 0 0 -1 0 0 -1 0 0 -1 0 0 -1 0 0 -1 0 0 -1 0 0 -1 0 0 -1 0 0 -1 0 0 -1 0 0 -1 0 0 -1 0 0 -1 0.8660254037844437 -1.383964518816947e-15 -0.4999999999999913 0.8660254037844437 -1.383964518816947e-15 -0.4999999999999913 0.8660254037844437 -1.383964518816947e-15 -0.4999999999999913 0.8660254037844437 -1.383964518816947e-15 -0.4999999999999913 0.8660254037844437 -1.383964518816947e-15 -0.4999999999999913 0.8660254037844437 -1.383964518816947e-15 -0.4999999999999913 0.8660254037844437 -1.383964518816947e-15 -0.4999999999999913 0.8660254037844437 -1.383964518816947e-15 -0.4999999999999913 0.8660254037844437 -1.383964518816947e-15 -0.4999999999999913 0.8660254037844437 -1.383964518816947e-15 -0.4999999999999913 0.8660254037844437 -1.383964518816947e-15 -0.4999999999999913 0.8660254037844437 -1.383964518816947e-15 -0.4999999999999913 0.8660254037844437 -1.383964518816947e-15 -0.4999999999999913 0.8660254037844437 -1.383964518816947e-15 -0.4999999999999913 0.8660254037844329 -1.383964518816978e-15 0.5000000000000099 0.8660254037844329 -1.383964518816978e-15 0.5000000000000099 0.8660254037844329 -1.383964518816978e-15 0.5000000000000099 0.8660254037844329 -1.383964518816978e-15 0.5000000000000099 0.8660254037844329 -1.383964518816978e-15 0.5000000000000099 0.8660254037844329 -1.383964518816978e-15 0.5000000000000099 0.8660254037844329 -1.383964518816978e-15 0.5000000000000099 0.8660254037844329 -1.383964518816978e-15 0.5000000000000099 0.8660254037844329 -1.383964518816978e-15 0.5000000000000099 0.8660254037844329 -1.383964518816978e-15 0.5000000000000099 0.8660254037844329 -1.383964518816978e-15 0.5000000000000099 0.8660254037844329 -1.383964518816978e-15 0.5000000000000099 0.8660254037844329 -1.383964518816978e-15 0.5000000000000099 0.8660254037844329 -1.383964518816978e-15 0.5000000000000099 0.8660254037844329 -1.383964518816978e-15 0.5000000000000099 0.8660254037844329 -1.383964518816978e-15 0.5000000000000099 -1.18209065101335e-13 0 1 -1.18209065101335e-13 0 1 -1.18209065101335e-13 0 1 0 0 1 0 0 1 0 0 1 1.184237892933454e-13 0 1 1.184237892933454e-13 0 1 1.184237892933454e-13 0 1 0 1.184237892933598e-13 1 0 1.184237892933598e-13 1 0 1.184237892933598e-13 1 0 1.258252761241496e-13 1 0 1.258252761241496e-13 1 0 1.258252761241496e-13 1 -9.228554108978025e-16 -1.193466447042434e-13 1 -9.228554108978025e-16 -1.193466447042434e-13 1 -9.228554108978025e-16 -1.193466447042434e-13 1 0 0 1 0 0 1 0 0 1 -1.18209065101328e-13 0 1 -1.18209065101328e-13 0 1 -1.18209065101328e-13 0 1 -4.790302390512494e-16 1.179447590542663e-13 1 -4.790302390512494e-16 1.179447590542663e-13 1 -4.790302390512494e-16 1.179447590542663e-13 1 -9.228554108974799e-16 9.228554108974517e-16 1 -9.228554108974799e-16 9.228554108974517e-16 1 -9.228554108974799e-16 9.228554108974517e-16 1 1.258252761241947e-13 0 1 1.258252761241947e-13 0 1 1.258252761241947e-13 0 1 0 -4.186765095140821e-16 1 0 -4.186765095140821e-16 1 0 -4.186765095140821e-16 1 4.186765095140829e-16 -4.186765095140829e-16 1 4.186765095140829e-16 -4.186765095140829e-16 1 4.186765095140829e-16 -4.186765095140829e-16 1 0 -4.200742829977541e-16 1 0 -4.200742829977541e-16 1 0 -4.200742829977541e-16 1 0 0 1 0 0 1 0 0 1 0 0 1 0 0 1 0 0 1 0 0 1 0 0 1 0 0 1 0 0 1 0 0 1 0 0 1 -4.375263151232116e-16 4.375263151231967e-16 1 -4.375263151232116e-16 4.375263151231967e-16 1 -4.375263151232116e-16 4.375263151231967e-16 1 4.428686460213951e-16 4.428686460214214e-16 1 4.428686460213951e-16 4.428686460214214e-16 1 4.428686460213951e-16 4.428686460214214e-16 1 -4.407833348387716e-16 -4.407833348387978e-16 1 -4.407833348387716e-16 -4.407833348387978e-16 1 -4.407833348387716e-16 -4.407833348387978e-16 1 1.260400003162047e-13 0 1 1.260400003162047e-13 0 1 1.260400003162047e-13 0 1 0 -1.258252761241847e-13 1 0 -1.258252761241847e-13 1 0 -1.258252761241847e-13 1 -4.086573125646491e-16 0 1 -4.086573125646491e-16 0 1 -4.086573125646491e-16 0 1 0 0 1 0 0 1 0 0 1 0 0 1 0 0 1 0 0 1 0 0 1 0 0 1 0 0 1 0 0 1 0 0 1 0 0 1 0 0 1 0 0 1 0 0 1 0 0 1 0 0 1 0 0 1 0 0 1 0 0 1 0 0 1 -4.407833348387693e-16 4.40783334838936e-16 1 -4.407833348387693e-16 4.40783334838936e-16 1 -4.407833348387693e-16 4.40783334838936e-16 1 -0.8660254037844463 1.439882277153036e-15 0.4999999999999867 -0.8660254037844463 1.439882277153036e-15 0.4999999999999867 -0.8660254037844463 1.439882277153036e-15 0.4999999999999867 -0.8660254037844463 1.439882277153036e-15 0.4999999999999867 -0.8660254037844463 1.439882277153036e-15 0.4999999999999867 -0.8660254037844463 1.439882277153036e-15 0.4999999999999867 -0.8660254037844463 1.439882277153036e-15 0.4999999999999867 -0.8660254037844463 1.439882277153036e-15 0.4999999999999867 -0.8660254037844463 1.439882277153036e-15 0.4999999999999867 -0.8660254037844463 1.439882277153036e-15 0.4999999999999867 -0.8660254037844463 1.439882277153036e-15 0.4999999999999867 -0.8660254037844463 1.439882277153036e-15 0.4999999999999867 2.670300705176253e-15 0.8660254037844334 -0.5000000000000091 2.670300705176253e-15 0.8660254037844334 -0.5000000000000091 2.670300705176253e-15 0.8660254037844334 -0.5000000000000091 2.670300705176253e-15 0.8660254037844334 -0.5000000000000091 2.670300705176253e-15 0.8660254037844334 -0.5000000000000091 2.670300705176253e-15 0.8660254037844334 -0.5000000000000091 2.670300705176253e-15 0.8660254037844334 -0.5000000000000091 2.670300705176253e-15 0.8660254037844334 -0.5000000000000091 2.670300705176253e-15 0.8660254037844334 -0.5000000000000091 2.670300705176253e-15 0.8660254037844334 -0.5000000000000091 2.670300705176253e-15 0.8660254037844334 -0.5000000000000091 2.670300705176253e-15 0.8660254037844334 -0.5000000000000091 2.670300705176253e-15 0.8660254037844334 -0.5000000000000091 2.670300705176253e-15 0.8660254037844334 -0.5000000000000091 2.670300705176253e-15 0.8660254037844334 -0.5000000000000091 2.670300705176253e-15 0.8660254037844334 -0.5000000000000091 -1.835656875154477e-15 -0.8660254037844564 -0.4999999999999693 -1.835656875154477e-15 -0.8660254037844564 -0.4999999999999693 -1.835656875154477e-15 -0.8660254037844564 -0.4999999999999693 -1.835656875154477e-15 -0.8660254037844564 -0.4999999999999693 -1.835656875154477e-15 -0.8660254037844564 -0.4999999999999693 -1.835656875154477e-15 -0.8660254037844564 -0.4999999999999693 -1.835656875154477e-15 -0.8660254037844564 -0.4999999999999693 -1.835656875154477e-15 -0.8660254037844564 -0.4999999999999693 -1.835656875154477e-15 -0.8660254037844564 -0.4999999999999693 -1.835656875154477e-15 -0.8660254037844564 -0.4999999999999693 -1.835656875154477e-15 -0.8660254037844564 -0.4999999999999693 -1.835656875154477e-15 -0.8660254037844564 -0.4999999999999693 -1.835656875154477e-15 -0.8660254037844564 -0.4999999999999693 -1.835656875154477e-15 -0.8660254037844564 -0.4999999999999693 -2.554761129369101e-15 -0.8660254037844359 0.5000000000000046 -2.554761129369101e-15 -0.8660254037844359 0.5000000000000046 -2.554761129369101e-15 -0.8660254037844359 0.5000000000000046 -2.554761129369101e-15 -0.8660254037844359 0.5000000000000046 -2.554761129369101e-15 -0.8660254037844359 0.5000000000000046 -2.554761129369101e-15 -0.8660254037844359 0.5000000000000046 -2.554761129369101e-15 -0.8660254037844359 0.5000000000000046 -2.554761129369101e-15 -0.8660254037844359 0.5000000000000046 -2.554761129369101e-15 -0.8660254037844359 0.5000000000000046 -2.554761129369101e-15 -0.8660254037844359 0.5000000000000046 -2.554761129369101e-15 -0.8660254037844359 0.5000000000000046 -2.554761129369101e-15 -0.8660254037844359 0.5000000000000046 -2.554761129369101e-15 -0.8660254037844359 0.5000000000000046 -2.554761129369101e-15 -0.8660254037844359 0.5000000000000046 -2.554761129369101e-15 -0.8660254037844359 0.5000000000000046 -2.554761129369101e-15 -0.8660254037844359 0.5000000000000046 2.622585206142785e-15 0.8660254037844581 0.4999999999999664 2.622585206142785e-15 0.8660254037844581 0.4999999999999664 2.622585206142785e-15 0.8660254037844581 0.4999999999999664 2.622585206142785e-15 0.8660254037844581 0.4999999999999664 2.622585206142785e-15 0.8660254037844581 0.4999999999999664 2.622585206142785e-15 0.8660254037844581 0.4999999999999664 2.622585206142785e-15 0.8660254037844581 0.4999999999999664 2.622585206142785e-15 0.8660254037844581 0.4999999999999664 2.622585206142785e-15 0.8660254037844581 0.4999999999999664 2.622585206142785e-15 0.8660254037844581 0.4999999999999664 2.622585206142785e-15 0.8660254037844581 0.4999999999999664 2.622585206142785e-15 0.8660254037844581 0.4999999999999664 2.622585206142785e-15 0.8660254037844581 0.4999999999999664 2.622585206142785e-15 0.8660254037844581 0.4999999999999664 2.622585206142785e-15 0.8660254037844581 0.4999999999999664 2.622585206142785e-15 0.8660254037844581 0.4999999999999664 -9.868649107780903e-15 -1 4.451302514776884e-15 -9.868649107780903e-15 -1 4.451302514776884e-15 -9.868649107780903e-15 -1 4.451302514776884e-15 -9.868649107780903e-15 -1 4.451302514776884e-15 -9.868649107780903e-15 -1 4.451302514776884e-15 -9.868649107780903e-15 -1 4.451302514776884e-15 -9.868649107780903e-15 -1 4.451302514776884e-15 -9.868649107780903e-15 -1 4.451302514776884e-15 -9.868649107780903e-15 -1 4.451302514776884e-15 -9.868649107780903e-15 -1 4.451302514776884e-15 -9.868649107780903e-15 -1 4.451302514776884e-15 -9.868649107780903e-15 -1 4.451302514776884e-15 -9.868649107780903e-15 -1 4.451302514776884e-15 -9.868649107780903e-15 -1 4.451302514776884e-15 -9.868649107780903e-15 -1 4.451302514776884e-15 -9.868649107780903e-15 -1 4.451302514776884e-15 -9.868649107780903e-15 -1 4.451302514776884e-15 -9.868649107780903e-15 -1 4.451302514776884e-15 -9.868649107780903e-15 -1 4.451302514776884e-15 -9.868649107780903e-15 -1 4.451302514776884e-15 -9.868649107780903e-15 -1 4.451302514776884e-15 -9.868649107780903e-15 -1 4.451302514776884e-15 -9.868649107780903e-15 -1 4.451302514776884e-15 -9.868649107780903e-15 -1 4.451302514776884e-15 -0.8660254037844357 1.291303372625382e-15 -0.5000000000000052 -0.8660254037844357 1.291303372625382e-15 -0.5000000000000052 -0.8660254037844357 1.291303372625382e-15 -0.5000000000000052 -0.8660254037844357 1.291303372625382e-15 -0.5000000000000052 -0.8660254037844357 1.291303372625382e-15 -0.5000000000000052 -0.8660254037844357 1.291303372625382e-15 -0.5000000000000052 -0.8660254037844357 1.291303372625382e-15 -0.5000000000000052 -0.8660254037844357 1.291303372625382e-15 -0.5000000000000052 -0.8660254037844357 1.291303372625382e-15 -0.5000000000000052 -0.8660254037844357 1.291303372625382e-15 -0.5000000000000052 -0.8660254037844357 1.291303372625382e-15 -0.5000000000000052 -0.8660254037844357 1.291303372625382e-15 -0.5000000000000052 -0.8660254037844357 1.291303372625382e-15 -0.5000000000000052 -0.8660254037844357 1.291303372625382e-15 -0.5000000000000052 0.866025403784439 -1.417764950039677e-15 -0.4999999999999995 0.866025403784439 -1.417764950039677e-15 -0.4999999999999995 0.866025403784439 -1.417764950039677e-15 -0.4999999999999995 0.866025403784439 -1.417764950039677e-15 -0.4999999999999995 0.866025403784439 -1.417764950039677e-15 -0.4999999999999995 0.866025403784439 -1.417764950039677e-15 -0.4999999999999995 0.866025403784439 -1.417764950039677e-15 -0.4999999999999995 0.866025403784439 -1.417764950039677e-15 -0.4999999999999995 0.866025403784439 -1.417764950039677e-15 -0.4999999999999995 0.866025403784439 -1.417764950039677e-15 -0.4999999999999995 0.866025403784439 -1.417764950039677e-15 -0.4999999999999995 0.866025403784439 -1.417764950039677e-15 -0.4999999999999995 0.866025403784439 -1.417764950039677e-15 -0.4999999999999995 -0.8660254037844284 1.549564047150497e-15 0.5000000000000177 -0.8660254037844284 1.549564047150497e-15 0.5000000000000177 -0.8660254037844284 1.549564047150497e-15 0.5000000000000177 -0.8660254037844284 1.549564047150497e-15 0.5000000000000177 -0.8660254037844284 1.549564047150497e-15 0.5000000000000177 -0.8660254037844284 1.549564047150497e-15 0.5000000000000177 -0.8660254037844284 1.549564047150497e-15 0.5000000000000177 -0.8660254037844284 1.549564047150497e-15 0.5000000000000177 -0.8660254037844284 1.549564047150497e-15 0.5000000000000177 -0.8660254037844284 1.549564047150497e-15 0.5000000000000177 -0.8660254037844284 1.549564047150497e-15 0.5000000000000177 -0.8660254037844284 1.549564047150497e-15 0.5000000000000177 -0.8660254037844284 1.549564047150497e-15 0.5000000000000177 -0.8660254037844284 1.549564047150497e-15 0.5000000000000177 0.8660254037844301 -1.367130487538303e-15 0.5000000000000146 0.8660254037844301 -1.367130487538303e-15 0.5000000000000146 0.8660254037844301 -1.367130487538303e-15 0.5000000000000146 0.8660254037844301 -1.367130487538303e-15 0.5000000000000146 0.8660254037844301 -1.367130487538303e-15 0.5000000000000146 0.8660254037844301 -1.367130487538303e-15 0.5000000000000146 0.8660254037844301 -1.367130487538303e-15 0.5000000000000146 0.8660254037844301 -1.367130487538303e-15 0.5000000000000146 0.8660254037844301 -1.367130487538303e-15 0.5000000000000146 0.8660254037844301 -1.367130487538303e-15 0.5000000000000146 0.8660254037844301 -1.367130487538303e-15 0.5000000000000146 0.8660254037844301 -1.367130487538303e-15 0.5000000000000146 0.8660254037844301 -1.367130487538303e-15 0.5000000000000146 0.8660254037844301 -1.367130487538303e-15 0.5000000000000146 -1 0 0 -1 0 0 -1 0 0 -1 0 0 -1 0 0 -1 0 0 -1 0 0 -1 0 0 -1 0 0 -1 0 0 -1 0 0 -1 0 0 -1 0 0 -1 0 0 -1 0 0 -1 0 0 -1 0 0 -1 0 0 -1 0 0 -1 0 0 -1 0 0 -1 0 0 -1 0 0 -1 0 0 2.562430505663713e-15 0.8660254037844531 -0.499999999999975 2.562430505663713e-15 0.8660254037844531 -0.499999999999975 2.562430505663713e-15 0.8660254037844531 -0.499999999999975 2.562430505663713e-15 0.8660254037844531 -0.499999999999975 2.562430505663713e-15 0.8660254037844531 -0.499999999999975 2.562430505663713e-15 0.8660254037844531 -0.499999999999975 2.562430505663713e-15 0.8660254037844531 -0.499999999999975 2.562430505663713e-15 0.8660254037844531 -0.499999999999975 2.562430505663713e-15 0.8660254037844531 -0.499999999999975 2.562430505663713e-15 0.8660254037844531 -0.499999999999975 2.562430505663713e-15 0.8660254037844531 -0.499999999999975 2.562430505663713e-15 0.8660254037844531 -0.499999999999975 -2.744419158417974e-15 -0.8660254037844401 -0.4999999999999975 -2.744419158417974e-15 -0.8660254037844401 -0.4999999999999975 -2.744419158417974e-15 -0.8660254037844401 -0.4999999999999975 -2.744419158417974e-15 -0.8660254037844401 -0.4999999999999975 -2.744419158417974e-15 -0.8660254037844401 -0.4999999999999975 -2.744419158417974e-15 -0.8660254037844401 -0.4999999999999975 -2.744419158417974e-15 -0.8660254037844401 -0.4999999999999975 -2.744419158417974e-15 -0.8660254037844401 -0.4999999999999975 -2.744419158417974e-15 -0.8660254037844401 -0.4999999999999975 -2.744419158417974e-15 -0.8660254037844401 -0.4999999999999975 -2.744419158417974e-15 -0.8660254037844401 -0.4999999999999975 -2.744419158417974e-15 -0.8660254037844401 -0.4999999999999975 -2.744419158417974e-15 -0.8660254037844401 -0.4999999999999975 -2.744419158417974e-15 -0.8660254037844401 -0.4999999999999975 2.446241867539289e-15 0.8660254037844491 0.4999999999999817 2.446241867539289e-15 0.8660254037844491 0.4999999999999817 2.446241867539289e-15 0.8660254037844491 0.4999999999999817 2.446241867539289e-15 0.8660254037844491 0.4999999999999817 2.446241867539289e-15 0.8660254037844491 0.4999999999999817 2.446241867539289e-15 0.8660254037844491 0.4999999999999817 2.446241867539289e-15 0.8660254037844491 0.4999999999999817 2.446241867539289e-15 0.8660254037844491 0.4999999999999817 2.446241867539289e-15 0.8660254037844491 0.4999999999999817 2.446241867539289e-15 0.8660254037844491 0.4999999999999817 -2.450154247308265e-15 -0.8660254037844321 0.5000000000000114 -2.450154247308265e-15 -0.8660254037844321 0.5000000000000114 -2.450154247308265e-15 -0.8660254037844321 0.5000000000000114 -2.450154247308265e-15 -0.8660254037844321 0.5000000000000114 -2.450154247308265e-15 -0.8660254037844321 0.5000000000000114 -2.450154247308265e-15 -0.8660254037844321 0.5000000000000114 -2.450154247308265e-15 -0.8660254037844321 0.5000000000000114 -2.450154247308265e-15 -0.8660254037844321 0.5000000000000114 -2.450154247308265e-15 -0.8660254037844321 0.5000000000000114 -2.450154247308265e-15 -0.8660254037844321 0.5000000000000114 -2.450154247308265e-15 -0.8660254037844321 0.5000000000000114 -2.450154247308265e-15 -0.8660254037844321 0.5000000000000114 -2.450154247308265e-15 -0.8660254037844321 0.5000000000000114 -2.450154247308265e-15 -0.8660254037844321 0.5000000000000114 0.8660254037844377 -1.174272925056802e-15 0.5000000000000017 0.8660254037844377 -1.174272925056802e-15 0.5000000000000017 0.8660254037844377 -1.174272925056802e-15 0.5000000000000017 0.8660254037844377 -1.174272925056802e-15 0.5000000000000017 0.8660254037844377 -1.174272925056802e-15 0.5000000000000017 0.8660254037844377 -1.174272925056802e-15 0.5000000000000017 0.8660254037844377 -1.174272925056802e-15 0.5000000000000017 0.8660254037844377 -1.174272925056802e-15 0.5000000000000017 0.8660254037844377 -1.174272925056802e-15 0.5000000000000017 0.8660254037844377 -1.174272925056802e-15 0.5000000000000017 0.8660254037844377 -1.174272925056802e-15 0.5000000000000017 0.8660254037844377 -1.174272925056802e-15 0.5000000000000017 0.8660254037844377 -1.174272925056802e-15 0.5000000000000017 0.8660254037844377 -1.174272925056802e-15 0.5000000000000017 0.8660254037844377 -1.174272925056802e-15 0.5000000000000017 0.8660254037844377 -1.174272925056802e-15 0.5000000000000017 0.8660254037844377 -1.174272925056802e-15 0.5000000000000017 1.776356839400128e-13 0 1 1.776356839400128e-13 0 1 1.776356839400128e-13 0 1 0 0 1 0 0 1 0 0 1 0 0 1 0 0 1 0 0 1 0 -1.776356839400578e-13 1 0 -1.776356839400578e-13 1 0 -1.776356839400578e-13 1 0 0 1 0 0 1 0 0 1 0 0 1 0 0 1 0 0 1 0 0 1 0 0 1 0 0 1 0 0 1 0 0 1 0 0 1 -4.294483840207432e-16 -4.29448384020772e-16 1 -4.294483840207432e-16 -4.29448384020772e-16 1 -4.294483840207432e-16 -4.29448384020772e-16 1 -1.776356839400286e-13 0 1 -1.776356839400286e-13 0 1 -1.776356839400286e-13 0 1 9.063045098985698e-16 1.785419884499274e-13 1 9.063045098985698e-16 1.785419884499274e-13 1 9.063045098985698e-16 1.785419884499274e-13 1 0 0 1 0 0 1 0 0 1 0 0 1 0 0 1 0 0 1 0 0 1 0 0 1 0 0 1 0 0 1 0 0 1 0 0 1 0 0 1 0 0 1 0 0 1 -1.776356839400131e-13 0 1 -1.776356839400131e-13 0 1 -1.776356839400131e-13 0 1 -1.77635683940029e-13 0 1 -1.77635683940029e-13 0 1 -1.77635683940029e-13 0 1 0 0 1 0 0 1 0 0 1 0 0 1 0 0 1 0 0 1 -8.707631565687449e-16 8.707631565688224e-16 1 -8.707631565687449e-16 8.707631565688224e-16 1 -8.707631565687449e-16 8.707631565688224e-16 1 -8.79384573960522e-16 -8.793845739607153e-16 1 -8.79384573960522e-16 -8.793845739607153e-16 1 -8.79384573960522e-16 -8.793845739607153e-16 1 4.294483840206767e-16 4.294483840207722e-16 1 4.294483840206767e-16 4.294483840207722e-16 1 4.294483840206767e-16 4.294483840207722e-16 1 4.294483840208172e-16 4.294483840207719e-16 1 4.294483840208172e-16 4.294483840207719e-16 1 4.294483840208172e-16 4.294483840207719e-16 1 -7.675753320747765e-16 -7.675753320747601e-16 1 -7.675753320747765e-16 -7.675753320747601e-16 1 -7.675753320747765e-16 -7.675753320747601e-16 1 0 -1.776356839400252e-13 1 0 -1.776356839400252e-13 1 0 -1.776356839400252e-13 1 -7.675753320747739e-16 0 1 -7.675753320747739e-16 0 1 -7.675753320747739e-16 0 1 4.294483840208481e-16 4.294483840207719e-16 1 4.294483840208481e-16 4.294483840207719e-16 1 4.294483840208481e-16 4.294483840207719e-16 1 0 0 1 0 0 1 0 0 1 -8.793845739612953e-16 -1.767562993660518e-13 1 -8.793845739612953e-16 -1.767562993660518e-13 1 -8.793845739612953e-16 -1.767562993660518e-13 1 0 0 1 0 0 1 0 0 1 0 0 1 0 0 1 0 0 1 -0.8660254037844355 1.38396451881694e-15 0.5000000000000054 -0.8660254037844355 1.38396451881694e-15 0.5000000000000054 -0.8660254037844355 1.38396451881694e-15 0.5000000000000054 -0.8660254037844355 1.38396451881694e-15 0.5000000000000054 -0.8660254037844355 1.38396451881694e-15 0.5000000000000054 -0.8660254037844355 1.38396451881694e-15 0.5000000000000054 -0.8660254037844355 1.38396451881694e-15 0.5000000000000054 -0.8660254037844355 1.38396451881694e-15 0.5000000000000054 -0.8660254037844355 1.38396451881694e-15 0.5000000000000054 -0.8660254037844355 1.38396451881694e-15 0.5000000000000054 -0.8660254037844355 1.38396451881694e-15 0.5000000000000054 -0.8660254037844378 1.342026200064945e-15 -0.5000000000000014 -0.8660254037844378 1.342026200064945e-15 -0.5000000000000014 -0.8660254037844378 1.342026200064945e-15 -0.5000000000000014 -0.8660254037844378 1.342026200064945e-15 -0.5000000000000014 -0.8660254037844378 1.342026200064945e-15 -0.5000000000000014 -0.8660254037844378 1.342026200064945e-15 -0.5000000000000014 -0.8660254037844378 1.342026200064945e-15 -0.5000000000000014 -0.8660254037844378 1.342026200064945e-15 -0.5000000000000014 -0.8660254037844378 1.342026200064945e-15 -0.5000000000000014 -0.8660254037844378 1.342026200064945e-15 -0.5000000000000014 -0.8660254037844378 1.342026200064945e-15 -0.5000000000000014 -0.8660254037844378 1.342026200064945e-15 -0.5000000000000014 -0.8660254037844378 1.342026200064945e-15 -0.5000000000000014 0.8660254037844357 -1.404933678192906e-15 -0.5000000000000052 0.8660254037844357 -1.404933678192906e-15 -0.5000000000000052 0.8660254037844357 -1.404933678192906e-15 -0.5000000000000052 0.8660254037844357 -1.404933678192906e-15 -0.5000000000000052 0.8660254037844357 -1.404933678192906e-15 -0.5000000000000052 0.8660254037844357 -1.404933678192906e-15 -0.5000000000000052 0.8660254037844357 -1.404933678192906e-15 -0.5000000000000052 0.8660254037844357 -1.404933678192906e-15 -0.5000000000000052 0.8660254037844357 -1.404933678192906e-15 -0.5000000000000052 0.8660254037844357 -1.404933678192906e-15 -0.5000000000000052 0.8660254037844357 -1.404933678192906e-15 -0.5000000000000052 0.8660254037844357 -1.404933678192906e-15 -0.5000000000000052 0.8660254037844357 -1.404933678192906e-15 -0.5000000000000052 0.8660254037844357 -1.404933678192906e-15 -0.5000000000000052 0 0 -1 0 0 -1 0 0 -1 0 0 -1 0 0 -1 0 0 -1 -1.776356839400285e-13 0 -1 -1.776356839400285e-13 0 -1 -1.776356839400285e-13 0 -1 0 0 -1 0 0 -1 0 0 -1 0 1.776356839400254e-13 -1 0 1.776356839400254e-13 -1 0 1.776356839400254e-13 -1 0 0 -1 0 0 -1 0 0 -1 7.642728593911833e-16 0 -1 7.642728593911833e-16 0 -1 7.642728593911833e-16 0 -1 7.642728593911844e-16 7.64272859391356e-16 -1 7.642728593911844e-16 7.64272859391356e-16 -1 7.642728593911844e-16 7.64272859391356e-16 -1 0 1.776356839399927e-13 -1 0 1.776356839399927e-13 -1 0 1.776356839399927e-13 -1 0 0 -1 0 0 -1 0 0 -1 0 0 -1 0 0 -1 0 0 -1 0 0 -1 0 0 -1 0 0 -1 0 0 -1 0 0 -1 0 0 -1 0 0 -1 0 0 -1 0 0 -1 0 0 -1 0 0 -1 0 0 -1 0 0 -1 0 0 -1 0 0 -1 0 0 -1 0 0 -1 0 0 -1 0 0 -1 0 0 -1 0 0 -1 0 0 -1 0 0 -1 0 0 -1 1.776356839400291e-13 0 -1 1.776356839400291e-13 0 -1 1.776356839400291e-13 0 -1 1.776356839400288e-13 0 -1 1.776356839400288e-13 0 -1 1.776356839400288e-13 0 -1 0 0 -1 0 0 -1 0 0 -1 0 0 -1 0 0 -1 0 0 -1 0 0 -1 0 0 -1 0 0 -1 0 1.776356839400281e-13 -1 0 1.776356839400281e-13 -1 0 1.776356839400281e-13 -1 0 0 -1 0 0 -1 0 0 -1 -1.776356839400285e-13 0 -1 -1.776356839400285e-13 0 -1 -1.776356839400285e-13 0 -1 0 1.776356839400137e-13 -1 0 1.776356839400137e-13 -1 0 1.776356839400137e-13 -1 0 0 -1 0 0 -1 0 0 -1 0 0 -1 0 0 -1 0 0 -1 0 0 -1 0 0 -1 0 0 -1 0 0 -1 0 0 -1 0 0 -1 -2.548433972440162e-15 -0.8660254037844478 0.4999999999999842 -2.548433972440162e-15 -0.8660254037844478 0.4999999999999842 -2.548433972440162e-15 -0.8660254037844478 0.4999999999999842 -2.548433972440162e-15 -0.8660254037844478 0.4999999999999842 -2.548433972440162e-15 -0.8660254037844478 0.4999999999999842 -2.548433972440162e-15 -0.8660254037844478 0.4999999999999842 -2.548433972440162e-15 -0.8660254037844478 0.4999999999999842 -2.548433972440162e-15 -0.8660254037844478 0.4999999999999842 -2.548433972440162e-15 -0.8660254037844478 0.4999999999999842 -2.548433972440162e-15 -0.8660254037844478 0.4999999999999842 -2.548433972440162e-15 -0.8660254037844478 0.4999999999999842 -2.548433972440162e-15 -0.8660254037844478 0.4999999999999842 -2.548433972440162e-15 -0.8660254037844478 0.4999999999999842 2.51577008955375e-15 0.8660254037844471 0.4999999999999853 2.51577008955375e-15 0.8660254037844471 0.4999999999999853 2.51577008955375e-15 0.8660254037844471 0.4999999999999853 2.51577008955375e-15 0.8660254037844471 0.4999999999999853 2.51577008955375e-15 0.8660254037844471 0.4999999999999853 2.51577008955375e-15 0.8660254037844471 0.4999999999999853 2.51577008955375e-15 0.8660254037844471 0.4999999999999853 2.51577008955375e-15 0.8660254037844471 0.4999999999999853 2.51577008955375e-15 0.8660254037844471 0.4999999999999853 2.51577008955375e-15 0.8660254037844471 0.4999999999999853 2.51577008955375e-15 0.8660254037844471 0.4999999999999853 2.51577008955375e-15 0.8660254037844471 0.4999999999999853 2.873662068820888e-15 0.8660254037844488 -0.4999999999999824 2.873662068820888e-15 0.8660254037844488 -0.4999999999999824 2.873662068820888e-15 0.8660254037844488 -0.4999999999999824 2.873662068820888e-15 0.8660254037844488 -0.4999999999999824 2.873662068820888e-15 0.8660254037844488 -0.4999999999999824 2.873662068820888e-15 0.8660254037844488 -0.4999999999999824 2.873662068820888e-15 0.8660254037844488 -0.4999999999999824 2.873662068820888e-15 0.8660254037844488 -0.4999999999999824 2.873662068820888e-15 0.8660254037844488 -0.4999999999999824 2.873662068820888e-15 0.8660254037844488 -0.4999999999999824 2.873662068820888e-15 0.8660254037844488 -0.4999999999999824 2.873662068820888e-15 0.8660254037844488 -0.4999999999999824 2.873662068820888e-15 0.8660254037844488 -0.4999999999999824 2.873662068820888e-15 0.8660254037844488 -0.4999999999999824 2.873662068820888e-15 0.8660254037844488 -0.4999999999999824 2.873662068820888e-15 0.8660254037844488 -0.4999999999999824 -3.241429175472004e-15 -0.8660254037844349 -0.5000000000000065 -3.241429175472004e-15 -0.8660254037844349 -0.5000000000000065 -3.241429175472004e-15 -0.8660254037844349 -0.5000000000000065 -3.241429175472004e-15 -0.8660254037844349 -0.5000000000000065 -3.241429175472004e-15 -0.8660254037844349 -0.5000000000000065 -3.241429175472004e-15 -0.8660254037844349 -0.5000000000000065 -3.241429175472004e-15 -0.8660254037844349 -0.5000000000000065 -3.241429175472004e-15 -0.8660254037844349 -0.5000000000000065 -3.241429175472004e-15 -0.8660254037844349 -0.5000000000000065 -3.241429175472004e-15 -0.8660254037844349 -0.5000000000000065 -3.241429175472004e-15 -0.8660254037844349 -0.5000000000000065 -3.241429175472004e-15 -0.8660254037844349 -0.5000000000000065 -3.241429175472004e-15 -0.8660254037844349 -0.5000000000000065 -1.110223024625289e-14 -1 -1.251928832280982e-14 -1.110223024625289e-14 -1 -1.251928832280982e-14 -1.110223024625289e-14 -1 -1.251928832280982e-14 -1.110223024625289e-14 -1 -1.251928832280982e-14 -1.110223024625289e-14 -1 -1.251928832280982e-14 -1.110223024625289e-14 -1 -1.251928832280982e-14 -1.110223024625289e-14 -1 -1.251928832280982e-14 -1.110223024625289e-14 -1 -1.251928832280982e-14 -1.110223024625289e-14 -1 -1.251928832280982e-14 -1.110223024625289e-14 -1 -1.251928832280982e-14 -1.110223024625289e-14 -1 -1.251928832280982e-14 -1.110223024625289e-14 -1 -1.251928832280982e-14 -1.110223024625289e-14 -1 -1.251928832280982e-14 -1.110223024625289e-14 -1 -1.251928832280982e-14 -1.110223024625289e-14 -1 -1.251928832280982e-14 -1.110223024625289e-14 -1 -1.251928832280982e-14 -1.110223024625289e-14 -1 -1.251928832280982e-14 -1.110223024625289e-14 -1 -1.251928832280982e-14 -1.110223024625289e-14 -1 -1.251928832280982e-14 -1.110223024625289e-14 -1 -1.251928832280982e-14 -1.110223024625289e-14 -1 -1.251928832280982e-14 -1.110223024625289e-14 -1 -1.251928832280982e-14 -1.110223024625289e-14 -1 -1.251928832280982e-14 -1.110223024625289e-14 -1 -1.251928832280982e-14 -0.8660254037844351 1.088340485997426e-15 0.5000000000000062 -0.8660254037844351 1.088340485997426e-15 0.5000000000000062 -0.8660254037844351 1.088340485997426e-15 0.5000000000000062 -0.8660254037844351 1.088340485997426e-15 0.5000000000000062 -0.8660254037844351 1.088340485997426e-15 0.5000000000000062 -0.8660254037844351 1.088340485997426e-15 0.5000000000000062 -0.8660254037844351 1.088340485997426e-15 0.5000000000000062 -0.8660254037844351 1.088340485997426e-15 0.5000000000000062 -0.8660254037844351 1.088340485997426e-15 0.5000000000000062 -0.8660254037844351 1.088340485997426e-15 0.5000000000000062 0.8660254037844489 -1.362655882922193e-15 0.4999999999999823 0.8660254037844489 -1.362655882922193e-15 0.4999999999999823 0.8660254037844489 -1.362655882922193e-15 0.4999999999999823 0.8660254037844489 -1.362655882922193e-15 0.4999999999999823 0.8660254037844489 -1.362655882922193e-15 0.4999999999999823 0.8660254037844489 -1.362655882922193e-15 0.4999999999999823 0.8660254037844489 -1.362655882922193e-15 0.4999999999999823 0.8660254037844489 -1.362655882922193e-15 0.4999999999999823 0.8660254037844489 -1.362655882922193e-15 0.4999999999999823 0.8660254037844489 -1.362655882922193e-15 0.4999999999999823 0.8660254037844489 -1.362655882922193e-15 0.4999999999999823 0.866025403784444 -1.362655882922248e-15 -0.4999999999999908 0.866025403784444 -1.362655882922248e-15 -0.4999999999999908 0.866025403784444 -1.362655882922248e-15 -0.4999999999999908 0.866025403784444 -1.362655882922248e-15 -0.4999999999999908 0.866025403784444 -1.362655882922248e-15 -0.4999999999999908 0.866025403784444 -1.362655882922248e-15 -0.4999999999999908 0.866025403784444 -1.362655882922248e-15 -0.4999999999999908 0.866025403784444 -1.362655882922248e-15 -0.4999999999999908 0.866025403784444 -1.362655882922248e-15 -0.4999999999999908 0.866025403784444 -1.362655882922248e-15 -0.4999999999999908 0.866025403784444 -1.362655882922248e-15 -0.4999999999999908 0.866025403784444 -1.362655882922248e-15 -0.4999999999999908 0.866025403784444 -1.362655882922248e-15 -0.4999999999999908 -0.8660254037844409 1.399294910568061e-15 -0.499999999999996 -0.8660254037844409 1.399294910568061e-15 -0.499999999999996 -0.8660254037844409 1.399294910568061e-15 -0.499999999999996 -0.8660254037844409 1.399294910568061e-15 -0.499999999999996 -0.8660254037844409 1.399294910568061e-15 -0.499999999999996 -0.8660254037844409 1.399294910568061e-15 -0.499999999999996 -0.8660254037844409 1.399294910568061e-15 -0.499999999999996 -0.8660254037844409 1.399294910568061e-15 -0.499999999999996 -0.8660254037844409 1.399294910568061e-15 -0.499999999999996 -0.8660254037844409 1.399294910568061e-15 -0.499999999999996 -0.8660254037844409 1.399294910568061e-15 -0.499999999999996 -0.8660254037844409 1.399294910568061e-15 -0.499999999999996 -0.8660254037844409 1.399294910568061e-15 -0.499999999999996 -1 0 0 -1 0 0 -1 0 0 -1 0 0 -1 0 0 -1 0 0 -1 0 0 -1 0 0 -1 0 0 -1 0 0 -1 0 0 -1 0 0 -1 0 0 -1 0 0 -1 0 0 -1 0 0 -1 0 0 -1 0 0 -1 0 0 -1 0 0 -1 0 0 -1 0 0 -1 0 0 -1 0 0 -1 0 0 2.589710214110212e-15 0.8660254037844457 0.499999999999988 2.589710214110212e-15 0.8660254037844457 0.499999999999988 2.589710214110212e-15 0.8660254037844457 0.499999999999988 2.589710214110212e-15 0.8660254037844457 0.499999999999988 2.589710214110212e-15 0.8660254037844457 0.499999999999988 2.589710214110212e-15 0.8660254037844457 0.499999999999988 2.589710214110212e-15 0.8660254037844457 0.499999999999988 2.589710214110212e-15 0.8660254037844457 0.499999999999988 2.589710214110212e-15 0.8660254037844457 0.499999999999988 2.589710214110212e-15 0.8660254037844457 0.499999999999988 -2.901495645652088e-15 -0.8660254037844442 0.4999999999999902 -2.901495645652088e-15 -0.8660254037844442 0.4999999999999902 -2.901495645652088e-15 -0.8660254037844442 0.4999999999999902 -2.901495645652088e-15 -0.8660254037844442 0.4999999999999902 -2.901495645652088e-15 -0.8660254037844442 0.4999999999999902 -2.901495645652088e-15 -0.8660254037844442 0.4999999999999902 -2.901495645652088e-15 -0.8660254037844442 0.4999999999999902 -2.901495645652088e-15 -0.8660254037844442 0.4999999999999902 -2.901495645652088e-15 -0.8660254037844442 0.4999999999999902 -2.901495645652088e-15 -0.8660254037844442 0.4999999999999902 -2.901495645652088e-15 -0.8660254037844442 0.4999999999999902 -2.901495645652088e-15 -0.8660254037844442 0.4999999999999902 -2.901495645652088e-15 -0.8660254037844442 0.4999999999999902 -2.901495645652088e-15 -0.8660254037844442 0.4999999999999902 2.325068294420207e-15 0.8660254037844344 -0.5000000000000072 2.325068294420207e-15 0.8660254037844344 -0.5000000000000072 2.325068294420207e-15 0.8660254037844344 -0.5000000000000072 2.325068294420207e-15 0.8660254037844344 -0.5000000000000072 2.325068294420207e-15 0.8660254037844344 -0.5000000000000072 2.325068294420207e-15 0.8660254037844344 -0.5000000000000072 2.325068294420207e-15 0.8660254037844344 -0.5000000000000072 2.325068294420207e-15 0.8660254037844344 -0.5000000000000072 2.325068294420207e-15 0.8660254037844344 -0.5000000000000072 2.325068294420207e-15 0.8660254037844344 -0.5000000000000072 2.325068294420207e-15 0.8660254037844344 -0.5000000000000072 -2.486866687491534e-15 -0.8660254037844357 -0.5000000000000051 -2.486866687491534e-15 -0.8660254037844357 -0.5000000000000051 -2.486866687491534e-15 -0.8660254037844357 -0.5000000000000051 -2.486866687491534e-15 -0.8660254037844357 -0.5000000000000051 -2.486866687491534e-15 -0.8660254037844357 -0.5000000000000051 -2.486866687491534e-15 -0.8660254037844357 -0.5000000000000051 -2.486866687491534e-15 -0.8660254037844357 -0.5000000000000051 -2.486866687491534e-15 -0.8660254037844357 -0.5000000000000051 -2.486866687491534e-15 -0.8660254037844357 -0.5000000000000051 -2.486866687491534e-15 -0.8660254037844357 -0.5000000000000051 -2.486866687491534e-15 -0.8660254037844357 -0.5000000000000051 -2.486866687491534e-15 -0.8660254037844357 -0.5000000000000051 -2.486866687491534e-15 -0.8660254037844357 -0.5000000000000051 -2.486866687491534e-15 -0.8660254037844357 -0.5000000000000051</float_array>
          <technique_common>
            <accessor source="#representation-1076714-material-3732-normals-array" count="3446" stride="3">
              <param name="X" type="float"/>
              <param name="Y" type="float"/>
              <param name="Z" type="float"/>
            </accessor>
          </technique_common>
        </source>
        <vertices id="representation-1076714-material-3732-vertices">
          <input semantic="POSITION" source="#representation-1076714-material-3732-positions"/>
        </vertices>
        <triangles material="IfcMaterial-3732" count="2190">
          <input semantic="VERTEX" source="#representation-1076714-material-3732-vertices" offset="0"/>
          <input semantic="NORMAL" source="#representation-1076714-material-3732-normals" offset="1"/>
          <p>3 3 0 0 1 1 3 3 1 1 2 2 6 6 4 4 5 5 6 6 7 7 4 4 9 9 10 10 11 11 9 9 11 11 8 8 13 13 12 12 14 14 13 13 14 14 15 15 19 19 17 17 18 18 16 16 17 17 19 19 22 22 20 20 21 21 23 23 20 20 22 22 27 27 24 24 25 25 27 27 25 25 26 26 30 30 28 28 29 29 30 30 31 31 28 28 33 33 34 34 35 35 33 33 35 35 32 32 37 37 36 36 38 38 37 37 38 38 39 39 41 41 43 43 40 40 42 42 43 43 41 41 44 44 46 46 47 47 45 45 46 46 44 44 51 51 48 48 49 49 51 51 49 49 50 50 52 52 53 53 54 54 52 52 54 54 55 55 57 57 58 58 59 59 57 57 59 59 56 56 61 61 60 60 62 62 61 61 62 62 63 63 65 65 67 67 64 64 66 66 67 67 65 65 68 68 70 70 71 71 69 69 70 70 68 68 75 75 72 72 73 73 75 75 73 73 74 74 76 76 77 77 78 78 76 76 78 78 79 79 81 81 82 82 83 83 81 81 83 83 80 80 85 85 84 84 86 86 85 85 86 86 87 87 90 90 88 88 89 89 91 91 88 88 90 90 95 95 93 93 94 94 92 92 93 93 95 95 97 97 98 98 99 99 97 97 99 99 96 96 100 100 101 101 102 102 100 100 102 102 103 103 105 105 106 106 107 107 105 105 107 107 104 104 109 109 108 108 110 110 109 109 110 110 111 111 114 114 112 112 113 113 115 115 112 112 114 114 119 119 117 117 118 118 116 116 117 117 119 119 123 123 120 120 121 121 123 123 121 121 122 122 126 126 124 124 125 125 126 126 127 127 124 124 129 129 130 130 131 131 129 129 131 131 128 128 133 133 132 132 134 134 133 133 134 134 135 135 138 138 136 136 137 137 138 138 139 139 136 136 140 140 141 141 142 142 140 140 142 142 143 143 147 147 144 144 145 145 147 147 145 145 146 146 148 148 149 149 150 150 148 148 150 150 151 151 155 155 152 152 153 153 155 155 153 153 154 154 157 157 156 156 158 158 157 157 158 158 159 159 162 162 160 160 161 161 163 163 160 160 162 162 167 167 165 165 166 166 164 164 165 165 167 167 171 171 168 168 169 169 171 171 169 169 170 170 174 174 172 172 173 173 174 174 175 175 172 172 177 177 178 178 179 179 177 177 179 179 176 176 181 181 180 180 182 182 181 181 182 182 183 183 187 187 185 185 186 186 184 184 185 185 187 187 190 190 188 188 189 189 191 191 188 188 190 190 195 195 192 192 193 193 195 195 193 193 194 194 196 196 197 197 198 198 196 196 198 198 199 199 201 201 202 202 203 203 201 201 203 203 200 200 205 205 204 204 206 206 205 205 206 206 207 207 210 210 208 208 209 209 211 211 208 208 210 210 215 215 213 213 214 214 212 212 213 213 215 215 221 221 222 222 223 223 221 221 223 223 224 224 221 221 224 224 225 225 221 221 225 225 226 226 221 221 226 226 227 227 221 221 227 227 228 228 221 221 228 228 229 229 220 220 221 221 229 229 219 219 220 220 229 229 218 218 219 219 229 229 217 217 218 218 229 229 216 216 217 217 229 229 230 230 216 216 229 229 231 231 233 233 232 232 236 236 234 234 235 235 237 237 239 239 238 238 242 242 241 241 240 240 245 245 243 243 244 244 246 246 248 248 247 247 251 251 249 249 250 250 253 253 252 252 254 254 257 257 256 256 255 255 258 258 259 259 260 260 262 262 261 261 263 263 266 266 264 264 265 265 267 267 269 269 268 268 271 271 272 272 270 270 273 273 275 275 274 274 277 277 276 276 278 278 280 280 281 281 279 279 282 282 283 283 284 284 287 287 286 286 285 285 289 289 288 288 290 290 292 292 291 291 293 293 295 295 296 296 294 294 299 299 298 298 297 297 300 300 301 301 302 302 305 305 304 304 303 303 306 306 307 307 308 308 309 309 311 311 310 310 313 313 314 314 312 312 316 316 315 315 317 317 319 319 318 318 320 320 323 323 322 322 321 321 326 326 325 325 324 324 339 339 327 327 328 328 339 339 328 328 329 329 339 339 329 329 330 330 339 339 340 340 327 327 338 338 339 339 330 330 337 337 338 338 330 330 336 336 337 337 330 330 335 335 336 336 330 330 334 334 335 335 330 330 333 333 334 334 330 330 332 332 333 333 330 330 331 331 332 332 330 330 349 349 350 350 351 351 348 348 349 349 351 351 347 347 348 348 351 351 346 346 347 347 351 351 345 345 346 346 351 351 344 344 345 345 351 351 343 343 344 344 351 351 342 342 351 351 352 352 342 342 352 352 353 353 342 342 353 353 354 354 342 342 354 354 355 355 342 342 355 355 356 356 342 342 356 356 341 341 342 342 343 343 351 351 359 359 358 358 357 357 362 362 361 361 360 360 365 365 364 364 363 363 368 368 366 366 367 367 370 370 371 371 369 369 372 372 374 374 373 373 376 376 377 377 375 375 380 380 379 379 378 378 383 383 381 381 382 382 384 384 385 385 386 386 387 387 389 389 388 388 391 391 392 392 390 390 394 394 393 393 395 395 396 396 397 397 398 398 400 400 399 399 401 401 404 404 403 403 402 402 407 407 405 405 406 406 409 409 408 408 410 410 412 412 411 411 413 413 414 414 416 416 415 415 419 419 418 418 417 417 422 422 420 420 421 421 423 423 425 425 424 424 427 427 428 428 426 426 431 431 430 430 429 429 432 432 433 433 434 434 436 436 435 435 437 437 440 440 439 439 438 438 442 442 443 443 441 441 446 446 445 445 444 444 448 448 447 447 449 449 451 451 450 450 452 452 461 461 462 462 463 463 460 460 461 461 463 463 459 459 460 460 463 463 458 458 453 453 454 454 458 458 454 454 455 455 458 458 455 455 456 456 458 458 456 456 457 457 458 458 463 463 464 464 458 458 464 464 453 453 458 458 459 459 463 463 480 480 465 465 466 466 480 480 466 466 467 467 479 479 467 467 468 468 479 479 480 480 467 467 478 478 468 468 469 469 478 478 479 479 468 468 477 477 469 469 470 470 477 477 470 470 471 471 477 477 478 478 469 469 476 476 477 477 471 471 475 475 471 471 472 472 475 475 476 476 471 471 474 474 472 472 473 473 474 474 475 475 472 472 489 489 490 490 491 491 489 489 491 491 492 492 488 488 489 489 492 492 487 487 492 492 493 493 487 487 488 488 492 492 486 486 487 487 493 493 485 485 486 486 493 493 484 484 493 493 494 494 484 484 485 485 493 493 483 483 484 484 494 494 482 482 494 494 481 481 482 482 483 483 494 494 509 509 510 510 495 495 508 508 509 509 495 495 507 507 495 495 496 496 507 507 508 508 495 495 506 506 507 507 496 496 505 505 496 496 497 497 505 505 506 506 496 496 504 504 505 505 497 497 503 503 497 497 498 498 503 503 504 504 497 497 502 502 498 498 499 499 502 502 499 499 500 500 502 502 503 503 498 498 501 501 502 502 500 500 522 522 523 523 524 524 521 521 524 524 525 525 521 521 522 522 524 524 520 520 525 525 526 526 520 520 521 521 525 525 519 519 526 526 511 511 519 519 520 520 526 526 518 518 519 519 511 511 517 517 518 518 511 511 516 516 511 511 512 512 516 516 517 517 511 511 515 515 516 516 512 512 514 514 512 512 513 513 514 514 515 515 512 512 541 541 539 539 540 540 542 542 538 538 539 539 542 542 539 539 541 541 535 535 536 536 537 537 534 534 537 537 538 538 534 534 535 535 537 537 534 534 538 538 542 542 545 545 543 543 544 544 546 546 542 542 543 543 546 546 543 543 545 545 531 531 532 532 533 533 530 530 533 533 534 534 530 530 531 531 533 533 549 549 547 547 548 548 550 550 546 546 547 547 550 550 534 534 542 542 550 550 542 542 546 546 550 550 530 530 534 534 550 550 547 547 549 549 527 527 529 529 530 530 527 527 530 530 550 550 528 528 529 529 527 527 560 560 561 561 562 562 559 559 560 560 562 562 558 558 559 559 562 562 557 557 551 551 552 552 557 557 552 552 553 553 557 557 553 553 554 554 557 557 554 554 555 555 557 557 555 555 556 556 557 557 562 562 563 563 557 557 563 563 564 564 557 557 564 564 551 551 557 557 558 558 562 562 565 565 566 566 567 567 577 577 565 565 567 567 576 576 577 577 567 567 575 575 567 567 568 568 575 575 568 568 569 569 575 575 569 569 570 570 575 575 570 570 571 571 575 575 571 571 572 572 575 575 572 572 573 573 575 575 573 573 574 574 575 575 576 576 567 567 581 581 582 582 583 583 581 581 583 583 584 584 581 581 584 584 585 585 581 581 585 585 586 586 581 581 586 586 587 587 581 581 587 587 588 588 581 581 588 588 589 589 581 581 589 589 590 590 580 580 581 581 590 590 579 579 580 580 590 590 578 578 579 579 590 590 591 591 578 578 590 590 596 596 597 597 598 598 596 596 598 598 599 599 596 596 599 599 600 600 596 596 600 600 601 601 596 596 601 601 602 602 596 596 602 602 603 603 596 596 603 603 604 604 596 596 604 604 605 605 595 595 596 596 605 605 594 594 595 595 605 605 592 592 594 594 605 605 593 593 592 592 605 605 612 612 609 609 610 610 612 612 610 610 611 611 613 613 609 609 612 612 606 606 607 607 608 608 629 629 608 608 609 609 629 629 609 609 613 613 629 629 606 606 608 608 616 616 613 613 614 614 616 616 614 614 615 615 617 617 613 613 616 616 626 626 627 627 628 628 625 625 628 628 629 629 625 625 629 629 613 613 625 625 626 626 628 628 620 620 617 617 618 618 620 620 618 618 619 619 621 621 613 613 617 617 621 621 625 625 613 613 621 621 617 617 620 620 622 622 624 624 625 625 622 622 625 625 621 621 623 623 624 624 622 622 637 637 638 638 639 639 636 636 637 637 639 639 635 635 636 636 639 639 634 634 635 635 639 639 633 633 634 634 639 639 632 632 630 630 631 631 632 632 639 639 640 640 632 632 640 640 641 641 632 632 641 641 630 630 632 632 633 633 639 639 654 654 655 655 642 642 653 653 654 654 642 642 652 652 653 653 642 642 651 651 652 652 642 642 650 650 651 651 642 642 649 649 650 650 642 642 648 648 649 649 642 642 647 647 642 642 643 643 647 647 643 643 644 644 647 647 644 644 645 645 647 647 645 645 646 646 647 647 648 648 642 642 657 657 658 658 659 659 657 657 659 659 660 660 657 657 660 660 661 661 657 657 661 661 662 662 656 656 657 657 662 662 665 665 656 656 662 662 664 664 665 665 662 662 663 663 664 664 662 662 667 667 668 668 669 669 667 667 669 669 670 670 667 667 670 670 671 671 667 667 671 671 672 672 666 666 667 667 672 672 679 679 666 666 672 672 678 678 679 679 672 672 677 677 678 678 672 672 676 676 677 677 672 672 675 675 676 676 672 672 674 674 675 675 672 672 673 673 674 674 672 672 685 685 686 686 687 687 685 685 687 687 688 688 685 685 688 688 689 689 685 685 689 689 690 690 685 685 690 690 691 691 685 685 691 691 692 692 685 685 692 692 693 693 684 684 685 685 693 693 683 683 684 684 693 693 682 682 683 683 693 693 681 681 682 682 693 693 680 680 681 681 693 693 694 694 680 680 693 693 695 695 697 697 696 696 698 698 699 699 700 700 701 701 703 703 702 702 706 706 705 705 704 704 707 707 708 708 709 709 710 710 712 712 711 711 715 715 713 713 714 714 717 717 716 716 718 718 721 721 720 720 719 719 723 723 724 724 722 722 726 726 725 725 727 727 730 730 728 728 729 729 731 731 733 733 732 732 735 735 736 736 734 734 737 737 739 739 738 738 741 741 740 740 742 742 744 744 745 745 743 743 746 746 747 747 748 748 751 751 750 750 749 749 753 753 752 752 754 754 756 756 755 755 757 757 759 759 760 760 758 758 763 763 762 762 761 761 764 764 765 765 766 766 769 769 768 768 767 767 770 770 771 771 772 772 773 773 775 775 774 774 776 776 777 777 778 778 780 780 779 779 781 781 783 783 782 782 784 784 787 787 786 786 785 785 790 790 789 789 788 788 803 803 791 791 792 792 803 803 792 792 793 793 803 803 793 793 794 794 803 803 804 804 791 791 802 802 803 803 794 794 801 801 802 802 794 794 800 800 801 801 794 794 799 799 800 800 794 794 798 798 799 799 794 794 797 797 798 798 794 794 796 796 797 797 794 794 795 795 796 796 794 794 813 813 814 814 815 815 812 812 813 813 815 815 811 811 812 812 815 815 810 810 811 811 815 815 809 809 810 810 815 815 808 808 809 809 815 815 807 807 808 808 815 815 806 806 815 815 816 816 806 806 816 816 817 817 806 806 817 817 818 818 806 806 818 818 819 819 806 806 819 819 820 820 806 806 820 820 805 805 806 806 807 807 815 815 821 821 823 823 822 822 824 824 826 826 825 825 829 829 828 828 827 827 832 832 830 830 831 831 835 835 833 833 834 834 836 836 838 838 837 837 840 840 841 841 839 839 844 844 843 843 842 842 847 847 845 845 846 846 848 848 849 849 850 850 851 851 853 853 852 852 855 855 856 856 854 854 858 858 857 857 859 859 860 860 861 861 862 862 864 864 863 863 865 865 866 866 868 868 867 867 870 870 871 871 869 869 873 873 872 872 874 874 876 876 875 875 877 877 878 878 880 880 879 879 883 883 882 882 881 881 884 884 885 885 886 886 889 889 888 888 887 887 891 891 892 892 890 890 895 895 894 894 893 893 897 897 898 898 896 896 900 900 899 899 901 901 904 904 903 903 902 902 906 906 907 907 905 905 910 910 909 909 908 908 912 912 911 911 913 913 915 915 914 914 916 916 925 925 926 926 927 927 924 924 925 925 927 927 923 923 924 924 927 927 922 922 917 917 918 918 922 922 918 918 919 919 922 922 919 919 920 920 922 922 920 920 921 921 922 922 927 927 928 928 922 922 928 928 917 917 922 922 923 923 927 927 944 944 929 929 930 930 944 944 930 930 931 931 943 943 931 931 932 932 943 943 944 944 931 931 942 942 932 932 933 933 942 942 943 943 932 932 941 941 933 933 934 934 941 941 934 934 935 935 941 941 942 942 933 933 940 940 941 941 935 935 939 939 935 935 936 936 939 939 940 940 935 935 938 938 936 936 937 937 938 938 939 939 936 936 953 953 954 954 955 955 953 953 955 955 956 956 952 952 953 953 956 956 951 951 956 956 957 957 951 951 952 952 956 956 950 950 951 951 957 957 949 949 950 950 957 957 948 948 957 957 958 958 948 948 949 949 957 957 947 947 948 948 958 958 946 946 958 958 945 945 946 946 947 947 958 958 972 972 973 973 974 974 972 972 974 974 959 959 971 971 959 959 960 960 971 971 972 972 959 959 970 970 971 971 960 960 969 969 960 960 961 961 969 969 970 970 960 960 968 968 969 969 961 961 967 967 961 961 962 962 967 967 968 968 961 961 966 966 962 962 963 963 966 966 963 963 964 964 966 966 967 967 962 962 965 965 966 966 964 964 986 986 987 987 988 988 985 985 988 988 989 989 985 985 986 986 988 988 984 984 989 989 990 990 984 984 985 985 989 989 983 983 990 990 975 975 983 983 984 984 990 990 982 982 983 983 975 975 981 981 982 982 975 975 980 980 975 975 976 976 980 980 981 981 975 975 979 979 980 980 976 976 978 978 976 976 977 977 978 978 979 979 976 976 1005 1005 1003 1003 1004 1004 1006 1006 1002 1002 1003 1003 1006 1006 1003 1003 1005 1005 999 999 1000 1000 1001 1001 998 998 1001 1001 1002 1002 998 998 999 999 1001 1001 1009 1009 1007 1007 1008 1008 1010 1010 1006 1006 1007 1007 1010 1010 1007 1007 1009 1009 995 995 996 996 997 997 994 994 997 997 998 998 994 994 995 995 997 997 1013 1013 1011 1011 1012 1012 1014 1014 1010 1010 1011 1011 1014 1014 1002 1002 1006 1006 1014 1014 998 998 1002 1002 1014 1014 1006 1006 1010 1010 1014 1014 994 994 998 998 1014 1014 1011 1011 1013 1013 991 991 993 993 994 994 991 991 994 994 1014 1014 992 992 993 993 991 991 1024 1024 1025 1025 1026 1026 1023 1023 1024 1024 1026 1026 1022 1022 1023 1023 1026 1026 1021 1021 1015 1015 1016 1016 1021 1021 1016 1016 1017 1017 1021 1021 1017 1017 1018 1018 1021 1021 1018 1018 1019 1019 1021 1021 1019 1019 1020 1020 1021 1021 1026 1026 1027 1027 1021 1021 1027 1027 1028 1028 1021 1021 1028 1028 1015 1015 1021 1021 1022 1022 1026 1026 1029 1029 1030 1030 1031 1031 1041 1041 1029 1029 1031 1031 1040 1040 1041 1041 1031 1031 1039 1039 1031 1031 1032 1032 1039 1039 1032 1032 1033 1033 1039 1039 1033 1033 1034 1034 1039 1039 1034 1034 1035 1035 1039 1039 1035 1035 1036 1036 1039 1039 1036 1036 1037 1037 1039 1039 1037 1037 1038 1038 1039 1039 1040 1040 1031 1031 1045 1045 1046 1046 1047 1047 1045 1045 1047 1047 1048 1048 1045 1045 1048 1048 1049 1049 1045 1045 1049 1049 1050 1050 1045 1045 1050 1050 1051 1051 1045 1045 1051 1051 1052 1052 1045 1045 1052 1052 1053 1053 1045 1045 1053 1053 1054 1054 1044 1044 1045 1045 1054 1054 1043 1043 1044 1044 1054 1054 1042 1042 1043 1043 1054 1054 1055 1055 1042 1042 1054 1054 1060 1060 1061 1061 1062 1062 1060 1060 1062 1062 1063 1063 1060 1060 1063 1063 1064 1064 1060 1060 1064 1064 1065 1065 1060 1060 1065 1065 1066 1066 1060 1060 1066 1066 1067 1067 1060 1060 1067 1067 1068 1068 1060 1060 1068 1068 1069 1069 1059 1059 1060 1060 1069 1069 1058 1058 1059 1059 1069 1069 1056 1056 1058 1058 1069 1069 1057 1057 1056 1056 1069 1069 1076 1076 1073 1073 1074 1074 1076 1076 1074 1074 1075 1075 1077 1077 1073 1073 1076 1076 1070 1070 1071 1071 1072 1072 1093 1093 1072 1072 1073 1073 1093 1093 1073 1073 1077 1077 1093 1093 1070 1070 1072 1072 1080 1080 1077 1077 1078 1078 1080 1080 1078 1078 1079 1079 1081 1081 1077 1077 1080 1080 1090 1090 1091 1091 1092 1092 1089 1089 1092 1092 1093 1093 1089 1089 1093 1093 1077 1077 1089 1089 1090 1090 1092 1092 1084 1084 1082 1082 1083 1083 1085 1085 1081 1081 1082 1082 1085 1085 1077 1077 1081 1081 1085 1085 1089 1089 1077 1077 1085 1085 1082 1082 1084 1084 1086 1086 1088 1088 1089 1089 1086 1086 1089 1089 1085 1085 1087 1087 1088 1088 1086 1086 1101 1101 1102 1102 1103 1103 1100 1100 1101 1101 1103 1103 1099 1099 1100 1100 1103 1103 1098 1098 1099 1099 1103 1103 1097 1097 1098 1098 1103 1103 1096 1096 1094 1094 1095 1095 1096 1096 1103 1103 1104 1104 1096 1096 1104 1104 1105 1105 1096 1096 1105 1105 1094 1094 1096 1096 1097 1097 1103 1103 1118 1118 1119 1119 1106 1106 1117 1117 1118 1118 1106 1106 1116 1116 1117 1117 1106 1106 1115 1115 1116 1116 1106 1106 1114 1114 1115 1115 1106 1106 1113 1113 1114 1114 1106 1106 1112 1112 1113 1113 1106 1106 1111 1111 1106 1106 1107 1107 1111 1111 1107 1107 1108 1108 1111 1111 1108 1108 1109 1109 1111 1111 1109 1109 1110 1110 1111 1111 1112 1112 1106 1106 1121 1121 1122 1122 1123 1123 1121 1121 1123 1123 1124 1124 1121 1121 1124 1124 1125 1125 1121 1121 1125 1125 1126 1126 1120 1120 1121 1121 1126 1126 1129 1129 1120 1120 1126 1126 1128 1128 1129 1129 1126 1126 1127 1127 1128 1128 1126 1126 1131 1131 1132 1132 1133 1133 1131 1131 1133 1133 1134 1134 1131 1131 1134 1134 1135 1135 1131 1131 1135 1135 1136 1136 1130 1130 1131 1131 1136 1136 1143 1143 1130 1130 1136 1136 1142 1142 1143 1143 1136 1136 1141 1141 1142 1142 1136 1136 1140 1140 1141 1141 1136 1136 1139 1139 1140 1140 1136 1136 1138 1138 1139 1139 1136 1136 1137 1137 1138 1138 1136 1136 1149 1149 1150 1150 1151 1151 1149 1149 1151 1151 1152 1152 1149 1149 1152 1152 1153 1153 1149 1149 1153 1153 1154 1154 1149 1149 1154 1154 1155 1155 1149 1149 1155 1155 1156 1156 1149 1149 1156 1156 1157 1157 1148 1148 1149 1149 1157 1157 1147 1147 1148 1148 1157 1157 1146 1146 1147 1147 1157 1157 1145 1145 1146 1146 1157 1157 1144 1144 1145 1145 1157 1157 1158 1158 1144 1144 1157 1157 1159 1159 1161 1161 1160 1160 1162 1162 1163 1163 1164 1164 1165 1165 1167 1167 1166 1166 1170 1170 1169 1169 1168 1168 1173 1173 1171 1171 1172 1172 1175 1175 1174 1174 1176 1176 1179 1179 1177 1177 1178 1178 1181 1181 1180 1180 1182 1182 1183 1183 1185 1185 1184 1184 1186 1186 1187 1187 1188 1188 1190 1190 1189 1189 1191 1191 1194 1194 1192 1192 1193 1193 1195 1195 1197 1197 1196 1196 1199 1199 1200 1200 1198 1198 1201 1201 1203 1203 1202 1202 1206 1206 1205 1205 1204 1204 1208 1208 1209 1209 1207 1207 1210 1210 1211 1211 1212 1212 1215 1215 1214 1214 1213 1213 1217 1217 1216 1216 1218 1218 1220 1220 1219 1219 1221 1221 1223 1223 1224 1224 1222 1222 1227 1227 1226 1226 1225 1225 1228 1228 1229 1229 1230 1230 1233 1233 1232 1232 1231 1231 1234 1234 1235 1235 1236 1236 1237 1237 1239 1239 1238 1238 1240 1240 1241 1241 1242 1242 1244 1244 1243 1243 1245 1245 1248 1248 1247 1247 1246 1246 1251 1251 1250 1250 1249 1249 1254 1254 1253 1253 1252 1252 1267 1267 1255 1255 1256 1256 1267 1267 1256 1256 1257 1257 1267 1267 1257 1257 1258 1258 1267 1267 1268 1268 1255 1255 1266 1266 1267 1267 1258 1258 1265 1265 1266 1266 1258 1258 1264 1264 1265 1265 1258 1258 1263 1263 1264 1264 1258 1258 1262 1262 1263 1263 1258 1258 1261 1261 1262 1262 1258 1258 1260 1260 1261 1261 1258 1258 1259 1259 1260 1260 1258 1258 1277 1277 1278 1278 1279 1279 1276 1276 1277 1277 1279 1279 1275 1275 1276 1276 1279 1279 1274 1274 1275 1275 1279 1279 1273 1273 1274 1274 1279 1279 1272 1272 1273 1273 1279 1279 1271 1271 1272 1272 1279 1279 1270 1270 1279 1279 1280 1280 1270 1270 1280 1280 1281 1281 1270 1270 1281 1281 1282 1282 1270 1270 1282 1282 1283 1283 1270 1270 1283 1283 1284 1284 1270 1270 1284 1284 1269 1269 1270 1270 1271 1271 1279 1279 1287 1287 1286 1286 1285 1285 1288 1288 1290 1290 1289 1289 1293 1293 1292 1292 1291 1291 1296 1296 1294 1294 1295 1295 1298 1298 1299 1299 1297 1297 1300 1300 1302 1302 1301 1301 1304 1304 1305 1305 1303 1303 1308 1308 1307 1307 1306 1306 1309 1309 1310 1310 1311 1311 1312 1312 1313 1313 1314 1314 1315 1315 1317 1317 1316 1316 1318 1318 1319 1319 1320 1320 1322 1322 1321 1321 1323 1323 1326 1326 1324 1324 1325 1325 1328 1328 1327 1327 1329 1329 1330 1330 1332 1332 1331 1331 1334 1334 1335 1335 1333 1333 1337 1337 1336 1336 1338 1338 1340 1340 1339 1339 1341 1341 1342 1342 1344 1344 1343 1343 1347 1347 1346 1346 1345 1345 1348 1348 1349 1349 1350 1350 1353 1353 1352 1352 1351 1351 1355 1355 1356 1356 1354 1354 1359 1359 1358 1358 1357 1357 1360 1360 1361 1361 1362 1362 1364 1364 1363 1363 1365 1365 1368 1368 1367 1367 1366 1366 1370 1370 1371 1371 1369 1369 1374 1374 1373 1373 1372 1372 1376 1376 1375 1375 1377 1377 1379 1379 1378 1378 1380 1380 1389 1389 1390 1390 1391 1391 1388 1388 1389 1389 1391 1391 1387 1387 1388 1388 1391 1391 1386 1386 1381 1381 1382 1382 1386 1386 1382 1382 1383 1383 1386 1386 1383 1383 1384 1384 1386 1386 1384 1384 1385 1385 1386 1386 1391 1391 1392 1392 1386 1386 1392 1392 1381 1381 1386 1386 1387 1387 1391 1391 1408 1408 1393 1393 1394 1394 1408 1408 1394 1394 1395 1395 1407 1407 1395 1395 1396 1396 1407 1407 1408 1408 1395 1395 1406 1406 1396 1396 1397 1397 1406 1406 1407 1407 1396 1396 1405 1405 1397 1397 1398 1398 1405 1405 1398 1398 1399 1399 1405 1405 1406 1406 1397 1397 1404 1404 1405 1405 1399 1399 1403 1403 1399 1399 1400 1400 1403 1403 1404 1404 1399 1399 1402 1402 1400 1400 1401 1401 1402 1402 1403 1403 1400 1400 1417 1417 1418 1418 1419 1419 1417 1417 1419 1419 1420 1420 1416 1416 1417 1417 1420 1420 1415 1415 1420 1420 1421 1421 1415 1415 1416 1416 1420 1420 1414 1414 1415 1415 1421 1421 1413 1413 1414 1414 1421 1421 1412 1412 1421 1421 1422 1422 1412 1412 1413 1413 1421 1421 1411 1411 1412 1412 1422 1422 1410 1410 1422 1422 1409 1409 1410 1410 1411 1411 1422 1422 1436 1436 1437 1437 1438 1438 1436 1436 1438 1438 1423 1423 1435 1435 1423 1423 1424 1424 1435 1435 1436 1436 1423 1423 1434 1434 1435 1435 1424 1424 1433 1433 1424 1424 1425 1425 1433 1433 1434 1434 1424 1424 1432 1432 1433 1433 1425 1425 1431 1431 1425 1425 1426 1426 1431 1431 1432 1432 1425 1425 1430 1430 1426 1426 1427 1427 1430 1430 1427 1427 1428 1428 1430 1430 1431 1431 1426 1426 1429 1429 1430 1430 1428 1428 1450 1450 1451 1451 1452 1452 1449 1449 1452 1452 1453 1453 1449 1449 1450 1450 1452 1452 1448 1448 1453 1453 1454 1454 1448 1448 1449 1449 1453 1453 1447 1447 1454 1454 1439 1439 1447 1447 1448 1448 1454 1454 1446 1446 1447 1447 1439 1439 1445 1445 1446 1446 1439 1439 1444 1444 1439 1439 1440 1440 1444 1444 1445 1445 1439 1439 1443 1443 1444 1444 1440 1440 1442 1442 1440 1440 1441 1441 1442 1442 1443 1443 1440 1440 1469 1469 1467 1467 1468 1468 1470 1470 1466 1466 1467 1467 1470 1470 1467 1467 1469 1469 1463 1463 1464 1464 1465 1465 1462 1462 1465 1465 1466 1466 1462 1462 1463 1463 1465 1465 1473 1473 1471 1471 1472 1472 1474 1474 1470 1470 1471 1471 1474 1474 1471 1471 1473 1473 1459 1459 1460 1460 1461 1461 1458 1458 1461 1461 1462 1462 1458 1458 1466 1466 1470 1470 1458 1458 1462 1462 1466 1466 1458 1458 1459 1459 1461 1461 1477 1477 1475 1475 1476 1476 1478 1478 1474 1474 1475 1475 1478 1478 1470 1470 1474 1474 1478 1478 1458 1458 1470 1470 1478 1478 1475 1475 1477 1477 1455 1455 1457 1457 1458 1458 1455 1455 1458 1458 1478 1478 1456 1456 1457 1457 1455 1455 1488 1488 1489 1489 1490 1490 1487 1487 1488 1488 1490 1490 1486 1486 1487 1487 1490 1490 1485 1485 1479 1479 1480 1480 1485 1485 1480 1480 1481 1481 1485 1485 1481 1481 1482 1482 1485 1485 1482 1482 1483 1483 1485 1485 1483 1483 1484 1484 1485 1485 1490 1490 1491 1491 1485 1485 1491 1491 1492 1492 1485 1485 1492 1492 1479 1479 1485 1485 1486 1486 1490 1490 1493 1493 1494 1494 1495 1495 1505 1505 1493 1493 1495 1495 1504 1504 1505 1505 1495 1495 1503 1503 1495 1495 1496 1496 1503 1503 1496 1496 1497 1497 1503 1503 1497 1497 1498 1498 1503 1503 1498 1498 1499 1499 1503 1503 1499 1499 1500 1500 1503 1503 1500 1500 1501 1501 1503 1503 1501 1501 1502 1502 1503 1503 1504 1504 1495 1495 1509 1509 1510 1510 1511 1511 1509 1509 1511 1511 1512 1512 1509 1509 1512 1512 1513 1513 1509 1509 1513 1513 1514 1514 1509 1509 1514 1514 1515 1515 1509 1509 1515 1515 1516 1516 1509 1509 1516 1516 1517 1517 1509 1509 1517 1517 1518 1518 1508 1508 1509 1509 1518 1518 1507 1507 1508 1508 1518 1518 1506 1506 1507 1507 1518 1518 1519 1519 1506 1506 1518 1518 1524 1524 1525 1525 1526 1526 1524 1524 1526 1526 1527 1527 1524 1524 1527 1527 1528 1528 1524 1524 1528 1528 1529 1529 1524 1524 1529 1529 1530 1530 1524 1524 1530 1530 1531 1531 1524 1524 1531 1531 1532 1532 1524 1524 1532 1532 1533 1533 1523 1523 1524 1524 1533 1533 1522 1522 1523 1523 1533 1533 1520 1520 1522 1522 1533 1533 1521 1521 1520 1520 1533 1533 1540 1540 1537 1537 1538 1538 1540 1540 1538 1538 1539 1539 1541 1541 1537 1537 1540 1540 1534 1534 1535 1535 1536 1536 1557 1557 1536 1536 1537 1537 1557 1557 1537 1537 1541 1541 1557 1557 1534 1534 1536 1536 1544 1544 1542 1542 1543 1543 1545 1545 1541 1541 1542 1542 1545 1545 1542 1542 1544 1544 1554 1554 1555 1555 1556 1556 1553 1553 1556 1556 1557 1557 1553 1553 1557 1557 1541 1541 1553 1553 1554 1554 1556 1556 1548 1548 1546 1546 1547 1547 1549 1549 1545 1545 1546 1546 1549 1549 1541 1541 1545 1545 1549 1549 1553 1553 1541 1541 1549 1549 1546 1546 1548 1548 1550 1550 1552 1552 1553 1553 1550 1550 1553 1553 1549 1549 1551 1551 1552 1552 1550 1550 1565 1565 1566 1566 1567 1567 1564 1564 1565 1565 1567 1567 1563 1563 1564 1564 1567 1567 1562 1562 1563 1563 1567 1567 1561 1561 1562 1562 1567 1567 1560 1560 1558 1558 1559 1559 1560 1560 1567 1567 1568 1568 1560 1560 1568 1568 1569 1569 1560 1560 1569 1569 1558 1558 1560 1560 1561 1561 1567 1567 1582 1582 1583 1583 1570 1570 1581 1581 1582 1582 1570 1570 1580 1580 1581 1581 1570 1570 1579 1579 1580 1580 1570 1570 1578 1578 1579 1579 1570 1570 1577 1577 1578 1578 1570 1570 1576 1576 1577 1577 1570 1570 1575 1575 1570 1570 1571 1571 1575 1575 1571 1571 1572 1572 1575 1575 1572 1572 1573 1573 1575 1575 1573 1573 1574 1574 1575 1575 1576 1576 1570 1570 1585 1585 1586 1586 1587 1587 1585 1585 1587 1587 1588 1588 1585 1585 1588 1588 1589 1589 1585 1585 1589 1589 1590 1590 1584 1584 1585 1585 1590 1590 1593 1593 1584 1584 1590 1590 1592 1592 1593 1593 1590 1590 1591 1591 1592 1592 1590 1590 1595 1595 1596 1596 1597 1597 1595 1595 1597 1597 1598 1598 1595 1595 1598 1598 1599 1599 1595 1595 1599 1599 1600 1600 1594 1594 1595 1595 1600 1600 1607 1607 1594 1594 1600 1600 1606 1606 1607 1607 1600 1600 1605 1605 1606 1606 1600 1600 1604 1604 1605 1605 1600 1600 1603 1603 1604 1604 1600 1600 1602 1602 1603 1603 1600 1600 1601 1601 1602 1602 1600 1600 1613 1613 1614 1614 1615 1615 1613 1613 1615 1615 1616 1616 1613 1613 1616 1616 1617 1617 1613 1613 1617 1617 1618 1618 1613 1613 1618 1618 1619 1619 1613 1613 1619 1619 1620 1620 1613 1613 1620 1620 1621 1621 1612 1612 1613 1613 1621 1621 1611 1611 1612 1612 1621 1621 1610 1610 1611 1611 1621 1621 1609 1609 1610 1610 1621 1621 1608 1608 1609 1609 1621 1621 1622 1622 1608 1608 1621 1621 1623 1623 1625 1625 1624 1624 1626 1626 1627 1627 1628 1628 1629 1629 1631 1631 1630 1630 1634 1634 1633 1633 1632 1632 1637 1637 1635 1635 1636 1636 1639 1639 1638 1638 1640 1640 1643 1643 1641 1641 1642 1642 1645 1645 1644 1644 1646 1646 1647 1647 1649 1649 1648 1648 1650 1650 1651 1651 1652 1652 1654 1654 1653 1653 1655 1655 1658 1658 1656 1656 1657 1657 1659 1659 1661 1661 1660 1660 1663 1663 1664 1664 1662 1662 1665 1665 1667 1667 1666 1666 1670 1670 1669 1669 1668 1668 1672 1672 1673 1673 1671 1671 1674 1674 1675 1675 1676 1676 1679 1679 1678 1678 1677 1677 1681 1681 1680 1680 1682 1682 1684 1684 1683 1683 1685 1685 1687 1687 1688 1688 1686 1686 1691 1691 1690 1690 1689 1689 1692 1692 1693 1693 1694 1694 1697 1697 1696 1696 1695 1695 1698 1698 1699 1699 1700 1700 1701 1701 1703 1703 1702 1702 1704 1704 1705 1705 1706 1706 1708 1708 1707 1707 1709 1709 1712 1712 1711 1711 1710 1710 1715 1715 1714 1714 1713 1713 1718 1718 1717 1717 1716 1716 1731 1731 1719 1719 1720 1720 1731 1731 1720 1720 1721 1721 1731 1731 1721 1721 1722 1722 1731 1731 1732 1732 1719 1719 1730 1730 1731 1731 1722 1722 1729 1729 1730 1730 1722 1722 1728 1728 1729 1729 1722 1722 1727 1727 1728 1728 1722 1722 1726 1726 1727 1727 1722 1722 1725 1725 1726 1726 1722 1722 1724 1724 1725 1725 1722 1722 1723 1723 1724 1724 1722 1722 1741 1741 1742 1742 1743 1743 1740 1740 1741 1741 1743 1743 1739 1739 1740 1740 1743 1743 1738 1738 1739 1739 1743 1743 1737 1737 1738 1738 1743 1743 1736 1736 1737 1737 1743 1743 1735 1735 1736 1736 1743 1743 1734 1734 1743 1743 1744 1744 1734 1734 1744 1744 1745 1745 1734 1734 1745 1745 1746 1746 1734 1734 1746 1746 1747 1747 1734 1734 1747 1747 1748 1748 1734 1734 1748 1748 1733 1733 1734 1734 1735 1735 1743 1743 1751 1751 1750 1750 1749 1749 1752 1752 1754 1754 1753 1753 1756 1756 1755 1755 1757 1757 1760 1760 1758 1758 1759 1759 1762 1762 1763 1763 1761 1761 1764 1764 1766 1766 1765 1765 1768 1768 1769 1769 1767 1767 1772 1772 1771 1771 1770 1770 1773 1773 1774 1774 1775 1775 1776 1776 1777 1777 1778 1778 1779 1779 1781 1781 1780 1780 1782 1782 1783 1783 1784 1784 1786 1786 1785 1785 1787 1787 1790 1790 1788 1788 1789 1789 1792 1792 1791 1791 1793 1793 1794 1794 1796 1796 1795 1795 1798 1798 1799 1799 1797 1797 1801 1801 1800 1800 1802 1802 1804 1804 1803 1803 1805 1805 1806 1806 1808 1808 1807 1807 1811 1811 1810 1810 1809 1809 1812 1812 1813 1813 1814 1814 1817 1817 1816 1816 1815 1815 1819 1819 1820 1820 1818 1818 1823 1823 1822 1822 1821 1821 1824 1824 1825 1825 1826 1826 1828 1828 1827 1827 1829 1829 1832 1832 1831 1831 1830 1830 1834 1834 1835 1835 1833 1833 1838 1838 1837 1837 1836 1836 1840 1840 1839 1839 1841 1841 1843 1843 1842 1842 1844 1844 1853 1853 1854 1854 1855 1855 1852 1852 1853 1853 1855 1855 1851 1851 1852 1852 1855 1855 1850 1850 1845 1845 1846 1846 1850 1850 1846 1846 1847 1847 1850 1850 1847 1847 1848 1848 1850 1850 1848 1848 1849 1849 1850 1850 1855 1855 1856 1856 1850 1850 1856 1856 1845 1845 1850 1850 1851 1851 1855 1855 1872 1872 1857 1857 1858 1858 1872 1872 1858 1858 1859 1859 1871 1871 1859 1859 1860 1860 1871 1871 1872 1872 1859 1859 1870 1870 1860 1860 1861 1861 1870 1870 1871 1871 1860 1860 1869 1869 1861 1861 1862 1862 1869 1869 1862 1862 1863 1863 1869 1869 1870 1870 1861 1861 1868 1868 1869 1869 1863 1863 1867 1867 1863 1863 1864 1864 1867 1867 1868 1868 1863 1863 1866 1866 1864 1864 1865 1865 1866 1866 1867 1867 1864 1864 1881 1881 1882 1882 1883 1883 1881 1881 1883 1883 1884 1884 1880 1880 1881 1881 1884 1884 1879 1879 1884 1884 1885 1885 1879 1879 1880 1880 1884 1884 1878 1878 1879 1879 1885 1885 1877 1877 1878 1878 1885 1885 1876 1876 1885 1885 1886 1886 1876 1876 1877 1877 1885 1885 1875 1875 1876 1876 1886 1886 1874 1874 1886 1886 1873 1873 1874 1874 1875 1875 1886 1886 1900 1900 1901 1901 1902 1902 1900 1900 1902 1902 1887 1887 1899 1899 1887 1887 1888 1888 1899 1899 1900 1900 1887 1887 1898 1898 1899 1899 1888 1888 1897 1897 1888 1888 1889 1889 1897 1897 1898 1898 1888 1888 1896 1896 1897 1897 1889 1889 1895 1895 1889 1889 1890 1890 1895 1895 1896 1896 1889 1889 1894 1894 1890 1890 1891 1891 1894 1894 1891 1891 1892 1892 1894 1894 1895 1895 1890 1890 1893 1893 1894 1894 1892 1892 1914 1914 1915 1915 1916 1916 1913 1913 1916 1916 1917 1917 1913 1913 1914 1914 1916 1916 1912 1912 1917 1917 1918 1918 1912 1912 1913 1913 1917 1917 1911 1911 1918 1918 1903 1903 1911 1911 1912 1912 1918 1918 1910 1910 1911 1911 1903 1903 1909 1909 1910 1910 1903 1903 1908 1908 1903 1903 1904 1904 1908 1908 1909 1909 1903 1903 1907 1907 1908 1908 1904 1904 1906 1906 1904 1904 1905 1905 1906 1906 1907 1907 1904 1904 1933 1933 1931 1931 1932 1932 1934 1934 1930 1930 1931 1931 1934 1934 1931 1931 1933 1933 1927 1927 1928 1928 1929 1929 1926 1926 1929 1929 1930 1930 1926 1926 1927 1927 1929 1929 1937 1937 1935 1935 1936 1936 1938 1938 1934 1934 1935 1935 1938 1938 1935 1935 1937 1937 1923 1923 1924 1924 1925 1925 1923 1923 1925 1925 1926 1926 1922 1922 1930 1930 1934 1934 1922 1922 1926 1926 1930 1930 1922 1922 1923 1923 1926 1926 1941 1941 1939 1939 1940 1940 1942 1942 1938 1938 1939 1939 1942 1942 1922 1922 1934 1934 1942 1942 1934 1934 1938 1938 1942 1942 1939 1939 1941 1941 1919 1919 1921 1921 1922 1922 1919 1919 1922 1922 1942 1942 1920 1920 1921 1921 1919 1919 1952 1952 1953 1953 1954 1954 1951 1951 1952 1952 1954 1954 1950 1950 1951 1951 1954 1954 1949 1949 1943 1943 1944 1944 1949 1949 1944 1944 1945 1945 1949 1949 1945 1945 1946 1946 1949 1949 1946 1946 1947 1947 1949 1949 1947 1947 1948 1948 1949 1949 1954 1954 1955 1955 1949 1949 1955 1955 1956 1956 1949 1949 1956 1956 1943 1943 1949 1949 1950 1950 1954 1954 1957 1957 1958 1958 1959 1959 1969 1969 1957 1957 1959 1959 1968 1968 1969 1969 1959 1959 1967 1967 1959 1959 1960 1960 1967 1967 1960 1960 1961 1961 1967 1967 1961 1961 1962 1962 1967 1967 1962 1962 1963 1963 1967 1967 1963 1963 1964 1964 1967 1967 1964 1964 1965 1965 1967 1967 1965 1965 1966 1966 1967 1967 1968 1968 1959 1959 1973 1973 1974 1974 1975 1975 1973 1973 1975 1975 1976 1976 1973 1973 1976 1976 1977 1977 1973 1973 1977 1977 1978 1978 1973 1973 1978 1978 1979 1979 1973 1973 1979 1979 1980 1980 1973 1973 1980 1980 1981 1981 1973 1973 1981 1981 1982 1982 1972 1972 1973 1973 1982 1982 1971 1971 1972 1972 1982 1982 1970 1970 1971 1971 1982 1982 1983 1983 1970 1970 1982 1982 1988 1988 1989 1989 1990 1990 1988 1988 1990 1990 1991 1991 1988 1988 1991 1991 1992 1992 1988 1988 1992 1992 1993 1993 1988 1988 1993 1993 1994 1994 1988 1988 1994 1994 1995 1995 1988 1988 1995 1995 1996 1996 1988 1988 1996 1996 1997 1997 1987 1987 1988 1988 1997 1997 1986 1986 1987 1987 1997 1997 1984 1984 1986 1986 1997 1997 1985 1985 1984 1984 1997 1997 2004 2004 2001 2001 2002 2002 2004 2004 2002 2002 2003 2003 2005 2005 2001 2001 2004 2004 1998 1998 1999 1999 2000 2000 2021 2021 2000 2000 2001 2001 2021 2021 2001 2001 2005 2005 2021 2021 1998 1998 2000 2000 2008 2008 2006 2006 2007 2007 2009 2009 2005 2005 2006 2006 2009 2009 2006 2006 2008 2008 2018 2018 2019 2019 2020 2020 2017 2017 2020 2020 2021 2021 2017 2017 2021 2021 2005 2005 2017 2017 2018 2018 2020 2020 2012 2012 2010 2010 2011 2011 2013 2013 2009 2009 2010 2010 2013 2013 2005 2005 2009 2009 2013 2013 2017 2017 2005 2005 2013 2013 2010 2010 2012 2012 2014 2014 2016 2016 2017 2017 2014 2014 2017 2017 2013 2013 2015 2015 2016 2016 2014 2014 2029 2029 2030 2030 2031 2031 2028 2028 2029 2029 2031 2031 2027 2027 2028 2028 2031 2031 2026 2026 2027 2027 2031 2031 2025 2025 2026 2026 2031 2031 2024 2024 2022 2022 2023 2023 2024 2024 2031 2031 2032 2032 2024 2024 2032 2032 2033 2033 2024 2024 2033 2033 2022 2022 2024 2024 2025 2025 2031 2031 2046 2046 2047 2047 2034 2034 2045 2045 2046 2046 2034 2034 2044 2044 2045 2045 2034 2034 2043 2043 2044 2044 2034 2034 2042 2042 2043 2043 2034 2034 2041 2041 2042 2042 2034 2034 2040 2040 2041 2041 2034 2034 2039 2039 2034 2034 2035 2035 2039 2039 2035 2035 2036 2036 2039 2039 2036 2036 2037 2037 2039 2039 2037 2037 2038 2038 2039 2039 2040 2040 2034 2034 2049 2049 2050 2050 2051 2051 2049 2049 2051 2051 2052 2052 2049 2049 2052 2052 2053 2053 2049 2049 2053 2053 2054 2054 2048 2048 2049 2049 2054 2054 2057 2057 2048 2048 2054 2054 2056 2056 2057 2057 2054 2054 2055 2055 2056 2056 2054 2054 2059 2059 2060 2060 2061 2061 2059 2059 2061 2061 2062 2062 2059 2059 2062 2062 2063 2063 2059 2059 2063 2063 2064 2064 2058 2058 2059 2059 2064 2064 2071 2071 2058 2058 2064 2064 2070 2070 2071 2071 2064 2064 2069 2069 2070 2070 2064 2064 2068 2068 2069 2069 2064 2064 2067 2067 2068 2068 2064 2064 2066 2066 2067 2067 2064 2064 2065 2065 2066 2066 2064 2064 2077 2077 2078 2078 2079 2079 2077 2077 2079 2079 2080 2080 2077 2077 2080 2080 2081 2081 2077 2077 2081 2081 2082 2082 2077 2077 2082 2082 2083 2083 2077 2077 2083 2083 2084 2084 2077 2077 2084 2084 2085 2085 2076 2076 2077 2077 2085 2085 2075 2075 2076 2076 2085 2085 2074 2074 2075 2075 2085 2085 2073 2073 2074 2074 2085 2085 2072 2072 2073 2073 2085 2085 2086 2086 2072 2072 2085 2085 2087 2087 2089 2089 2088 2088 2090 2090 2091 2091 2092 2092 2093 2093 2095 2095 2094 2094 2098 2098 2097 2097 2096 2096 2101 2101 2099 2099 2100 2100 2103 2103 2102 2102 2104 2104 2107 2107 2105 2105 2106 2106 2109 2109 2108 2108 2110 2110 2111 2111 2113 2113 2112 2112 2114 2114 2115 2115 2116 2116 2118 2118 2117 2117 2119 2119 2122 2122 2120 2120 2121 2121 2123 2123 2125 2125 2124 2124 2127 2127 2128 2128 2126 2126 2129 2129 2131 2131 2130 2130 2134 2134 2133 2133 2132 2132 2136 2136 2137 2137 2135 2135 2138 2138 2139 2139 2140 2140 2143 2143 2142 2142 2141 2141 2145 2145 2144 2144 2146 2146 2148 2148 2147 2147 2149 2149 2151 2151 2152 2152 2150 2150 2155 2155 2154 2154 2153 2153 2156 2156 2157 2157 2158 2158 2161 2161 2160 2160 2159 2159 2162 2162 2163 2163 2164 2164 2165 2165 2167 2167 2166 2166 2168 2168 2169 2169 2170 2170 2172 2172 2171 2171 2173 2173 2176 2176 2175 2175 2174 2174 2179 2179 2178 2178 2177 2177 2182 2182 2181 2181 2180 2180 2195 2195 2183 2183 2184 2184 2195 2195 2184 2184 2185 2185 2195 2195 2185 2185 2186 2186 2195 2195 2196 2196 2183 2183 2194 2194 2195 2195 2186 2186 2193 2193 2194 2194 2186 2186 2192 2192 2193 2193 2186 2186 2191 2191 2192 2192 2186 2186 2190 2190 2191 2191 2186 2186 2189 2189 2190 2190 2186 2186 2188 2188 2189 2189 2186 2186 2187 2187 2188 2188 2186 2186 2205 2205 2206 2206 2207 2207 2204 2204 2205 2205 2207 2207 2203 2203 2204 2204 2207 2207 2202 2202 2203 2203 2207 2207 2201 2201 2202 2202 2207 2207 2200 2200 2201 2201 2207 2207 2199 2199 2200 2200 2207 2207 2198 2198 2207 2207 2208 2208 2198 2198 2208 2208 2209 2209 2198 2198 2209 2209 2210 2210 2198 2198 2210 2210 2211 2211 2198 2198 2211 2211 2212 2212 2198 2198 2212 2212 2197 2197 2198 2198 2199 2199 2207 2207 2215 2215 2214 2214 2213 2213 2216 2216 2218 2218 2217 2217 2221 2221 2220 2220 2219 2219 2224 2224 2222 2222 2223 2223 2226 2226 2227 2227 2225 2225 2228 2228 2230 2230 2229 2229 2232 2232 2233 2233 2231 2231 2236 2236 2235 2235 2234 2234 2237 2237 2238 2238 2239 2239 2240 2240 2241 2241 2242 2242 2243 2243 2245 2245 2244 2244 2246 2246 2247 2247 2248 2248 2250 2250 2249 2249 2251 2251 2254 2254 2252 2252 2253 2253 2256 2256 2255 2255 2257 2257 2258 2258 2260 2260 2259 2259 2262 2262 2263 2263 2261 2261 2265 2265 2264 2264 2266 2266 2268 2268 2267 2267 2269 2269 2270 2270 2272 2272 2271 2271 2275 2275 2274 2274 2273 2273 2276 2276 2277 2277 2278 2278 2281 2281 2280 2280 2279 2279 2283 2283 2284 2284 2282 2282 2287 2287 2286 2286 2285 2285 2288 2288 2289 2289 2290 2290 2292 2292 2291 2291 2293 2293 2296 2296 2295 2295 2294 2294 2298 2298 2299 2299 2297 2297 2302 2302 2301 2301 2300 2300 2304 2304 2303 2303 2305 2305 2307 2307 2306 2306 2308 2308 2317 2317 2318 2318 2319 2319 2316 2316 2317 2317 2319 2319 2315 2315 2316 2316 2319 2319 2314 2314 2309 2309 2310 2310 2314 2314 2310 2310 2311 2311 2314 2314 2311 2311 2312 2312 2314 2314 2312 2312 2313 2313 2314 2314 2319 2319 2320 2320 2314 2314 2320 2320 2309 2309 2314 2314 2315 2315 2319 2319 2336 2336 2321 2321 2322 2322 2336 2336 2322 2322 2323 2323 2335 2335 2323 2323 2324 2324 2335 2335 2336 2336 2323 2323 2334 2334 2324 2324 2325 2325 2334 2334 2335 2335 2324 2324 2333 2333 2325 2325 2326 2326 2333 2333 2326 2326 2327 2327 2333 2333 2334 2334 2325 2325 2332 2332 2333 2333 2327 2327 2331 2331 2327 2327 2328 2328 2331 2331 2332 2332 2327 2327 2330 2330 2328 2328 2329 2329 2330 2330 2331 2331 2328 2328 2345 2345 2346 2346 2347 2347 2345 2345 2347 2347 2348 2348 2344 2344 2345 2345 2348 2348 2343 2343 2348 2348 2349 2349 2343 2343 2344 2344 2348 2348 2342 2342 2343 2343 2349 2349 2341 2341 2342 2342 2349 2349 2340 2340 2349 2349 2350 2350 2340 2340 2341 2341 2349 2349 2339 2339 2340 2340 2350 2350 2338 2338 2350 2350 2337 2337 2338 2338 2339 2339 2350 2350 2364 2364 2365 2365 2366 2366 2364 2364 2366 2366 2351 2351 2363 2363 2351 2351 2352 2352 2363 2363 2364 2364 2351 2351 2362 2362 2363 2363 2352 2352 2361 2361 2352 2352 2353 2353 2361 2361 2362 2362 2352 2352 2360 2360 2361 2361 2353 2353 2359 2359 2353 2353 2354 2354 2359 2359 2360 2360 2353 2353 2358 2358 2354 2354 2355 2355 2358 2358 2355 2355 2356 2356 2358 2358 2359 2359 2354 2354 2357 2357 2358 2358 2356 2356 2378 2378 2379 2379 2380 2380 2377 2377 2380 2380 2381 2381 2377 2377 2378 2378 2380 2380 2376 2376 2381 2381 2382 2382 2376 2376 2377 2377 2381 2381 2375 2375 2382 2382 2367 2367 2375 2375 2376 2376 2382 2382 2374 2374 2375 2375 2367 2367 2373 2373 2374 2374 2367 2367 2372 2372 2367 2367 2368 2368 2372 2372 2373 2373 2367 2367 2371 2371 2372 2372 2368 2368 2370 2370 2368 2368 2369 2369 2370 2370 2371 2371 2368 2368 2397 2397 2395 2395 2396 2396 2398 2398 2394 2394 2395 2395 2398 2398 2395 2395 2397 2397 2391 2391 2392 2392 2393 2393 2390 2390 2393 2393 2394 2394 2390 2390 2391 2391 2393 2393 2401 2401 2399 2399 2400 2400 2402 2402 2398 2398 2399 2399 2402 2402 2399 2399 2401 2401 2387 2387 2388 2388 2389 2389 2386 2386 2389 2389 2390 2390 2386 2386 2394 2394 2398 2398 2386 2386 2390 2390 2394 2394 2386 2386 2387 2387 2389 2389 2405 2405 2403 2403 2404 2404 2406 2406 2402 2402 2403 2403 2406 2406 2398 2398 2402 2402 2406 2406 2386 2386 2398 2398 2406 2406 2403 2403 2405 2405 2383 2383 2385 2385 2386 2386 2383 2383 2386 2386 2406 2406 2384 2384 2385 2385 2383 2383 2416 2416 2417 2417 2418 2418 2415 2415 2416 2416 2418 2418 2414 2414 2415 2415 2418 2418 2413 2413 2407 2407 2408 2408 2413 2413 2408 2408 2409 2409 2413 2413 2409 2409 2410 2410 2413 2413 2410 2410 2411 2411 2413 2413 2411 2411 2412 2412 2413 2413 2418 2418 2419 2419 2413 2413 2419 2419 2420 2420 2413 2413 2420 2420 2407 2407 2413 2413 2414 2414 2418 2418 2421 2421 2422 2422 2423 2423 2433 2433 2421 2421 2423 2423 2432 2432 2433 2433 2423 2423 2431 2431 2423 2423 2424 2424 2431 2431 2424 2424 2425 2425 2431 2431 2425 2425 2426 2426 2431 2431 2426 2426 2427 2427 2431 2431 2427 2427 2428 2428 2431 2431 2428 2428 2429 2429 2431 2431 2429 2429 2430 2430 2431 2431 2432 2432 2423 2423 2437 2437 2438 2438 2439 2439 2437 2437 2439 2439 2440 2440 2437 2437 2440 2440 2441 2441 2437 2437 2441 2441 2442 2442 2437 2437 2442 2442 2443 2443 2437 2437 2443 2443 2444 2444 2437 2437 2444 2444 2445 2445 2437 2437 2445 2445 2446 2446 2436 2436 2437 2437 2446 2446 2435 2435 2436 2436 2446 2446 2434 2434 2435 2435 2446 2446 2447 2447 2434 2434 2446 2446 2452 2452 2453 2453 2454 2454 2452 2452 2454 2454 2455 2455 2452 2452 2455 2455 2456 2456 2452 2452 2456 2456 2457 2457 2452 2452 2457 2457 2458 2458 2452 2452 2458 2458 2459 2459 2452 2452 2459 2459 2460 2460 2452 2452 2460 2460 2461 2461 2451 2451 2452 2452 2461 2461 2450 2450 2451 2451 2461 2461 2448 2448 2450 2450 2461 2461 2449 2449 2448 2448 2461 2461 2468 2468 2465 2465 2466 2466 2468 2468 2466 2466 2467 2467 2469 2469 2465 2465 2468 2468 2462 2462 2463 2463 2464 2464 2485 2485 2464 2464 2465 2465 2485 2485 2465 2465 2469 2469 2485 2485 2462 2462 2464 2464 2472 2472 2470 2470 2471 2471 2473 2473 2469 2469 2470 2470 2473 2473 2470 2470 2472 2472 2482 2482 2483 2483 2484 2484 2481 2481 2484 2484 2485 2485 2481 2481 2485 2485 2469 2469 2481 2481 2482 2482 2484 2484 2476 2476 2474 2474 2475 2475 2477 2477 2473 2473 2474 2474 2477 2477 2469 2469 2473 2473 2477 2477 2481 2481 2469 2469 2477 2477 2474 2474 2476 2476 2478 2478 2480 2480 2481 2481 2478 2478 2481 2481 2477 2477 2479 2479 2480 2480 2478 2478 2493 2493 2494 2494 2495 2495 2492 2492 2493 2493 2495 2495 2491 2491 2492 2492 2495 2495 2490 2490 2491 2491 2495 2495 2489 2489 2490 2490 2495 2495 2488 2488 2486 2486 2487 2487 2488 2488 2495 2495 2496 2496 2488 2488 2496 2496 2497 2497 2488 2488 2497 2497 2486 2486 2488 2488 2489 2489 2495 2495 2510 2510 2511 2511 2498 2498 2509 2509 2510 2510 2498 2498 2508 2508 2509 2509 2498 2498 2507 2507 2508 2508 2498 2498 2506 2506 2507 2507 2498 2498 2505 2505 2506 2506 2498 2498 2504 2504 2505 2505 2498 2498 2503 2503 2498 2498 2499 2499 2503 2503 2499 2499 2500 2500 2503 2503 2500 2500 2501 2501 2503 2503 2501 2501 2502 2502 2503 2503 2504 2504 2498 2498 2513 2513 2514 2514 2515 2515 2513 2513 2515 2515 2516 2516 2513 2513 2516 2516 2517 2517 2513 2513 2517 2517 2518 2518 2512 2512 2513 2513 2518 2518 2521 2521 2512 2512 2518 2518 2520 2520 2521 2521 2518 2518 2519 2519 2520 2520 2518 2518 2523 2523 2524 2524 2525 2525 2523 2523 2525 2525 2526 2526 2523 2523 2526 2526 2527 2527 2523 2523 2527 2527 2528 2528 2522 2522 2523 2523 2528 2528 2535 2535 2522 2522 2528 2528 2534 2534 2535 2535 2528 2528 2533 2533 2534 2534 2528 2528 2532 2532 2533 2533 2528 2528 2531 2531 2532 2532 2528 2528 2530 2530 2531 2531 2528 2528 2529 2529 2530 2530 2528 2528 2541 2541 2542 2542 2543 2543 2541 2541 2543 2543 2544 2544 2541 2541 2544 2544 2545 2545 2541 2541 2545 2545 2546 2546 2541 2541 2546 2546 2547 2547 2541 2541 2547 2547 2548 2548 2541 2541 2548 2548 2549 2549 2540 2540 2541 2541 2549 2549 2539 2539 2540 2540 2549 2549 2538 2538 2539 2539 2549 2549 2537 2537 2538 2538 2549 2549 2536 2536 2537 2537 2549 2549 2550 2550 2536 2536 2549 2549 2551 2551 2553 2553 2552 2552 2554 2554 2555 2555 2556 2556 2557 2557 2559 2559 2558 2558 2562 2562 2561 2561 2560 2560 2565 2565 2563 2563 2564 2564 2566 2566 2568 2568 2567 2567 2571 2571 2569 2569 2570 2570 2573 2573 2572 2572 2574 2574 2577 2577 2576 2576 2575 2575 2579 2579 2580 2580 2578 2578 2582 2582 2581 2581 2583 2583 2586 2586 2584 2584 2585 2585 2589 2589 2588 2588 2587 2587 2591 2591 2592 2592 2590 2590 2594 2594 2593 2593 2595 2595 2597 2597 2596 2596 2598 2598 2600 2600 2601 2601 2599 2599 2602 2602 2603 2603 2604 2604 2607 2607 2606 2606 2605 2605 2609 2609 2608 2608 2610 2610 2612 2612 2611 2611 2613 2613 2615 2615 2616 2616 2614 2614 2619 2619 2618 2618 2617 2617 2620 2620 2621 2621 2622 2622 2625 2625 2624 2624 2623 2623 2626 2626 2627 2627 2628 2628 2629 2629 2631 2631 2630 2630 2632 2632 2633 2633 2634 2634 2636 2636 2635 2635 2637 2637 2639 2639 2638 2638 2640 2640 2643 2643 2642 2642 2641 2641 2646 2646 2645 2645 2644 2644 2659 2659 2647 2647 2648 2648 2659 2659 2648 2648 2649 2649 2659 2659 2649 2649 2650 2650 2659 2659 2660 2660 2647 2647 2658 2658 2659 2659 2650 2650 2657 2657 2658 2658 2650 2650 2656 2656 2657 2657 2650 2650 2655 2655 2656 2656 2650 2650 2654 2654 2655 2655 2650 2650 2653 2653 2654 2654 2650 2650 2652 2652 2653 2653 2650 2650 2651 2651 2652 2652 2650 2650 2669 2669 2670 2670 2671 2671 2668 2668 2669 2669 2671 2671 2667 2667 2668 2668 2671 2671 2666 2666 2667 2667 2671 2671 2665 2665 2666 2666 2671 2671 2664 2664 2665 2665 2671 2671 2663 2663 2664 2664 2671 2671 2662 2662 2671 2671 2672 2672 2662 2662 2672 2672 2673 2673 2662 2662 2673 2673 2674 2674 2662 2662 2674 2674 2675 2675 2662 2662 2675 2675 2676 2676 2662 2662 2676 2676 2661 2661 2662 2662 2663 2663 2671 2671 2677 2677 2679 2679 2678 2678 2680 2680 2682 2682 2681 2681 2685 2685 2684 2684 2683 2683 2688 2688 2686 2686 2687 2687 2691 2691 2689 2689 2690 2690 2692 2692 2694 2694 2693 2693 2696 2696 2697 2697 2695 2695 2700 2700 2699 2699 2698 2698 2701 2701 2702 2702 2703 2703 2704 2704 2705 2705 2706 2706 2707 2707 2709 2709 2708 2708 2711 2711 2712 2712 2710 2710 2714 2714 2713 2713 2715 2715 2716 2716 2717 2717 2718 2718 2720 2720 2719 2719 2721 2721 2722 2722 2724 2724 2723 2723 2726 2726 2727 2727 2725 2725 2729 2729 2728 2728 2730 2730 2732 2732 2731 2731 2733 2733 2734 2734 2736 2736 2735 2735 2739 2739 2738 2738 2737 2737 2740 2740 2741 2741 2742 2742 2745 2745 2744 2744 2743 2743 2747 2747 2748 2748 2746 2746 2751 2751 2750 2750 2749 2749 2753 2753 2754 2754 2752 2752 2756 2756 2755 2755 2757 2757 2760 2760 2759 2759 2758 2758 2762 2762 2763 2763 2761 2761 2766 2766 2765 2765 2764 2764 2768 2768 2767 2767 2769 2769 2771 2771 2770 2770 2772 2772 2781 2781 2782 2782 2783 2783 2780 2780 2781 2781 2783 2783 2779 2779 2780 2780 2783 2783 2778 2778 2773 2773 2774 2774 2778 2778 2774 2774 2775 2775 2778 2778 2775 2775 2776 2776 2778 2778 2776 2776 2777 2777 2778 2778 2783 2783 2784 2784 2778 2778 2784 2784 2773 2773 2778 2778 2779 2779 2783 2783 2800 2800 2785 2785 2786 2786 2800 2800 2786 2786 2787 2787 2799 2799 2787 2787 2788 2788 2799 2799 2800 2800 2787 2787 2798 2798 2788 2788 2789 2789 2798 2798 2799 2799 2788 2788 2797 2797 2789 2789 2790 2790 2797 2797 2790 2790 2791 2791 2797 2797 2798 2798 2789 2789 2796 2796 2797 2797 2791 2791 2795 2795 2791 2791 2792 2792 2795 2795 2796 2796 2791 2791 2794 2794 2792 2792 2793 2793 2794 2794 2795 2795 2792 2792 2809 2809 2810 2810 2811 2811 2809 2809 2811 2811 2812 2812 2808 2808 2809 2809 2812 2812 2807 2807 2812 2812 2813 2813 2807 2807 2808 2808 2812 2812 2806 2806 2807 2807 2813 2813 2805 2805 2806 2806 2813 2813 2804 2804 2813 2813 2814 2814 2804 2804 2805 2805 2813 2813 2803 2803 2804 2804 2814 2814 2802 2802 2814 2814 2801 2801 2802 2802 2803 2803 2814 2814 2828 2828 2829 2829 2830 2830 2828 2828 2830 2830 2815 2815 2827 2827 2815 2815 2816 2816 2827 2827 2828 2828 2815 2815 2826 2826 2827 2827 2816 2816 2825 2825 2816 2816 2817 2817 2825 2825 2826 2826 2816 2816 2824 2824 2825 2825 2817 2817 2823 2823 2817 2817 2818 2818 2823 2823 2824 2824 2817 2817 2822 2822 2818 2818 2819 2819 2822 2822 2819 2819 2820 2820 2822 2822 2823 2823 2818 2818 2821 2821 2822 2822 2820 2820 2842 2842 2843 2843 2844 2844 2841 2841 2844 2844 2845 2845 2841 2841 2842 2842 2844 2844 2840 2840 2845 2845 2846 2846 2840 2840 2841 2841 2845 2845 2839 2839 2846 2846 2831 2831 2839 2839 2840 2840 2846 2846 2838 2838 2839 2839 2831 2831 2837 2837 2838 2838 2831 2831 2836 2836 2831 2831 2832 2832 2836 2836 2837 2837 2831 2831 2835 2835 2836 2836 2832 2832 2834 2834 2832 2832 2833 2833 2834 2834 2835 2835 2832 2832 2861 2861 2859 2859 2860 2860 2862 2862 2858 2858 2859 2859 2862 2862 2859 2859 2861 2861 2855 2855 2856 2856 2857 2857 2854 2854 2857 2857 2858 2858 2854 2854 2855 2855 2857 2857 2865 2865 2863 2863 2864 2864 2866 2866 2862 2862 2863 2863 2866 2866 2863 2863 2865 2865 2851 2851 2852 2852 2853 2853 2850 2850 2853 2853 2854 2854 2850 2850 2851 2851 2853 2853 2869 2869 2867 2867 2868 2868 2870 2870 2866 2866 2867 2867 2870 2870 2858 2858 2862 2862 2870 2870 2854 2854 2858 2858 2870 2870 2862 2862 2866 2866 2870 2870 2850 2850 2854 2854 2870 2870 2867 2867 2869 2869 2847 2847 2849 2849 2850 2850 2847 2847 2850 2850 2870 2870 2848 2848 2849 2849 2847 2847 2880 2880 2881 2881 2882 2882 2879 2879 2880 2880 2882 2882 2878 2878 2879 2879 2882 2882 2877 2877 2871 2871 2872 2872 2877 2877 2872 2872 2873 2873 2877 2877 2873 2873 2874 2874 2877 2877 2874 2874 2875 2875 2877 2877 2875 2875 2876 2876 2877 2877 2882 2882 2883 2883 2877 2877 2883 2883 2884 2884 2877 2877 2884 2884 2871 2871 2877 2877 2878 2878 2882 2882 2885 2885 2886 2886 2887 2887 2897 2897 2885 2885 2887 2887 2896 2896 2897 2897 2887 2887 2895 2895 2887 2887 2888 2888 2895 2895 2888 2888 2889 2889 2895 2895 2889 2889 2890 2890 2895 2895 2890 2890 2891 2891 2895 2895 2891 2891 2892 2892 2895 2895 2892 2892 2893 2893 2895 2895 2893 2893 2894 2894 2895 2895 2896 2896 2887 2887 2901 2901 2902 2902 2903 2903 2901 2901 2903 2903 2904 2904 2901 2901 2904 2904 2905 2905 2901 2901 2905 2905 2906 2906 2901 2901 2906 2906 2907 2907 2901 2901 2907 2907 2908 2908 2901 2901 2908 2908 2909 2909 2901 2901 2909 2909 2910 2910 2900 2900 2901 2901 2910 2910 2899 2899 2900 2900 2910 2910 2898 2898 2899 2899 2910 2910 2911 2911 2898 2898 2910 2910 2916 2916 2917 2917 2918 2918 2916 2916 2918 2918 2919 2919 2916 2916 2919 2919 2920 2920 2916 2916 2920 2920 2921 2921 2916 2916 2921 2921 2922 2922 2916 2916 2922 2922 2923 2923 2916 2916 2923 2923 2924 2924 2916 2916 2924 2924 2925 2925 2915 2915 2916 2916 2925 2925 2914 2914 2915 2915 2925 2925 2912 2912 2914 2914 2925 2925 2913 2913 2912 2912 2925 2925 2932 2932 2929 2929 2930 2930 2932 2932 2930 2930 2931 2931 2933 2933 2929 2929 2932 2932 2926 2926 2927 2927 2928 2928 2949 2949 2928 2928 2929 2929 2949 2949 2929 2929 2933 2933 2949 2949 2926 2926 2928 2928 2936 2936 2934 2934 2935 2935 2937 2937 2933 2933 2934 2934 2937 2937 2934 2934 2936 2936 2946 2946 2947 2947 2948 2948 2945 2945 2948 2948 2949 2949 2945 2945 2949 2949 2933 2933 2945 2945 2946 2946 2948 2948 2940 2940 2938 2938 2939 2939 2941 2941 2937 2937 2938 2938 2941 2941 2933 2933 2937 2937 2941 2941 2945 2945 2933 2933 2941 2941 2938 2938 2940 2940 2942 2942 2944 2944 2945 2945 2942 2942 2945 2945 2941 2941 2943 2943 2944 2944 2942 2942 2957 2957 2958 2958 2959 2959 2956 2956 2957 2957 2959 2959 2955 2955 2956 2956 2959 2959 2954 2954 2955 2955 2959 2959 2953 2953 2954 2954 2959 2959 2952 2952 2950 2950 2951 2951 2952 2952 2959 2959 2960 2960 2952 2952 2960 2960 2961 2961 2952 2952 2961 2961 2950 2950 2952 2952 2953 2953 2959 2959 2974 2974 2975 2975 2962 2962 2973 2973 2974 2974 2962 2962 2972 2972 2973 2973 2962 2962 2971 2971 2972 2972 2962 2962 2970 2970 2971 2971 2962 2962 2969 2969 2970 2970 2962 2962 2968 2968 2969 2969 2962 2962 2967 2967 2962 2962 2963 2963 2967 2967 2963 2963 2964 2964 2967 2967 2964 2964 2965 2965 2967 2967 2965 2965 2966 2966 2967 2967 2968 2968 2962 2962 2977 2977 2978 2978 2979 2979 2977 2977 2979 2979 2980 2980 2977 2977 2980 2980 2981 2981 2977 2977 2981 2981 2982 2982 2976 2976 2977 2977 2982 2982 2985 2985 2976 2976 2982 2982 2984 2984 2985 2985 2982 2982 2983 2983 2984 2984 2982 2982 2987 2987 2988 2988 2989 2989 2987 2987 2989 2989 2990 2990 2987 2987 2990 2990 2991 2991 2987 2987 2991 2991 2992 2992 2986 2986 2987 2987 2992 2992 2999 2999 2986 2986 2992 2992 2998 2998 2999 2999 2992 2992 2997 2997 2998 2998 2992 2992 2996 2996 2997 2997 2992 2992 2995 2995 2996 2996 2992 2992 2994 2994 2995 2995 2992 2992 2993 2993 2994 2994 2992 2992 3008 3008 3009 3009 3010 3010 3007 3007 3008 3008 3010 3010 3006 3006 3007 3007 3010 3010 3005 3005 3006 3006 3010 3010 3004 3004 3005 3005 3010 3010 3003 3003 3004 3004 3010 3010 3002 3002 3003 3003 3010 3010 3001 3001 3010 3010 3011 3011 3001 3001 3011 3011 3012 3012 3001 3001 3012 3012 3013 3013 3001 3001 3013 3013 3014 3014 3001 3001 3014 3014 3015 3015 3001 3001 3015 3015 3016 3016 3001 3001 3016 3016 3000 3000 3001 3001 3002 3002 3010 3010 3017 3017 3019 3019 3018 3018 3022 3022 3020 3020 3021 3021 3024 3024 3025 3025 3023 3023 3028 3028 3027 3027 3026 3026 3030 3030 3031 3031 3029 3029 3033 3033 3032 3032 3034 3034 3037 3037 3036 3036 3035 3035 3039 3039 3038 3038 3040 3040 3042 3042 3041 3041 3043 3043 3046 3046 3045 3045 3044 3044 3047 3047 3048 3048 3049 3049 3051 3051 3050 3050 3052 3052 3053 3053 3054 3054 3055 3055 3058 3058 3056 3056 3057 3057 3060 3060 3059 3059 3061 3061 3064 3064 3063 3063 3062 3062 3067 3067 3065 3065 3066 3066 3069 3069 3068 3068 3070 3070 3072 3072 3073 3073 3071 3071 3075 3075 3074 3074 3076 3076 3079 3079 3078 3078 3077 3077 3080 3080 3082 3082 3081 3081 3084 3084 3085 3085 3083 3083 3086 3086 3088 3088 3087 3087 3090 3090 3089 3089 3091 3091 3094 3094 3092 3092 3093 3093 3097 3097 3095 3095 3096 3096 3099 3099 3100 3100 3098 3098 3101 3101 3103 3103 3102 3102 3106 3106 3105 3105 3104 3104 3107 3107 3109 3109 3108 3108 3110 3110 3112 3112 3111 3111 3116 3116 3117 3117 3118 3118 3115 3115 3116 3116 3118 3118 3114 3114 3115 3115 3118 3118 3113 3113 3118 3118 3119 3119 3113 3113 3119 3119 3120 3120 3113 3113 3120 3120 3121 3121 3113 3113 3121 3121 3122 3122 3113 3113 3122 3122 3123 3123 3113 3113 3114 3114 3118 3118 3127 3127 3128 3128 3129 3129 3127 3127 3129 3129 3130 3130 3127 3127 3130 3130 3131 3131 3127 3127 3131 3131 3132 3132 3127 3127 3132 3132 3133 3133 3127 3127 3133 3133 3134 3134 3127 3127 3134 3134 3135 3135 3126 3126 3127 3127 3135 3135 3125 3125 3126 3126 3135 3135 3124 3124 3125 3125 3135 3135 3136 3136 3124 3124 3135 3135 3148 3148 3137 3137 3138 3138 3148 3148 3138 3138 3139 3139 3148 3148 3149 3149 3150 3150 3148 3148 3150 3150 3137 3137 3147 3147 3148 3148 3139 3139 3146 3146 3147 3147 3139 3139 3145 3145 3146 3146 3139 3139 3144 3144 3145 3145 3139 3139 3143 3143 3144 3144 3139 3139 3142 3142 3143 3143 3139 3139 3141 3141 3142 3142 3139 3139 3140 3140 3141 3141 3139 3139 3152 3152 3153 3153 3151 3151 3155 3155 3154 3154 3156 3156 3159 3159 3157 3157 3158 3158 3160 3160 3161 3161 3162 3162 3163 3163 3164 3164 3165 3165 3167 3167 3166 3166 3168 3168 3169 3169 3171 3171 3170 3170 3172 3172 3174 3174 3173 3173 3177 3177 3175 3175 3176 3176 3178 3178 3180 3180 3179 3179 3183 3183 3182 3182 3181 3181 3184 3184 3185 3185 3186 3186 3189 3189 3187 3187 3188 3188 3191 3191 3192 3192 3190 3190 3193 3193 3195 3195 3194 3194 3197 3197 3198 3198 3196 3196 3200 3200 3199 3199 3201 3201 3203 3203 3202 3202 3204 3204 3206 3206 3207 3207 3205 3205 3209 3209 3208 3208 3210 3210 3213 3213 3211 3211 3212 3212 3216 3216 3215 3215 3214 3214 3218 3218 3219 3219 3217 3217 3222 3222 3221 3221 3220 3220 3224 3224 3223 3223 3225 3225 3227 3227 3226 3226 3228 3228 3230 3230 3229 3229 3231 3231 3232 3232 3233 3233 3234 3234 3235 3235 3237 3237 3236 3236 3238 3238 3240 3240 3239 3239 3243 3243 3242 3242 3241 3241 3245 3245 3244 3244 3246 3246 3251 3251 3252 3252 3253 3253 3251 3251 3253 3253 3254 3254 3251 3251 3254 3254 3255 3255 3250 3250 3255 3255 3256 3256 3250 3250 3256 3256 3257 3257 3250 3250 3251 3251 3255 3255 3249 3249 3257 3257 3258 3258 3249 3249 3258 3258 3259 3259 3249 3249 3250 3250 3257 3257 3247 3247 3259 3259 3248 3248 3247 3247 3249 3249 3259 3259 3269 3269 3270 3270 3271 3271 3269 3269 3271 3271 3260 3260 3268 3268 3260 3260 3261 3261 3268 3268 3269 3269 3260 3260 3267 3267 3261 3261 3262 3262 3267 3267 3268 3268 3261 3261 3266 3266 3262 3262 3263 3263 3266 3266 3267 3267 3262 3262 3265 3265 3263 3263 3264 3264 3265 3265 3266 3266 3263 3263 3277 3277 3278 3278 3279 3279 3277 3277 3279 3279 3280 3280 3277 3277 3280 3280 3281 3281 3276 3276 3281 3281 3282 3282 3276 3276 3277 3277 3281 3281 3275 3275 3282 3282 3283 3283 3275 3275 3276 3276 3282 3282 3274 3274 3283 3283 3284 3284 3274 3274 3275 3275 3283 3283 3273 3273 3284 3284 3285 3285 3273 3273 3274 3274 3284 3284 3272 3272 3285 3285 3286 3286 3272 3272 3273 3273 3285 3285 3287 3287 3272 3272 3286 3286 3293 3293 3294 3294 3295 3295 3293 3293 3295 3295 3296 3296 3292 3292 3293 3293 3296 3296 3291 3291 3296 3296 3297 3297 3291 3291 3292 3292 3296 3296 3290 3290 3291 3291 3297 3297 3289 3289 3297 3297 3298 3298 3289 3289 3290 3290 3297 3297 3288 3288 3289 3289 3298 3298 3300 3300 3298 3298 3299 3299 3300 3300 3288 3288 3298 3298 3302 3302 3301 3301 3303 3303 3324 3324 3303 3303 3304 3304 3324 3324 3302 3302 3303 3303 3307 3307 3304 3304 3305 3305 3307 3307 3305 3305 3306 3306 3308 3308 3324 3324 3304 3304 3308 3308 3304 3304 3307 3307 3321 3321 3322 3322 3323 3323 3321 3321 3323 3323 3324 3324 3320 3320 3321 3321 3324 3324 3311 3311 3309 3309 3310 3310 3312 3312 3308 3308 3309 3309 3312 3312 3324 3324 3308 3308 3312 3312 3309 3309 3311 3311 3317 3317 3318 3318 3319 3319 3317 3317 3319 3319 3320 3320 3316 3316 3320 3320 3324 3324 3316 3316 3317 3317 3320 3320 3316 3316 3324 3324 3312 3312 3315 3315 3312 3312 3313 3313 3315 3315 3316 3316 3312 3312 3314 3314 3315 3315 3313 3313 3331 3331 3325 3325 3326 3326 3331 3331 3332 3332 3333 3333 3331 3331 3333 3333 3334 3334 3331 3331 3334 3334 3325 3325 3330 3330 3331 3331 3326 3326 3329 3329 3330 3330 3326 3326 3328 3328 3329 3329 3326 3326 3327 3327 3328 3328 3326 3326 3336 3336 3337 3337 3338 3338 3336 3336 3338 3338 3339 3339 3336 3336 3339 3339 3340 3340 3336 3336 3340 3340 3341 3341 3336 3336 3341 3341 3342 3342 3335 3335 3336 3336 3342 3342 3345 3345 3335 3335 3342 3342 3344 3344 3345 3345 3342 3342 3343 3343 3344 3344 3342 3342 3358 3358 3346 3346 3347 3347 3357 3357 3358 3358 3347 3347 3356 3356 3357 3357 3347 3347 3355 3355 3347 3347 3348 3348 3355 3355 3348 3348 3349 3349 3355 3355 3349 3349 3350 3350 3355 3355 3350 3350 3351 3351 3355 3355 3351 3351 3352 3352 3355 3355 3352 3352 3353 3353 3355 3355 3353 3353 3354 3354 3355 3355 3356 3356 3347 3347 3360 3360 3361 3361 3362 3362 3359 3359 3360 3360 3362 3362 3371 3371 3359 3359 3362 3362 3370 3370 3362 3362 3363 3363 3370 3370 3363 3363 3364 3364 3370 3370 3364 3364 3365 3365 3370 3370 3365 3365 3366 3366 3370 3370 3366 3366 3367 3367 3370 3370 3367 3367 3368 3368 3370 3370 3368 3368 3369 3369 3370 3370 3371 3371 3362 3362 3374 3374 3372 3372 3373 3373 3375 3375 3396 3396 3372 3372 3375 3375 3372 3372 3374 3374 3392 3392 3393 3393 3394 3394 3392 3392 3394 3394 3395 3395 3391 3391 3395 3395 3396 3396 3391 3391 3392 3392 3395 3395 3391 3391 3396 3396 3375 3375 3378 3378 3376 3376 3377 3377 3379 3379 3375 3375 3376 3376 3379 3379 3376 3376 3378 3378 3379 3379 3391 3391 3375 3375 3388 3388 3389 3389 3390 3390 3388 3388 3390 3390 3391 3391 3387 3387 3388 3388 3391 3391 3382 3382 3380 3380 3381 3381 3383 3383 3379 3379 3380 3380 3383 3383 3391 3391 3379 3379 3383 3383 3387 3387 3391 3391 3383 3383 3380 3380 3382 3382 3384 3384 3386 3386 3387 3387 3384 3384 3387 3387 3383 3383 3385 3385 3386 3386 3384 3384 3405 3405 3397 3397 3398 3398 3405 3405 3398 3398 3399 3399 3405 3405 3399 3399 3400 3400 3405 3405 3406 3406 3397 3397 3404 3404 3405 3405 3400 3400 3403 3403 3404 3404 3400 3400 3402 3402 3403 3403 3400 3400 3401 3401 3402 3402 3400 3400 3420 3420 3408 3408 3407 3407 3420 3420 3407 3407 3409 3409 3420 3420 3409 3409 3410 3410 3420 3420 3410 3410 3411 3411 3419 3419 3420 3420 3411 3411 3418 3418 3419 3419 3411 3411 3417 3417 3418 3418 3411 3411 3416 3416 3417 3417 3411 3411 3415 3415 3416 3416 3411 3411 3414 3414 3415 3415 3411 3411 3413 3413 3414 3414 3411 3411 3412 3412 3413 3413 3411 3411 3431 3431 3422 3422 3421 3421 3430 3430 3431 3431 3421 3421 3429 3429 3430 3430 3421 3421 3428 3428 3421 3421 3423 3423 3428 3428 3423 3423 3424 3424 3428 3428 3424 3424 3425 3425 3428 3428 3425 3425 3426 3426 3428 3428 3426 3426 3427 3427 3428 3428 3429 3429 3421 3421 3443 3443 3444 3444 3445 3445 3442 3442 3443 3443 3445 3445 3441 3441 3442 3442 3445 3445 3440 3440 3441 3441 3445 3445 3439 3439 3440 3440 3445 3445 3438 3438 3439 3439 3445 3445 3437 3437 3438 3438 3445 3445 3436 3436 3432 3432 3433 3433 3436 3436 3433 3433 3434 3434 3436 3436 3434 3434 3435 3435 3436 3436 3445 3445 3432 3432 3436 3436 3437 3437 3445 3445</p>
        </triangles>
      </mesh>
    </geometry>
  </library_geometries>
  <library_visual_scenes>
    <visual_scene id="IfcOpenShell">
      <node id="product-1f22db9e-abe9-41ad-991b-7b88dd69931e-body" name="product-1f22db9e-abe9-41ad-991b-7b88dd69931e-body" type="NODE">
        <matrix>1 0 0 -1.092648575757452 0 1 0 -1.055687438778057 0 0 1 -0.4486602540378452 0 0 0 1</matrix>
        <instance_geometry url="#representation-1076714-material-3732">
          <bind_material>
            <technique_common>
              <instance_material symbol="IfcMaterial-3732" target="#IfcMaterial-3732"/>
            </technique_common>
          </bind_material>
        </instance_geometry>
      </node>
    </visual_scene>
  </library_visual_scenes>
  <scene>
    <instance_visual_scene url="#IfcOpenShell"/>
  </scene>
</COLLADA>