<?xml version="1.0" encoding="utf-8"?>
<COLLADA xmlns="http://www.collada.org/2005/11/COLLADASchema" version="1.4.1" xmlns:xsi="http://www.w3.org/2001/XMLSchema-instance">
  <asset>
    <contributor>
      <authoring_tool>IfcOpenShell 0.8.1-c49ca69</authoring_tool>
    </contributor>
    <created>2025-04-23T00:06:31</created>
    <modified>2025-04-23T00:06:31</modified>
    <unit name="METER" meter="1"/>
    <up_axis>Z_UP</up_axis>
  </asset>
  <library_effects>
    <effect id="IfcMaterial-3732-fx">
      <profile_COMMON>
        <technique sid="common">
          <lambert/>
        </technique>
      </profile_COMMON>
    </effect>
  </library_effects>
  <library_materials>
    <material id="IfcMaterial-3732">
      <instance_effect url="#IfcMaterial-3732-fx"/>
    </material>
  </library_materials>
  <library_geometries>
    <geometry id="representation-1073660-material-3732">
      <mesh>
        <source id="representation-1073660-material-3732-positions">
          <float_array id="representation-1073660-material-3732-positions-array" count="14676">3.083295272235922 2.616587499999992 3.043478260869565 3.073576783910377 2.60440090109772 4.001344013771596 3.083295272235922 2.616587499999992 3.994600441256505 3.083295272235922 2.616587499999992 3.043478260869565 3.073576783910377 2.60440090109772 4.001344013771596 3.070795272235922 2.604087499999992 3.043478260869565 3.058295272235922 2.616587499999992 3.994600441256505 3.070795272235922 2.604087499999992 3.043478260869565 3.058295272235922 2.616587499999992 3.043478260869565 3.058295272235922 2.616587499999992 3.994600441256505 3.070795272235922 2.604087499999992 3.043478260869565 3.073576783910377 2.60440090109772 4.001344013771596 3.058295272235922 2.616587499999992 3.043478260869565 3.058295272235922 2.616587499999992 3.994600441256505 3.068013760561468 2.628774098902266 3.987856868741414 3.068013760561468 2.628774098902266 3.987856868741414 3.058295272235922 2.616587499999992 3.043478260869565 3.070795272235922 2.629087499999993 3.043478260869565 3.070795272235922 2.629087499999993 3.043478260869565 3.083295272235922 2.616587499999992 3.043478260869565 3.083295272235922 2.616587499999992 3.994600441256505 3.070795272235922 2.629087499999993 3.043478260869565 3.068013760561468 2.628774098902266 3.987856868741414 3.083295272235922 2.616587499999992 3.994600441256505 3.068013760561468 2.628774098902266 3.987856868741414 3.083295272235922 2.616587499999992 3.994600441256505 3.058295272235922 2.616587499999992 3.994600441256505 3.073576783910377 2.60440090109772 4.001344013771596 3.058295272235922 2.616587499999992 3.043478260869565 3.070795272235922 2.604087499999992 3.043478260869565 3.070795272235922 2.629087499999993 3.043478260869565 3.083295272235922 2.616587499999992 3.043478260869565 1.721195272235925 4.378687499999998 2.282608695652174 1.733381871138198 4.368969011674452 3.240474448554205 1.721195272235925 4.378687499999998 3.233730876039114 1.721195272235925 4.378687499999998 2.282608695652174 1.733381871138198 4.368969011674452 3.240474448554205 1.733695272235925 4.366187499999998 2.282608695652174 1.721195272235925 4.353687499999999 3.233730876039114 1.733695272235925 4.366187499999998 2.282608695652174 1.721195272235925 4.353687499999999 2.282608695652174 1.721195272235925 4.353687499999999 3.233730876039114 1.733695272235925 4.366187499999998 2.282608695652174 1.733381871138198 4.368969011674452 3.240474448554205 1.721195272235925 4.353687499999999 2.282608695652174 1.721195272235925 4.353687499999999 3.233730876039114 1.709008673333652 4.363405988325544 3.226987303524022 1.709008673333652 4.363405988325544 3.226987303524022 1.721195272235925 4.353687499999999 2.282608695652174 1.708695272235925 4.366187499999998 2.282608695652174 1.708695272235925 4.366187499999998 2.282608695652174 1.721195272235925 4.378687499999998 2.282608695652174 1.721195272235925 4.378687499999998 3.233730876039114 1.708695272235925 4.366187499999998 2.282608695652174 1.709008673333652 4.363405988325544 3.226987303524022 1.721195272235925 4.378687499999998 3.233730876039114 1.709008673333652 4.363405988325544 3.226987303524022 1.721195272235925 4.378687499999998 3.233730876039114 1.721195272235925 4.353687499999999 3.233730876039114 1.733381871138198 4.368969011674452 3.240474448554205 1.721195272235925 4.353687499999999 2.282608695652174 1.733695272235925 4.366187499999998 2.282608695652174 1.708695272235925 4.366187499999998 2.282608695652174 1.721195272235925 4.378687499999998 2.282608695652174 0.009095272235923324 4.301587500000002 1.826086956521739 0.009095272235923324 4.301587500000002 2.686086956521739 0.02159527223592339 4.314087500000002 2.686086956521739 0.02159527223592339 4.314087500000002 1.826086956521739 0.0340952722359229 4.301587500000002 2.686086956521739 0.02159527223592339 4.314087500000002 2.686086956521739 0.0340952722359229 4.301587500000002 1.826086956521739 0.02159527223592339 4.314087500000002 1.826086956521739 0.02159527223592339 4.2890875 1.826086956521739 0.0340952722359229 4.301587500000002 1.826086956521739 0.0340952722359229 4.301587500000002 2.686086956521739 0.02159527223592339 4.2890875 2.686086956521739 0.02159527223592339 4.2890875 2.686086956521739 0.009095272235923324 4.301587500000002 2.686086956521739 0.009095272235923324 4.301587500000002 1.826086956521739 0.02159527223592339 4.2890875 1.826086956521739 0.02159527223592339 4.2890875 2.686086956521739 0.009095272235923324 4.301587500000002 2.686086956521739 0.0340952722359229 4.301587500000002 2.686086956521739 0.02159527223592339 4.314087500000002 2.686086956521739 0.0340952722359229 4.301587500000002 1.826086956521739 0.02159527223592339 4.314087500000002 1.826086956521739 0.02159527223592339 4.2890875 1.826086956521739 0.009095272235923324 4.301587500000002 1.826086956521739 0.009095272235920659 3.001587500000001 1.521739130434783 0.01881376056146655 3.013774098902273 2.521106859621399 0.009095272235920659 3.001587500000001 2.514363287106307 0.009095272235920659 3.001587500000001 1.521739130434783 0.01881376056146655 3.013774098902273 2.521106859621399 0.02159527223592061 3.0140875 1.521739130434783 0.03409527223592012 3.001587500000001 2.514363287106307 0.02159527223592061 3.0140875 1.521739130434783 0.03409527223592012 3.001587500000001 1.521739130434783 0.03409527223592012 3.001587500000001 2.514363287106307 0.02159527223592061 3.0140875 1.521739130434783 0.01881376056146655 3.013774098902273 2.521106859621399 0.03409527223592012 3.001587500000001 1.521739130434783 0.03409527223592012 3.001587500000001 2.514363287106307 0.02437678391037434 2.989400901097728 2.507619714591216 0.02437678391037434 2.989400901097728 2.507619714591216 0.03409527223592012 3.001587500000001 1.521739130434783 0.02159527223592061 2.989087500000001 1.521739130434783 0.02159527223592061 2.989087500000001 1.521739130434783 0.009095272235920659 3.001587500000001 1.521739130434783 0.009095272235920659 3.001587500000001 2.514363287106307 0.02159527223592061 2.989087500000001 1.521739130434783 0.02437678391037434 2.989400901097728 2.507619714591216 0.009095272235920659 3.001587500000001 2.514363287106307 0.02437678391037434 2.989400901097728 2.507619714591216 0.009095272235920659 3.001587500000001 2.514363287106307 0.03409527223592012 3.001587500000001 2.514363287106307 0.01881376056146655 3.013774098902273 2.521106859621399 0.03409527223592012 3.001587500000001 1.521739130434783 0.02159527223592061 3.0140875 1.521739130434783 0.02159527223592061 2.989087500000001 1.521739130434783 0.009095272235920659 3.001587500000001 1.521739130434783 0.009095272235918772 2.001587500000001 1.065217391304348 0.01881376056146466 2.013774098902273 1.967747175826932 0.009095272235918772 2.001587500000001 1.961003603311841 0.009095272235918772 2.001587500000001 1.065217391304348 0.01881376056146466 2.013774098902273 1.967747175826932 0.02159527223591883 2.0140875 1.065217391304348 0.03409527223591879 2.001587500000001 1.961003603311841 0.02159527223591883 2.0140875 1.065217391304348 0.03409527223591879 2.001587500000001 1.065217391304348 0.03409527223591879 2.001587500000001 1.961003603311841 0.02159527223591883 2.0140875 1.065217391304348 0.01881376056146466 2.013774098902273 1.967747175826932 0.03409527223591879 2.001587500000001 1.065217391304348 0.03409527223591879 2.001587500000001 1.961003603311841 0.0243767839103729 1.989400901097728 1.954260030796749 0.0243767839103729 1.989400901097728 1.954260030796749 0.03409527223591879 2.001587500000001 1.065217391304348 0.02159527223591883 1.9890875 1.065217391304348 0.02159527223591883 1.9890875 1.065217391304348 0.009095272235918772 2.001587500000001 1.065217391304348 0.009095272235918772 2.001587500000001 1.961003603311841 0.02159527223591883 1.9890875 1.065217391304348 0.0243767839103729 1.989400901097728 1.954260030796749 0.009095272235918772 2.001587500000001 1.961003603311841 0.0243767839103729 1.989400901097728 1.954260030796749 0.009095272235918772 2.001587500000001 1.961003603311841 0.03409527223591879 2.001587500000001 1.961003603311841 0.01881376056146466 2.013774098902273 1.967747175826932 0.03409527223591879 2.001587500000001 1.065217391304348 0.02159527223591883 2.0140875 1.065217391304348 0.02159527223591883 1.9890875 1.065217391304348 0.009095272235918772 2.001587500000001 1.065217391304348 0.009095272235917439 1.0015875 0.456521739130435 0.01881376056146333 1.013774098902273 1.414387492032466 0.009095272235917439 1.0015875 1.407643919517374 0.009095272235917439 1.0015875 0.456521739130435 0.01881376056146333 1.013774098902273 1.414387492032466 0.02159527223591739 1.0140875 0.4565217391304351 0.03409527223591701 1.0015875 1.407643919517374 0.02159527223591739 1.0140875 0.4565217391304351 0.03409527223591701 1.0015875 0.4565217391304351 0.03409527223591701 1.0015875 1.407643919517374 0.02159527223591739 1.0140875 0.4565217391304351 0.01881376056146333 1.013774098902273 1.414387492032466 0.03409527223591701 1.0015875 0.4565217391304351 0.03409527223591701 1.0015875 1.407643919517374 0.02437678391037112 0.9894009010977279 1.400900347002283 0.02437678391037112 0.9894009010977279 1.400900347002283 0.03409527223591701 1.0015875 0.4565217391304351 0.02159527223591739 0.9890874999999996 0.4565217391304351 0.02159527223591739 0.9890874999999996 0.4565217391304351 0.009095272235917439 1.0015875 0.456521739130435 0.009095272235917439 1.0015875 1.407643919517374 0.02159527223591739 0.9890874999999996 0.4565217391304351 0.02437678391037112 0.9894009010977279 1.400900347002283 0.009095272235917439 1.0015875 1.407643919517374 0.02437678391037112 0.9894009010977279 1.400900347002283 0.009095272235917439 1.0015875 1.407643919517374 0.03409527223591701 1.0015875 1.407643919517374 0.01881376056146333 1.013774098902273 1.414387492032466 0.03409527223591701 1.0015875 0.4565217391304351 0.02159527223591739 1.0140875 0.4565217391304351 0.02159527223591739 0.9890874999999996 0.4565217391304351 0.009095272235917439 1.0015875 0.456521739130435 3.083295272235924 3.616587499999992 2.586956521739131 3.083295272235924 3.616587499999992 3.44695652173913 3.070795272235924 3.604087499999992 3.44695652173913 3.070795272235924 3.604087499999992 2.586956521739131 3.058295272235924 3.616587499999992 3.44695652173913 3.070795272235924 3.604087499999992 3.44695652173913 3.058295272235924 3.616587499999992 2.586956521739131 3.070795272235924 3.604087499999992 2.586956521739131 3.070795272235923 3.629087499999992 2.586956521739131 3.058295272235924 3.616587499999992 2.586956521739131 3.058295272235924 3.616587499999992 3.44695652173913 3.070795272235923 3.629087499999992 3.44695652173913 3.070795272235923 3.629087499999992 3.44695652173913 3.083295272235924 3.616587499999992 3.44695652173913 3.083295272235924 3.616587499999992 2.586956521739131 3.070795272235923 3.629087499999992 2.586956521739131 3.070795272235923 3.629087499999992 3.44695652173913 3.083295272235924 3.616587499999992 3.44695652173913 3.058295272235924 3.616587499999992 3.44695652173913 3.070795272235924 3.604087499999992 3.44695652173913 3.058295272235924 3.616587499999992 2.586956521739131 3.070795272235924 3.604087499999992 2.586956521739131 3.070795272235923 3.629087499999992 2.586956521739131 3.083295272235924 3.616587499999992 2.586956521739131 3.070795272235925 4.378687499999995 2.586956521739131 3.070795272235925 4.378687499999995 3.44695652173913 3.083295272235925 4.366187499999993 3.44695652173913 3.083295272235925 4.366187499999993 2.586956521739131 3.070795272235925 4.353687499999993 3.44695652173913 3.083295272235925 4.366187499999993 3.44695652173913 3.070795272235925 4.353687499999993 2.586956521739131 3.083295272235925 4.366187499999993 2.586956521739131 3.058295272235925 4.366187499999993 2.586956521739131 3.070795272235925 4.353687499999993 2.586956521739131 3.070795272235925 4.353687499999993 3.44695652173913 3.058295272235925 4.366187499999993 3.44695652173913 3.058295272235925 4.366187499999993 3.44695652173913 3.070795272235925 4.378687499999995 3.44695652173913 3.070795272235925 4.378687499999995 2.586956521739131 3.058295272235925 4.366187499999993 2.586956521739131 3.058295272235925 4.366187499999993 3.44695652173913 3.070795272235925 4.378687499999995 3.44695652173913 3.070795272235925 4.353687499999993 3.44695652173913 3.083295272235925 4.366187499999993 3.44695652173913 3.070795272235925 4.353687499999993 2.586956521739131 3.083295272235925 4.366187499999993 2.586956521739131 3.058295272235925 4.366187499999993 2.586956521739131 3.070795272235925 4.378687499999995 2.586956521739131 2.096195272235925 4.378687499999997 2.586956521739131 2.096195272235925 4.378687499999997 3.44695652173913 2.108695272235925 4.366187499999997 3.44695652173913 2.108695272235925 4.366187499999997 2.586956521739131 2.096195272235925 4.353687499999997 3.44695652173913 2.108695272235925 4.366187499999997 3.44695652173913 2.096195272235926 4.353687499999997 2.586956521739131 2.108695272235925 4.366187499999997 2.586956521739131 2.083695272235925 4.366187499999997 2.586956521739131 2.096195272235926 4.353687499999997 2.586956521739131 2.096195272235925 4.353687499999997 3.44695652173913 2.083695272235925 4.366187499999997 3.44695652173913 2.083695272235925 4.366187499999997 3.44695652173913 2.096195272235925 4.378687499999997 3.44695652173913 2.096195272235925 4.378687499999997 2.586956521739131 2.083695272235925 4.366187499999997 2.586956521739131 2.083695272235925 4.366187499999997 3.44695652173913 2.096195272235925 4.378687499999997 3.44695652173913 2.096195272235925 4.353687499999997 3.44695652173913 2.108695272235925 4.366187499999997 3.44695652173913 2.096195272235926 4.353687499999997 2.586956521739131 2.108695272235925 4.366187499999997 2.586956521739131 2.083695272235925 4.366187499999997 2.586956521739131 2.096195272235925 4.378687499999997 2.586956521739131 0.7211952722359271 4.378687500000002 1.826086956521739 0.7211952722359271 4.378687500000002 2.686086956521739 0.733695272235927 4.366187500000003 2.686086956521739 0.733695272235927 4.366187500000003 1.826086956521739 0.7211952722359271 4.353687500000001 2.686086956521739 0.733695272235927 4.366187500000003 2.686086956521739 0.7211952722359273 4.353687500000001 1.826086956521739 0.733695272235927 4.366187500000003 1.826086956521739 0.7086952722359272 4.366187500000003 1.826086956521739 0.7211952722359273 4.353687500000001 1.826086956521739 0.7211952722359271 4.353687500000001 2.686086956521739 0.7086952722359272 4.366187500000003 2.686086956521739 0.7086952722359272 4.366187500000003 2.686086956521739 0.7211952722359271 4.378687500000002 2.686086956521739 0.7211952722359271 4.378687500000002 1.826086956521739 0.7086952722359272 4.366187500000003 1.826086956521739 0.7086952722359272 4.366187500000003 2.686086956521739 0.7211952722359271 4.378687500000002 2.686086956521739 0.7211952722359271 4.353687500000001 2.686086956521739 0.733695272235927 4.366187500000003 2.686086956521739 0.7211952722359273 4.353687500000001 1.826086956521739 0.733695272235927 4.366187500000003 1.826086956521739 0.7086952722359272 4.366187500000003 1.826086956521739 0.7211952722359271 4.378687500000002 1.826086956521739 0.009095272235923324 4.366187500000004 1.826086956521739 0.009095272235923324 4.366187500000004 2.686086956521739 0.02159527223592339 4.378687500000004 2.686086956521739 0.02159527223592339 4.378687500000004 1.826086956521739 0.0340952722359229 4.366187500000004 2.686086956521739 0.02159527223592339 4.378687500000004 2.686086956521739 0.0340952722359229 4.366187500000004 1.826086956521739 0.02159527223592339 4.378687500000004 1.826086956521739 0.02159527223592339 4.353687500000004 1.826086956521739 0.0340952722359229 4.366187500000004 1.826086956521739 0.0340952722359229 4.366187500000004 2.686086956521739 0.02159527223592339 4.353687500000004 2.686086956521739 0.02159527223592339 4.353687500000004 2.686086956521739 0.009095272235923324 4.366187500000004 2.686086956521739 0.009095272235923324 4.366187500000004 1.826086956521739 0.02159527223592339 4.353687500000004 1.826086956521739 0.02159527223592339 4.353687500000004 2.686086956521739 0.009095272235923324 4.366187500000004 2.686086956521739 0.0340952722359229 4.366187500000004 2.686086956521739 0.02159527223592339 4.378687500000004 2.686086956521739 0.0340952722359229 4.366187500000004 1.826086956521739 0.02159527223592339 4.378687500000004 1.826086956521739 0.02159527223592339 4.353687500000004 1.826086956521739 0.009095272235923324 4.366187500000004 1.826086956521739 0.009095272235921103 3.301587500000001 1.826086956521739 0.01881376056146699 3.313774098902273 2.687114764759739 0.009095272235921103 3.301587500000001 2.680371192244648 0.009095272235921103 3.301587500000001 1.826086956521739 0.01881376056146699 3.313774098902273 2.687114764759739 0.02159527223592105 3.314087500000001 1.826086956521739 0.03409527223592112 3.301587500000001 2.680371192244648 0.02159527223592105 3.314087500000001 1.826086956521739 0.03409527223592112 3.301587500000001 1.826086956521739 0.03409527223592112 3.301587500000001 2.680371192244648 0.02159527223592105 3.314087500000001 1.826086956521739 0.01881376056146699 3.313774098902273 2.687114764759739 0.03409527223592112 3.301587500000001 1.826086956521739 0.03409527223592112 3.301587500000001 2.680371192244648 0.02437678391037523 3.289400901097728 2.673627619729556 0.02437678391037523 3.289400901097728 2.673627619729556 0.03409527223592112 3.301587500000001 1.826086956521739 0.02159527223592105 3.289087500000001 1.826086956521739 0.02159527223592105 3.289087500000001 1.826086956521739 0.009095272235921103 3.301587500000001 1.826086956521739 0.009095272235921103 3.301587500000001 2.680371192244648 0.02159527223592105 3.289087500000001 1.826086956521739 0.02437678391037523 3.289400901097728 2.673627619729556 0.009095272235921103 3.301587500000001 2.680371192244648 0.02437678391037523 3.289400901097728 2.673627619729556 0.009095272235921103 3.301587500000001 2.680371192244648 0.03409527223592112 3.301587500000001 2.680371192244648 0.01881376056146699 3.313774098902273 2.687114764759739 0.03409527223592112 3.301587500000001 1.826086956521739 0.02159527223592105 3.314087500000001 1.826086956521739 0.02159527223592105 3.289087500000001 1.826086956521739 0.009095272235921103 3.301587500000001 1.826086956521739 3.083295272235921 2.254087499999994 3.195652173913043 3.073576783910376 2.241900901097721 4.201936899147092 3.083295272235921 2.254087499999994 4.195193326632001 3.083295272235921 2.254087499999994 3.195652173913043 3.073576783910376 2.241900901097721 4.201936899147092 3.070795272235922 2.241587499999993 3.195652173913043 3.058295272235922 2.254087499999994 4.195193326632001 3.070795272235922 2.241587499999993 3.195652173913043 3.058295272235922 2.254087499999994 3.195652173913043 3.058295272235922 2.254087499999994 4.195193326632001 3.070795272235922 2.241587499999993 3.195652173913043 3.073576783910376 2.241900901097721 4.201936899147092 3.058295272235922 2.254087499999994 3.195652173913043 3.058295272235922 2.254087499999994 4.195193326632001 3.068013760561468 2.266274098902267 4.188449754116909 3.068013760561468 2.266274098902267 4.188449754116909 3.058295272235922 2.254087499999994 3.195652173913043 3.070795272235922 2.266587499999994 3.195652173913043 3.070795272235922 2.266587499999994 3.195652173913043 3.083295272235921 2.254087499999994 3.195652173913043 3.083295272235921 2.254087499999994 4.195193326632001 3.070795272235922 2.266587499999994 3.195652173913043 3.068013760561468 2.266274098902267 4.188449754116909 3.083295272235921 2.254087499999994 4.195193326632001 3.068013760561468 2.266274098902267 4.188449754116909 3.083295272235921 2.254087499999994 4.195193326632001 3.058295272235922 2.254087499999994 4.195193326632001 3.073576783910376 2.241900901097721 4.201936899147092 3.058295272235922 2.254087499999994 3.195652173913043 3.070795272235922 2.241587499999993 3.195652173913043 3.070795272235922 2.266587499999994 3.195652173913043 3.083295272235921 2.254087499999994 3.195652173913043 0.009095272235915663 0.01408750000000047 0 0.01881376056146144 0.02627409890227316 0.8679448042854297 0.009095272235915663 0.01408750000000047 0.8612012317703382 0.009095272235915663 0.01408750000000047 0 0.01881376056146144 0.02627409890227316 0.8679448042854297 0.02159527223591561 0.02658749999999954 0 0.03409527223591557 0.01408750000000047 0.8612012317703383 0.02159527223591561 0.02658749999999954 0 0.03409527223591557 0.01408750000000047 0 0.03409527223591557 0.01408750000000047 0.8612012317703383 0.02159527223591561 0.02658749999999954 0 0.01881376056146144 0.02627409890227316 0.8679448042854297 0.03409527223591557 0.01408750000000047 0 0.03409527223591557 0.01408750000000047 0.8612012317703383 0.02437678391036979 0.001900901097726892 0.8544576592552465 0.02437678391036979 0.001900901097726892 0.8544576592552465 0.03409527223591557 0.01408750000000047 0 0.02159527223591561 0.001587500000000519 0 0.02159527223591561 0.001587500000000519 0 0.009095272235915663 0.01408750000000047 0 0.009095272235915663 0.01408750000000047 0.8612012317703382 0.02159527223591561 0.001587500000000519 0 0.02437678391036979 0.001900901097726892 0.8544576592552465 0.009095272235915663 0.01408750000000047 0.8612012317703382 0.02437678391036979 0.001900901097726892 0.8544576592552465 0.009095272235915663 0.01408750000000047 0.8612012317703382 0.03409527223591557 0.01408750000000047 0.8612012317703383 0.01881376056146144 0.02627409890227316 0.8679448042854297 0.03409527223591557 0.01408750000000047 0 0.02159527223591561 0.02658749999999954 0 0.02159527223591561 0.001587500000000519 0 0.009095272235915663 0.01408750000000047 0 0.02909527223591557 0.001587500000000519 0.7430099584395729 0.03097027223591564 0.001587500000000519 0.7467216159287024 0.0328452722359156 0.001587500000000519 0.750433273417832 0.03472027223591522 0.001587500000000519 0.7541449309069617 0.03659527223591563 0.001587500000000519 0.7578565883960916 0.03516417765870205 0.001587500000000519 0.7606895126121803 0.03373308308148892 0.001587500000000519 0.7635224368282691 0.03141417765870202 0.001587500000000519 0.7681128275904395 0.02909527223591557 0.001587500000000519 0.7727032183526096 0.02534527223591565 0.001587500000000519 0.7727032183526096 0.02159527223591561 0.001587500000000519 0.7727032183526096 0.01784527223591514 0.001587500000000519 0.7727032183526097 0.01409527223591566 0.001587500000000519 0.7727032183526097 0.01222027223591559 0.001587500000000519 0.7689915608634803 0.01034527223591563 0.001587500000000519 0.7652799033743507 0.008026366813129182 0.001587500000000519 0.7606895126121804 0.006595272235915605 0.001587500000000519 0.7578565883960917 0.00847027223591612 0.001587500000000519 0.7541449309069619 0.01034527223591563 0.001587500000000519 0.7504332734178326 0.01222027223591559 0.001587500000000519 0.7467216159287028 0.01409527223591566 0.001587500000000519 0.7430099584395732 0.01784527223591603 0.001587500000000519 0.7430099584395731 0.02159527223591561 0.001587500000000519 0.7430099584395731 0.0253452722359152 0.001587500000000519 0.7430099584395729 0.02909527223592112 3.302106444029657 2.599077337578507 0.02909527223591557 0.001587500000000519 0.7727032183526096 0.03141417765870202 0.001587500000000519 0.7681128275904395 0.03373308308148892 0.001587500000000519 0.7635224368282691 0.03516417765870205 0.001587500000000519 0.7606895126121803 0.03659527223591563 0.001587500000000519 0.7578565883960916 0.03659527223592062 3.305460950969922 2.58608695652174 0.03534265034354433 3.304900693792388 2.58825656128201 0.03472027223592066 3.304622324234855 2.589334551785932 0.03409002845116759 3.304340436614853 2.590426166042278 0.03284527223592104 3.303783697499789 2.592582147050123 0.03158478466641412 3.303219922259787 2.594765375562817 0.03097027223592108 3.302945070764723 2.595829742314315 0.008026366813129182 0.001587500000000519 0.7606895126121804 0.01034527223591563 0.001587500000000519 0.7652799033743507 0.01222027223591559 0.001587500000000519 0.7689915608634803 0.01409527223591566 0.001587500000000519 0.7727032183526097 0.01409527223592155 3.302106444029657 2.599077337578507 0.01222027223592148 3.302945070764723 2.595829742314315 0.01034527223592152 3.303783697499789 2.592582147050123 0.008470272235921116 3.304622324234855 2.589334551785932 0.006595272235921045 3.305460950969922 2.58608695652174 0.006595272235915605 0.001587500000000519 0.7578565883960917 0.01784527223591514 0.001587500000000519 0.7727032183526097 0.02159527223591561 0.001587500000000519 0.7727032183526096 0.02534527223591565 0.001587500000000519 0.7727032183526096 0.02909527223591557 0.001587500000000519 0.7727032183526096 0.02909527223592112 3.302106444029657 2.599077337578507 0.02534527223592064 3.302106444029657 2.599077337578507 0.0215952722359215 3.302106444029657 2.599077337578507 0.01784527223592158 3.302106444029658 2.599077337578507 0.01409527223592155 3.302106444029657 2.599077337578507 0.01409527223591566 0.001587500000000519 0.7727032183526097 0.01409527223591566 0.001587500000000519 0.7430099584395732 0.01222027223591559 0.001587500000000519 0.7467216159287028 0.01034527223591563 0.001587500000000519 0.7504332734178326 0.00847027223591612 0.001587500000000519 0.7541449309069619 0.006595272235915605 0.001587500000000519 0.7578565883960917 0.006595272235921045 3.305460950969922 2.58608695652174 0.008024692907199981 3.30610028451157 2.583611127293696 0.008470272235921116 3.306299577704988 2.582839361257548 0.009454113578478362 3.306739618053219 2.581135298065651 0.01034527223592107 3.307138204440055 2.579591765993356 0.01177469290719945 3.307777537981704 2.577115936765312 0.01222027223592148 3.307976831175121 2.576344170729165 0.01409527223592066 3.308815457910188 2.573096575464973 0.02159527223592061 3.308815457910188 2.573096575464973 0.02534527223592064 3.308815457910188 2.573096575464973 0.02909527223592112 3.308815457910188 2.573096575464973 0.02909527223591557 0.001587500000000519 0.7430099584395729 0.0253452722359152 0.001587500000000519 0.7430099584395729 0.02159527223591561 0.001587500000000519 0.7430099584395731 0.01784527223591603 0.001587500000000519 0.7430099584395731 0.01409527223591566 0.001587500000000519 0.7430099584395732 0.01409527223592066 3.308815457910188 2.573096575464973 0.01784527223592013 3.308815457910188 2.573096575464973 0.03659527223591563 0.001587500000000519 0.7578565883960916 0.03472027223591522 0.001587500000000519 0.7541449309069617 0.0328452722359156 0.001587500000000519 0.750433273417832 0.03097027223591564 0.001587500000000519 0.7467216159287024 0.02909527223591557 0.001587500000000519 0.7430099584395729 0.02909527223592112 3.308815457910188 2.573096575464973 0.03097027223592063 3.307976831175121 2.576344170729165 0.03284527223592104 3.307138204440055 2.579591765993356 0.03408100763773602 3.306585500042493 2.581732122494012 0.03516585156464224 3.306100284511571 2.583611127293695 0.03533813993682854 3.306023225506207 2.583909539507876 0.03659527223592062 3.305460950969922 2.58608695652174 0.02909527223592245 4.358687500000004 2.599077337578507 0.02909527223592112 3.302106444029657 2.599077337578507 0.03097027223592108 3.302945070764723 2.595829742314315 0.03158478466641412 3.303219922259787 2.594765375562817 0.03284527223592104 3.303783697499789 2.592582147050123 0.03409002845116759 3.304340436614853 2.590426166042278 0.03472027223592066 3.304622324234855 2.589334551785932 0.03534265034354433 3.304900693792388 2.58825656128201 0.03659527223592062 3.305460950969922 2.58608695652174 0.03659527223592284 4.351187500000004 2.58608695652174 0.03472027223592288 4.353062500000006 2.589334551785932 0.03284527223592292 4.354937500000006 2.592582147050123 0.03097027223592241 4.356812500000004 2.595829742314315 0.02159527223592239 4.366187500000004 2.599077337578507 0.01784527223592158 3.302106444029658 2.599077337578507 0.0215952722359215 3.302106444029657 2.599077337578507 0.02534527223592242 4.362437500000006 2.599077337578507 0.02159527223592239 4.366187500000004 2.599077337578507 0.0215952722359215 3.302106444029657 2.599077337578507 0.0215952722359215 3.302106444029657 2.599077337578507 0.02534527223592064 3.302106444029657 2.599077337578507 0.02534527223592242 4.362437500000006 2.599077337578507 0.02534527223592242 4.362437500000006 2.599077337578507 0.02909527223592245 4.358687500000004 2.599077337578507 0.02534527223592064 3.302106444029657 2.599077337578507 0.02909527223592245 4.358687500000004 2.599077337578507 0.02534527223592064 3.302106444029657 2.599077337578507 0.02909527223592112 3.302106444029657 2.599077337578507 0.7217142162655811 4.362437500000003 2.599077337578507 0.02534527223592242 4.362437500000006 2.599077337578507 0.02909527223592245 4.358687500000004 2.599077337578507 0.7217142162655811 4.362437500000003 2.599077337578507 0.02909527223592245 4.358687500000004 2.599077337578507 0.7217142162655811 4.358687500000002 2.599077337578507 0.7217142162655811 4.366187500000003 2.599077337578507 0.7217142162655811 4.362437500000003 2.599077337578507 0.02534527223592242 4.362437500000006 2.599077337578507 0.7217142162655811 4.366187500000003 2.599077337578507 0.02159527223592239 4.366187500000004 2.599077337578507 0.7217142162655811 4.369937500000002 2.599077337578507 0.02534527223592242 4.362437500000006 2.599077337578507 0.02159527223592239 4.366187500000004 2.599077337578507 0.7217142162655811 4.366187500000003 2.599077337578507 0.7217142162655811 4.369937500000002 2.599077337578507 0.02159527223592239 4.366187500000004 2.599077337578507 0.01784527223592247 4.369937500000006 2.599077337578507 0.01784527223592247 4.369937500000006 2.599077337578507 0.7217142162655811 4.369937500000002 2.599077337578507 0.7217142162655811 4.373687500000002 2.599077337578507 0.01409527223592199 4.373687500000006 2.599077337578506 0.7217142162655811 4.373687500000002 2.599077337578507 0.01784527223592247 4.369937500000006 2.599077337578507 0.01784527223592247 4.369937500000006 2.599077337578507 0.01409527223592155 3.302106444029657 2.599077337578507 0.01409527223592199 4.373687500000006 2.599077337578506 0.01784527223592158 3.302106444029658 2.599077337578507 0.01409527223592155 3.302106444029657 2.599077337578507 0.01784527223592247 4.369937500000006 2.599077337578507 0.02159527223592239 4.366187500000004 2.599077337578507 0.01784527223592158 3.302106444029658 2.599077337578507 0.01784527223592247 4.369937500000006 2.599077337578507 0.008470272235921116 3.304622324234855 2.589334551785932 0.01034527223592152 3.303783697499789 2.592582147050123 0.01222027223592148 3.302945070764723 2.595829742314315 0.01409527223592155 3.302106444029657 2.599077337578507 0.01409527223592199 4.373687500000006 2.599077337578506 0.01222027223592248 4.375562500000004 2.595829742314314 0.01034527223592285 4.377437500000004 2.592582147050123 0.009100510647439885 4.378682261588487 2.59042615673556 0.008477489500660739 4.379305282735266 2.58934705245515 0.007847891441681853 4.379934880794245 2.58825655662865 0.006595272235923377 4.381187500000004 2.58608695652174 0.006595272235921045 3.305460950969922 2.58608695652174 0.008024692907199981 3.30610028451157 2.583611127293696 0.006595272235921045 3.305460950969922 2.58608695652174 0.006595272235923377 4.381187500000004 2.58608695652174 0.007852401822083243 4.379930370413844 2.583909544206813 0.008467396591989584 4.379315375643938 2.582844342018943 0.00910953140824311 4.378673240827684 2.581732131891886 0.0103452722359224 4.377437500000004 2.579591765993357 0.01222027223592203 4.375562500000004 2.576344170729166 0.01409527223592155 4.373687500000006 2.573096575464974 0.01409527223592066 3.308815457910188 2.573096575464973 0.01222027223592148 3.307976831175121 2.576344170729165 0.01177469290719945 3.307777537981704 2.577115936765312 0.01034527223592107 3.307138204440055 2.579591765993356 0.009454113578478362 3.306739618053219 2.581135298065651 0.008470272235921116 3.306299577704988 2.582839361257548 0.03533813993682854 3.306023225506207 2.583909539507876 0.03659527223592062 3.305460950969922 2.58608695652174 0.03516585156464224 3.306100284511571 2.583611127293695 0.03408100763773602 3.306585500042493 2.581732122494012 0.03284527223592104 3.307138204440055 2.579591765993356 0.03097027223592063 3.307976831175121 2.576344170729165 0.02909527223592112 3.308815457910188 2.573096575464973 0.02909527223592156 4.358687500000006 2.573096575464973 0.03097027223592152 4.356812500000004 2.576344170729165 0.03284527223592248 4.354937500000006 2.579591765993356 0.03472027223592288 4.353062500000004 2.582839361257548 0.03659527223592284 4.351187500000004 2.58608695652174 0.02159527223592061 3.308815457910188 2.573096575464973 0.02534527223592064 3.308815457910188 2.573096575464973 0.02534527223592109 4.362437500000006 2.573096575464973 0.02534527223592109 4.362437500000006 2.573096575464973 0.02159527223592061 3.308815457910188 2.573096575464973 0.0215952722359215 4.366187500000004 2.573096575464973 0.0215952722359215 4.366187500000004 2.573096575464973 0.02159527223592061 3.308815457910188 2.573096575464973 0.01784527223592013 3.308815457910188 2.573096575464973 0.01784527223592158 4.369937500000006 2.573096575464974 0.0215952722359215 4.366187500000004 2.573096575464973 0.01784527223592013 3.308815457910188 2.573096575464973 0.01784527223592158 4.369937500000006 2.573096575464974 0.01784527223592013 3.308815457910188 2.573096575464973 0.01409527223592066 3.308815457910188 2.573096575464973 0.01784527223592158 4.369937500000006 2.573096575464974 0.01409527223592155 4.373687500000006 2.573096575464974 0.01409527223592066 3.308815457910188 2.573096575464973 0.7284232301461125 4.373687500000002 2.573096575464974 0.01784527223592158 4.369937500000006 2.573096575464974 0.01409527223592155 4.373687500000006 2.573096575464974 0.7284232301461125 4.369937500000002 2.573096575464973 0.7284232301461125 4.373687500000002 2.573096575464974 0.01784527223592158 4.369937500000006 2.573096575464974 0.01784527223592158 4.369937500000006 2.573096575464974 0.0215952722359215 4.366187500000004 2.573096575464973 0.7284232301461125 4.369937500000002 2.573096575464973 0.7284232301461125 4.369937500000002 2.573096575464973 0.0215952722359215 4.366187500000004 2.573096575464973 0.7284232301461125 4.366187500000003 2.573096575464973 0.0215952722359215 4.366187500000004 2.573096575464973 0.02534527223592109 4.362437500000006 2.573096575464973 0.7284232301461125 4.366187500000003 2.573096575464973 0.7284232301461127 4.362437500000004 2.573096575464973 0.7284232301461125 4.366187500000003 2.573096575464973 0.02534527223592109 4.362437500000006 2.573096575464973 0.02534527223592109 4.362437500000006 2.573096575464973 0.02909527223592156 4.358687500000006 2.573096575464973 0.7284232301461127 4.362437500000004 2.573096575464973 0.7284232301461127 4.362437500000004 2.573096575464973 0.02909527223592156 4.358687500000006 2.573096575464973 0.7284232301461127 4.358687500000004 2.573096575464973 0.02909527223592112 3.308815457910188 2.573096575464973 0.02534527223592064 3.308815457910188 2.573096575464973 0.02909527223592156 4.358687500000006 2.573096575464973 0.02534527223592109 4.362437500000006 2.573096575464973 0.02909527223592156 4.358687500000006 2.573096575464973 0.02534527223592064 3.308815457910188 2.573096575464973 0.7225496108751453 4.356819726379825 2.595842258771322 0.7217142162655811 4.358687500000002 2.599077337578507 0.02909527223592245 4.358687500000004 2.599077337578507 0.03097027223592241 4.356812500000004 2.595829742314315 0.03284527223592292 4.354937500000006 2.592582147050123 0.03472027223592288 4.353062500000006 2.589334551785932 0.03659527223592284 4.351187500000004 2.58608695652174 0.7250687232058466 4.351187500000002 2.58608695652174 0.72430082689399 4.352904361059311 2.589060647106001 0.7242268643452784 4.353069726379823 2.589347068242938 0.7235329305821335 4.354621222118622 2.592034337690261 0.7233850054847098 4.354951952759646 2.592607179964137 0.7226235734238571 4.356654361059312 2.595555837634383 0.7225528430006474 4.375562500000002 2.595829742314315 0.7217142162655811 4.373687500000002 2.599077337578507 0.7233914697357141 4.377437500000002 2.592582147050123 0.7242300964707806 4.379312500000002 2.589334551785932 0.72430082689399 4.379470638940693 2.589060647106001 0.7250687232058466 4.381187500000002 2.58608695652174 0.006595272235923377 4.381187500000004 2.58608695652174 0.007847891441681853 4.379934880794245 2.58825655662865 0.008477489500660739 4.379305282735266 2.58934705245515 0.009100510647439885 4.378682261588487 2.59042615673556 0.01034527223592285 4.377437500000004 2.592582147050123 0.01222027223592248 4.375562500000004 2.595829742314314 0.01409527223592199 4.373687500000006 2.599077337578506 0.7259073499409133 4.379312500000002 2.582839361257548 0.7267459766759796 4.377437500000002 2.579591765993356 0.7275846034110461 4.375562500000002 2.576344170729165 0.7284232301461125 4.373687500000002 2.573096575464974 0.01409527223592155 4.373687500000006 2.573096575464974 0.01222027223592203 4.375562500000004 2.576344170729166 0.0103452722359224 4.377437500000004 2.579591765993357 0.00910953140824311 4.378673240827684 2.581732131891886 0.008467396591989584 4.379315375643938 2.582844342018943 0.007852401822083243 4.379930370413844 2.583909544206813 0.006595272235923377 4.381187500000004 2.58608695652174 0.7250687232058466 4.381187500000002 2.58608695652174 0.7275833212357749 4.356809633315061 2.576349135973134 0.7284232301461127 4.358687500000004 2.573096575464973 0.7267434123254372 4.354931766630119 2.579601696481294 0.7259060677656421 4.353059633315061 2.582844326501517 0.7250687232058466 4.351187500000002 2.58608695652174 0.03659527223592284 4.351187500000004 2.58608695652174 0.03472027223592288 4.353062500000004 2.582839361257548 0.03284527223592248 4.354937500000006 2.579591765993356 0.03097027223592152 4.356812500000004 2.576344170729165 0.02909527223592156 4.358687500000006 2.573096575464973 2.098846302859903 4.353920584998134 3.351690363817304 2.098391469735714 4.354937499999997 3.353451712267514 2.097780259562742 4.356304042499067 3.355818633306601 2.097552843000648 4.356812499999999 3.356699307531706 2.096714216265581 4.358687499999997 3.359946902795897 0.7217142162655811 4.358687500000002 2.599077337578507 0.7225496108751453 4.356819726379825 2.595842258771322 0.7226235734238571 4.356654361059312 2.595555837634383 0.7233850054847098 4.354951952759646 2.592607179964137 0.7235329305821335 4.354621222118622 2.592034337690261 0.7242268643452784 4.353069726379823 2.589347068242938 0.72430082689399 4.352904361059311 2.589060647106001 0.7250687232058466 4.351187500000002 2.58608695652174 2.100068723205847 4.351187499999999 3.34695652173913 2.099457513032875 4.352554042499066 3.349323442778218 2.099230096470781 4.353062499999999 3.350204117003322 0.7242300964707806 4.379312500000002 2.589334551785932 0.7233914697357141 4.377437500000002 2.592582147050123 0.7225528430006474 4.375562500000002 2.595829742314315 0.7217142162655811 4.373687500000002 2.599077337578507 2.096714216265581 4.373687499999999 3.359946902795897 2.097552843000648 4.375562499999999 3.356699307531706 2.098391469735714 4.377437499999999 3.353451712267515 2.099230096470781 4.379312499999999 3.350204117003323 2.100068723205847 4.381187499999999 3.346956521739131 0.7250687232058466 4.381187500000002 2.58608695652174 0.72430082689399 4.379470638940693 2.589060647106001 0.7217142162655811 4.369937500000002 2.599077337578507 0.7217142162655811 4.366187500000003 2.599077337578507 0.7217142162655811 4.362437500000003 2.599077337578507 0.7217142162655811 4.358687500000002 2.599077337578507 2.096714216265581 4.358687499999997 3.359946902795897 2.096714216265581 4.362437499999997 3.359946902795897 2.096714216265581 4.366187499999998 3.359946902795897 2.096714216265581 4.369937499999998 3.359946902795897 2.096714216265581 4.373687499999999 3.359946902795897 0.7217142162655811 4.373687500000002 2.599077337578507 0.7275846034110461 4.375562500000002 2.576344170729165 0.7267459766759796 4.377437500000002 2.579591765993356 0.7259073499409133 4.379312500000002 2.582839361257548 0.7250687232058466 4.381187500000002 2.58608695652174 2.100068723205847 4.381187499999999 3.346956521739131 2.100836619517704 4.379470638940688 3.343982831154868 2.100907349940913 4.379312499999999 3.343708926474939 2.101604515829561 4.377753777881379 3.341009140570607 2.10174597667598 4.377437499999999 3.340461331210747 2.102513872987837 4.375720638940689 3.337487640626486 2.102584603411046 4.375562499999999 3.337213735946555 2.103423230146112 4.373687499999999 3.333966140682364 0.7284232301461125 4.373687500000002 2.573096575464974 2.103423230146113 4.366187499999998 3.333966140682364 2.103423230146113 4.362437499999999 3.333966140682364 2.103423230146113 4.358687499999999 3.333966140682364 0.7284232301461127 4.358687500000004 2.573096575464973 0.7284232301461127 4.362437500000004 2.573096575464973 0.7284232301461125 4.366187500000003 2.573096575464973 0.7284232301461125 4.369937500000002 2.573096575464973 0.7284232301461125 4.373687500000002 2.573096575464974 2.103423230146112 4.373687499999999 3.333966140682364 2.103423230146112 4.369937499999998 3.333966140682364 2.10174597667598 4.354937499999999 3.340461331210748 2.100836619517703 4.352904361059308 3.343982831154871 2.100682335149979 4.352559412374287 3.34458029980333 2.100068723205847 4.351187499999999 3.34695652173913 0.7250687232058466 4.351187500000002 2.58608695652174 0.7259060677656421 4.353059633315061 2.582844326501517 0.7267434123254372 4.354931766630119 2.579601696481294 0.7275833212357749 4.356809633315061 2.576349135973134 0.7284232301461127 4.358687500000004 2.573096575464973 2.103423230146113 4.358687499999999 3.333966140682364 2.102584603411046 4.356812499999999 3.337213735946555 3.063295272235925 4.358687499999995 3.359946902795897 2.096714216265581 4.358687499999997 3.359946902795897 2.097552843000648 4.356812499999999 3.356699307531706 2.097780259562742 4.356304042499067 3.355818633306601 2.098391469735714 4.354937499999997 3.353451712267514 2.098846302859903 4.353920584998134 3.351690363817304 2.099230096470781 4.353062499999999 3.350204117003322 2.099457513032875 4.352554042499066 3.349323442778218 2.100068723205847 4.351187499999999 3.34695652173913 3.055795272235926 4.351187499999995 3.34695652173913 3.057670272235926 4.353062499999995 3.350204117003321 3.059545272235926 4.354937499999995 3.353451712267514 3.061420272235925 4.356812499999995 3.356699307531705 3.070795272235926 4.366187499999993 3.359946902795897 2.096714216265581 4.369937499999998 3.359946902795897 2.096714216265581 4.366187499999998 3.359946902795897 3.067045272235926 4.362437499999995 3.359946902795896 3.070795272235926 4.366187499999993 3.359946902795897 2.096714216265581 4.366187499999998 3.359946902795897 2.096714216265581 4.366187499999998 3.359946902795897 2.096714216265581 4.362437499999997 3.359946902795897 3.067045272235926 4.362437499999995 3.359946902795896 3.067045272235926 4.362437499999995 3.359946902795896 3.063295272235925 4.358687499999995 3.359946902795897 2.096714216265581 4.362437499999997 3.359946902795897 3.063295272235925 4.358687499999995 3.359946902795897 2.096714216265581 4.362437499999997 3.359946902795897 2.096714216265581 4.358687499999997 3.359946902795897 3.067045272235924 3.616068555970336 3.359946902795897 3.067045272235926 4.362437499999995 3.359946902795896 3.063295272235925 4.358687499999995 3.359946902795897 3.067045272235924 3.616068555970336 3.359946902795897 3.063295272235925 4.358687499999995 3.359946902795897 3.063295272235924 3.616068555970336 3.359946902795897 3.070795272235925 3.616068555970336 3.359946902795897 3.067045272235924 3.616068555970336 3.359946902795897 3.067045272235926 4.362437499999995 3.359946902795896 3.070795272235925 3.616068555970336 3.359946902795897 3.070795272235926 4.366187499999993 3.359946902795897 3.074545272235924 3.616068555970336 3.359946902795897 3.067045272235926 4.362437499999995 3.359946902795896 3.070795272235926 4.366187499999993 3.359946902795897 3.070795272235925 3.616068555970336 3.359946902795897 3.074545272235924 3.616068555970336 3.359946902795897 3.070795272235926 4.366187499999993 3.359946902795897 3.074545272235925 4.369937499999995 3.359946902795897 3.074545272235925 4.369937499999995 3.359946902795897 3.074545272235924 3.616068555970336 3.359946902795897 3.078295272235925 3.616068555970336 3.359946902795897 3.078295272235926 4.373687499999995 3.359946902795897 3.078295272235925 3.616068555970336 3.359946902795897 3.074545272235925 4.369937499999995 3.359946902795897 3.074545272235925 4.369937499999995 3.359946902795897 2.096714216265581 4.373687499999999 3.359946902795897 3.078295272235926 4.373687499999995 3.359946902795897 2.096714216265581 4.369937499999998 3.359946902795897 2.096714216265581 4.373687499999999 3.359946902795897 3.074545272235925 4.369937499999995 3.359946902795897 3.070795272235926 4.366187499999993 3.359946902795897 2.096714216265581 4.369937499999998 3.359946902795897 3.074545272235925 4.369937499999995 3.359946902795897 2.100068723205847 4.381187499999999 3.346956521739131 2.099230096470781 4.379312499999999 3.350204117003323 2.098391469735714 4.377437499999999 3.353451712267515 2.097552843000648 4.375562499999999 3.356699307531706 2.096714216265581 4.373687499999999 3.359946902795897 3.078295272235926 4.373687499999995 3.359946902795897 3.080170272235926 4.375562499999993 3.356699307531706 3.082045272235926 4.377437499999995 3.353451712267514 3.084035518320398 4.379427746084466 3.350004504929644 3.084428733225169 4.379820960989238 3.349323436736286 3.085795272235926 4.381187499999995 3.34695652173913 3.084423363387852 4.379815591151921 3.344580305910913 3.085795272235926 4.381187499999995 3.34695652173913 3.084044343683763 4.379436571447833 3.343923824526362 3.082045272235926 4.377437499999995 3.340461331210747 3.080170272235926 4.375562499999993 3.337213735946555 3.078295272235926 4.373687499999995 3.333966140682363 2.103423230146112 4.373687499999999 3.333966140682364 2.102584603411046 4.375562499999999 3.337213735946555 2.102513872987837 4.375720638940689 3.337487640626486 2.10174597667598 4.377437499999999 3.340461331210747 2.101604515829561 4.377753777881379 3.341009140570607 2.100907349940913 4.379312499999999 3.343708926474939 2.100836619517704 4.379470638940688 3.343982831154868 2.100068723205847 4.381187499999999 3.346956521739131 3.059545272235926 4.354937499999995 3.340461331210747 3.057670272235926 4.353062499999995 3.343708926474939 3.055795272235926 4.351187499999995 3.34695652173913 2.100068723205847 4.351187499999999 3.34695652173913 2.100682335149979 4.352559412374287 3.34458029980333 2.100836619517703 4.352904361059308 3.343982831154871 2.10174597667598 4.354937499999999 3.340461331210748 2.102584603411046 4.356812499999999 3.337213735946555 2.103423230146113 4.358687499999999 3.333966140682364 3.063295272235926 4.358687499999995 3.333966140682364 3.061420272235926 4.356812499999995 3.337213735946555 2.103423230146113 4.366187499999998 3.333966140682364 2.103423230146113 4.362437499999999 3.333966140682364 3.067045272235926 4.362437499999995 3.333966140682364 3.067045272235926 4.362437499999995 3.333966140682364 2.103423230146113 4.366187499999998 3.333966140682364 3.070795272235926 4.366187499999993 3.333966140682363 3.070795272235926 4.366187499999993 3.333966140682363 2.103423230146113 4.366187499999998 3.333966140682364 2.103423230146112 4.369937499999998 3.333966140682364 3.074545272235926 4.369937499999995 3.333966140682364 3.070795272235926 4.366187499999993 3.333966140682363 2.103423230146112 4.369937499999998 3.333966140682364 3.074545272235926 4.369937499999995 3.333966140682364 2.103423230146112 4.369937499999998 3.333966140682364 2.103423230146112 4.373687499999999 3.333966140682364 3.074545272235926 4.369937499999995 3.333966140682364 3.078295272235926 4.373687499999995 3.333966140682363 2.103423230146112 4.373687499999999 3.333966140682364 3.078295272235925 3.609359542089805 3.333966140682364 3.074545272235926 4.369937499999995 3.333966140682364 3.078295272235926 4.373687499999995 3.333966140682363 3.074545272235924 3.609359542089804 3.333966140682364 3.078295272235925 3.609359542089805 3.333966140682364 3.074545272235926 4.369937499999995 3.333966140682364 3.074545272235926 4.369937499999995 3.333966140682364 3.070795272235926 4.366187499999993 3.333966140682363 3.074545272235924 3.609359542089804 3.333966140682364 3.074545272235924 3.609359542089804 3.333966140682364 3.070795272235926 4.366187499999993 3.333966140682363 3.070795272235925 3.609359542089805 3.333966140682364 3.070795272235926 4.366187499999993 3.333966140682363 3.067045272235926 4.362437499999995 3.333966140682364 3.070795272235925 3.609359542089805 3.333966140682364 3.067045272235925 3.609359542089804 3.333966140682364 3.070795272235925 3.609359542089805 3.333966140682364 3.067045272235926 4.362437499999995 3.333966140682364 3.067045272235926 4.362437499999995 3.333966140682364 3.063295272235926 4.358687499999995 3.333966140682364 3.067045272235925 3.609359542089804 3.333966140682364 3.067045272235925 3.609359542089804 3.333966140682364 3.063295272235926 4.358687499999995 3.333966140682364 3.063295272235925 3.609359542089805 3.333966140682364 2.103423230146113 4.358687499999999 3.333966140682364 2.103423230146113 4.362437499999999 3.333966140682364 3.063295272235926 4.358687499999995 3.333966140682364 3.067045272235926 4.362437499999995 3.333966140682364 3.063295272235926 4.358687499999995 3.333966140682364 2.103423230146113 4.362437499999999 3.333966140682364 3.061420272235925 4.356812499999995 3.356699307531705 3.059545272235926 4.354937499999995 3.353451712267514 3.057670272235926 4.353062499999995 3.350204117003321 3.055795272235926 4.351187499999995 3.34695652173913 3.055795272235925 3.61271404903007 3.34695652173913 3.057555033600605 3.613501133258209 3.350004517831953 3.059228994354544 3.614249841653784 3.352903902907651 3.059314794965285 3.614288217486348 3.353052513924777 3.061305033600605 3.615178386728341 3.356499708360336 3.063295272235924 3.616068555970336 3.359946902795897 3.063295272235925 4.358687499999995 3.359946902795897 3.080170272235925 3.615229929235271 3.356699307531705 3.078295272235925 3.616068555970336 3.359946902795897 3.082045272235925 3.614391302500204 3.353451712267514 3.083920272235924 3.613552675765137 3.350204117003322 3.085795272235924 3.61271404903007 3.34695652173913 3.085795272235926 4.381187499999995 3.34695652173913 3.084428733225169 4.379820960989238 3.349323436736286 3.084035518320398 4.379427746084466 3.350004504929644 3.082045272235926 4.377437499999995 3.353451712267514 3.080170272235926 4.375562499999993 3.356699307531706 3.078295272235926 4.373687499999995 3.359946902795897 3.083920272235924 3.611875422295005 3.343708926474939 3.082045272235925 3.611036795559938 3.340461331210747 3.080170272235925 3.610198168824873 3.337213735946555 3.078295272235925 3.609359542089805 3.333966140682364 3.078295272235926 4.373687499999995 3.333966140682363 3.080170272235926 4.375562499999993 3.337213735946555 3.082045272235926 4.377437499999995 3.340461331210747 3.084044343683763 4.379436571447833 3.343923824526362 3.084423363387852 4.379815591151921 3.344580305910913 3.085795272235926 4.381187499999995 3.34695652173913 3.085795272235924 3.61271404903007 3.34695652173913 3.061420272235926 4.356812499999995 3.337213735946555 3.063295272235926 4.358687499999995 3.333966140682364 3.063295272235925 3.609359542089805 3.333966140682364 3.061420272235924 3.610198168824873 3.337213735946555 3.061296208116862 3.610253658684664 3.337428621304168 3.059545272235924 3.611036795559938 3.340461331210747 3.0592971439978 3.611147775279518 3.340891101925971 3.057670272235925 3.611875422295005 3.343708926474939 3.057546208116862 3.611930912154796 3.343923811832551 3.055795272235925 3.61271404903007 3.34695652173913 3.055795272235926 4.351187499999995 3.34695652173913 3.057670272235926 4.353062499999995 3.343708926474939 3.059545272235926 4.354937499999995 3.340461331210747 3.063295272235922 2.241587499999993 4.120529305309132 3.061420272235922 2.241587499999993 4.116817647820002 3.059545272235922 2.241587499999993 4.113105990330871 3.057670272235923 2.241587499999993 4.109394332841742 3.055795272235922 2.241587499999993 4.105682675352612 3.057516969922688 2.241587499999993 4.102274487558959 3.059545272235922 2.241587499999993 4.098259360374354 3.061420272235922 2.241587499999993 4.094547702885225 3.063295272235923 2.241587499999993 4.090836045396095 3.067045272235922 2.241587499999993 4.090836045396095 3.070795272235922 2.241587499999993 4.090836045396095 3.074545272235922 2.241587499999993 4.090836045396095 3.078295272235923 2.241587499999993 4.090836045396095 3.080323574549156 2.241587499999993 4.094851172580699 3.08235187686239 2.241587499999993 4.098866299765302 3.084073574549156 2.241587499999993 4.102274487558958 3.085795272235922 2.241587499999993 4.105682675352612 3.083920272235922 2.241587499999993 4.109394332841742 3.082045272235922 2.241587499999993 4.113105990330872 3.080170272235922 2.241587499999993 4.116817647820002 3.078295272235922 2.241587499999993 4.120529305309132 3.074545272235922 2.241587499999993 4.120529305309132 3.070795272235922 2.241587499999993 4.120529305309132 3.067045272235922 2.241587499999993 4.120529305309132 3.057670272235923 2.241587499999993 4.109394332841742 3.059545272235922 2.241587499999993 4.113105990330871 3.061420272235922 2.241587499999993 4.116817647820002 3.063295272235922 2.241587499999993 4.120529305309132 3.063295272235924 3.616068555970336 3.359946902795897 3.061305033600605 3.615178386728341 3.356499708360336 3.059314794965285 3.614288217486348 3.353052513924777 3.059228994354544 3.614249841653784 3.352903902907651 3.057555033600605 3.613501133258209 3.350004517831953 3.055795272235925 3.61271404903007 3.34695652173913 3.055795272235922 2.241587499999993 4.105682675352612 3.083920272235924 3.613552675765137 3.350204117003322 3.082045272235925 3.614391302500204 3.353451712267514 3.080170272235925 3.615229929235271 3.356699307531705 3.078295272235925 3.616068555970336 3.359946902795897 3.078295272235922 2.241587499999993 4.120529305309132 3.080170272235922 2.241587499999993 4.116817647820002 3.082045272235922 2.241587499999993 4.113105990330872 3.083920272235922 2.241587499999993 4.109394332841742 3.085795272235922 2.241587499999993 4.105682675352612 3.085795272235924 3.61271404903007 3.34695652173913 3.074545272235924 3.616068555970336 3.359946902795897 3.070795272235925 3.616068555970336 3.359946902795897 3.067045272235924 3.616068555970336 3.359946902795897 3.063295272235924 3.616068555970336 3.359946902795897 3.063295272235922 2.241587499999993 4.120529305309132 3.067045272235922 2.241587499999993 4.120529305309132 3.070795272235922 2.241587499999993 4.120529305309132 3.074545272235922 2.241587499999993 4.120529305309132 3.078295272235922 2.241587499999993 4.120529305309132 3.078295272235925 3.616068555970336 3.359946902795897 3.080170272235925 3.610198168824873 3.337213735946555 3.078295272235925 3.609359542089805 3.333966140682364 3.082045272235925 3.611036795559938 3.340461331210747 3.083920272235924 3.611875422295005 3.343708926474939 3.085795272235924 3.61271404903007 3.34695652173913 3.085795272235922 2.241587499999993 4.105682675352612 3.084073574549156 2.241587499999993 4.102274487558958 3.08235187686239 2.241587499999993 4.098866299765302 3.080323574549156 2.241587499999993 4.094851172580699 3.078295272235923 2.241587499999993 4.090836045396095 3.070795272235922 2.241587499999993 4.090836045396095 3.067045272235922 2.241587499999993 4.090836045396095 3.063295272235923 2.241587499999993 4.090836045396095 3.063295272235925 3.609359542089805 3.333966140682364 3.067045272235925 3.609359542089804 3.333966140682364 3.070795272235925 3.609359542089805 3.333966140682364 3.074545272235924 3.609359542089804 3.333966140682364 3.078295272235925 3.609359542089805 3.333966140682364 3.078295272235923 2.241587499999993 4.090836045396095 3.074545272235922 2.241587499999993 4.090836045396095 3.059545272235922 2.241587499999993 4.098259360374354 3.057516969922688 2.241587499999993 4.102274487558959 3.055795272235922 2.241587499999993 4.105682675352612 3.055795272235925 3.61271404903007 3.34695652173913 3.057546208116862 3.611930912154796 3.343923811832551 3.057670272235925 3.611875422295005 3.343708926474939 3.0592971439978 3.611147775279518 3.340891101925971 3.059545272235924 3.611036795559938 3.340461331210747 3.061296208116862 3.610253658684664 3.337428621304168 3.061420272235924 3.610198168824873 3.337213735946555 3.063295272235925 3.609359542089805 3.333966140682364 3.063295272235923 2.241587499999993 4.090836045396095 3.061420272235922 2.241587499999993 4.094547702885225 0.02909527223591557 0.001587500000000519 0.6180099584395729 0.03097027223591564 0.001587500000000519 0.6217216159287024 0.0328452722359156 0.001587500000000519 0.625433273417832 0.03472027223591522 0.001587500000000519 0.6291449309069617 0.03659527223591563 0.001587500000000519 0.6328565883960916 0.03516417765870205 0.001587500000000519 0.6356895126121803 0.03373308308148892 0.001587500000000519 0.6385224368282691 0.03141417765870202 0.001587500000000519 0.6431128275904394 0.02909527223591557 0.001587500000000519 0.6477032183526096 0.02534527223591565 0.001587500000000519 0.6477032183526096 0.02159527223591561 0.001587500000000519 0.6477032183526096 0.01784527223591514 0.001587500000000519 0.6477032183526097 0.01409527223591566 0.001587500000000519 0.6477032183526097 0.01222027223591559 0.001587500000000519 0.6439915608634803 0.01034527223591563 0.001587500000000519 0.6402799033743508 0.008026366813129182 0.001587500000000519 0.6356895126121805 0.006595272235915605 0.001587500000000519 0.6328565883960917 0.00847027223591612 0.001587500000000519 0.6291449309069621 0.01034527223591563 0.001587500000000519 0.6254332734178326 0.01222027223591559 0.001587500000000519 0.6217216159287028 0.01409527223591566 0.001587500000000519 0.6180099584395732 0.01784527223591603 0.001587500000000519 0.6180099584395731 0.02159527223591561 0.001587500000000519 0.6180099584395731 0.0253452722359152 0.001587500000000519 0.618009958439573 0.02909527223592112 3.302106444029657 2.474077337578506 0.02909527223591557 0.001587500000000519 0.6477032183526096 0.03141417765870202 0.001587500000000519 0.6431128275904394 0.03373308308148892 0.001587500000000519 0.6385224368282691 0.03516417765870205 0.001587500000000519 0.6356895126121803 0.03659527223591563 0.001587500000000519 0.6328565883960916 0.03659527223592062 3.305460950969922 2.461086956521739 0.03534265034354433 3.304900693792388 2.463256561282009 0.03472027223592066 3.304622324234855 2.464334551785931 0.03409002845116759 3.304340436614853 2.465426166042278 0.03284527223592104 3.303783697499789 2.467582147050123 0.03158478466641412 3.303219922259787 2.469765375562817 0.03097027223592108 3.302945070764723 2.470829742314315 0.008026366813129182 0.001587500000000519 0.6356895126121805 0.01034527223591563 0.001587500000000519 0.6402799033743508 0.01222027223591559 0.001587500000000519 0.6439915608634803 0.01409527223591566 0.001587500000000519 0.6477032183526097 0.0140952722359211 3.302106444029656 2.474077337578506 0.01222027223592148 3.302945070764722 2.470829742314315 0.01034527223592107 3.303783697499788 2.467582147050123 0.008470272235921116 3.304622324234855 2.464334551785932 0.006595272235921045 3.305460950969922 2.46108695652174 0.006595272235915605 0.001587500000000519 0.6328565883960917 0.01784527223591514 0.001587500000000519 0.6477032183526097 0.02159527223591561 0.001587500000000519 0.6477032183526096 0.02534527223591565 0.001587500000000519 0.6477032183526096 0.02909527223591557 0.001587500000000519 0.6477032183526096 0.02909527223592112 3.302106444029657 2.474077337578506 0.02534527223592109 3.302106444029656 2.474077337578506 0.02159527223592105 3.302106444029656 2.474077337578506 0.01784527223592158 3.302106444029656 2.474077337578506 0.0140952722359211 3.302106444029656 2.474077337578506 0.01409527223591566 0.001587500000000519 0.6477032183526097 0.01409527223591566 0.001587500000000519 0.6180099584395732 0.01222027223591559 0.001587500000000519 0.6217216159287028 0.01034527223591563 0.001587500000000519 0.6254332734178326 0.00847027223591612 0.001587500000000519 0.6291449309069621 0.006595272235915605 0.001587500000000519 0.6328565883960917 0.006595272235921045 3.305460950969922 2.46108695652174 0.008024692907199981 3.30610028451157 2.458611127293695 0.008470272235921116 3.306299577704988 2.457839361257549 0.009454113578478362 3.30673961805322 2.456135298065651 0.01034527223592107 3.307138204440055 2.454591765993356 0.01177469290719945 3.307777537981704 2.452115936765312 0.01222027223592148 3.307976831175121 2.451344170729165 0.01409527223592066 3.308815457910188 2.448096575464973 0.02159527223592061 3.308815457910188 2.448096575464973 0.02534527223592064 3.308815457910188 2.448096575464973 0.02909527223592112 3.308815457910188 2.448096575464973 0.02909527223591557 0.001587500000000519 0.6180099584395729 0.0253452722359152 0.001587500000000519 0.618009958439573 0.02159527223591561 0.001587500000000519 0.6180099584395731 0.01784527223591603 0.001587500000000519 0.6180099584395731 0.01409527223591566 0.001587500000000519 0.6180099584395732 0.01409527223592066 3.308815457910188 2.448096575464973 0.01784527223592058 3.308815457910188 2.448096575464973 0.03659527223591563 0.001587500000000519 0.6328565883960916 0.03472027223591522 0.001587500000000519 0.6291449309069617 0.0328452722359156 0.001587500000000519 0.625433273417832 0.03097027223591564 0.001587500000000519 0.6217216159287024 0.02909527223591557 0.001587500000000519 0.6180099584395729 0.02909527223592112 3.308815457910188 2.448096575464973 0.03097027223592063 3.307976831175121 2.451344170729164 0.03284527223592104 3.307138204440055 2.454591765993356 0.03408100763773602 3.306585500042493 2.456732122494011 0.03516585156464224 3.306100284511571 2.458611127293695 0.03533813993682854 3.306023225506207 2.458909539507876 0.03659527223592062 3.305460950969922 2.461086956521739 0.02909527223592245 4.358687500000004 2.474077337578507 0.02909527223592112 3.302106444029657 2.474077337578506 0.03097027223592108 3.302945070764723 2.470829742314315 0.03158478466641412 3.303219922259787 2.469765375562817 0.03284527223592104 3.303783697499789 2.467582147050123 0.03409002845116759 3.304340436614853 2.465426166042278 0.03472027223592066 3.304622324234855 2.464334551785931 0.03534265034354433 3.304900693792388 2.463256561282009 0.03659527223592062 3.305460950969922 2.461086956521739 0.03659527223592284 4.351187500000004 2.46108695652174 0.03472027223592288 4.353062500000006 2.464334551785932 0.03284527223592292 4.354937500000006 2.467582147050123 0.03097027223592241 4.356812500000004 2.470829742314315 0.02159527223592239 4.366187500000004 2.474077337578506 0.01784527223592158 3.302106444029656 2.474077337578506 0.02159527223592105 3.302106444029656 2.474077337578506 0.02534527223592242 4.362437500000006 2.474077337578506 0.02159527223592239 4.366187500000004 2.474077337578506 0.02159527223592105 3.302106444029656 2.474077337578506 0.02159527223592105 3.302106444029656 2.474077337578506 0.02534527223592109 3.302106444029656 2.474077337578506 0.02534527223592242 4.362437500000006 2.474077337578506 0.02534527223592242 4.362437500000006 2.474077337578506 0.02909527223592245 4.358687500000004 2.474077337578507 0.02534527223592109 3.302106444029656 2.474077337578506 0.02909527223592245 4.358687500000004 2.474077337578507 0.02534527223592109 3.302106444029656 2.474077337578506 0.02909527223592112 3.302106444029657 2.474077337578506 0.7217142162655811 4.362437500000003 2.474077337578506 0.02534527223592242 4.362437500000006 2.474077337578506 0.02909527223592245 4.358687500000004 2.474077337578507 0.7217142162655811 4.362437500000003 2.474077337578506 0.02909527223592245 4.358687500000004 2.474077337578507 0.7217142162655811 4.358687500000002 2.474077337578506 0.7217142162655811 4.366187500000003 2.474077337578506 0.7217142162655811 4.362437500000003 2.474077337578506 0.02534527223592242 4.362437500000006 2.474077337578506 0.7217142162655811 4.366187500000003 2.474077337578506 0.02159527223592239 4.366187500000004 2.474077337578506 0.7217142162655811 4.369937500000002 2.474077337578506 0.02534527223592242 4.362437500000006 2.474077337578506 0.02159527223592239 4.366187500000004 2.474077337578506 0.7217142162655811 4.366187500000003 2.474077337578506 0.7217142162655811 4.369937500000002 2.474077337578506 0.02159527223592239 4.366187500000004 2.474077337578506 0.01784527223592247 4.369937500000006 2.474077337578506 0.01784527223592247 4.369937500000006 2.474077337578506 0.7217142162655811 4.369937500000002 2.474077337578506 0.7217142162655811 4.373687500000002 2.474077337578506 0.01409527223592199 4.373687500000006 2.474077337578506 0.7217142162655811 4.373687500000002 2.474077337578506 0.01784527223592247 4.369937500000006 2.474077337578506 0.01784527223592247 4.369937500000006 2.474077337578506 0.0140952722359211 3.302106444029656 2.474077337578506 0.01409527223592199 4.373687500000006 2.474077337578506 0.01784527223592158 3.302106444029656 2.474077337578506 0.0140952722359211 3.302106444029656 2.474077337578506 0.01784527223592247 4.369937500000006 2.474077337578506 0.02159527223592239 4.366187500000004 2.474077337578506 0.01784527223592158 3.302106444029656 2.474077337578506 0.01784527223592247 4.369937500000006 2.474077337578506 0.008470272235921116 3.304622324234855 2.464334551785932 0.01034527223592107 3.303783697499788 2.467582147050123 0.01222027223592148 3.302945070764722 2.470829742314315 0.0140952722359211 3.302106444029656 2.474077337578506 0.01409527223592199 4.373687500000006 2.474077337578506 0.01222027223592248 4.375562500000004 2.470829742314314 0.01034527223592285 4.377437500000004 2.467582147050123 0.009100510647439885 4.378682261588487 2.46542615673556 0.008477489500660739 4.379305282735266 2.46434705245515 0.007847891441681853 4.379934880794245 2.46325655662865 0.006595272235923377 4.381187500000004 2.46108695652174 0.006595272235921045 3.305460950969922 2.46108695652174 0.008024692907199981 3.30610028451157 2.458611127293695 0.006595272235921045 3.305460950969922 2.46108695652174 0.006595272235923377 4.381187500000004 2.46108695652174 0.007852401822083243 4.379930370413844 2.458909544206813 0.008467396591989584 4.379315375643938 2.457844342018943 0.00910953140824311 4.378673240827684 2.456732131891886 0.0103452722359224 4.377437500000004 2.454591765993356 0.01222027223592203 4.375562500000004 2.451344170729165 0.01409527223592155 4.373687500000006 2.448096575464974 0.01409527223592066 3.308815457910188 2.448096575464973 0.01222027223592148 3.307976831175121 2.451344170729165 0.01177469290719945 3.307777537981704 2.452115936765312 0.01034527223592107 3.307138204440055 2.454591765993356 0.009454113578478362 3.30673961805322 2.456135298065651 0.008470272235921116 3.306299577704988 2.457839361257549 0.03533813993682854 3.306023225506207 2.458909539507876 0.03659527223592062 3.305460950969922 2.461086956521739 0.03516585156464224 3.306100284511571 2.458611127293695 0.03408100763773602 3.306585500042493 2.456732122494011 0.03284527223592104 3.307138204440055 2.454591765993356 0.03097027223592063 3.307976831175121 2.451344170729164 0.02909527223592112 3.308815457910188 2.448096575464973 0.02909527223592156 4.358687500000006 2.448096575464973 0.03097027223592152 4.356812500000004 2.451344170729164 0.03284527223592248 4.354937500000006 2.454591765993356 0.03472027223592288 4.353062500000004 2.457839361257547 0.03659527223592284 4.351187500000004 2.46108695652174 0.02159527223592061 3.308815457910188 2.448096575464973 0.02534527223592064 3.308815457910188 2.448096575464973 0.02534527223592109 4.362437500000006 2.448096575464973 0.02534527223592109 4.362437500000006 2.448096575464973 0.02159527223592061 3.308815457910188 2.448096575464973 0.0215952722359215 4.366187500000004 2.448096575464973 0.0215952722359215 4.366187500000004 2.448096575464973 0.02159527223592061 3.308815457910188 2.448096575464973 0.01784527223592058 3.308815457910188 2.448096575464973 0.01784527223592158 4.369937500000006 2.448096575464973 0.0215952722359215 4.366187500000004 2.448096575464973 0.01784527223592058 3.308815457910188 2.448096575464973 0.01784527223592158 4.369937500000006 2.448096575464973 0.01784527223592058 3.308815457910188 2.448096575464973 0.01409527223592066 3.308815457910188 2.448096575464973 0.01784527223592158 4.369937500000006 2.448096575464973 0.01409527223592155 4.373687500000006 2.448096575464974 0.01409527223592066 3.308815457910188 2.448096575464973 0.7284232301461125 4.373687500000002 2.448096575464973 0.01784527223592158 4.369937500000006 2.448096575464973 0.01409527223592155 4.373687500000006 2.448096575464974 0.7284232301461125 4.369937500000002 2.448096575464973 0.7284232301461125 4.373687500000002 2.448096575464973 0.01784527223592158 4.369937500000006 2.448096575464973 0.01784527223592158 4.369937500000006 2.448096575464973 0.0215952722359215 4.366187500000004 2.448096575464973 0.7284232301461125 4.369937500000002 2.448096575464973 0.7284232301461125 4.369937500000002 2.448096575464973 0.0215952722359215 4.366187500000004 2.448096575464973 0.7284232301461125 4.366187500000003 2.448096575464973 0.0215952722359215 4.366187500000004 2.448096575464973 0.02534527223592109 4.362437500000006 2.448096575464973 0.7284232301461125 4.366187500000003 2.448096575464973 0.7284232301461127 4.362437500000004 2.448096575464973 0.7284232301461125 4.366187500000003 2.448096575464973 0.02534527223592109 4.362437500000006 2.448096575464973 0.02534527223592109 4.362437500000006 2.448096575464973 0.02909527223592156 4.358687500000006 2.448096575464973 0.7284232301461127 4.362437500000004 2.448096575464973 0.7284232301461127 4.362437500000004 2.448096575464973 0.02909527223592156 4.358687500000006 2.448096575464973 0.7284232301461127 4.358687500000004 2.448096575464973 0.02909527223592112 3.308815457910188 2.448096575464973 0.02534527223592064 3.308815457910188 2.448096575464973 0.02909527223592156 4.358687500000006 2.448096575464973 0.02534527223592109 4.362437500000006 2.448096575464973 0.02909527223592156 4.358687500000006 2.448096575464973 0.02534527223592064 3.308815457910188 2.448096575464973 0.7225496108751453 4.356819726379825 2.470842258771321 0.7217142162655811 4.358687500000002 2.474077337578506 0.02909527223592245 4.358687500000004 2.474077337578507 0.03097027223592241 4.356812500000004 2.470829742314315 0.03284527223592292 4.354937500000006 2.467582147050123 0.03472027223592288 4.353062500000006 2.464334551785932 0.03659527223592284 4.351187500000004 2.46108695652174 0.7250687232058466 4.351187500000002 2.46108695652174 0.7243008268939902 4.352904361059311 2.464060647106 0.7242268643452784 4.353069726379823 2.464347068242938 0.7235329305821335 4.354621222118622 2.46703433769026 0.7233850054847098 4.354951952759646 2.467607179964136 0.7226235734238576 4.356654361059312 2.470555837634383 0.7225528430006474 4.375562500000002 2.470829742314315 0.7217142162655811 4.373687500000002 2.474077337578506 0.7233914697357141 4.377437500000002 2.467582147050123 0.7242300964707806 4.379312500000002 2.464334551785932 0.7243008268939904 4.379470638940693 2.464060647106 0.7250687232058466 4.381187500000002 2.46108695652174 0.006595272235923377 4.381187500000004 2.46108695652174 0.007847891441681853 4.379934880794245 2.46325655662865 0.008477489500660739 4.379305282735266 2.46434705245515 0.009100510647439885 4.378682261588487 2.46542615673556 0.01034527223592285 4.377437500000004 2.467582147050123 0.01222027223592248 4.375562500000004 2.470829742314314 0.01409527223592199 4.373687500000006 2.474077337578506 0.7259073499409133 4.379312500000002 2.457839361257549 0.7267459766759796 4.377437500000002 2.454591765993356 0.7275846034110461 4.375562500000002 2.451344170729165 0.7284232301461125 4.373687500000002 2.448096575464973 0.01409527223592155 4.373687500000006 2.448096575464974 0.01222027223592203 4.375562500000004 2.451344170729165 0.0103452722359224 4.377437500000004 2.454591765993356 0.00910953140824311 4.378673240827684 2.456732131891886 0.008467396591989584 4.379315375643938 2.457844342018943 0.007852401822083243 4.379930370413844 2.458909544206813 0.006595272235923377 4.381187500000004 2.46108695652174 0.7250687232058466 4.381187500000002 2.46108695652174 0.7275833212357754 4.356809633315061 2.451349135973133 0.7284232301461127 4.358687500000004 2.448096575464973 0.7267434123254372 4.354931766630119 2.454601696481294 0.7259060677656423 4.353059633315061 2.457844326501517 0.7250687232058466 4.351187500000002 2.46108695652174 0.03659527223592284 4.351187500000004 2.46108695652174 0.03472027223592288 4.353062500000004 2.457839361257547 0.03284527223592248 4.354937500000006 2.454591765993356 0.03097027223592152 4.356812500000004 2.451344170729164 0.02909527223592156 4.358687500000006 2.448096575464973 2.098846302859902 4.353920584998133 3.226690363817304 2.098391469735714 4.354937499999999 3.228451712267514 2.097780259562742 4.356304042499066 3.230818633306601 2.097552843000647 4.356812499999999 3.231699307531705 2.096714216265581 4.358687499999999 3.234946902795897 0.7217142162655811 4.358687500000002 2.474077337578506 0.7225496108751453 4.356819726379825 2.470842258771321 0.7226235734238576 4.356654361059312 2.470555837634383 0.7233850054847098 4.354951952759646 2.467607179964136 0.7235329305821335 4.354621222118622 2.46703433769026 0.7242268643452784 4.353069726379823 2.464347068242938 0.7243008268939902 4.352904361059311 2.464060647106 0.7250687232058466 4.351187500000002 2.46108695652174 2.100068723205847 4.351187499999999 3.221956521739131 2.099457513032875 4.352554042499066 3.224323442778217 2.09923009647078 4.353062499999999 3.225204117003322 0.7242300964707806 4.379312500000002 2.464334551785932 0.7233914697357141 4.377437500000002 2.467582147050123 0.7225528430006474 4.375562500000002 2.470829742314315 0.7217142162655811 4.373687500000002 2.474077337578506 2.096714216265581 4.373687499999999 3.234946902795897 2.097552843000647 4.375562499999999 3.231699307531706 2.098391469735714 4.377437499999999 3.228451712267515 2.099230096470781 4.379312499999999 3.225204117003324 2.100068723205847 4.381187499999999 3.221956521739131 0.7250687232058466 4.381187500000002 2.46108695652174 0.7243008268939904 4.379470638940693 2.464060647106 0.7217142162655811 4.369937500000002 2.474077337578506 0.7217142162655811 4.366187500000003 2.474077337578506 0.7217142162655811 4.362437500000003 2.474077337578506 0.7217142162655811 4.358687500000002 2.474077337578506 2.096714216265581 4.358687499999999 3.234946902795897 2.096714216265581 4.362437499999999 3.234946902795897 2.096714216265581 4.366187499999998 3.234946902795897 2.096714216265581 4.369937499999998 3.234946902795897 2.096714216265581 4.373687499999999 3.234946902795897 0.7217142162655811 4.373687500000002 2.474077337578506 0.7275846034110461 4.375562500000002 2.451344170729165 0.7267459766759796 4.377437500000002 2.454591765993356 0.7259073499409133 4.379312500000002 2.457839361257549 0.7250687232058466 4.381187500000002 2.46108695652174 2.100068723205847 4.381187499999999 3.221956521739131 2.100836619517704 4.379470638940688 3.218982831154869 2.100907349940913 4.379312499999999 3.218708926474939 2.101604515829561 4.377753777881379 3.216009140570607 2.10174597667598 4.377437499999999 3.215461331210747 2.102513872987837 4.375720638940689 3.212487640626487 2.102584603411046 4.375562499999999 3.212213735946555 2.103423230146113 4.373687499999999 3.208966140682365 0.7284232301461125 4.373687500000002 2.448096575464973 2.103423230146113 4.366187499999998 3.208966140682365 2.103423230146113 4.362437499999999 3.208966140682363 2.103423230146113 4.358687499999999 3.208966140682363 0.7284232301461127 4.358687500000004 2.448096575464973 0.7284232301461127 4.362437500000004 2.448096575464973 0.7284232301461125 4.366187500000003 2.448096575464973 0.7284232301461125 4.369937500000002 2.448096575464973 0.7284232301461125 4.373687500000002 2.448096575464973 2.103423230146113 4.373687499999999 3.208966140682365 2.103423230146113 4.369937499999998 3.208966140682365 2.10174597667598 4.354937499999999 3.215461331210747 2.100836619517703 4.352904361059308 3.21898283115487 2.100682335149979 4.352559412374289 3.21958029980333 2.100068723205847 4.351187499999999 3.221956521739131 0.7250687232058466 4.351187500000002 2.46108695652174 0.7259060677656423 4.353059633315061 2.457844326501517 0.7267434123254372 4.354931766630119 2.454601696481294 0.7275833212357754 4.356809633315061 2.451349135973133 0.7284232301461127 4.358687500000004 2.448096575464973 2.103423230146113 4.358687499999999 3.208966140682363 2.102584603411046 4.356812499999999 3.212213735946555 3.063295272235925 4.358687499999995 3.234946902795897 2.096714216265581 4.358687499999999 3.234946902795897 2.097552843000647 4.356812499999999 3.231699307531705 2.097780259562742 4.356304042499066 3.230818633306601 2.098391469735714 4.354937499999999 3.228451712267514 2.098846302859902 4.353920584998133 3.226690363817304 2.09923009647078 4.353062499999999 3.225204117003322 2.099457513032875 4.352554042499066 3.224323442778217 2.100068723205847 4.351187499999999 3.221956521739131 3.055795272235926 4.351187499999995 3.221956521739131 3.057670272235926 4.353062499999995 3.225204117003322 3.059545272235926 4.354937499999995 3.228451712267514 3.061420272235925 4.356812499999995 3.231699307531706 3.070795272235926 4.366187499999993 3.234946902795897 2.096714216265581 4.369937499999998 3.234946902795897 2.096714216265581 4.366187499999998 3.234946902795897 3.067045272235926 4.362437499999995 3.234946902795897 3.070795272235926 4.366187499999993 3.234946902795897 2.096714216265581 4.366187499999998 3.234946902795897 2.096714216265581 4.366187499999998 3.234946902795897 2.096714216265581 4.362437499999999 3.234946902795897 3.067045272235926 4.362437499999995 3.234946902795897 3.067045272235926 4.362437499999995 3.234946902795897 3.063295272235925 4.358687499999995 3.234946902795897 2.096714216265581 4.362437499999999 3.234946902795897 3.063295272235925 4.358687499999995 3.234946902795897 2.096714216265581 4.362437499999999 3.234946902795897 2.096714216265581 4.358687499999999 3.234946902795897 3.067045272235924 3.616068555970336 3.234946902795897 3.067045272235926 4.362437499999995 3.234946902795897 3.063295272235925 4.358687499999995 3.234946902795897 3.067045272235924 3.616068555970336 3.234946902795897 3.063295272235925 4.358687499999995 3.234946902795897 3.063295272235924 3.616068555970336 3.234946902795897 3.070795272235925 3.616068555970336 3.234946902795897 3.067045272235924 3.616068555970336 3.234946902795897 3.067045272235926 4.362437499999995 3.234946902795897 3.070795272235925 3.616068555970336 3.234946902795897 3.070795272235926 4.366187499999993 3.234946902795897 3.074545272235924 3.616068555970336 3.234946902795897 3.067045272235926 4.362437499999995 3.234946902795897 3.070795272235926 4.366187499999993 3.234946902795897 3.070795272235925 3.616068555970336 3.234946902795897 3.074545272235924 3.616068555970336 3.234946902795897 3.070795272235926 4.366187499999993 3.234946902795897 3.074545272235925 4.369937499999995 3.234946902795897 3.074545272235925 4.369937499999995 3.234946902795897 3.074545272235924 3.616068555970336 3.234946902795897 3.078295272235925 3.616068555970336 3.234946902795897 3.078295272235926 4.373687499999995 3.234946902795897 3.078295272235925 3.616068555970336 3.234946902795897 3.074545272235925 4.369937499999995 3.234946902795897 3.074545272235925 4.369937499999995 3.234946902795897 2.096714216265581 4.373687499999999 3.234946902795897 3.078295272235926 4.373687499999995 3.234946902795897 2.096714216265581 4.369937499999998 3.234946902795897 2.096714216265581 4.373687499999999 3.234946902795897 3.074545272235925 4.369937499999995 3.234946902795897 3.070795272235926 4.366187499999993 3.234946902795897 2.096714216265581 4.369937499999998 3.234946902795897 3.074545272235925 4.369937499999995 3.234946902795897 2.100068723205847 4.381187499999999 3.221956521739131 2.099230096470781 4.379312499999999 3.225204117003324 2.098391469735714 4.377437499999999 3.228451712267515 2.097552843000647 4.375562499999999 3.231699307531706 2.096714216265581 4.373687499999999 3.234946902795897 3.078295272235926 4.373687499999995 3.234946902795897 3.080170272235926 4.375562499999993 3.231699307531706 3.082045272235926 4.377437499999995 3.228451712267514 3.084035518320398 4.379427746084466 3.225004504929644 3.084428733225169 4.379820960989238 3.224323436736286 3.085795272235926 4.381187499999995 3.221956521739131 3.084423363387852 4.379815591151921 3.219580305910913 3.085795272235926 4.381187499999995 3.221956521739131 3.084044343683763 4.379436571447833 3.218923824526362 3.082045272235926 4.377437499999995 3.215461331210747 3.080170272235926 4.375562499999993 3.212213735946555 3.078295272235926 4.373687499999995 3.208966140682363 2.103423230146113 4.373687499999999 3.208966140682365 2.102584603411046 4.375562499999999 3.212213735946555 2.102513872987837 4.375720638940689 3.212487640626487 2.10174597667598 4.377437499999999 3.215461331210747 2.101604515829561 4.377753777881379 3.216009140570607 2.100907349940913 4.379312499999999 3.218708926474939 2.100836619517704 4.379470638940688 3.218982831154869 2.100068723205847 4.381187499999999 3.221956521739131 3.059545272235926 4.354937499999995 3.215461331210747 3.057670272235926 4.353062499999995 3.218708926474939 3.055795272235926 4.351187499999995 3.221956521739131 2.100068723205847 4.351187499999999 3.221956521739131 2.100682335149979 4.352559412374289 3.21958029980333 2.100836619517703 4.352904361059308 3.21898283115487 2.10174597667598 4.354937499999999 3.215461331210747 2.102584603411046 4.356812499999999 3.212213735946555 2.103423230146113 4.358687499999999 3.208966140682363 3.063295272235926 4.358687499999995 3.208966140682364 3.061420272235926 4.356812499999995 3.212213735946556 2.103423230146113 4.366187499999998 3.208966140682365 2.103423230146113 4.362437499999999 3.208966140682363 3.067045272235926 4.362437499999995 3.208966140682364 3.067045272235926 4.362437499999995 3.208966140682364 2.103423230146113 4.366187499999998 3.208966140682365 3.070795272235926 4.366187499999993 3.208966140682363 3.070795272235926 4.366187499999993 3.208966140682363 2.103423230146113 4.366187499999998 3.208966140682365 2.103423230146113 4.369937499999998 3.208966140682365 3.074545272235926 4.369937499999995 3.208966140682363 3.070795272235926 4.366187499999993 3.208966140682363 2.103423230146113 4.369937499999998 3.208966140682365 3.074545272235926 4.369937499999995 3.208966140682363 2.103423230146113 4.369937499999998 3.208966140682365 2.103423230146113 4.373687499999999 3.208966140682365 3.074545272235926 4.369937499999995 3.208966140682363 3.078295272235926 4.373687499999995 3.208966140682363 2.103423230146113 4.373687499999999 3.208966140682365 3.078295272235925 3.609359542089805 3.208966140682364 3.074545272235926 4.369937499999995 3.208966140682363 3.078295272235926 4.373687499999995 3.208966140682363 3.074545272235924 3.609359542089805 3.208966140682363 3.078295272235925 3.609359542089805 3.208966140682364 3.074545272235926 4.369937499999995 3.208966140682363 3.074545272235926 4.369937499999995 3.208966140682363 3.070795272235926 4.366187499999993 3.208966140682363 3.074545272235924 3.609359542089805 3.208966140682363 3.074545272235924 3.609359542089805 3.208966140682363 3.070795272235926 4.366187499999993 3.208966140682363 3.070795272235925 3.609359542089805 3.208966140682363 3.070795272235926 4.366187499999993 3.208966140682363 3.067045272235926 4.362437499999995 3.208966140682364 3.070795272235925 3.609359542089805 3.208966140682363 3.067045272235925 3.609359542089805 3.208966140682363 3.070795272235925 3.609359542089805 3.208966140682363 3.067045272235926 4.362437499999995 3.208966140682364 3.067045272235926 4.362437499999995 3.208966140682364 3.063295272235926 4.358687499999995 3.208966140682364 3.067045272235925 3.609359542089805 3.208966140682363 3.067045272235925 3.609359542089805 3.208966140682363 3.063295272235926 4.358687499999995 3.208966140682364 3.063295272235925 3.609359542089805 3.208966140682363 2.103423230146113 4.358687499999999 3.208966140682363 2.103423230146113 4.362437499999999 3.208966140682363 3.063295272235926 4.358687499999995 3.208966140682364 3.067045272235926 4.362437499999995 3.208966140682364 3.063295272235926 4.358687499999995 3.208966140682364 2.103423230146113 4.362437499999999 3.208966140682363 3.061420272235925 4.356812499999995 3.231699307531706 3.059545272235926 4.354937499999995 3.228451712267514 3.057670272235926 4.353062499999995 3.225204117003322 3.055795272235926 4.351187499999995 3.221956521739131 3.055795272235925 3.61271404903007 3.22195652173913 3.057555033600605 3.613501133258209 3.225004517831954 3.059228994354544 3.614249841653784 3.227903902907651 3.059314794965285 3.614288217486345 3.228052513924776 3.061305033600605 3.615178386728341 3.231499708360337 3.063295272235924 3.616068555970336 3.234946902795897 3.063295272235925 4.358687499999995 3.234946902795897 3.080170272235925 3.615229929235269 3.231699307531706 3.078295272235925 3.616068555970336 3.234946902795897 3.082045272235925 3.614391302500204 3.228451712267514 3.083920272235924 3.613552675765137 3.225204117003322 3.085795272235924 3.61271404903007 3.221956521739131 3.085795272235926 4.381187499999995 3.221956521739131 3.084428733225169 4.379820960989238 3.224323436736286 3.084035518320398 4.379427746084466 3.225004504929644 3.082045272235926 4.377437499999995 3.228451712267514 3.080170272235926 4.375562499999993 3.231699307531706 3.078295272235926 4.373687499999995 3.234946902795897 3.083920272235924 3.611875422295005 3.218708926474939 3.082045272235925 3.611036795559938 3.215461331210747 3.080170272235925 3.610198168824873 3.212213735946555 3.078295272235925 3.609359542089805 3.208966140682364 3.078295272235926 4.373687499999995 3.208966140682363 3.080170272235926 4.375562499999993 3.212213735946555 3.082045272235926 4.377437499999995 3.215461331210747 3.084044343683763 4.379436571447833 3.218923824526362 3.084423363387852 4.379815591151921 3.219580305910913 3.085795272235926 4.381187499999995 3.221956521739131 3.085795272235924 3.61271404903007 3.221956521739131 3.061420272235926 4.356812499999995 3.212213735946556 3.063295272235926 4.358687499999995 3.208966140682364 3.063295272235925 3.609359542089805 3.208966140682363 3.061420272235924 3.610198168824873 3.212213735946555 3.061296208116862 3.610253658684662 3.212428621304167 3.059545272235924 3.611036795559938 3.215461331210747 3.0592971439978 3.61114777527952 3.215891101925971 3.057670272235925 3.611875422295005 3.218708926474938 3.057546208116862 3.611930912154796 3.218923811832551 3.055795272235925 3.61271404903007 3.22195652173913 3.055795272235926 4.351187499999995 3.221956521739131 3.057670272235926 4.353062499999995 3.218708926474939 3.059545272235926 4.354937499999995 3.215461331210747 3.063295272235922 2.241587499999993 3.995529305309131 3.061420272235922 2.241587499999993 3.991817647820002 3.059545272235922 2.241587499999993 3.988105990330872 3.057670272235923 2.241587499999993 3.984394332841743 3.055795272235922 2.241587499999993 3.980682675352613 3.057516969922702 2.241587499999993 3.977274487558931 3.059545272235922 2.241587499999993 3.973259360374354 3.061420272235922 2.241587499999993 3.969547702885224 3.063295272235923 2.241587499999993 3.965836045396095 3.067045272235922 2.241587499999993 3.965836045396095 3.070795272235922 2.241587499999993 3.965836045396095 3.074545272235922 2.241587499999993 3.965836045396095 3.078295272235923 2.241587499999993 3.965836045396095 3.0803235745466 2.241587499999993 3.96985117257564 3.082351876857278 2.241587499999993 3.973866299755185 3.084073574546601 2.241587499999993 3.977274487553899 3.085795272235922 2.241587499999993 3.980682675352613 3.083920272235922 2.241587499999993 3.984394332841743 3.082045272235922 2.241587499999993 3.988105990330872 3.080170272235922 2.241587499999993 3.991817647820002 3.078295272235922 2.241587499999993 3.995529305309131 3.074545272235922 2.241587499999993 3.995529305309131 3.070795272235922 2.241587499999993 3.995529305309131 3.067045272235922 2.241587499999993 3.995529305309131 3.057670272235923 2.241587499999993 3.984394332841743 3.059545272235922 2.241587499999993 3.988105990330872 3.061420272235922 2.241587499999993 3.991817647820002 3.063295272235922 2.241587499999993 3.995529305309131 3.063295272235924 3.616068555970336 3.234946902795897 3.061305033600605 3.615178386728341 3.231499708360337 3.059314794965285 3.614288217486345 3.228052513924776 3.059228994354544 3.614249841653784 3.227903902907651 3.057555033600605 3.613501133258209 3.225004517831954 3.055795272235925 3.61271404903007 3.22195652173913 3.055795272235922 2.241587499999993 3.980682675352613 3.083920272235924 3.613552675765137 3.225204117003322 3.082045272235925 3.614391302500204 3.228451712267514 3.080170272235925 3.615229929235269 3.231699307531706 3.078295272235925 3.616068555970336 3.234946902795897 3.078295272235922 2.241587499999993 3.995529305309131 3.080170272235922 2.241587499999993 3.991817647820002 3.082045272235922 2.241587499999993 3.988105990330872 3.083920272235922 2.241587499999993 3.984394332841743 3.085795272235922 2.241587499999993 3.980682675352613 3.085795272235924 3.61271404903007 3.221956521739131 3.074545272235924 3.616068555970336 3.234946902795897 3.070795272235925 3.616068555970336 3.234946902795897 3.067045272235924 3.616068555970336 3.234946902795897 3.063295272235924 3.616068555970336 3.234946902795897 3.063295272235922 2.241587499999993 3.995529305309131 3.067045272235922 2.241587499999993 3.995529305309131 3.070795272235922 2.241587499999993 3.995529305309131 3.074545272235922 2.241587499999993 3.995529305309131 3.078295272235922 2.241587499999993 3.995529305309131 3.078295272235925 3.616068555970336 3.234946902795897 3.080170272235925 3.610198168824873 3.212213735946555 3.078295272235925 3.609359542089805 3.208966140682364 3.082045272235925 3.611036795559938 3.215461331210747 3.083920272235924 3.611875422295005 3.218708926474939 3.085795272235924 3.61271404903007 3.221956521739131 3.085795272235922 2.241587499999993 3.980682675352613 3.084073574546601 2.241587499999993 3.977274487553899 3.082351876857278 2.241587499999993 3.973866299755185 3.0803235745466 2.241587499999993 3.96985117257564 3.078295272235923 2.241587499999993 3.965836045396095 3.074545272235922 2.241587499999993 3.965836045396095 3.070795272235922 2.241587499999993 3.965836045396095 3.067045272235922 2.241587499999993 3.965836045396095 3.063295272235923 2.241587499999993 3.965836045396095 3.063295272235925 3.609359542089805 3.208966140682363 3.067045272235925 3.609359542089805 3.208966140682363 3.070795272235925 3.609359542089805 3.208966140682363 3.074545272235924 3.609359542089805 3.208966140682363 3.078295272235925 3.609359542089805 3.208966140682364 3.078295272235923 2.241587499999993 3.965836045396095 3.061420272235922 2.241587499999993 3.969547702885224 3.059545272235922 2.241587499999993 3.973259360374354 3.057516969922702 2.241587499999993 3.977274487558931 3.055795272235922 2.241587499999993 3.980682675352613 3.055795272235925 3.61271404903007 3.22195652173913 3.057546208116862 3.611930912154796 3.218923811832551 3.057670272235925 3.611875422295005 3.218708926474938 3.0592971439978 3.61114777527952 3.215891101925971 3.059545272235924 3.611036795559938 3.215461331210747 3.061296208116862 3.610253658684662 3.212428621304167 3.061420272235924 3.610198168824873 3.212213735946555 3.063295272235925 3.609359542089805 3.208966140682363 3.063295272235923 2.241587499999993 3.965836045396095 0.02909527223591557 0.001587500000000519 0.4930099584395729 0.03097027223591564 0.001587500000000519 0.4967216159287025 0.0328452722359156 0.001587500000000519 0.500433273417832 0.03472027223591522 0.001587500000000519 0.5041449309069617 0.03659527223591563 0.001587500000000519 0.5078565883960916 0.03516417765870205 0.001587500000000519 0.5106895126121803 0.03373308308148892 0.001587500000000519 0.5135224368282691 0.03141417765870202 0.001587500000000519 0.5181128275904394 0.02909527223591557 0.001587500000000519 0.5227032183526096 0.0253452722359152 0.001587500000000519 0.5227032183526096 0.02159527223591561 0.001587500000000519 0.5227032183526096 0.01784527223591514 0.001587500000000519 0.5227032183526097 0.01409527223591566 0.001587500000000519 0.5227032183526097 0.01222027223591559 0.001587500000000519 0.5189915608634801 0.01034527223591563 0.001587500000000519 0.5152799033743508 0.008026366813129182 0.001587500000000519 0.5106895126121804 0.006595272235915605 0.001587500000000519 0.5078565883960917 0.00847027223591612 0.001587500000000519 0.5041449309069621 0.01034527223591563 0.001587500000000519 0.5004332734178326 0.01222027223591559 0.001587500000000519 0.496721615928703 0.01409527223591566 0.001587500000000519 0.4930099584395734 0.01784527223591603 0.001587500000000519 0.4930099584395732 0.02159527223591561 0.001587500000000519 0.4930099584395732 0.0253452722359152 0.001587500000000519 0.4930099584395729 0.02909527223592012 3.302106444029658 2.349077337578507 0.02909527223591557 0.001587500000000519 0.5227032183526096 0.03141417765870202 0.001587500000000519 0.5181128275904394 0.03373308308148892 0.001587500000000519 0.5135224368282691 0.03516417765870205 0.001587500000000519 0.5106895126121803 0.03659527223591563 0.001587500000000519 0.5078565883960916 0.03659527223592062 3.305460950969922 2.33608695652174 0.03534265034354389 3.304900693792388 2.338256561282009 0.03472027223592066 3.304622324234857 2.339334551785932 0.03409002845116715 3.304340436614853 2.340426166042279 0.03284527223592059 3.303783697499791 2.342582147050124 0.03158478466641367 3.303219922259787 2.344765375562817 0.03097027223592063 3.302945070764724 2.345829742314316 0.008026366813129182 0.001587500000000519 0.5106895126121804 0.01034527223591563 0.001587500000000519 0.5152799033743508 0.01222027223591559 0.001587500000000519 0.5189915608634801 0.01409527223591566 0.001587500000000519 0.5227032183526097 0.0140952722359211 3.302106444029658 2.349077337578507 0.01222027223592103 3.302945070764724 2.345829742314315 0.01034527223592107 3.303783697499791 2.342582147050123 0.008470272235921116 3.304622324234857 2.339334551785932 0.006595272235921045 3.305460950969923 2.33608695652174 0.006595272235915605 0.001587500000000519 0.5078565883960917 0.01784527223591514 0.001587500000000519 0.5227032183526097 0.02159527223591561 0.001587500000000519 0.5227032183526096 0.0253452722359152 0.001587500000000519 0.5227032183526096 0.02909527223591557 0.001587500000000519 0.5227032183526096 0.02909527223592012 3.302106444029658 2.349077337578507 0.0253452722359202 3.302106444029658 2.349077337578507 0.02159527223592061 3.302106444029658 2.349077337578507 0.01784527223592058 3.302106444029658 2.349077337578507 0.0140952722359211 3.302106444029658 2.349077337578507 0.01409527223591566 0.001587500000000519 0.5227032183526097 0.01409527223591566 0.001587500000000519 0.4930099584395734 0.01222027223591559 0.001587500000000519 0.496721615928703 0.01034527223591563 0.001587500000000519 0.5004332734178326 0.00847027223591612 0.001587500000000519 0.5041449309069621 0.006595272235915605 0.001587500000000519 0.5078565883960917 0.006595272235921045 3.305460950969923 2.33608695652174 0.008024692907199981 3.306100284511569 2.333611127293696 0.008470272235920672 3.306299577704988 2.332839361257549 0.009454113578478362 3.30673961805322 2.331135298065652 0.01034527223592107 3.307138204440055 2.329591765993357 0.01177469290719945 3.307777537981704 2.327115936765312 0.01222027223592059 3.307976831175121 2.326344170729166 0.01409527223592021 3.308815457910188 2.323096575464974 0.02159527223592061 3.308815457910188 2.323096575464973 0.02534527223592064 3.308815457910188 2.323096575464973 0.02909527223592112 3.308815457910188 2.323096575464973 0.02909527223591557 0.001587500000000519 0.4930099584395729 0.0253452722359152 0.001587500000000519 0.4930099584395729 0.02159527223591561 0.001587500000000519 0.4930099584395732 0.01784527223591603 0.001587500000000519 0.4930099584395732 0.01409527223591566 0.001587500000000519 0.4930099584395734 0.01409527223592021 3.308815457910188 2.323096575464974 0.01784527223592013 3.308815457910188 2.323096575464974 0.03659527223591563 0.001587500000000519 0.5078565883960916 0.03472027223591522 0.001587500000000519 0.5041449309069617 0.0328452722359156 0.001587500000000519 0.500433273417832 0.03097027223591564 0.001587500000000519 0.4967216159287025 0.02909527223591557 0.001587500000000519 0.4930099584395729 0.02909527223592112 3.308815457910188 2.323096575464973 0.03097027223592063 3.307976831175123 2.326344170729164 0.03284527223592104 3.307138204440055 2.329591765993356 0.03408100763773602 3.306585500042493 2.331732122494012 0.03516585156464224 3.306100284511571 2.333611127293696 0.0353381399368281 3.306023225506207 2.333909539507876 0.03659527223592062 3.305460950969922 2.33608695652174 0.02909527223592245 4.358687500000004 2.349077337578507 0.02909527223592012 3.302106444029658 2.349077337578507 0.03097027223592063 3.302945070764724 2.345829742314316 0.03158478466641367 3.303219922259787 2.344765375562817 0.03284527223592059 3.303783697499791 2.342582147050124 0.03409002845116715 3.304340436614853 2.340426166042279 0.03472027223592066 3.304622324234857 2.339334551785932 0.03534265034354389 3.304900693792388 2.338256561282009 0.03659527223592062 3.305460950969922 2.33608695652174 0.0365952722359224 4.351187500000004 2.33608695652174 0.03472027223592244 4.353062500000006 2.339334551785932 0.03284527223592248 4.354937500000006 2.342582147050123 0.03097027223592241 4.356812500000004 2.345829742314315 0.02159527223592194 4.366187500000004 2.349077337578507 0.01784527223592058 3.302106444029658 2.349077337578507 0.02159527223592061 3.302106444029658 2.349077337578507 0.02534527223592242 4.362437500000006 2.349077337578507 0.02159527223592194 4.366187500000004 2.349077337578507 0.02159527223592061 3.302106444029658 2.349077337578507 0.02159527223592061 3.302106444029658 2.349077337578507 0.0253452722359202 3.302106444029658 2.349077337578507 0.02534527223592242 4.362437500000006 2.349077337578507 0.02534527223592242 4.362437500000006 2.349077337578507 0.02909527223592245 4.358687500000004 2.349077337578507 0.0253452722359202 3.302106444029658 2.349077337578507 0.02909527223592245 4.358687500000004 2.349077337578507 0.0253452722359202 3.302106444029658 2.349077337578507 0.02909527223592012 3.302106444029658 2.349077337578507 0.7217142162655811 4.362437500000003 2.349077337578507 0.02534527223592242 4.362437500000006 2.349077337578507 0.02909527223592245 4.358687500000004 2.349077337578507 0.7217142162655811 4.362437500000003 2.349077337578507 0.02909527223592245 4.358687500000004 2.349077337578507 0.7217142162655809 4.358687500000002 2.349077337578507 0.7217142162655809 4.366187500000003 2.349077337578507 0.7217142162655811 4.362437500000003 2.349077337578507 0.02534527223592242 4.362437500000006 2.349077337578507 0.7217142162655809 4.366187500000003 2.349077337578507 0.02159527223592194 4.366187500000004 2.349077337578507 0.7217142162655809 4.369937500000002 2.349077337578507 0.02534527223592242 4.362437500000006 2.349077337578507 0.02159527223592194 4.366187500000004 2.349077337578507 0.7217142162655809 4.366187500000003 2.349077337578507 0.7217142162655809 4.369937500000002 2.349077337578507 0.02159527223592194 4.366187500000004 2.349077337578507 0.01784527223592202 4.369937500000006 2.349077337578507 0.01784527223592202 4.369937500000006 2.349077337578507 0.7217142162655809 4.369937500000002 2.349077337578507 0.7217142162655809 4.373687500000002 2.349077337578507 0.01409527223592155 4.373687500000006 2.349077337578507 0.7217142162655809 4.373687500000002 2.349077337578507 0.01784527223592202 4.369937500000006 2.349077337578507 0.01784527223592202 4.369937500000006 2.349077337578507 0.0140952722359211 3.302106444029658 2.349077337578507 0.01409527223592155 4.373687500000006 2.349077337578507 0.01784527223592058 3.302106444029658 2.349077337578507 0.0140952722359211 3.302106444029658 2.349077337578507 0.01784527223592202 4.369937500000006 2.349077337578507 0.02159527223592194 4.366187500000004 2.349077337578507 0.01784527223592058 3.302106444029658 2.349077337578507 0.01784527223592202 4.369937500000006 2.349077337578507 0.008470272235921116 3.304622324234857 2.339334551785932 0.01034527223592107 3.303783697499791 2.342582147050123 0.01222027223592103 3.302945070764724 2.345829742314315 0.0140952722359211 3.302106444029658 2.349077337578507 0.01409527223592155 4.373687500000006 2.349077337578507 0.01222027223592148 4.375562500000004 2.345829742314315 0.01034527223592196 4.377437500000004 2.342582147050123 0.009100510647439441 4.378682261588487 2.34042615673556 0.008477489500660739 4.379305282735266 2.33934705245515 0.007847891441680965 4.379934880794245 2.33825655662865 0.006595272235922933 4.381187500000004 2.33608695652174 0.006595272235921045 3.305460950969923 2.33608695652174 0.008024692907199981 3.306100284511569 2.333611127293696 0.006595272235921045 3.305460950969923 2.33608695652174 0.006595272235922933 4.381187500000004 2.33608695652174 0.007852401822082799 4.379930370413844 2.333909544206813 0.008467396591989584 4.379315375643938 2.332844342018943 0.00910953140824211 4.378673240827684 2.331732131891886 0.01034527223592196 4.377437500000004 2.329591765993357 0.01222027223592203 4.375562500000004 2.326344170729166 0.01409527223592155 4.373687500000006 2.323096575464974 0.01409527223592021 3.308815457910188 2.323096575464974 0.01222027223592059 3.307976831175121 2.326344170729166 0.01177469290719945 3.307777537981704 2.327115936765312 0.01034527223592107 3.307138204440055 2.329591765993357 0.009454113578478362 3.30673961805322 2.331135298065652 0.008470272235920672 3.306299577704988 2.332839361257549 0.0353381399368281 3.306023225506207 2.333909539507876 0.03659527223592062 3.305460950969922 2.33608695652174 0.03516585156464224 3.306100284511571 2.333611127293696 0.03408100763773602 3.306585500042493 2.331732122494012 0.03284527223592104 3.307138204440055 2.329591765993356 0.03097027223592063 3.307976831175123 2.326344170729164 0.02909527223592112 3.308815457910188 2.323096575464973 0.02909527223592156 4.358687500000006 2.323096575464973 0.03097027223592152 4.356812500000004 2.326344170729165 0.03284527223592248 4.354937500000006 2.329591765993356 0.03472027223592244 4.353062500000004 2.332839361257548 0.0365952722359224 4.351187500000004 2.33608695652174 0.02159527223592061 3.308815457910188 2.323096575464973 0.02534527223592064 3.308815457910188 2.323096575464973 0.02534527223592109 4.362437500000006 2.323096575464974 0.02534527223592109 4.362437500000006 2.323096575464974 0.02159527223592061 3.308815457910188 2.323096575464973 0.0215952722359215 4.366187500000004 2.323096575464974 0.0215952722359215 4.366187500000004 2.323096575464974 0.02159527223592061 3.308815457910188 2.323096575464973 0.01784527223592013 3.308815457910188 2.323096575464974 0.01784527223592202 4.369937500000006 2.323096575464974 0.0215952722359215 4.366187500000004 2.323096575464974 0.01784527223592013 3.308815457910188 2.323096575464974 0.01784527223592202 4.369937500000006 2.323096575464974 0.01784527223592013 3.308815457910188 2.323096575464974 0.01409527223592021 3.308815457910188 2.323096575464974 0.01784527223592202 4.369937500000006 2.323096575464974 0.01409527223592155 4.373687500000006 2.323096575464974 0.01409527223592021 3.308815457910188 2.323096575464974 0.7284232301461119 4.373687500000002 2.323096575464974 0.01784527223592202 4.369937500000006 2.323096575464974 0.01409527223592155 4.373687500000006 2.323096575464974 0.7284232301461119 4.369937500000004 2.323096575464974 0.7284232301461119 4.373687500000002 2.323096575464974 0.01784527223592202 4.369937500000006 2.323096575464974 0.01784527223592202 4.369937500000006 2.323096575464974 0.0215952722359215 4.366187500000004 2.323096575464974 0.7284232301461119 4.369937500000004 2.323096575464974 0.7284232301461119 4.369937500000004 2.323096575464974 0.0215952722359215 4.366187500000004 2.323096575464974 0.7284232301461125 4.366187500000003 2.323096575464974 0.0215952722359215 4.366187500000004 2.323096575464974 0.02534527223592109 4.362437500000006 2.323096575464974 0.7284232301461125 4.366187500000003 2.323096575464974 0.7284232301461125 4.362437500000004 2.323096575464974 0.7284232301461125 4.366187500000003 2.323096575464974 0.02534527223592109 4.362437500000006 2.323096575464974 0.02534527223592109 4.362437500000006 2.323096575464974 0.02909527223592156 4.358687500000006 2.323096575464973 0.7284232301461125 4.362437500000004 2.323096575464974 0.7284232301461125 4.362437500000004 2.323096575464974 0.02909527223592156 4.358687500000006 2.323096575464973 0.7284232301461125 4.358687500000004 2.323096575464973 0.02909527223592112 3.308815457910188 2.323096575464973 0.02534527223592064 3.308815457910188 2.323096575464973 0.02909527223592156 4.358687500000006 2.323096575464973 0.02534527223592109 4.362437500000006 2.323096575464974 0.02909527223592156 4.358687500000006 2.323096575464973 0.02534527223592064 3.308815457910188 2.323096575464973 0.7225496108751451 4.356819726379825 2.345842258771321 0.7217142162655809 4.358687500000002 2.349077337578507 0.02909527223592245 4.358687500000004 2.349077337578507 0.03097027223592241 4.356812500000004 2.345829742314315 0.03284527223592248 4.354937500000006 2.342582147050123 0.03472027223592244 4.353062500000006 2.339334551785932 0.0365952722359224 4.351187500000004 2.33608695652174 0.7250687232058464 4.351187500000002 2.33608695652174 0.72430082689399 4.352904361059311 2.339060647106 0.7242268643452782 4.353069726379823 2.339347068242938 0.723532930582133 4.354621222118622 2.342034337690261 0.7233850054847094 4.354951952759646 2.342607179964137 0.7226235734238571 4.356654361059312 2.345555837634383 0.7225528430006474 4.375562500000002 2.345829742314315 0.7217142162655809 4.373687500000002 2.349077337578507 0.7233914697357138 4.377437500000002 2.342582147050123 0.7242300964707806 4.379312500000002 2.339334551785932 0.7243008268939902 4.379470638940693 2.339060647106 0.7250687232058466 4.381187500000002 2.33608695652174 0.006595272235922933 4.381187500000004 2.33608695652174 0.007847891441680965 4.379934880794245 2.33825655662865 0.008477489500660739 4.379305282735266 2.33934705245515 0.009100510647439441 4.378682261588487 2.34042615673556 0.01034527223592196 4.377437500000004 2.342582147050123 0.01222027223592148 4.375562500000004 2.345829742314315 0.01409527223592155 4.373687500000006 2.349077337578507 0.7259073499409133 4.379312500000002 2.332839361257549 0.7267459766759793 4.377437500000002 2.329591765993357 0.7275846034110454 4.375562500000002 2.326344170729166 0.7284232301461119 4.373687500000002 2.323096575464974 0.01409527223592155 4.373687500000006 2.323096575464974 0.01222027223592203 4.375562500000004 2.326344170729166 0.01034527223592196 4.377437500000004 2.329591765993357 0.00910953140824211 4.378673240827684 2.331732131891886 0.008467396591989584 4.379315375643938 2.332844342018943 0.007852401822082799 4.379930370413844 2.333909544206813 0.006595272235922933 4.381187500000004 2.33608695652174 0.7250687232058466 4.381187500000002 2.33608695652174 0.7275833212357747 4.356809633315061 2.326349135973134 0.7284232301461125 4.358687500000004 2.323096575464973 0.7267434123254372 4.354931766630119 2.329601696481295 0.7259060677656419 4.353059633315061 2.332844326501517 0.7250687232058464 4.351187500000002 2.33608695652174 0.0365952722359224 4.351187500000004 2.33608695652174 0.03472027223592244 4.353062500000004 2.332839361257548 0.03284527223592248 4.354937500000006 2.329591765993356 0.03097027223592152 4.356812500000004 2.326344170729165 0.02909527223592156 4.358687500000006 2.323096575464973 2.098846302859902 4.353920584998133 3.101690363817305 2.098391469735714 4.354937499999999 3.103451712267514 2.097780259562742 4.356304042499066 3.105818633306602 2.097552843000647 4.356812499999999 3.106699307531706 2.096714216265581 4.358687499999999 3.109946902795897 0.7217142162655809 4.358687500000002 2.349077337578507 0.7225496108751451 4.356819726379825 2.345842258771321 0.7226235734238571 4.356654361059312 2.345555837634383 0.7233850054847094 4.354951952759646 2.342607179964137 0.723532930582133 4.354621222118622 2.342034337690261 0.7242268643452782 4.353069726379823 2.339347068242938 0.72430082689399 4.352904361059311 2.339060647106 0.7250687232058464 4.351187500000002 2.33608695652174 2.100068723205847 4.351187499999999 3.096956521739131 2.099457513032874 4.352554042499066 3.099323442778218 2.09923009647078 4.353062499999999 3.100204117003323 0.7242300964707806 4.379312500000002 2.339334551785932 0.7233914697357138 4.377437500000002 2.342582147050123 0.7225528430006474 4.375562500000002 2.345829742314315 0.7217142162655809 4.373687500000002 2.349077337578507 2.096714216265581 4.373687499999999 3.109946902795897 2.097552843000648 4.375562499999999 3.106699307531706 2.098391469735714 4.377437499999999 3.103451712267514 2.099230096470781 4.379312499999999 3.100204117003323 2.100068723205847 4.381187499999999 3.096956521739131 0.7250687232058466 4.381187500000002 2.33608695652174 0.7243008268939902 4.379470638940693 2.339060647106 0.7217142162655809 4.369937500000002 2.349077337578507 0.7217142162655809 4.366187500000003 2.349077337578507 0.7217142162655811 4.362437500000003 2.349077337578507 0.7217142162655809 4.358687500000002 2.349077337578507 2.096714216265581 4.358687499999999 3.109946902795897 2.096714216265581 4.362437499999997 3.109946902795897 2.096714216265581 4.366187499999998 3.109946902795897 2.096714216265581 4.369937499999998 3.109946902795897 2.096714216265581 4.373687499999999 3.109946902795897 0.7217142162655809 4.373687500000002 2.349077337578507 0.7275846034110454 4.375562500000002 2.326344170729166 0.7267459766759793 4.377437500000002 2.329591765993357 0.7259073499409133 4.379312500000002 2.332839361257549 0.7250687232058466 4.381187500000002 2.33608695652174 2.100068723205847 4.381187499999999 3.096956521739131 2.100836619517703 4.379470638940688 3.093982831154869 2.100907349940913 4.379312499999999 3.09370892647494 2.10160451582956 4.377753777881379 3.091009140570608 2.101745976675979 4.377437499999999 3.090461331210748 2.102513872987836 4.375720638940689 3.087487640626487 2.102584603411046 4.375562499999999 3.087213735946557 2.103423230146112 4.373687499999999 3.083966140682365 0.7284232301461119 4.373687500000002 2.323096575464974 2.103423230146113 4.366187499999998 3.083966140682365 2.103423230146113 4.362437499999999 3.083966140682364 2.103423230146113 4.358687499999999 3.083966140682364 0.7284232301461125 4.358687500000004 2.323096575464973 0.7284232301461125 4.362437500000004 2.323096575464974 0.7284232301461125 4.366187500000003 2.323096575464974 0.7284232301461119 4.369937500000004 2.323096575464974 0.7284232301461119 4.373687500000002 2.323096575464974 2.103423230146112 4.373687499999999 3.083966140682365 2.103423230146113 4.369937499999997 3.083966140682365 2.10174597667598 4.354937499999999 3.090461331210748 2.100836619517703 4.352904361059308 3.09398283115487 2.100682335149978 4.352559412374287 3.094580299803331 2.100068723205847 4.351187499999999 3.096956521739131 0.7250687232058464 4.351187500000002 2.33608695652174 0.7259060677656419 4.353059633315061 2.332844326501517 0.7267434123254372 4.354931766630119 2.329601696481295 0.7275833212357747 4.356809633315061 2.326349135973134 0.7284232301461125 4.358687500000004 2.323096575464973 2.103423230146113 4.358687499999999 3.083966140682364 2.102584603411046 4.356812499999999 3.087213735946556 3.063295272235925 4.358687499999995 3.109946902795897 2.096714216265581 4.358687499999999 3.109946902795897 2.097552843000647 4.356812499999999 3.106699307531706 2.097780259562742 4.356304042499066 3.105818633306602 2.098391469735714 4.354937499999999 3.103451712267514 2.098846302859902 4.353920584998133 3.101690363817305 2.09923009647078 4.353062499999999 3.100204117003323 2.099457513032874 4.352554042499066 3.099323442778218 2.100068723205847 4.351187499999999 3.096956521739131 3.055795272235926 4.351187499999995 3.096956521739131 3.057670272235926 4.353062499999995 3.100204117003323 3.059545272235926 4.354937499999995 3.103451712267514 3.061420272235925 4.356812499999995 3.106699307531707 3.070795272235926 4.366187499999993 3.109946902795897 2.096714216265581 4.369937499999998 3.109946902795897 2.096714216265581 4.366187499999998 3.109946902795897 3.067045272235926 4.362437499999995 3.109946902795898 3.070795272235926 4.366187499999993 3.109946902795897 2.096714216265581 4.366187499999998 3.109946902795897 2.096714216265581 4.366187499999998 3.109946902795897 2.096714216265581 4.362437499999997 3.109946902795897 3.067045272235926 4.362437499999995 3.109946902795898 3.067045272235926 4.362437499999995 3.109946902795898 3.063295272235925 4.358687499999995 3.109946902795897 2.096714216265581 4.362437499999997 3.109946902795897 3.063295272235925 4.358687499999995 3.109946902795897 2.096714216265581 4.362437499999997 3.109946902795897 2.096714216265581 4.358687499999999 3.109946902795897 3.067045272235924 3.616068555970336 3.109946902795897 3.067045272235926 4.362437499999995 3.109946902795898 3.063295272235925 4.358687499999995 3.109946902795897 3.067045272235924 3.616068555970336 3.109946902795897 3.063295272235925 4.358687499999995 3.109946902795897 3.063295272235924 3.616068555970336 3.109946902795897 3.070795272235925 3.616068555970336 3.109946902795897 3.067045272235924 3.616068555970336 3.109946902795897 3.067045272235926 4.362437499999995 3.109946902795898 3.070795272235925 3.616068555970336 3.109946902795897 3.070795272235926 4.366187499999993 3.109946902795897 3.074545272235924 3.616068555970336 3.109946902795897 3.067045272235926 4.362437499999995 3.109946902795898 3.070795272235926 4.366187499999993 3.109946902795897 3.070795272235925 3.616068555970336 3.109946902795897 3.074545272235924 3.616068555970336 3.109946902795897 3.070795272235926 4.366187499999993 3.109946902795897 3.074545272235925 4.369937499999995 3.109946902795897 3.074545272235925 4.369937499999995 3.109946902795897 3.074545272235924 3.616068555970336 3.109946902795897 3.078295272235925 3.616068555970336 3.109946902795897 3.078295272235926 4.373687499999995 3.109946902795898 3.078295272235925 3.616068555970336 3.109946902795897 3.074545272235925 4.369937499999995 3.109946902795897 3.074545272235925 4.369937499999995 3.109946902795897 2.096714216265581 4.373687499999999 3.109946902795897 3.078295272235926 4.373687499999995 3.109946902795898 2.096714216265581 4.369937499999998 3.109946902795897 2.096714216265581 4.373687499999999 3.109946902795897 3.074545272235925 4.369937499999995 3.109946902795897 3.070795272235926 4.366187499999993 3.109946902795897 2.096714216265581 4.369937499999998 3.109946902795897 3.074545272235925 4.369937499999995 3.109946902795897 2.100068723205847 4.381187499999999 3.096956521739131 2.099230096470781 4.379312499999999 3.100204117003323 2.098391469735714 4.377437499999999 3.103451712267514 2.097552843000648 4.375562499999999 3.106699307531706 2.096714216265581 4.373687499999999 3.109946902795897 3.078295272235926 4.373687499999995 3.109946902795898 3.080170272235926 4.375562499999995 3.106699307531707 3.082045272235926 4.377437499999995 3.103451712267515 3.084035518320398 4.379427746084466 3.100004504929644 3.084428733225169 4.379820960989238 3.099323436736287 3.085795272235926 4.381187499999995 3.096956521739131 3.084423363387852 4.379815591151921 3.094580305910914 3.085795272235926 4.381187499999995 3.096956521739131 3.084044343683763 4.379436571447833 3.093923824526363 3.082045272235926 4.377437499999995 3.090461331210748 3.080170272235926 4.375562499999993 3.087213735946556 3.078295272235926 4.373687499999995 3.083966140682364 2.103423230146112 4.373687499999999 3.083966140682365 2.102584603411046 4.375562499999999 3.087213735946557 2.102513872987836 4.375720638940689 3.087487640626487 2.101745976675979 4.377437499999999 3.090461331210748 2.10160451582956 4.377753777881379 3.091009140570608 2.100907349940913 4.379312499999999 3.09370892647494 2.100836619517703 4.379470638940688 3.093982831154869 2.100068723205847 4.381187499999999 3.096956521739131 3.059545272235926 4.354937499999995 3.090461331210748 3.057670272235926 4.353062499999995 3.09370892647494 3.055795272235926 4.351187499999995 3.096956521739131 2.100068723205847 4.351187499999999 3.096956521739131 2.100682335149978 4.352559412374287 3.094580299803331 2.100836619517703 4.352904361059308 3.09398283115487 2.10174597667598 4.354937499999999 3.090461331210748 2.102584603411046 4.356812499999999 3.087213735946556 2.103423230146113 4.358687499999999 3.083966140682364 3.063295272235926 4.358687499999995 3.083966140682365 3.061420272235926 4.356812499999993 3.087213735946556 2.103423230146113 4.366187499999998 3.083966140682365 2.103423230146113 4.362437499999999 3.083966140682364 3.067045272235926 4.362437499999995 3.083966140682365 3.067045272235926 4.362437499999995 3.083966140682365 2.103423230146113 4.366187499999998 3.083966140682365 3.070795272235926 4.366187499999993 3.083966140682365 3.070795272235926 4.366187499999993 3.083966140682365 2.103423230146113 4.366187499999998 3.083966140682365 2.103423230146113 4.369937499999997 3.083966140682365 3.074545272235926 4.369937499999995 3.083966140682364 3.070795272235926 4.366187499999993 3.083966140682365 2.103423230146113 4.369937499999997 3.083966140682365 3.074545272235926 4.369937499999995 3.083966140682364 2.103423230146113 4.369937499999997 3.083966140682365 2.103423230146112 4.373687499999999 3.083966140682365 3.074545272235926 4.369937499999995 3.083966140682364 3.078295272235926 4.373687499999995 3.083966140682364 2.103423230146112 4.373687499999999 3.083966140682365 3.078295272235925 3.609359542089805 3.083966140682365 3.074545272235926 4.369937499999995 3.083966140682364 3.078295272235926 4.373687499999995 3.083966140682364 3.074545272235924 3.609359542089805 3.083966140682365 3.078295272235925 3.609359542089805 3.083966140682365 3.074545272235926 4.369937499999995 3.083966140682364 3.074545272235926 4.369937499999995 3.083966140682364 3.070795272235926 4.366187499999993 3.083966140682365 3.074545272235924 3.609359542089805 3.083966140682365 3.074545272235924 3.609359542089805 3.083966140682365 3.070795272235926 4.366187499999993 3.083966140682365 3.070795272235925 3.609359542089805 3.083966140682365 3.070795272235926 4.366187499999993 3.083966140682365 3.067045272235926 4.362437499999995 3.083966140682365 3.070795272235925 3.609359542089805 3.083966140682365 3.067045272235925 3.609359542089805 3.083966140682365 3.070795272235925 3.609359542089805 3.083966140682365 3.067045272235926 4.362437499999995 3.083966140682365 3.067045272235926 4.362437499999995 3.083966140682365 3.063295272235926 4.358687499999995 3.083966140682365 3.067045272235925 3.609359542089805 3.083966140682365 3.067045272235925 3.609359542089805 3.083966140682365 3.063295272235926 4.358687499999995 3.083966140682365 3.063295272235925 3.609359542089805 3.083966140682365 2.103423230146113 4.358687499999999 3.083966140682364 2.103423230146113 4.362437499999999 3.083966140682364 3.063295272235926 4.358687499999995 3.083966140682365 3.067045272235926 4.362437499999995 3.083966140682365 3.063295272235926 4.358687499999995 3.083966140682365 2.103423230146113 4.362437499999999 3.083966140682364 3.061420272235925 4.356812499999995 3.106699307531707 3.059545272235926 4.354937499999995 3.103451712267514 3.057670272235926 4.353062499999995 3.100204117003323 3.055795272235926 4.351187499999995 3.096956521739131 3.055795272235925 3.612714049030072 3.096956521739131 3.057555033600605 3.613501133258209 3.100004517831955 3.059228994354544 3.614249841653786 3.102903902907652 3.059314794965285 3.614288217486348 3.103052513924778 3.061305033600605 3.615178386728341 3.106499708360338 3.063295272235924 3.616068555970336 3.109946902795897 3.063295272235925 4.358687499999995 3.109946902795897 3.080170272235925 3.615229929235271 3.106699307531707 3.078295272235925 3.616068555970336 3.109946902795897 3.082045272235925 3.614391302500204 3.103451712267514 3.083920272235924 3.613552675765139 3.100204117003323 3.085795272235924 3.612714049030072 3.096956521739131 3.085795272235926 4.381187499999995 3.096956521739131 3.084428733225169 4.379820960989238 3.099323436736287 3.084035518320398 4.379427746084466 3.100004504929644 3.082045272235926 4.377437499999995 3.103451712267515 3.080170272235926 4.375562499999995 3.106699307531707 3.078295272235926 4.373687499999995 3.109946902795898 3.083920272235924 3.611875422295005 3.09370892647494 3.082045272235925 3.61103679555994 3.090461331210748 3.080170272235925 3.610198168824873 3.087213735946557 3.078295272235925 3.609359542089805 3.083966140682365 3.078295272235926 4.373687499999995 3.083966140682364 3.080170272235926 4.375562499999993 3.087213735946556 3.082045272235926 4.377437499999995 3.090461331210748 3.084044343683763 4.379436571447833 3.093923824526363 3.084423363387852 4.379815591151921 3.094580305910914 3.085795272235926 4.381187499999995 3.096956521739131 3.085795272235924 3.612714049030072 3.096956521739131 3.061420272235926 4.356812499999993 3.087213735946556 3.063295272235926 4.358687499999995 3.083966140682365 3.063295272235925 3.609359542089805 3.083966140682365 3.061420272235924 3.610198168824873 3.087213735946557 3.061296208116862 3.610253658684664 3.087428621304168 3.059545272235924 3.61103679555994 3.090461331210748 3.0592971439978 3.611147775279522 3.090891101925972 3.057670272235925 3.611875422295005 3.09370892647494 3.057546208116862 3.611930912154796 3.093923811832552 3.055795272235925 3.612714049030072 3.096956521739131 3.055795272235926 4.351187499999995 3.096956521739131 3.057670272235926 4.353062499999995 3.09370892647494 3.059545272235926 4.354937499999995 3.090461331210748 3.063295272235922 2.241587499999993 3.870529305309133 3.061420272235922 2.241587499999993 3.866817647820004 3.059545272235922 2.241587499999993 3.863105990330874 3.057670272235923 2.241587499999993 3.859394332841744 3.055795272235922 2.241587499999993 3.855682675352615 3.057516969922688 2.241587499999993 3.852274487558961 3.059545272235922 2.241587499999993 3.848259360374356 3.061420272235922 2.241587499999993 3.844547702885226 3.063295272235923 2.241587499999993 3.840836045396097 3.067045272235922 2.241587499999993 3.840836045396097 3.070795272235922 2.241587499999993 3.840836045396097 3.074545272235923 2.241587499999993 3.840836045396097 3.078295272235923 2.241587499999993 3.840836045396097 3.080323574549156 2.241587499999993 3.844851172580701 3.08235187686239 2.241587499999993 3.848866299765306 3.084073574549156 2.241587499999993 3.85227448755896 3.085795272235922 2.241587499999993 3.855682675352615 3.083920272235922 2.241587499999993 3.859394332841744 3.082045272235922 2.241587499999993 3.863105990330874 3.080170272235922 2.241587499999993 3.866817647820004 3.078295272235922 2.241587499999993 3.870529305309133 3.074545272235922 2.241587499999993 3.870529305309133 3.070795272235922 2.241587499999993 3.870529305309133 3.067045272235922 2.241587499999993 3.870529305309132 3.057670272235923 2.241587499999993 3.859394332841744 3.059545272235922 2.241587499999993 3.863105990330874 3.061420272235922 2.241587499999993 3.866817647820004 3.063295272235922 2.241587499999993 3.870529305309133 3.063295272235924 3.616068555970336 3.109946902795897 3.061305033600605 3.615178386728341 3.106499708360338 3.059314794965285 3.614288217486348 3.103052513924778 3.059228994354544 3.614249841653786 3.102903902907652 3.057555033600605 3.613501133258209 3.100004517831955 3.055795272235925 3.612714049030072 3.096956521739131 3.055795272235922 2.241587499999993 3.855682675352615 3.083920272235924 3.613552675765139 3.100204117003323 3.082045272235925 3.614391302500204 3.103451712267514 3.080170272235925 3.615229929235271 3.106699307531707 3.078295272235925 3.616068555970336 3.109946902795897 3.078295272235922 2.241587499999993 3.870529305309133 3.080170272235922 2.241587499999993 3.866817647820004 3.082045272235922 2.241587499999993 3.863105990330874 3.083920272235922 2.241587499999993 3.859394332841744 3.085795272235922 2.241587499999993 3.855682675352615 3.085795272235924 3.612714049030072 3.096956521739131 3.074545272235924 3.616068555970336 3.109946902795897 3.070795272235925 3.616068555970336 3.109946902795897 3.067045272235924 3.616068555970336 3.109946902795897 3.063295272235924 3.616068555970336 3.109946902795897 3.063295272235922 2.241587499999993 3.870529305309133 3.067045272235922 2.241587499999993 3.870529305309132 3.070795272235922 2.241587499999993 3.870529305309133 3.074545272235922 2.241587499999993 3.870529305309133 3.078295272235922 2.241587499999993 3.870529305309133 3.078295272235925 3.616068555970336 3.109946902795897 3.080170272235925 3.610198168824873 3.087213735946557 3.078295272235925 3.609359542089805 3.083966140682365 3.082045272235925 3.61103679555994 3.090461331210748 3.083920272235924 3.611875422295005 3.09370892647494 3.085795272235924 3.612714049030072 3.096956521739131 3.085795272235922 2.241587499999993 3.855682675352615 3.084073574549156 2.241587499999993 3.85227448755896 3.08235187686239 2.241587499999993 3.848866299765306 3.080323574549156 2.241587499999993 3.844851172580701 3.078295272235923 2.241587499999993 3.840836045396097 3.070795272235922 2.241587499999993 3.840836045396097 3.067045272235922 2.241587499999993 3.840836045396097 3.063295272235923 2.241587499999993 3.840836045396097 3.063295272235925 3.609359542089805 3.083966140682365 3.067045272235925 3.609359542089805 3.083966140682365 3.070795272235925 3.609359542089805 3.083966140682365 3.074545272235924 3.609359542089805 3.083966140682365 3.078295272235925 3.609359542089805 3.083966140682365 3.078295272235923 2.241587499999993 3.840836045396097 3.074545272235923 2.241587499999993 3.840836045396097 3.059545272235922 2.241587499999993 3.848259360374356 3.057516969922688 2.241587499999993 3.852274487558961 3.055795272235922 2.241587499999993 3.855682675352615 3.055795272235925 3.612714049030072 3.096956521739131 3.057546208116862 3.611930912154796 3.093923811832552 3.057670272235925 3.611875422295005 3.09370892647494 3.0592971439978 3.611147775279522 3.090891101925972 3.059545272235924 3.61103679555994 3.090461331210748 3.061296208116862 3.610253658684664 3.087428621304168 3.061420272235924 3.610198168824873 3.087213735946557 3.063295272235925 3.609359542089805 3.083966140682365 3.063295272235923 2.241587499999993 3.840836045396097 3.061420272235922 2.241587499999993 3.844547702885226 0.02909527223591557 0.001587500000000519 0.3680099584395729 0.03097027223591564 0.001587500000000519 0.3717216159287026 0.0328452722359156 0.001587500000000519 0.3754332734178322 0.03472027223591522 0.001587500000000519 0.3791449309069617 0.03659527223591563 0.001587500000000519 0.3828565883960914 0.03516417765870205 0.001587500000000519 0.3856895126121803 0.03373308308148847 0.001587500000000519 0.3885224368282692 0.03141417765870202 0.001587500000000519 0.3931128275904396 0.02909527223591557 0.001587500000000519 0.3977032183526097 0.0253452722359152 0.001587500000000519 0.3977032183526097 0.02159527223591561 0.001587500000000519 0.3977032183526099 0.01784527223591603 0.001587500000000519 0.3977032183526099 0.01409527223591566 0.001587500000000519 0.3977032183526097 0.01222027223591559 0.001587500000000519 0.3939915608634804 0.01034527223591563 0.001587500000000519 0.3902799033743508 0.008026366813129182 0.001587500000000519 0.3856895126121805 0.006595272235915605 0.001587500000000519 0.3828565883960917 0.00847027223591612 0.001587500000000519 0.3791449309069621 0.01034527223591563 0.001587500000000519 0.3754332734178325 0.01222027223591604 0.001587500000000519 0.371721615928703 0.01409527223591566 0.001587500000000519 0.3680099584395735 0.01784527223591603 0.001587500000000519 0.3680099584395732 0.02159527223591561 0.001587500000000519 0.3680099584395732 0.0253452722359152 0.001587500000000519 0.3680099584395731 0.02909527223592012 3.302106444029656 2.224077337578506 0.02909527223591557 0.001587500000000519 0.3977032183526097 0.03141417765870202 0.001587500000000519 0.3931128275904396 0.03373308308148847 0.001587500000000519 0.3885224368282692 0.03516417765870205 0.001587500000000519 0.3856895126121803 0.03659527223591563 0.001587500000000519 0.3828565883960914 0.03659527223592062 3.305460950969922 2.211086956521739 0.03534265034354389 3.304900693792387 2.213256561282009 0.03472027223592066 3.304622324234855 2.214334551785931 0.03409002845116715 3.304340436614853 2.215426166042278 0.03284527223592059 3.303783697499788 2.217582147050123 0.03158478466641412 3.303219922259786 2.219765375562817 0.03097027223592063 3.302945070764722 2.220829742314315 0.008026366813129182 0.001587500000000519 0.3856895126121805 0.01034527223591563 0.001587500000000519 0.3902799033743508 0.01222027223591559 0.001587500000000519 0.3939915608634804 0.01409527223591566 0.001587500000000519 0.3977032183526097 0.0140952722359211 3.302106444029657 2.224077337578506 0.01222027223592148 3.302945070764723 2.220829742314314 0.01034527223592107 3.303783697499789 2.217582147050123 0.008470272235921116 3.304622324234855 2.214334551785931 0.006595272235921045 3.305460950969922 2.211086956521739 0.006595272235915605 0.001587500000000519 0.3828565883960917 0.01784527223591603 0.001587500000000519 0.3977032183526099 0.02159527223591561 0.001587500000000519 0.3977032183526099 0.0253452722359152 0.001587500000000519 0.3977032183526097 0.02909527223591557 0.001587500000000519 0.3977032183526097 0.02909527223592012 3.302106444029656 2.224077337578506 0.02534527223592064 3.302106444029656 2.224077337578506 0.02159527223592061 3.302106444029656 2.224077337578506 0.01784527223592058 3.302106444029657 2.224077337578506 0.0140952722359211 3.302106444029657 2.224077337578506 0.01409527223591566 0.001587500000000519 0.3977032183526097 0.01409527223591566 0.001587500000000519 0.3680099584395735 0.01222027223591604 0.001587500000000519 0.371721615928703 0.01034527223591563 0.001587500000000519 0.3754332734178325 0.00847027223591612 0.001587500000000519 0.3791449309069621 0.006595272235915605 0.001587500000000519 0.3828565883960917 0.006595272235921045 3.305460950969922 2.211086956521739 0.008024692907199981 3.30610028451157 2.208611127293696 0.008470272235920672 3.306299577704989 2.207839361257548 0.009454113578478362 3.306739618053218 2.206135298065651 0.01034527223592107 3.307138204440055 2.204591765993356 0.01177469290719945 3.307777537981703 2.202115936765312 0.01222027223592059 3.30797683117512 2.201344170729164 0.01409527223592066 3.308815457910188 2.198096575464973 0.02159527223592061 3.308815457910188 2.198096575464973 0.02534527223592064 3.308815457910188 2.198096575464973 0.02909527223592012 3.308815457910188 2.198096575464973 0.02909527223591557 0.001587500000000519 0.3680099584395729 0.0253452722359152 0.001587500000000519 0.3680099584395731 0.02159527223591561 0.001587500000000519 0.3680099584395732 0.01784527223591603 0.001587500000000519 0.3680099584395732 0.01409527223591566 0.001587500000000519 0.3680099584395735 0.01409527223592066 3.308815457910188 2.198096575464973 0.01784527223592013 3.308815457910188 2.198096575464973 0.03659527223591563 0.001587500000000519 0.3828565883960914 0.03472027223591522 0.001587500000000519 0.3791449309069617 0.0328452722359156 0.001587500000000519 0.3754332734178322 0.03097027223591564 0.001587500000000519 0.3717216159287026 0.02909527223591557 0.001587500000000519 0.3680099584395729 0.02909527223592012 3.308815457910188 2.198096575464973 0.03097027223592063 3.307976831175123 2.201344170729164 0.03284527223592059 3.307138204440055 2.204591765993356 0.03408100763773602 3.306585500042493 2.206732122494012 0.03516585156464224 3.306100284511571 2.208611127293695 0.0353381399368281 3.306023225506207 2.208909539507876 0.03659527223592062 3.305460950969922 2.211086956521739 0.02909527223592245 4.358687500000004 2.224077337578506 0.02909527223592012 3.302106444029656 2.224077337578506 0.03097027223592063 3.302945070764722 2.220829742314315 0.03158478466641412 3.303219922259786 2.219765375562817 0.03284527223592059 3.303783697499788 2.217582147050123 0.03409002845116715 3.304340436614853 2.215426166042278 0.03472027223592066 3.304622324234855 2.214334551785931 0.03534265034354389 3.304900693792387 2.213256561282009 0.03659527223592062 3.305460950969922 2.211086956521739 0.0365952722359224 4.351187500000004 2.211086956521739 0.03472027223592244 4.353062500000006 2.214334551785932 0.03284527223592248 4.354937500000006 2.217582147050123 0.03097027223592241 4.356812500000004 2.220829742314315 0.02159527223592194 4.366187500000004 2.224077337578506 0.01784527223592058 3.302106444029657 2.224077337578506 0.02159527223592061 3.302106444029656 2.224077337578506 0.02534527223592242 4.362437500000006 2.224077337578506 0.02159527223592194 4.366187500000004 2.224077337578506 0.02159527223592061 3.302106444029656 2.224077337578506 0.02159527223592061 3.302106444029656 2.224077337578506 0.02534527223592064 3.302106444029656 2.224077337578506 0.02534527223592242 4.362437500000006 2.224077337578506 0.02534527223592242 4.362437500000006 2.224077337578506 0.02909527223592245 4.358687500000004 2.224077337578506 0.02534527223592064 3.302106444029656 2.224077337578506 0.02909527223592245 4.358687500000004 2.224077337578506 0.02534527223592064 3.302106444029656 2.224077337578506 0.02909527223592012 3.302106444029656 2.224077337578506 0.7217142162655811 4.362437500000003 2.224077337578506 0.02534527223592242 4.362437500000006 2.224077337578506 0.02909527223592245 4.358687500000004 2.224077337578506 0.7217142162655811 4.362437500000003 2.224077337578506 0.02909527223592245 4.358687500000004 2.224077337578506 0.7217142162655811 4.358687500000002 2.224077337578506 0.7217142162655811 4.366187500000003 2.224077337578506 0.7217142162655811 4.362437500000003 2.224077337578506 0.02534527223592242 4.362437500000006 2.224077337578506 0.7217142162655811 4.366187500000003 2.224077337578506 0.02159527223592194 4.366187500000004 2.224077337578506 0.7217142162655814 4.369937500000002 2.224077337578506 0.02534527223592242 4.362437500000006 2.224077337578506 0.02159527223592194 4.366187500000004 2.224077337578506 0.7217142162655811 4.366187500000003 2.224077337578506 0.7217142162655814 4.369937500000002 2.224077337578506 0.02159527223592194 4.366187500000004 2.224077337578506 0.01784527223592202 4.369937500000006 2.224077337578506 0.01784527223592202 4.369937500000006 2.224077337578506 0.7217142162655814 4.369937500000002 2.224077337578506 0.7217142162655814 4.373687500000002 2.224077337578506 0.01409527223592155 4.373687500000006 2.224077337578506 0.7217142162655814 4.373687500000002 2.224077337578506 0.01784527223592202 4.369937500000006 2.224077337578506 0.01784527223592202 4.369937500000006 2.224077337578506 0.0140952722359211 3.302106444029657 2.224077337578506 0.01409527223592155 4.373687500000006 2.224077337578506 0.01784527223592058 3.302106444029657 2.224077337578506 0.0140952722359211 3.302106444029657 2.224077337578506 0.01784527223592202 4.369937500000006 2.224077337578506 0.02159527223592194 4.366187500000004 2.224077337578506 0.01784527223592058 3.302106444029657 2.224077337578506 0.01784527223592202 4.369937500000006 2.224077337578506 0.008470272235921116 3.304622324234855 2.214334551785931 0.01034527223592107 3.303783697499789 2.217582147050123 0.01222027223592148 3.302945070764723 2.220829742314314 0.0140952722359211 3.302106444029657 2.224077337578506 0.01409527223592155 4.373687500000006 2.224077337578506 0.01222027223592148 4.375562500000006 2.220829742314315 0.01034527223592196 4.377437500000004 2.217582147050123 0.009100510647439441 4.378682261588487 2.21542615673556 0.008477489500660739 4.379305282735266 2.21434705245515 0.007847891441680965 4.379934880794245 2.213256556628651 0.006595272235922933 4.381187500000004 2.21108695652174 0.006595272235921045 3.305460950969922 2.211086956521739 0.008024692907199981 3.30610028451157 2.208611127293696 0.006595272235921045 3.305460950969922 2.211086956521739 0.006595272235922933 4.381187500000004 2.21108695652174 0.00785240181927016 4.379930370416657 2.208909544211684 0.008467396581721908 4.379315375654204 2.207844342036728 0.009109531402617387 4.37867324083331 2.206732131901629 0.01034527223592196 4.377437500000004 2.204591765993356 0.01222027223592203 4.375562500000004 2.201344170729165 0.01409527223592155 4.373687500000006 2.198096575464974 0.01409527223592066 3.308815457910188 2.198096575464973 0.01222027223592059 3.30797683117512 2.201344170729164 0.01177469290719945 3.307777537981703 2.202115936765312 0.01034527223592107 3.307138204440055 2.204591765993356 0.009454113578478362 3.306739618053218 2.206135298065651 0.008470272235920672 3.306299577704989 2.207839361257548 0.03408100763773602 3.306585500042493 2.206732122494012 0.03284527223592059 3.307138204440055 2.204591765993356 0.03097027223592063 3.307976831175123 2.201344170729164 0.02909527223592012 3.308815457910188 2.198096575464973 0.02909527223592156 4.358687500000006 2.198096575464973 0.03097027223592152 4.356812500000004 2.201344170729164 0.03284527223592248 4.354937500000006 2.204591765993356 0.034720272235922 4.353062500000004 2.207839361257548 0.0365952722359224 4.351187500000004 2.211086956521739 0.03659527223592062 3.305460950969922 2.211086956521739 0.0353381399368281 3.306023225506207 2.208909539507876 0.03516585156464224 3.306100284511571 2.208611127293695 0.02159527223592061 3.308815457910188 2.198096575464973 0.02534527223592064 3.308815457910188 2.198096575464973 0.02534527223592197 4.362437500000006 2.198096575464973 0.02534527223592197 4.362437500000006 2.198096575464973 0.02159527223592061 3.308815457910188 2.198096575464973 0.0215952722359215 4.366187500000004 2.198096575464973 0.0215952722359215 4.366187500000004 2.198096575464973 0.02159527223592061 3.308815457910188 2.198096575464973 0.01784527223592013 3.308815457910188 2.198096575464973 0.01784527223592158 4.369937500000006 2.198096575464973 0.0215952722359215 4.366187500000004 2.198096575464973 0.01784527223592013 3.308815457910188 2.198096575464973 0.01784527223592158 4.369937500000006 2.198096575464973 0.01784527223592013 3.308815457910188 2.198096575464973 0.01409527223592066 3.308815457910188 2.198096575464973 0.01784527223592158 4.369937500000006 2.198096575464973 0.01409527223592155 4.373687500000006 2.198096575464974 0.01409527223592066 3.308815457910188 2.198096575464973 0.7284232301461127 4.373687500000002 2.198096575464973 0.01784527223592158 4.369937500000006 2.198096575464973 0.01409527223592155 4.373687500000006 2.198096575464974 0.7284232301461127 4.369937500000002 2.198096575464973 0.7284232301461127 4.373687500000002 2.198096575464973 0.01784527223592158 4.369937500000006 2.198096575464973 0.7284232301461127 4.369937500000002 2.198096575464973 0.0215952722359215 4.366187500000004 2.198096575464973 0.7284232301461127 4.366187500000003 2.198096575464973 0.01784527223592158 4.369937500000006 2.198096575464973 0.0215952722359215 4.366187500000004 2.198096575464973 0.7284232301461127 4.369937500000002 2.198096575464973 0.0215952722359215 4.366187500000004 2.198096575464973 0.02534527223592197 4.362437500000006 2.198096575464973 0.7284232301461127 4.366187500000003 2.198096575464973 0.7284232301461127 4.362437500000004 2.198096575464973 0.7284232301461127 4.366187500000003 2.198096575464973 0.02534527223592197 4.362437500000006 2.198096575464973 0.02534527223592197 4.362437500000006 2.198096575464973 0.02909527223592156 4.358687500000006 2.198096575464973 0.7284232301461127 4.362437500000004 2.198096575464973 0.7284232301461127 4.362437500000004 2.198096575464973 0.02909527223592156 4.358687500000006 2.198096575464973 0.7284232301461127 4.358687500000004 2.198096575464973 0.02909527223592012 3.308815457910188 2.198096575464973 0.02534527223592064 3.308815457910188 2.198096575464973 0.02909527223592156 4.358687500000006 2.198096575464973 0.02534527223592197 4.362437500000006 2.198096575464973 0.02909527223592156 4.358687500000006 2.198096575464973 0.02534527223592064 3.308815457910188 2.198096575464973 0.7225496108751453 4.356819726379823 2.220842258771321 0.7217142162655811 4.358687500000002 2.224077337578506 0.02909527223592245 4.358687500000004 2.224077337578506 0.03097027223592241 4.356812500000004 2.220829742314315 0.03284527223592248 4.354937500000006 2.217582147050123 0.03472027223592244 4.353062500000006 2.214334551785932 0.0365952722359224 4.351187500000004 2.211086956521739 0.7250687232058466 4.351187500000002 2.211086956521739 0.7243008268939902 4.352904361059311 2.214060647106 0.724226864345278 4.353069726379825 2.214347068242938 0.723532930582133 4.354621222118622 2.21703433769026 0.7233850054847098 4.354951952759646 2.217607179964135 0.7226235734238576 4.356654361059312 2.220555837634382 0.7225528430006479 4.375562500000002 2.220829742314315 0.7217142162655814 4.373687500000002 2.224077337578506 0.7233914697357143 4.377437500000002 2.217582147050123 0.7242300964707806 4.379312500000002 2.214334551785932 0.7243008268939904 4.379470638940693 2.214060647105999 0.7250687232058466 4.381187500000002 2.21108695652174 0.006595272235922933 4.381187500000004 2.21108695652174 0.007847891441680965 4.379934880794245 2.213256556628651 0.008477489500660739 4.379305282735266 2.21434705245515 0.009100510647439441 4.378682261588487 2.21542615673556 0.01034527223592196 4.377437500000004 2.217582147050123 0.01222027223592148 4.375562500000006 2.220829742314315 0.01409527223592155 4.373687500000006 2.224077337578506 0.7259073499409133 4.379312500000002 2.207839361257548 0.7267459766759798 4.377437500000002 2.204591765993356 0.7275846034110461 4.375562500000002 2.201344170729165 0.7284232301461127 4.373687500000002 2.198096575464973 0.01409527223592155 4.373687500000006 2.198096575464974 0.01222027223592203 4.375562500000004 2.201344170729165 0.01034527223592196 4.377437500000004 2.204591765993356 0.009109531402617387 4.37867324083331 2.206732131901629 0.008467396581721908 4.379315375654204 2.207844342036728 0.00785240181927016 4.379930370416657 2.208909544211684 0.006595272235922933 4.381187500000004 2.21108695652174 0.7250687232058466 4.381187500000002 2.21108695652174 0.03284527223592248 4.354937500000006 2.204591765993356 0.03097027223592152 4.356812500000004 2.201344170729164 0.02909527223592156 4.358687500000006 2.198096575464973 0.7284232301461127 4.358687500000004 2.198096575464973 0.727583321235759 4.356809633315025 2.201349135973195 0.7267434123254056 4.354931766630049 2.204601696481417 0.7259060677656263 4.353059633315025 2.207844326501578 0.7250687232058466 4.351187500000002 2.211086956521739 0.0365952722359224 4.351187500000004 2.211086956521739 0.034720272235922 4.353062500000004 2.207839361257548 2.098846302859902 4.353920584998134 2.976690363817304 2.098391469735714 4.354937499999999 2.978451712267514 2.097780259562742 4.356304042499067 2.980818633306601 2.097552843000648 4.356812499999999 2.981699307531705 2.096714216265581 4.358687499999999 2.984946902795897 0.7217142162655811 4.358687500000002 2.224077337578506 0.7225496108751453 4.356819726379823 2.220842258771321 0.7226235734238576 4.356654361059312 2.220555837634382 0.7233850054847098 4.354951952759646 2.217607179964135 0.723532930582133 4.354621222118622 2.21703433769026 0.724226864345278 4.353069726379825 2.214347068242938 0.7243008268939902 4.352904361059311 2.214060647106 0.7250687232058466 4.351187500000002 2.211086956521739 2.100068723205847 4.351187499999999 2.971956521739131 2.099457513032875 4.352554042499066 2.974323442778218 2.099230096470781 4.353062499999999 2.975204117003322 0.7242300964707806 4.379312500000002 2.214334551785932 0.7233914697357143 4.377437500000002 2.217582147050123 0.7225528430006479 4.375562500000002 2.220829742314315 0.7217142162655814 4.373687500000002 2.224077337578506 2.096714216265581 4.373687499999999 2.984946902795897 2.097552843000648 4.375562499999999 2.981699307531705 2.098391469735714 4.377437499999999 2.978451712267515 2.099230096470781 4.379312499999999 2.975204117003323 2.100068723205847 4.381187499999999 2.971956521739131 0.7250687232058466 4.381187500000002 2.21108695652174 0.7243008268939904 4.379470638940693 2.214060647105999 0.7217142162655814 4.369937500000002 2.224077337578506 0.7217142162655811 4.366187500000003 2.224077337578506 0.7217142162655811 4.362437500000003 2.224077337578506 0.7217142162655811 4.358687500000002 2.224077337578506 2.096714216265581 4.358687499999999 2.984946902795897 2.096714216265581 4.362437499999999 2.984946902795897 2.096714216265581 4.366187499999998 2.984946902795897 2.096714216265581 4.369937499999998 2.984946902795897 2.096714216265581 4.373687499999999 2.984946902795897 0.7217142162655814 4.373687500000002 2.224077337578506 0.7275846034110461 4.375562500000002 2.201344170729165 0.7267459766759798 4.377437500000002 2.204591765993356 0.7259073499409133 4.379312500000002 2.207839361257548 0.7250687232058466 4.381187500000002 2.21108695652174 2.100068723205847 4.381187499999999 2.971956521739131 2.100836619517704 4.379470638940688 2.968982831154869 2.100907349940913 4.379312499999999 2.968708926474939 2.101604515829561 4.377753777881379 2.966009140570608 2.10174597667598 4.377437499999999 2.965461331210748 2.102513872987837 4.375720638940688 2.962487640626486 2.102584603411046 4.375562499999999 2.962213735946556 2.103423230146113 4.373687499999999 2.958966140682365 0.7284232301461127 4.373687500000002 2.198096575464973 2.103423230146113 4.366187499999998 2.958966140682364 2.103423230146113 4.362437499999999 2.958966140682364 2.103423230146113 4.358687499999999 2.958966140682364 0.7284232301461127 4.358687500000004 2.198096575464973 0.7284232301461127 4.362437500000004 2.198096575464973 0.7284232301461127 4.366187500000003 2.198096575464973 0.7284232301461127 4.369937500000002 2.198096575464973 0.7284232301461127 4.373687500000002 2.198096575464973 2.103423230146113 4.373687499999999 2.958966140682365 2.103423230146113 4.3699375 2.958966140682365 2.10174597667598 4.354937499999999 2.965461331210747 2.100836619517704 4.352904361059308 2.968982831154869 2.100682335149979 4.352559412374287 2.96958029980333 2.100068723205847 4.351187499999999 2.971956521739131 0.7250687232058466 4.351187500000002 2.211086956521739 0.7259060677656263 4.353059633315025 2.207844326501578 0.7267434123254056 4.354931766630049 2.204601696481417 0.727583321235759 4.356809633315025 2.201349135973195 0.7284232301461127 4.358687500000004 2.198096575464973 2.103423230146113 4.358687499999999 2.958966140682364 2.102584603411046 4.356812499999999 2.962213735946555 3.063295272235925 4.358687499999995 2.984946902795897 2.096714216265581 4.358687499999999 2.984946902795897 2.097552843000648 4.356812499999999 2.981699307531705 2.097780259562742 4.356304042499067 2.980818633306601 2.098391469735714 4.354937499999999 2.978451712267514 2.098846302859902 4.353920584998134 2.976690363817304 2.099230096470781 4.353062499999999 2.975204117003322 2.099457513032875 4.352554042499066 2.974323442778218 2.100068723205847 4.351187499999999 2.971956521739131 3.055795272235926 4.351187499999995 2.971956521739131 3.057670272235926 4.353062499999995 2.975204117003322 3.059545272235926 4.354937499999995 2.978451712267514 3.061420272235925 4.356812499999995 2.981699307531705 3.070795272235926 4.366187499999993 2.984946902795897 2.096714216265581 4.369937499999998 2.984946902795897 2.096714216265581 4.366187499999998 2.984946902795897 3.067045272235926 4.362437499999995 2.984946902795897 3.070795272235926 4.366187499999993 2.984946902795897 2.096714216265581 4.366187499999998 2.984946902795897 2.096714216265581 4.366187499999998 2.984946902795897 2.096714216265581 4.362437499999999 2.984946902795897 3.067045272235926 4.362437499999995 2.984946902795897 3.067045272235926 4.362437499999995 2.984946902795897 3.063295272235925 4.358687499999995 2.984946902795897 2.096714216265581 4.362437499999999 2.984946902795897 3.063295272235925 4.358687499999995 2.984946902795897 2.096714216265581 4.362437499999999 2.984946902795897 2.096714216265581 4.358687499999999 2.984946902795897 3.067045272235925 3.616068555970336 2.984946902795897 3.067045272235926 4.362437499999995 2.984946902795897 3.063295272235925 4.358687499999995 2.984946902795897 3.067045272235925 3.616068555970336 2.984946902795897 3.063295272235925 4.358687499999995 2.984946902795897 3.063295272235925 3.616068555970336 2.984946902795897 3.070795272235925 3.616068555970336 2.984946902795897 3.067045272235925 3.616068555970336 2.984946902795897 3.067045272235926 4.362437499999995 2.984946902795897 3.070795272235925 3.616068555970336 2.984946902795897 3.070795272235926 4.366187499999993 2.984946902795897 3.074545272235924 3.616068555970336 2.984946902795897 3.067045272235926 4.362437499999995 2.984946902795897 3.070795272235926 4.366187499999993 2.984946902795897 3.070795272235925 3.616068555970336 2.984946902795897 3.074545272235924 3.616068555970336 2.984946902795897 3.070795272235926 4.366187499999993 2.984946902795897 3.074545272235925 4.369937499999995 2.984946902795897 3.074545272235925 4.369937499999995 2.984946902795897 3.074545272235924 3.616068555970336 2.984946902795897 3.078295272235924 3.616068555970336 2.984946902795897 3.078295272235926 4.373687499999995 2.984946902795897 3.078295272235924 3.616068555970336 2.984946902795897 3.074545272235925 4.369937499999995 2.984946902795897 3.074545272235925 4.369937499999995 2.984946902795897 2.096714216265581 4.373687499999999 2.984946902795897 3.078295272235926 4.373687499999995 2.984946902795897 2.096714216265581 4.369937499999998 2.984946902795897 2.096714216265581 4.373687499999999 2.984946902795897 3.074545272235925 4.369937499999995 2.984946902795897 3.070795272235926 4.366187499999993 2.984946902795897 2.096714216265581 4.369937499999998 2.984946902795897 3.074545272235925 4.369937499999995 2.984946902795897 2.100068723205847 4.381187499999999 2.971956521739131 2.099230096470781 4.379312499999999 2.975204117003323 2.098391469735714 4.377437499999999 2.978451712267515 2.097552843000648 4.375562499999999 2.981699307531705 2.096714216265581 4.373687499999999 2.984946902795897 3.078295272235926 4.373687499999995 2.984946902795897 3.080170272235926 4.375562499999993 2.981699307531705 3.082045272235926 4.377437499999995 2.978451712267514 3.084035518320398 4.379427746084466 2.975004504929643 3.084428733225169 4.379820960989238 2.974323436736286 3.085795272235926 4.381187499999995 2.971956521739131 3.084423363387852 4.379815591151921 2.969580305910914 3.085795272235926 4.381187499999995 2.971956521739131 3.084044343683763 4.379436571447833 2.968923824526362 3.082045272235926 4.377437499999995 2.965461331210747 3.080170272235926 4.375562499999993 2.962213735946555 3.078295272235926 4.373687499999995 2.958966140682363 2.103423230146113 4.373687499999999 2.958966140682365 2.102584603411046 4.375562499999999 2.962213735946556 2.102513872987837 4.375720638940688 2.962487640626486 2.10174597667598 4.377437499999999 2.965461331210748 2.101604515829561 4.377753777881379 2.966009140570608 2.100907349940913 4.379312499999999 2.968708926474939 2.100836619517704 4.379470638940688 2.968982831154869 2.100068723205847 4.381187499999999 2.971956521739131 3.059545272235926 4.354937499999995 2.965461331210748 3.057670272235926 4.353062499999995 2.968708926474939 3.055795272235926 4.351187499999995 2.971956521739131 2.100068723205847 4.351187499999999 2.971956521739131 2.100682335149979 4.352559412374287 2.96958029980333 2.100836619517704 4.352904361059308 2.968982831154869 2.10174597667598 4.354937499999999 2.965461331210747 2.102584603411046 4.356812499999999 2.962213735946555 2.103423230146113 4.358687499999999 2.958966140682364 3.063295272235926 4.358687499999995 2.958966140682364 3.061420272235926 4.356812499999995 2.962213735946556 2.103423230146113 4.366187499999998 2.958966140682364 2.103423230146113 4.362437499999999 2.958966140682364 3.067045272235926 4.362437499999995 2.958966140682364 3.067045272235926 4.362437499999995 2.958966140682364 2.103423230146113 4.366187499999998 2.958966140682364 3.070795272235926 4.366187499999993 2.958966140682363 3.070795272235926 4.366187499999993 2.958966140682363 2.103423230146113 4.366187499999998 2.958966140682364 2.103423230146113 4.3699375 2.958966140682365 3.074545272235926 4.369937499999995 2.958966140682364 3.070795272235926 4.366187499999993 2.958966140682363 2.103423230146113 4.3699375 2.958966140682365 3.074545272235926 4.369937499999995 2.958966140682364 2.103423230146113 4.3699375 2.958966140682365 2.103423230146113 4.373687499999999 2.958966140682365 3.074545272235926 4.369937499999995 2.958966140682364 3.078295272235926 4.373687499999995 2.958966140682363 2.103423230146113 4.373687499999999 2.958966140682365 3.078295272235925 3.609359542089805 2.958966140682364 3.074545272235926 4.369937499999995 2.958966140682364 3.078295272235926 4.373687499999995 2.958966140682363 3.074545272235924 3.609359542089805 2.958966140682364 3.078295272235925 3.609359542089805 2.958966140682364 3.074545272235926 4.369937499999995 2.958966140682364 3.074545272235926 4.369937499999995 2.958966140682364 3.070795272235926 4.366187499999993 2.958966140682363 3.074545272235924 3.609359542089805 2.958966140682364 3.074545272235924 3.609359542089805 2.958966140682364 3.070795272235926 4.366187499999993 2.958966140682363 3.070795272235925 3.609359542089805 2.958966140682364 3.070795272235926 4.366187499999993 2.958966140682363 3.067045272235926 4.362437499999995 2.958966140682364 3.070795272235925 3.609359542089805 2.958966140682364 3.067045272235925 3.609359542089805 2.958966140682364 3.070795272235925 3.609359542089805 2.958966140682364 3.067045272235926 4.362437499999995 2.958966140682364 3.067045272235926 4.362437499999995 2.958966140682364 3.063295272235926 4.358687499999995 2.958966140682364 3.067045272235925 3.609359542089805 2.958966140682364 3.067045272235925 3.609359542089805 2.958966140682364 3.063295272235926 4.358687499999995 2.958966140682364 3.063295272235925 3.609359542089805 2.958966140682364 2.103423230146113 4.358687499999999 2.958966140682364 2.103423230146113 4.362437499999999 2.958966140682364 3.063295272235926 4.358687499999995 2.958966140682364 3.067045272235926 4.362437499999995 2.958966140682364 3.063295272235926 4.358687499999995 2.958966140682364 2.103423230146113 4.362437499999999 2.958966140682364 3.061420272235925 4.356812499999995 2.981699307531705 3.059545272235926 4.354937499999995 2.978451712267514 3.057670272235926 4.353062499999995 2.975204117003322 3.055795272235926 4.351187499999995 2.971956521739131 3.055795272235925 3.612714049030072 2.971956521739131 3.057555033600605 3.613501133258209 2.975004517831954 3.059228994354544 3.614249841653786 2.977903902907651 3.059314794965285 3.614288217486348 2.978052513924778 3.061305033600605 3.615178386728341 2.981499708360337 3.063295272235925 3.616068555970336 2.984946902795897 3.063295272235925 4.358687499999995 2.984946902795897 3.080170272235924 3.615229929235269 2.981699307531705 3.078295272235924 3.616068555970336 2.984946902795897 3.082045272235924 3.614391302500204 2.978451712267514 3.083920272235924 3.613552675765139 2.975204117003322 3.085795272235924 3.61271404903007 2.971956521739131 3.085795272235926 4.381187499999995 2.971956521739131 3.084428733225169 4.379820960989238 2.974323436736286 3.084035518320398 4.379427746084466 2.975004504929643 3.082045272235926 4.377437499999995 2.978451712267514 3.080170272235926 4.375562499999993 2.981699307531705 3.078295272235926 4.373687499999995 2.984946902795897 3.083920272235924 3.611875422295005 2.968708926474939 3.082045272235925 3.61103679555994 2.965461331210748 3.080170272235925 3.610198168824873 2.962213735946556 3.078295272235925 3.609359542089805 2.958966140682364 3.078295272235926 4.373687499999995 2.958966140682363 3.080170272235926 4.375562499999993 2.962213735946555 3.082045272235926 4.377437499999995 2.965461331210747 3.084044343683763 4.379436571447833 2.968923824526362 3.084423363387852 4.379815591151921 2.969580305910914 3.085795272235926 4.381187499999995 2.971956521739131 3.085795272235924 3.61271404903007 2.971956521739131 3.061420272235926 4.356812499999995 2.962213735946556 3.063295272235926 4.358687499999995 2.958966140682364 3.063295272235925 3.609359542089805 2.958966140682364 3.061420272235924 3.610198168824873 2.962213735946556 3.061296208116862 3.610253658684662 2.962428621304168 3.059545272235924 3.61103679555994 2.965461331210748 3.0592971439978 3.61114777527952 2.965891101925971 3.057670272235925 3.611875422295005 2.968708926474939 3.057546208116862 3.611930912154794 2.968923811832551 3.055795272235925 3.612714049030072 2.971956521739131 3.055795272235926 4.351187499999995 2.971956521739131 3.057670272235926 4.353062499999995 2.968708926474939 3.059545272235926 4.354937499999995 2.965461331210748 3.063295272235922 2.241587499999993 3.745529305309132 3.061420272235922 2.241587499999993 3.741817647820002 3.059545272235922 2.241587499999993 3.738105990330873 3.057670272235923 2.241587499999993 3.734394332841743 3.055795272235922 2.241587499999993 3.730682675352614 3.057516969922688 2.241587499999993 3.72727448755896 3.059545272235922 2.241587499999993 3.723259360374354 3.061420272235922 2.241587499999993 3.719547702885225 3.063295272235923 2.241587499999993 3.715836045396095 3.067045272235922 2.241587499999993 3.715836045396095 3.070795272235922 2.241587499999993 3.715836045396095 3.074545272235922 2.241587499999993 3.715836045396095 3.078295272235923 2.241587499999993 3.715836045396095 3.080323574549156 2.241587499999993 3.719851172580699 3.08235187686239 2.241587499999993 3.723866299765304 3.084073574549156 2.241587499999993 3.727274487558958 3.085795272235922 2.241587499999993 3.730682675352614 3.083920272235922 2.241587499999993 3.734394332841743 3.082045272235922 2.241587499999993 3.738105990330873 3.080170272235922 2.241587499999993 3.741817647820002 3.078295272235922 2.241587499999993 3.745529305309132 3.074545272235922 2.241587499999993 3.745529305309132 3.070795272235922 2.241587499999993 3.745529305309132 3.067045272235922 2.241587499999993 3.745529305309132 3.057670272235923 2.241587499999993 3.734394332841743 3.059545272235922 2.241587499999993 3.738105990330873 3.061420272235922 2.241587499999993 3.741817647820002 3.063295272235922 2.241587499999993 3.745529305309132 3.063295272235925 3.616068555970336 2.984946902795897 3.061305033600605 3.615178386728341 2.981499708360337 3.059314794965285 3.614288217486348 2.978052513924778 3.059228994354544 3.614249841653786 2.977903902907651 3.057555033600605 3.613501133258209 2.975004517831954 3.055795272235925 3.612714049030072 2.971956521739131 3.055795272235922 2.241587499999993 3.730682675352614 3.083920272235924 3.613552675765139 2.975204117003322 3.082045272235924 3.614391302500204 2.978451712267514 3.080170272235924 3.615229929235269 2.981699307531705 3.078295272235924 3.616068555970336 2.984946902795897 3.078295272235922 2.241587499999993 3.745529305309132 3.080170272235922 2.241587499999993 3.741817647820002 3.082045272235922 2.241587499999993 3.738105990330873 3.083920272235922 2.241587499999993 3.734394332841743 3.085795272235922 2.241587499999993 3.730682675352614 3.085795272235924 3.61271404903007 2.971956521739131 3.074545272235924 3.616068555970336 2.984946902795897 3.070795272235925 3.616068555970336 2.984946902795897 3.067045272235925 3.616068555970336 2.984946902795897 3.063295272235925 3.616068555970336 2.984946902795897 3.063295272235922 2.241587499999993 3.745529305309132 3.067045272235922 2.241587499999993 3.745529305309132 3.070795272235922 2.241587499999993 3.745529305309132 3.074545272235922 2.241587499999993 3.745529305309132 3.078295272235922 2.241587499999993 3.745529305309132 3.078295272235924 3.616068555970336 2.984946902795897 3.080170272235925 3.610198168824873 2.962213735946556 3.078295272235925 3.609359542089805 2.958966140682364 3.082045272235925 3.61103679555994 2.965461331210748 3.083920272235924 3.611875422295005 2.968708926474939 3.085795272235924 3.61271404903007 2.971956521739131 3.085795272235922 2.241587499999993 3.730682675352614 3.084073574549156 2.241587499999993 3.727274487558958 3.08235187686239 2.241587499999993 3.723866299765304 3.080323574549156 2.241587499999993 3.719851172580699 3.078295272235923 2.241587499999993 3.715836045396095 3.070795272235922 2.241587499999993 3.715836045396095 3.067045272235922 2.241587499999993 3.715836045396095 3.063295272235923 2.241587499999993 3.715836045396095 3.063295272235925 3.609359542089805 2.958966140682364 3.067045272235925 3.609359542089805 2.958966140682364 3.070795272235925 3.609359542089805 2.958966140682364 3.074545272235924 3.609359542089805 2.958966140682364 3.078295272235925 3.609359542089805 2.958966140682364 3.078295272235923 2.241587499999993 3.715836045396095 3.074545272235922 2.241587499999993 3.715836045396095 3.059545272235922 2.241587499999993 3.723259360374354 3.057516969922688 2.241587499999993 3.72727448755896 3.055795272235922 2.241587499999993 3.730682675352614 3.055795272235925 3.612714049030072 2.971956521739131 3.057546208116862 3.611930912154794 2.968923811832551 3.057670272235925 3.611875422295005 2.968708926474939 3.0592971439978 3.61114777527952 2.965891101925971 3.059545272235924 3.61103679555994 2.965461331210748 3.061296208116862 3.610253658684662 2.962428621304168 3.061420272235924 3.610198168824873 2.962213735946556 3.063295272235925 3.609359542089805 2.958966140682364 3.063295272235923 2.241587499999993 3.715836045396095 3.061420272235922 2.241587499999993 3.719547702885225 0.02909527223591557 0.001587500000000519 0.2430099584395729 0.03097027223591564 0.001587500000000519 0.2467216159287026 0.0328452722359156 0.001587500000000519 0.2504332734178322 0.03472027223591522 0.001587500000000519 0.2541449309069617 0.03659527223591563 0.001587500000000519 0.2578565883960914 0.03516417765870205 0.001587500000000519 0.2606895126121804 0.03373308308148847 0.001587500000000519 0.2635224368282692 0.03141417765870202 0.001587500000000519 0.2681128275904396 0.02909527223591557 0.001587500000000519 0.2727032183526097 0.0253452722359152 0.001587500000000519 0.2727032183526099 0.02159527223591561 0.001587500000000519 0.2727032183526099 0.01784527223591603 0.001587500000000519 0.2727032183526099 0.01409527223591566 0.001587500000000519 0.2727032183526099 0.01222027223591559 0.001587500000000519 0.2689915608634805 0.01034527223591563 0.001587500000000519 0.2652799033743509 0.008026366813129182 0.001587500000000519 0.2606895126121806 0.006595272235915605 0.001587500000000519 0.2578565883960917 0.00847027223591612 0.001587500000000519 0.2541449309069621 0.01034527223591563 0.001587500000000519 0.2504332734178326 0.01222027223591559 0.001587500000000519 0.2467216159287028 0.01409527223591566 0.001587500000000519 0.2430099584395734 0.01784527223591603 0.001587500000000519 0.2430099584395732 0.02159527223591561 0.001587500000000519 0.2430099584395731 0.0253452722359152 0.001587500000000519 0.243009958439573 0.02909527223592112 3.302106444029657 2.099077337578506 0.02909527223591557 0.001587500000000519 0.2727032183526097 0.03141417765870202 0.001587500000000519 0.2681128275904396 0.03373308308148847 0.001587500000000519 0.2635224368282692 0.03516417765870205 0.001587500000000519 0.2606895126121804 0.03659527223591563 0.001587500000000519 0.2578565883960914 0.03659527223592062 3.305460950969922 2.086086956521739 0.03534265034354433 3.304900693792387 2.088256561282009 0.03472027223592066 3.304622324234855 2.089334551785931 0.03409002845116759 3.304340436614853 2.090426166042278 0.03284527223592104 3.303783697499791 2.092582147050123 0.03158478466641412 3.303219922259786 2.094765375562817 0.03097027223592108 3.302945070764723 2.095829742314315 0.008026366813129182 0.001587500000000519 0.2606895126121806 0.01034527223591563 0.001587500000000519 0.2652799033743509 0.01222027223591559 0.001587500000000519 0.2689915608634805 0.01409527223591566 0.001587500000000519 0.2727032183526099 0.0140952722359211 3.302106444029656 2.099077337578506 0.01222027223592103 3.302945070764723 2.095829742314315 0.01034527223592107 3.303783697499788 2.092582147050123 0.008470272235921116 3.304622324234854 2.089334551785931 0.006595272235921045 3.305460950969922 2.086086956521739 0.006595272235915605 0.001587500000000519 0.2578565883960917 0.01784527223591603 0.001587500000000519 0.2727032183526099 0.02159527223591561 0.001587500000000519 0.2727032183526099 0.0253452722359152 0.001587500000000519 0.2727032183526099 0.02909527223591557 0.001587500000000519 0.2727032183526097 0.02909527223592112 3.302106444029657 2.099077337578506 0.02534527223592109 3.302106444029656 2.099077337578506 0.02159527223592105 3.302106444029656 2.099077337578506 0.01784527223592158 3.302106444029656 2.099077337578506 0.0140952722359211 3.302106444029656 2.099077337578506 0.01409527223591566 0.001587500000000519 0.2727032183526099 0.01409527223591566 0.001587500000000519 0.2430099584395734 0.01222027223591559 0.001587500000000519 0.2467216159287028 0.01034527223591563 0.001587500000000519 0.2504332734178326 0.00847027223591612 0.001587500000000519 0.2541449309069621 0.006595272235915605 0.001587500000000519 0.2578565883960917 0.006595272235921045 3.305460950969922 2.086086956521739 0.008024692907199981 3.306100284511569 2.083611127293695 0.008470272235921116 3.306299577704989 2.082839361257548 0.009454113578478362 3.30673961805322 2.081135298065651 0.01034527223592107 3.307138204440055 2.079591765993356 0.0117746929071999 3.307777537981704 2.077115936765312 0.01222027223592148 3.30797683117512 2.076344170729164 0.0140952722359211 3.308815457910188 2.073096575464973 0.02159527223592105 3.308815457910188 2.073096575464973 0.02534527223592064 3.308815457910188 2.073096575464973 0.02909527223592112 3.308815457910188 2.073096575464973 0.02909527223591557 0.001587500000000519 0.2430099584395729 0.0253452722359152 0.001587500000000519 0.243009958439573 0.02159527223591561 0.001587500000000519 0.2430099584395731 0.01784527223591603 0.001587500000000519 0.2430099584395732 0.01409527223591566 0.001587500000000519 0.2430099584395734 0.0140952722359211 3.308815457910188 2.073096575464973 0.01784527223592158 3.308815457910188 2.073096575464973 0.03659527223591563 0.001587500000000519 0.2578565883960914 0.03472027223591522 0.001587500000000519 0.2541449309069617 0.0328452722359156 0.001587500000000519 0.2504332734178322 0.03097027223591564 0.001587500000000519 0.2467216159287026 0.02909527223591557 0.001587500000000519 0.2430099584395729 0.02909527223592112 3.308815457910188 2.073096575464973 0.03097027223592108 3.307976831175121 2.076344170729164 0.03284527223592104 3.307138204440055 2.079591765993356 0.03408100763773602 3.306585500042493 2.081732122494012 0.03516585156464224 3.30610028451157 2.083611127293695 0.03533813993682854 3.306023225506207 2.083909539507876 0.03659527223592062 3.305460950969922 2.086086956521739 0.02909527223592245 4.358687500000004 2.099077337578506 0.02909527223592112 3.302106444029657 2.099077337578506 0.03097027223592108 3.302945070764723 2.095829742314315 0.03158478466641412 3.303219922259786 2.094765375562817 0.03284527223592104 3.303783697499791 2.092582147050123 0.03409002845116759 3.304340436614853 2.090426166042278 0.03472027223592066 3.304622324234855 2.089334551785931 0.03534265034354433 3.304900693792387 2.088256561282009 0.03659527223592062 3.305460950969922 2.086086956521739 0.03659527223592284 4.351187500000004 2.086086956521739 0.03472027223592288 4.353062500000006 2.089334551785932 0.03284527223592292 4.354937500000006 2.092582147050123 0.03097027223592241 4.356812500000004 2.095829742314315 0.02159527223592239 4.366187500000004 2.099077337578506 0.01784527223592158 3.302106444029656 2.099077337578506 0.02159527223592105 3.302106444029656 2.099077337578506 0.02534527223592242 4.362437500000006 2.099077337578506 0.02159527223592239 4.366187500000004 2.099077337578506 0.02159527223592105 3.302106444029656 2.099077337578506 0.02159527223592105 3.302106444029656 2.099077337578506 0.02534527223592109 3.302106444029656 2.099077337578506 0.02534527223592242 4.362437500000006 2.099077337578506 0.02534527223592242 4.362437500000006 2.099077337578506 0.02909527223592245 4.358687500000004 2.099077337578506 0.02534527223592109 3.302106444029656 2.099077337578506 0.02909527223592245 4.358687500000004 2.099077337578506 0.02534527223592109 3.302106444029656 2.099077337578506 0.02909527223592112 3.302106444029657 2.099077337578506 0.7217142162655811 4.362437500000003 2.099077337578506 0.02534527223592242 4.362437500000006 2.099077337578506 0.02909527223592245 4.358687500000004 2.099077337578506 0.7217142162655811 4.362437500000003 2.099077337578506 0.02909527223592245 4.358687500000004 2.099077337578506 0.7217142162655811 4.358687500000002 2.099077337578506 0.7217142162655811 4.366187500000003 2.099077337578506 0.7217142162655811 4.362437500000003 2.099077337578506 0.02534527223592242 4.362437500000006 2.099077337578506 0.7217142162655811 4.366187500000003 2.099077337578506 0.02159527223592239 4.366187500000004 2.099077337578506 0.7217142162655811 4.369937500000002 2.099077337578506 0.02534527223592242 4.362437500000006 2.099077337578506 0.02159527223592239 4.366187500000004 2.099077337578506 0.7217142162655811 4.366187500000003 2.099077337578506 0.7217142162655811 4.369937500000002 2.099077337578506 0.02159527223592239 4.366187500000004 2.099077337578506 0.01784527223592247 4.369937500000006 2.099077337578506 0.01784527223592247 4.369937500000006 2.099077337578506 0.7217142162655811 4.369937500000002 2.099077337578506 0.7217142162655811 4.373687500000002 2.099077337578506 0.01409527223592199 4.373687500000006 2.099077337578506 0.7217142162655811 4.373687500000002 2.099077337578506 0.01784527223592247 4.369937500000006 2.099077337578506 0.01784527223592247 4.369937500000006 2.099077337578506 0.0140952722359211 3.302106444029656 2.099077337578506 0.01409527223592199 4.373687500000006 2.099077337578506 0.01784527223592158 3.302106444029656 2.099077337578506 0.0140952722359211 3.302106444029656 2.099077337578506 0.01784527223592247 4.369937500000006 2.099077337578506 0.02159527223592239 4.366187500000004 2.099077337578506 0.01784527223592158 3.302106444029656 2.099077337578506 0.01784527223592247 4.369937500000006 2.099077337578506 0.008470272235921116 3.304622324234854 2.089334551785931 0.01034527223592107 3.303783697499788 2.092582147050123 0.01222027223592103 3.302945070764723 2.095829742314315 0.0140952722359211 3.302106444029656 2.099077337578506 0.01409527223592199 4.373687500000006 2.099077337578506 0.01222027223592248 4.375562500000004 2.095829742314314 0.01034527223592285 4.377437500000004 2.092582147050123 0.009100510647439885 4.378682261588487 2.09042615673556 0.008477489500660739 4.379305282735266 2.08934705245515 0.007847891441681853 4.379934880794245 2.08825655662865 0.006595272235923377 4.381187500000004 2.08608695652174 0.006595272235921045 3.305460950969922 2.086086956521739 0.008024692907199981 3.306100284511569 2.083611127293695 0.006595272235921045 3.305460950969922 2.086086956521739 0.006595272235923377 4.381187500000004 2.08608695652174 0.00785240181927016 4.379930370416659 2.083909544211684 0.008467396581721908 4.379315375654204 2.082844342036728 0.009109531402617832 4.37867324083331 2.081732131901629 0.01034527223592196 4.377437500000006 2.079591765993357 0.01222027223592203 4.375562500000004 2.076344170729166 0.01409527223592155 4.373687500000006 2.073096575464974 0.0140952722359211 3.308815457910188 2.073096575464973 0.01222027223592148 3.30797683117512 2.076344170729164 0.0117746929071999 3.307777537981704 2.077115936765312 0.01034527223592107 3.307138204440055 2.079591765993356 0.009454113578478362 3.30673961805322 2.081135298065651 0.008470272235921116 3.306299577704989 2.082839361257548 0.03408100763773602 3.306585500042493 2.081732122494012 0.03284527223592104 3.307138204440055 2.079591765993356 0.03097027223592108 3.307976831175121 2.076344170729164 0.02909527223592112 3.308815457910188 2.073096575464973 0.02909527223592156 4.358687500000006 2.073096575464972 0.03097027223592152 4.356812500000004 2.076344170729164 0.03284527223592248 4.354937500000006 2.079591765993356 0.03472027223592288 4.353062500000004 2.082839361257547 0.03659527223592284 4.351187500000004 2.086086956521739 0.03659527223592062 3.305460950969922 2.086086956521739 0.03533813993682854 3.306023225506207 2.083909539507876 0.03516585156464224 3.30610028451157 2.083611127293695 0.02159527223592105 3.308815457910188 2.073096575464973 0.02534527223592064 3.308815457910188 2.073096575464973 0.02534527223592109 4.362437500000006 2.073096575464973 0.02534527223592109 4.362437500000006 2.073096575464973 0.02159527223592105 3.308815457910188 2.073096575464973 0.0215952722359215 4.366187500000004 2.073096575464973 0.0215952722359215 4.366187500000004 2.073096575464973 0.02159527223592105 3.308815457910188 2.073096575464973 0.01784527223592158 3.308815457910188 2.073096575464973 0.01784527223592202 4.369937500000006 2.073096575464973 0.0215952722359215 4.366187500000004 2.073096575464973 0.01784527223592158 3.308815457910188 2.073096575464973 0.01784527223592202 4.369937500000006 2.073096575464973 0.01784527223592158 3.308815457910188 2.073096575464973 0.0140952722359211 3.308815457910188 2.073096575464973 0.01784527223592202 4.369937500000006 2.073096575464973 0.01409527223592155 4.373687500000006 2.073096575464974 0.0140952722359211 3.308815457910188 2.073096575464973 0.7284232301461127 4.373687500000002 2.073096575464973 0.01784527223592202 4.369937500000006 2.073096575464973 0.01409527223592155 4.373687500000006 2.073096575464974 0.7284232301461125 4.369937500000004 2.073096575464973 0.7284232301461127 4.373687500000002 2.073096575464973 0.01784527223592202 4.369937500000006 2.073096575464973 0.7284232301461125 4.369937500000004 2.073096575464973 0.0215952722359215 4.366187500000004 2.073096575464973 0.7284232301461127 4.366187500000003 2.073096575464973 0.01784527223592202 4.369937500000006 2.073096575464973 0.0215952722359215 4.366187500000004 2.073096575464973 0.7284232301461125 4.369937500000004 2.073096575464973 0.0215952722359215 4.366187500000004 2.073096575464973 0.02534527223592109 4.362437500000006 2.073096575464973 0.7284232301461127 4.366187500000003 2.073096575464973 0.7284232301461125 4.362437500000004 2.073096575464973 0.7284232301461127 4.366187500000003 2.073096575464973 0.02534527223592109 4.362437500000006 2.073096575464973 0.02534527223592109 4.362437500000006 2.073096575464973 0.02909527223592156 4.358687500000006 2.073096575464972 0.7284232301461125 4.362437500000004 2.073096575464973 0.7284232301461125 4.362437500000004 2.073096575464973 0.02909527223592156 4.358687500000006 2.073096575464972 0.7284232301461127 4.358687500000004 2.073096575464973 0.02909527223592112 3.308815457910188 2.073096575464973 0.02534527223592064 3.308815457910188 2.073096575464973 0.02909527223592156 4.358687500000006 2.073096575464972 0.02534527223592109 4.362437500000006 2.073096575464973 0.02909527223592156 4.358687500000006 2.073096575464972 0.02534527223592064 3.308815457910188 2.073096575464973 0.7225496108751453 4.356819726379825 2.095842258771321 0.7217142162655811 4.358687500000002 2.099077337578506 0.02909527223592245 4.358687500000004 2.099077337578506 0.03097027223592241 4.356812500000004 2.095829742314315 0.03284527223592292 4.354937500000006 2.092582147050123 0.03472027223592288 4.353062500000006 2.089334551785932 0.03659527223592284 4.351187500000004 2.086086956521739 0.7250687232058466 4.351187500000002 2.086086956521739 0.7243008268939902 4.352904361059311 2.089060647106 0.7242268643452784 4.353069726379823 2.089347068242938 0.7235329305821335 4.354621222118622 2.09203433769026 0.7233850054847098 4.354951952759646 2.092607179964135 0.7226235734238576 4.356654361059312 2.095555837634383 0.7225528430006477 4.375562500000002 2.095829742314315 0.7217142162655811 4.373687500000002 2.099077337578506 0.7233914697357141 4.377437500000002 2.092582147050123 0.7242300964707801 4.379312500000002 2.089334551785931 0.7243008268939904 4.379470638940693 2.089060647106 0.7250687232058466 4.381187500000002 2.086086956521739 0.006595272235923377 4.381187500000004 2.08608695652174 0.007847891441681853 4.379934880794245 2.08825655662865 0.008477489500660739 4.379305282735266 2.08934705245515 0.009100510647439885 4.378682261588487 2.09042615673556 0.01034527223592285 4.377437500000004 2.092582147050123 0.01222027223592248 4.375562500000004 2.095829742314314 0.01409527223592199 4.373687500000006 2.099077337578506 0.7259073499409133 4.379312500000002 2.082839361257548 0.7267459766759798 4.377437500000002 2.079591765993356 0.7275846034110461 4.375562500000002 2.076344170729165 0.7284232301461127 4.373687500000002 2.073096575464973 0.01409527223592155 4.373687500000006 2.073096575464974 0.01222027223592203 4.375562500000004 2.076344170729166 0.01034527223592196 4.377437500000006 2.079591765993357 0.009109531402617832 4.37867324083331 2.081732131901629 0.008467396581721908 4.379315375654204 2.082844342036728 0.00785240181927016 4.379930370416659 2.083909544211684 0.006595272235923377 4.381187500000004 2.08608695652174 0.7250687232058466 4.381187500000002 2.086086956521739 0.03284527223592248 4.354937500000006 2.079591765993356 0.03097027223592152 4.356812500000004 2.076344170729164 0.02909527223592156 4.358687500000006 2.073096575464972 0.7284232301461127 4.358687500000004 2.073096575464973 0.727583321235759 4.356809633315025 2.076349135973195 0.7267434123254058 4.354931766630047 2.079601696481417 0.7259060677656259 4.353059633315025 2.082844326501577 0.7250687232058466 4.351187500000002 2.086086956521739 0.03659527223592284 4.351187500000004 2.086086956521739 0.03472027223592288 4.353062500000004 2.082839361257547 2.098846302859902 4.353920584998133 2.851690363817305 2.098391469735714 4.354937499999997 2.853451712267514 2.097780259562742 4.356304042499066 2.855818633306601 2.097552843000647 4.356812499999997 2.856699307531705 2.096714216265581 4.358687499999997 2.859946902795897 0.7217142162655811 4.358687500000002 2.099077337578506 0.7225496108751453 4.356819726379825 2.095842258771321 0.7226235734238576 4.356654361059312 2.095555837634383 0.7233850054847098 4.354951952759646 2.092607179964135 0.7235329305821335 4.354621222118622 2.09203433769026 0.7242268643452784 4.353069726379823 2.089347068242938 0.7243008268939902 4.352904361059311 2.089060647106 0.7250687232058466 4.351187500000002 2.086086956521739 2.100068723205847 4.351187499999999 2.846956521739131 2.099457513032875 4.352554042499064 2.849323442778218 2.09923009647078 4.353062499999999 2.850204117003323 0.7242300964707801 4.379312500000002 2.089334551785931 0.7233914697357141 4.377437500000002 2.092582147050123 0.7225528430006477 4.375562500000002 2.095829742314315 0.7217142162655811 4.373687500000002 2.099077337578506 2.096714216265581 4.373687499999997 2.859946902795897 2.097552843000647 4.375562499999999 2.856699307531706 2.098391469735714 4.377437499999999 2.853451712267515 2.099230096470781 4.379312499999999 2.850204117003323 2.100068723205847 4.381187499999999 2.846956521739131 0.7250687232058466 4.381187500000002 2.086086956521739 0.7243008268939904 4.379470638940693 2.089060647106 0.7217142162655811 4.369937500000002 2.099077337578506 0.7217142162655811 4.366187500000003 2.099077337578506 0.7217142162655811 4.362437500000003 2.099077337578506 0.7217142162655811 4.358687500000002 2.099077337578506 2.096714216265581 4.358687499999997 2.859946902795897 2.096714216265581 4.362437499999997 2.859946902795897 2.096714216265581 4.366187499999997 2.859946902795897 2.096714216265581 4.369937499999997 2.859946902795897 2.096714216265581 4.373687499999997 2.859946902795897 0.7217142162655811 4.373687500000002 2.099077337578506 0.7275846034110461 4.375562500000002 2.076344170729165 0.7267459766759798 4.377437500000002 2.079591765993356 0.7259073499409133 4.379312500000002 2.082839361257548 0.7250687232058466 4.381187500000002 2.086086956521739 2.100068723205847 4.381187499999999 2.846956521739131 2.100836619517704 4.379470638940688 2.843982831154869 2.100907349940913 4.379312499999997 2.84370892647494 2.101604515829561 4.377753777881377 2.841009140570608 2.10174597667598 4.377437499999999 2.840461331210748 2.102513872987837 4.375720638940686 2.837487640626486 2.102584603411046 4.375562499999997 2.837213735946556 2.103423230146113 4.373687499999997 2.833966140682364 0.7284232301461127 4.373687500000002 2.073096575464973 2.103423230146113 4.366187499999998 2.833966140682364 2.103423230146113 4.362437499999999 2.833966140682364 2.103423230146113 4.358687499999999 2.833966140682364 0.7284232301461127 4.358687500000004 2.073096575464973 0.7284232301461125 4.362437500000004 2.073096575464973 0.7284232301461127 4.366187500000003 2.073096575464973 0.7284232301461125 4.369937500000004 2.073096575464973 0.7284232301461127 4.373687500000002 2.073096575464973 2.103423230146113 4.373687499999997 2.833966140682364 2.103423230146113 4.369937499999997 2.833966140682364 2.101745976675979 4.354937499999999 2.840461331210748 2.100836619517703 4.352904361059308 2.84398283115487 2.100682335149979 4.352559412374286 2.84458029980333 2.100068723205847 4.351187499999999 2.846956521739131 0.7250687232058466 4.351187500000002 2.086086956521739 0.7259060677656259 4.353059633315025 2.082844326501577 0.7267434123254058 4.354931766630047 2.079601696481417 0.727583321235759 4.356809633315025 2.076349135973195 0.7284232301461127 4.358687500000004 2.073096575464973 2.103423230146113 4.358687499999999 2.833966140682364 2.102584603411046 4.356812499999999 2.837213735946556 3.063295272235924 4.358687499999994 2.859946902795897 2.096714216265581 4.358687499999997 2.859946902795897 2.097552843000647 4.356812499999997 2.856699307531705 2.097780259562742 4.356304042499066 2.855818633306601 2.098391469735714 4.354937499999997 2.853451712267514 2.098846302859902 4.353920584998133 2.851690363817305 2.09923009647078 4.353062499999999 2.850204117003323 2.099457513032875 4.352554042499064 2.849323442778218 2.100068723205847 4.351187499999999 2.846956521739131 3.055795272235925 4.351187499999995 2.846956521739131 3.057670272235925 4.353062499999993 2.850204117003323 3.059545272235924 4.354937499999995 2.853451712267514 3.061420272235924 4.356812499999993 2.856699307531705 3.070795272235925 4.366187499999993 2.859946902795897 2.096714216265581 4.369937499999997 2.859946902795897 2.096714216265581 4.366187499999997 2.859946902795897 3.067045272235925 4.362437499999993 2.859946902795897 3.070795272235925 4.366187499999993 2.859946902795897 2.096714216265581 4.366187499999997 2.859946902795897 2.096714216265581 4.366187499999997 2.859946902795897 2.096714216265581 4.362437499999997 2.859946902795897 3.067045272235925 4.362437499999993 2.859946902795897 3.067045272235925 4.362437499999993 2.859946902795897 3.063295272235924 4.358687499999994 2.859946902795897 2.096714216265581 4.362437499999997 2.859946902795897 3.063295272235924 4.358687499999994 2.859946902795897 2.096714216265581 4.362437499999997 2.859946902795897 2.096714216265581 4.358687499999997 2.859946902795897 3.067045272235923 3.616068555970336 2.859946902795897 3.067045272235925 4.362437499999993 2.859946902795897 3.063295272235924 4.358687499999994 2.859946902795897 3.067045272235923 3.616068555970336 2.859946902795897 3.063295272235924 4.358687499999994 2.859946902795897 3.063295272235923 3.616068555970336 2.859946902795897 3.070795272235923 3.616068555970336 2.859946902795897 3.067045272235923 3.616068555970336 2.859946902795897 3.067045272235925 4.362437499999993 2.859946902795897 3.070795272235923 3.616068555970336 2.859946902795897 3.070795272235925 4.366187499999993 2.859946902795897 3.074545272235923 3.616068555970336 2.859946902795897 3.067045272235925 4.362437499999993 2.859946902795897 3.070795272235925 4.366187499999993 2.859946902795897 3.070795272235923 3.616068555970336 2.859946902795897 3.074545272235923 3.616068555970336 2.859946902795897 3.070795272235925 4.366187499999993 2.859946902795897 3.074545272235924 4.369937499999993 2.859946902795897 3.074545272235924 4.369937499999993 2.859946902795897 3.074545272235923 3.616068555970336 2.859946902795897 3.078295272235924 3.616068555970336 2.859946902795897 3.078295272235925 4.373687499999993 2.859946902795897 3.078295272235924 3.616068555970336 2.859946902795897 3.074545272235924 4.369937499999993 2.859946902795897 3.074545272235924 4.369937499999993 2.859946902795897 2.096714216265581 4.373687499999997 2.859946902795897 3.078295272235925 4.373687499999993 2.859946902795897 2.096714216265581 4.369937499999997 2.859946902795897 2.096714216265581 4.373687499999997 2.859946902795897 3.074545272235924 4.369937499999993 2.859946902795897 3.070795272235925 4.366187499999993 2.859946902795897 2.096714216265581 4.369937499999997 2.859946902795897 3.074545272235924 4.369937499999993 2.859946902795897 2.100068723205847 4.381187499999999 2.846956521739131 2.099230096470781 4.379312499999999 2.850204117003323 2.098391469735714 4.377437499999999 2.853451712267515 2.097552843000647 4.375562499999999 2.856699307531706 2.096714216265581 4.373687499999997 2.859946902795897 3.078295272235925 4.373687499999993 2.859946902795897 3.080170272235925 4.375562499999993 2.856699307531706 3.082045272235925 4.377437499999993 2.853451712267514 3.084035518320396 4.379427746084466 2.850004504929644 3.084428733225168 4.379820960989235 2.849323436736287 3.085795272235925 4.381187499999994 2.846956521739131 3.084423363387851 4.37981559115192 2.844580305910914 3.085795272235925 4.381187499999994 2.846956521739131 3.084044343683762 4.37943657144783 2.843923824526362 3.082045272235925 4.377437499999993 2.840461331210747 3.080170272235925 4.375562499999993 2.837213735946555 3.078295272235925 4.373687499999993 2.833966140682364 2.103423230146113 4.373687499999997 2.833966140682364 2.102584603411046 4.375562499999997 2.837213735946556 2.102513872987837 4.375720638940686 2.837487640626486 2.10174597667598 4.377437499999999 2.840461331210748 2.101604515829561 4.377753777881377 2.841009140570608 2.100907349940913 4.379312499999997 2.84370892647494 2.100836619517704 4.379470638940688 2.843982831154869 2.100068723205847 4.381187499999999 2.846956521739131 3.059545272235925 4.354937499999995 2.840461331210748 3.057670272235925 4.353062499999993 2.84370892647494 3.055795272235925 4.351187499999995 2.846956521739131 2.100068723205847 4.351187499999999 2.846956521739131 2.100682335149979 4.352559412374286 2.84458029980333 2.100836619517703 4.352904361059308 2.84398283115487 2.101745976675979 4.354937499999999 2.840461331210748 2.102584603411046 4.356812499999999 2.837213735946556 2.103423230146113 4.358687499999999 2.833966140682364 3.063295272235925 4.358687499999994 2.833966140682364 3.061420272235925 4.356812499999993 2.837213735946556 2.103423230146113 4.366187499999998 2.833966140682364 2.103423230146113 4.362437499999999 2.833966140682364 3.067045272235925 4.362437499999993 2.833966140682364 3.067045272235925 4.362437499999993 2.833966140682364 2.103423230146113 4.366187499999998 2.833966140682364 3.070795272235925 4.366187499999993 2.833966140682364 3.070795272235925 4.366187499999993 2.833966140682364 2.103423230146113 4.366187499999998 2.833966140682364 2.103423230146113 4.369937499999997 2.833966140682364 3.074545272235924 4.369937499999993 2.833966140682364 3.070795272235925 4.366187499999993 2.833966140682364 2.103423230146113 4.369937499999997 2.833966140682364 3.074545272235924 4.369937499999993 2.833966140682364 2.103423230146113 4.369937499999997 2.833966140682364 2.103423230146113 4.373687499999997 2.833966140682364 3.074545272235924 4.369937499999993 2.833966140682364 3.078295272235925 4.373687499999993 2.833966140682364 2.103423230146113 4.373687499999997 2.833966140682364 3.078295272235924 3.609359542089805 2.833966140682364 3.074545272235924 4.369937499999993 2.833966140682364 3.078295272235925 4.373687499999993 2.833966140682364 3.074545272235924 3.609359542089805 2.833966140682364 3.078295272235924 3.609359542089805 2.833966140682364 3.074545272235924 4.369937499999993 2.833966140682364 3.074545272235924 4.369937499999993 2.833966140682364 3.070795272235925 4.366187499999993 2.833966140682364 3.074545272235924 3.609359542089805 2.833966140682364 3.074545272235924 3.609359542089805 2.833966140682364 3.070795272235925 4.366187499999993 2.833966140682364 3.070795272235923 3.609359542089805 2.833966140682364 3.070795272235925 4.366187499999993 2.833966140682364 3.067045272235925 4.362437499999993 2.833966140682364 3.070795272235923 3.609359542089805 2.833966140682364 3.067045272235924 3.609359542089805 2.833966140682364 3.070795272235923 3.609359542089805 2.833966140682364 3.067045272235925 4.362437499999993 2.833966140682364 3.067045272235925 4.362437499999993 2.833966140682364 3.063295272235925 4.358687499999994 2.833966140682364 3.067045272235924 3.609359542089805 2.833966140682364 3.067045272235924 3.609359542089805 2.833966140682364 3.063295272235925 4.358687499999994 2.833966140682364 3.063295272235924 3.609359542089805 2.833966140682364 2.103423230146113 4.358687499999999 2.833966140682364 2.103423230146113 4.362437499999999 2.833966140682364 3.063295272235925 4.358687499999994 2.833966140682364 3.067045272235925 4.362437499999993 2.833966140682364 3.063295272235925 4.358687499999994 2.833966140682364 2.103423230146113 4.362437499999999 2.833966140682364 3.061420272235924 4.356812499999993 2.856699307531705 3.059545272235924 4.354937499999995 2.853451712267514 3.057670272235925 4.353062499999993 2.850204117003323 3.055795272235925 4.351187499999995 2.846956521739131 3.055795272235923 3.61271404903007 2.84695652173913 3.057555033600603 3.613501133258209 2.850004517831953 3.059228994354542 3.614249841653784 2.85290390290765 3.059314794965284 3.614288217486345 2.853052513924776 3.061305033600604 3.615178386728341 2.856499708360336 3.063295272235923 3.616068555970336 2.859946902795897 3.063295272235924 4.358687499999994 2.859946902795897 3.080170272235924 3.615229929235271 2.856699307531705 3.078295272235924 3.616068555970336 2.859946902795897 3.082045272235924 3.614391302500204 2.853451712267514 3.083920272235923 3.613552675765139 2.850204117003323 3.085795272235923 3.612714049030072 2.846956521739131 3.085795272235925 4.381187499999994 2.846956521739131 3.084428733225168 4.379820960989235 2.849323436736287 3.084035518320396 4.379427746084466 2.850004504929644 3.082045272235925 4.377437499999993 2.853451712267514 3.080170272235925 4.375562499999993 2.856699307531706 3.078295272235925 4.373687499999993 2.859946902795897 3.083920272235923 3.611875422295005 2.84370892647494 3.082045272235924 3.611036795559938 2.840461331210748 3.080170272235924 3.610198168824873 2.837213735946556 3.078295272235924 3.609359542089805 2.833966140682364 3.078295272235925 4.373687499999993 2.833966140682364 3.080170272235925 4.375562499999993 2.837213735946555 3.082045272235925 4.377437499999993 2.840461331210747 3.084044343683762 4.37943657144783 2.843923824526362 3.084423363387851 4.37981559115192 2.844580305910914 3.085795272235925 4.381187499999994 2.846956521739131 3.085795272235923 3.612714049030072 2.846956521739131 3.061420272235925 4.356812499999993 2.837213735946556 3.063295272235925 4.358687499999994 2.833966140682364 3.063295272235924 3.609359542089805 2.833966140682364 3.061420272235924 3.610198168824873 2.837213735946555 3.061296208116861 3.610253658684664 2.837428621304168 3.059545272235923 3.611036795559938 2.840461331210747 3.059297143997799 3.611147775279522 2.840891101925972 3.057670272235923 3.611875422295005 2.843708926474938 3.057546208116861 3.611930912154796 2.843923811832551 3.055795272235923 3.61271404903007 2.84695652173913 3.055795272235925 4.351187499999995 2.846956521739131 3.057670272235925 4.353062499999993 2.84370892647494 3.059545272235925 4.354937499999995 2.840461331210748 3.063295272235921 2.241587499999993 3.620529305309131 3.061420272235921 2.241587499999993 3.616817647820002 3.059545272235921 2.241587499999993 3.613105990330871 3.057670272235921 2.241587499999993 3.609394332841741 3.055795272235922 2.241587499999993 3.605682675352612 3.057516969922687 2.241587499999993 3.602274487558958 3.059545272235921 2.241587499999993 3.598259360374353 3.061420272235921 2.241587499999993 3.594547702885223 3.063295272235921 2.241587499999993 3.590836045396093 3.067045272235922 2.241587499999993 3.590836045396095 3.070795272235921 2.241587499999993 3.590836045396095 3.074545272235921 2.241587499999993 3.590836045396095 3.078295272235922 2.241587499999993 3.590836045396093 3.080323574549155 2.241587499999993 3.594851172580698 3.082351876862388 2.241587499999993 3.598866299765302 3.084073574549155 2.241587499999993 3.602274487558958 3.085795272235921 2.241587499999993 3.605682675352612 3.083920272235921 2.241587499999993 3.609394332841742 3.082045272235921 2.241587499999993 3.613105990330871 3.080170272235922 2.241587499999993 3.616817647820002 3.078295272235922 2.241587499999993 3.620529305309131 3.074545272235921 2.241587499999993 3.620529305309131 3.070795272235921 2.241587499999993 3.620529305309131 3.067045272235921 2.241587499999993 3.620529305309131 3.057670272235921 2.241587499999993 3.609394332841741 3.059545272235921 2.241587499999993 3.613105990330871 3.061420272235921 2.241587499999993 3.616817647820002 3.063295272235921 2.241587499999993 3.620529305309131 3.063295272235923 3.616068555970336 2.859946902795897 3.061305033600604 3.615178386728341 2.856499708360336 3.059314794965284 3.614288217486345 2.853052513924776 3.059228994354542 3.614249841653784 2.85290390290765 3.057555033600603 3.613501133258209 2.850004517831953 3.055795272235923 3.61271404903007 2.84695652173913 3.055795272235922 2.241587499999993 3.605682675352612 3.083920272235923 3.613552675765139 2.850204117003323 3.082045272235924 3.614391302500204 2.853451712267514 3.080170272235924 3.615229929235271 2.856699307531705 3.078295272235924 3.616068555970336 2.859946902795897 3.078295272235922 2.241587499999993 3.620529305309131 3.080170272235922 2.241587499999993 3.616817647820002 3.082045272235921 2.241587499999993 3.613105990330871 3.083920272235921 2.241587499999993 3.609394332841742 3.085795272235921 2.241587499999993 3.605682675352612 3.085795272235923 3.612714049030072 2.846956521739131 3.074545272235923 3.616068555970336 2.859946902795897 3.070795272235923 3.616068555970336 2.859946902795897 3.067045272235923 3.616068555970336 2.859946902795897 3.063295272235923 3.616068555970336 2.859946902795897 3.063295272235921 2.241587499999993 3.620529305309131 3.067045272235921 2.241587499999993 3.620529305309131 3.070795272235921 2.241587499999993 3.620529305309131 3.074545272235921 2.241587499999993 3.620529305309131 3.078295272235922 2.241587499999993 3.620529305309131 3.078295272235924 3.616068555970336 2.859946902795897 3.080170272235924 3.610198168824873 2.837213735946556 3.078295272235924 3.609359542089805 2.833966140682364 3.082045272235924 3.611036795559938 2.840461331210748 3.083920272235923 3.611875422295005 2.84370892647494 3.085795272235923 3.612714049030072 2.846956521739131 3.085795272235921 2.241587499999993 3.605682675352612 3.084073574549155 2.241587499999993 3.602274487558958 3.082351876862388 2.241587499999993 3.598866299765302 3.080323574549155 2.241587499999993 3.594851172580698 3.078295272235922 2.241587499999993 3.590836045396093 3.070795272235921 2.241587499999993 3.590836045396095 3.067045272235922 2.241587499999993 3.590836045396095 3.063295272235921 2.241587499999993 3.590836045396093 3.063295272235924 3.609359542089805 2.833966140682364 3.067045272235924 3.609359542089805 2.833966140682364 3.070795272235923 3.609359542089805 2.833966140682364 3.074545272235924 3.609359542089805 2.833966140682364 3.078295272235924 3.609359542089805 2.833966140682364 3.078295272235922 2.241587499999993 3.590836045396093 3.074545272235921 2.241587499999993 3.590836045396095 3.059545272235921 2.241587499999993 3.598259360374353 3.057516969922687 2.241587499999993 3.602274487558958 3.055795272235922 2.241587499999993 3.605682675352612 3.055795272235923 3.61271404903007 2.84695652173913 3.057546208116861 3.611930912154796 2.843923811832551 3.057670272235923 3.611875422295005 2.843708926474938 3.059297143997799 3.611147775279522 2.840891101925972 3.059545272235923 3.611036795559938 2.840461331210747 3.061296208116861 3.610253658684664 2.837428621304168 3.061420272235924 3.610198168824873 2.837213735946555 3.063295272235924 3.609359542089805 2.833966140682364 3.063295272235921 2.241587499999993 3.590836045396093 3.061420272235921 2.241587499999993 3.594547702885223 0.02909527223591557 0.001587500000000519 0.118009958439573 0.03097027223591519 0.001587500000000519 0.1217216159287026 0.0328452722359156 0.001587500000000519 0.1254332734178321 0.03472027223591522 0.001587500000000519 0.1291449309069617 0.03659527223591563 0.001587500000000519 0.1328565883960914 0.03516417765870205 0.001587500000000519 0.1356895126121803 0.03373308308148892 0.001587500000000519 0.1385224368282692 0.03141417765870202 0.001587500000000519 0.1431128275904395 0.02909527223591557 0.001587500000000519 0.1477032183526096 0.0253452722359152 0.001587500000000519 0.1477032183526097 0.02159527223591561 0.001587500000000519 0.1477032183526097 0.01784527223591603 0.001587500000000519 0.1477032183526099 0.01409527223591566 0.001587500000000519 0.1477032183526097 0.01222027223591559 0.001587500000000519 0.1439915608634804 0.01034527223591563 0.001587500000000519 0.1402799033743508 0.008026366813129182 0.001587500000000519 0.1356895126121805 0.006595272235915605 0.001587500000000519 0.1328565883960917 0.00847027223591612 0.001587500000000519 0.1291449309069622 0.01034527223591563 0.001587500000000519 0.1254332734178325 0.01222027223591559 0.001587500000000519 0.121721615928703 0.01409527223591566 0.001587500000000519 0.1180099584395734 0.01784527223591603 0.001587500000000519 0.1180099584395732 0.02159527223591561 0.001587500000000519 0.1180099584395731 0.0253452722359152 0.001587500000000519 0.1180099584395731 0.02909527223592012 3.302106444029656 1.974077337578506 0.02909527223591557 0.001587500000000519 0.1477032183526096 0.03141417765870202 0.001587500000000519 0.1431128275904395 0.03373308308148892 0.001587500000000519 0.1385224368282692 0.03516417765870205 0.001587500000000519 0.1356895126121803 0.03659527223591563 0.001587500000000519 0.1328565883960914 0.03659527223592062 3.305460950969922 1.961086956521739 0.03534265034354389 3.304900693792387 1.963256561282009 0.03472027223592066 3.304622324234855 1.964334551785931 0.03409002845116715 3.304340436614853 1.965426166042278 0.03284527223592059 3.303783697499788 1.967582147050123 0.03158478466641412 3.303219922259786 1.969765375562817 0.03097027223592063 3.302945070764722 1.970829742314314 0.008026366813129182 0.001587500000000519 0.1356895126121805 0.01034527223591563 0.001587500000000519 0.1402799033743508 0.01222027223591559 0.001587500000000519 0.1439915608634804 0.01409527223591566 0.001587500000000519 0.1477032183526097 0.0140952722359211 3.302106444029657 1.974077337578506 0.01222027223592148 3.302945070764723 1.970829742314314 0.01034527223592107 3.303783697499789 1.967582147050123 0.008470272235921116 3.304622324234855 1.964334551785931 0.006595272235921045 3.305460950969922 1.961086956521739 0.006595272235915605 0.001587500000000519 0.1328565883960917 0.01784527223591603 0.001587500000000519 0.1477032183526099 0.02159527223591561 0.001587500000000519 0.1477032183526097 0.0253452722359152 0.001587500000000519 0.1477032183526097 0.02909527223591557 0.001587500000000519 0.1477032183526096 0.02909527223592012 3.302106444029656 1.974077337578506 0.02534527223592064 3.302106444029656 1.974077337578506 0.02159527223592061 3.302106444029656 1.974077337578506 0.01784527223592058 3.302106444029657 1.974077337578506 0.0140952722359211 3.302106444029657 1.974077337578506 0.01409527223591566 0.001587500000000519 0.1477032183526097 0.01409527223591566 0.001587500000000519 0.1180099584395734 0.01222027223591559 0.001587500000000519 0.121721615928703 0.01034527223591563 0.001587500000000519 0.1254332734178325 0.00847027223591612 0.001587500000000519 0.1291449309069622 0.006595272235915605 0.001587500000000519 0.1328565883960917 0.006595272235921045 3.305460950969922 1.961086956521739 0.008024692907199981 3.30610028451157 1.958611127293696 0.008470272235920672 3.306299577704989 1.957839361257548 0.009454113578478362 3.306739618053218 1.956135298065652 0.01034527223592107 3.307138204440055 1.954591765993357 0.01177469290719945 3.307777537981703 1.952115936765312 0.01222027223592059 3.30797683117512 1.951344170729164 0.01409527223592066 3.308815457910188 1.948096575464973 0.02159527223592061 3.308815457910188 1.948096575464973 0.02534527223592064 3.308815457910188 1.948096575464973 0.02909527223592012 3.308815457910188 1.948096575464972 0.02909527223591557 0.001587500000000519 0.118009958439573 0.0253452722359152 0.001587500000000519 0.1180099584395731 0.02159527223591561 0.001587500000000519 0.1180099584395731 0.01784527223591603 0.001587500000000519 0.1180099584395732 0.01409527223591566 0.001587500000000519 0.1180099584395734 0.01409527223592066 3.308815457910188 1.948096575464973 0.01784527223592013 3.308815457910188 1.948096575464973 0.03659527223591563 0.001587500000000519 0.1328565883960914 0.03472027223591522 0.001587500000000519 0.1291449309069617 0.0328452722359156 0.001587500000000519 0.1254332734178321 0.03097027223591519 0.001587500000000519 0.1217216159287026 0.02909527223591557 0.001587500000000519 0.118009958439573 0.02909527223592012 3.308815457910188 1.948096575464972 0.03097027223592063 3.307976831175123 1.951344170729164 0.03284527223592059 3.307138204440055 1.954591765993356 0.03408100763773602 3.306585500042493 1.956732122494012 0.03516585156464224 3.306100284511571 1.958611127293695 0.0353381399368281 3.306023225506207 1.958909539507876 0.03659527223592062 3.305460950969922 1.961086956521739 0.02909527223592245 4.358687500000004 1.974077337578506 0.02909527223592012 3.302106444029656 1.974077337578506 0.03097027223592063 3.302945070764722 1.970829742314314 0.03158478466641412 3.303219922259786 1.969765375562817 0.03284527223592059 3.303783697499788 1.967582147050123 0.03409002845116715 3.304340436614853 1.965426166042278 0.03472027223592066 3.304622324234855 1.964334551785931 0.03534265034354389 3.304900693792387 1.963256561282009 0.03659527223592062 3.305460950969922 1.961086956521739 0.0365952722359224 4.351187500000004 1.961086956521739 0.03472027223592244 4.353062500000006 1.964334551785931 0.03284527223592248 4.354937500000006 1.967582147050123 0.03097027223592241 4.356812500000004 1.970829742314315 0.02159527223592194 4.366187500000004 1.974077337578506 0.01784527223592058 3.302106444029657 1.974077337578506 0.02159527223592061 3.302106444029656 1.974077337578506 0.02534527223592242 4.362437500000006 1.974077337578506 0.02159527223592194 4.366187500000004 1.974077337578506 0.02159527223592061 3.302106444029656 1.974077337578506 0.02159527223592061 3.302106444029656 1.974077337578506 0.02534527223592064 3.302106444029656 1.974077337578506 0.02534527223592242 4.362437500000006 1.974077337578506 0.02534527223592242 4.362437500000006 1.974077337578506 0.02909527223592245 4.358687500000004 1.974077337578506 0.02534527223592064 3.302106444029656 1.974077337578506 0.02909527223592245 4.358687500000004 1.974077337578506 0.02534527223592064 3.302106444029656 1.974077337578506 0.02909527223592012 3.302106444029656 1.974077337578506 0.7217142162655811 4.362437500000003 1.974077337578506 0.02534527223592242 4.362437500000006 1.974077337578506 0.02909527223592245 4.358687500000004 1.974077337578506 0.7217142162655811 4.362437500000003 1.974077337578506 0.02909527223592245 4.358687500000004 1.974077337578506 0.7217142162655811 4.358687500000002 1.974077337578506 0.7217142162655811 4.366187500000003 1.974077337578506 0.7217142162655811 4.362437500000003 1.974077337578506 0.02534527223592242 4.362437500000006 1.974077337578506 0.7217142162655811 4.366187500000003 1.974077337578506 0.02159527223592194 4.366187500000004 1.974077337578506 0.7217142162655811 4.369937500000002 1.974077337578506 0.02534527223592242 4.362437500000006 1.974077337578506 0.02159527223592194 4.366187500000004 1.974077337578506 0.7217142162655811 4.366187500000003 1.974077337578506 0.7217142162655811 4.369937500000002 1.974077337578506 0.02159527223592194 4.366187500000004 1.974077337578506 0.01784527223592202 4.369937500000006 1.974077337578506 0.01784527223592202 4.369937500000006 1.974077337578506 0.7217142162655811 4.369937500000002 1.974077337578506 0.7217142162655811 4.373687500000002 1.974077337578506 0.01409527223592155 4.373687500000006 1.974077337578506 0.7217142162655811 4.373687500000002 1.974077337578506 0.01784527223592202 4.369937500000006 1.974077337578506 0.01784527223592202 4.369937500000006 1.974077337578506 0.0140952722359211 3.302106444029657 1.974077337578506 0.01409527223592155 4.373687500000006 1.974077337578506 0.01784527223592058 3.302106444029657 1.974077337578506 0.0140952722359211 3.302106444029657 1.974077337578506 0.01784527223592202 4.369937500000006 1.974077337578506 0.02159527223592194 4.366187500000004 1.974077337578506 0.01784527223592058 3.302106444029657 1.974077337578506 0.01784527223592202 4.369937500000006 1.974077337578506 0.008470272235921116 3.304622324234855 1.964334551785931 0.01034527223592107 3.303783697499789 1.967582147050123 0.01222027223592148 3.302945070764723 1.970829742314314 0.0140952722359211 3.302106444029657 1.974077337578506 0.01409527223592155 4.373687500000006 1.974077337578506 0.01222027223592148 4.375562500000006 1.970829742314315 0.01034527223592196 4.377437500000004 1.967582147050123 0.009100510647439441 4.378682261588487 1.96542615673556 0.008477489500660739 4.379305282735266 1.964347052455149 0.007847891441680965 4.379934880794245 1.96325655662865 0.006595272235922933 4.381187500000004 1.96108695652174 0.006595272235921045 3.305460950969922 1.961086956521739 0.008024692907199981 3.30610028451157 1.958611127293696 0.006595272235921045 3.305460950969922 1.961086956521739 0.006595272235922933 4.381187500000004 1.96108695652174 0.00785240181927016 4.379930370416657 1.958909544211685 0.008467396581721908 4.379315375654204 1.957844342036728 0.009109531402617387 4.37867324083331 1.956732131901629 0.01034527223592196 4.377437500000004 1.954591765993357 0.01222027223592203 4.375562500000004 1.951344170729165 0.01409527223592155 4.373687500000006 1.948096575464974 0.01409527223592066 3.308815457910188 1.948096575464973 0.01222027223592059 3.30797683117512 1.951344170729164 0.01177469290719945 3.307777537981703 1.952115936765312 0.01034527223592107 3.307138204440055 1.954591765993357 0.009454113578478362 3.306739618053218 1.956135298065652 0.008470272235920672 3.306299577704989 1.957839361257548 0.03408100763773602 3.306585500042493 1.956732122494012 0.03284527223592059 3.307138204440055 1.954591765993356 0.03097027223592063 3.307976831175123 1.951344170729164 0.02909527223592012 3.308815457910188 1.948096575464972 0.02909527223592156 4.358687500000006 1.948096575464972 0.03097027223592152 4.356812500000004 1.951344170729164 0.03284527223592248 4.354937500000006 1.954591765993356 0.034720272235922 4.353062500000004 1.957839361257548 0.0365952722359224 4.351187500000004 1.961086956521739 0.03659527223592062 3.305460950969922 1.961086956521739 0.0353381399368281 3.306023225506207 1.958909539507876 0.03516585156464224 3.306100284511571 1.958611127293695 0.02159527223592061 3.308815457910188 1.948096575464973 0.02534527223592064 3.308815457910188 1.948096575464973 0.02534527223592197 4.362437500000006 1.948096575464973 0.02534527223592197 4.362437500000006 1.948096575464973 0.02159527223592061 3.308815457910188 1.948096575464973 0.0215952722359215 4.366187500000004 1.948096575464973 0.0215952722359215 4.366187500000004 1.948096575464973 0.02159527223592061 3.308815457910188 1.948096575464973 0.01784527223592013 3.308815457910188 1.948096575464973 0.01784527223592158 4.369937500000006 1.948096575464973 0.0215952722359215 4.366187500000004 1.948096575464973 0.01784527223592013 3.308815457910188 1.948096575464973 0.01784527223592158 4.369937500000006 1.948096575464973 0.01784527223592013 3.308815457910188 1.948096575464973 0.01409527223592066 3.308815457910188 1.948096575464973 0.01784527223592158 4.369937500000006 1.948096575464973 0.01409527223592155 4.373687500000006 1.948096575464974 0.01409527223592066 3.308815457910188 1.948096575464973 0.7284232301461127 4.373687500000002 1.948096575464973 0.01784527223592158 4.369937500000006 1.948096575464973 0.01409527223592155 4.373687500000006 1.948096575464974 0.7284232301461127 4.369937500000002 1.948096575464973 0.7284232301461127 4.373687500000002 1.948096575464973 0.01784527223592158 4.369937500000006 1.948096575464973 0.7284232301461127 4.369937500000002 1.948096575464973 0.0215952722359215 4.366187500000004 1.948096575464973 0.7284232301461127 4.366187500000003 1.948096575464973 0.01784527223592158 4.369937500000006 1.948096575464973 0.0215952722359215 4.366187500000004 1.948096575464973 0.7284232301461127 4.369937500000002 1.948096575464973 0.0215952722359215 4.366187500000004 1.948096575464973 0.02534527223592197 4.362437500000006 1.948096575464973 0.7284232301461127 4.366187500000003 1.948096575464973 0.7284232301461127 4.362437500000004 1.948096575464973 0.7284232301461127 4.366187500000003 1.948096575464973 0.02534527223592197 4.362437500000006 1.948096575464973 0.02534527223592197 4.362437500000006 1.948096575464973 0.02909527223592156 4.358687500000006 1.948096575464972 0.7284232301461127 4.362437500000004 1.948096575464973 0.7284232301461127 4.362437500000004 1.948096575464973 0.02909527223592156 4.358687500000006 1.948096575464972 0.7284232301461127 4.358687500000004 1.948096575464973 0.02909527223592012 3.308815457910188 1.948096575464972 0.02534527223592064 3.308815457910188 1.948096575464973 0.02909527223592156 4.358687500000006 1.948096575464972 0.02534527223592197 4.362437500000006 1.948096575464973 0.02909527223592156 4.358687500000006 1.948096575464972 0.02534527223592064 3.308815457910188 1.948096575464973 0.7225496108751453 4.356819726379823 1.970842258771321 0.7217142162655811 4.358687500000002 1.974077337578506 0.02909527223592245 4.358687500000004 1.974077337578506 0.03097027223592241 4.356812500000004 1.970829742314315 0.03284527223592248 4.354937500000006 1.967582147050123 0.03472027223592244 4.353062500000006 1.964334551785931 0.0365952722359224 4.351187500000004 1.961086956521739 0.7250687232058466 4.351187500000002 1.961086956521739 0.7243008268939902 4.352904361059311 1.964060647106 0.7242268643452784 4.353069726379823 1.964347068242938 0.7235329305821335 4.354621222118622 1.96703433769026 0.7233850054847098 4.354951952759646 1.967607179964136 0.7226235734238576 4.356654361059312 1.970555837634383 0.7225528430006474 4.375562500000002 1.970829742314314 0.7217142162655811 4.373687500000002 1.974077337578506 0.7233914697357141 4.377437500000002 1.967582147050123 0.7242300964707806 4.379312500000002 1.964334551785932 0.7243008268939904 4.379470638940693 1.964060647106 0.7250687232058466 4.381187500000002 1.96108695652174 0.006595272235922933 4.381187500000004 1.96108695652174 0.007847891441680965 4.379934880794245 1.96325655662865 0.008477489500660739 4.379305282735266 1.964347052455149 0.009100510647439441 4.378682261588487 1.96542615673556 0.01034527223592196 4.377437500000004 1.967582147050123 0.01222027223592148 4.375562500000006 1.970829742314315 0.01409527223592155 4.373687500000006 1.974077337578506 0.7259073499409133 4.379312500000002 1.957839361257548 0.7267459766759798 4.377437500000002 1.954591765993357 0.7275846034110461 4.375562500000002 1.951344170729165 0.7284232301461127 4.373687500000002 1.948096575464973 0.01409527223592155 4.373687500000006 1.948096575464974 0.01222027223592203 4.375562500000004 1.951344170729165 0.01034527223592196 4.377437500000004 1.954591765993357 0.009109531402617387 4.37867324083331 1.956732131901629 0.008467396581721908 4.379315375654204 1.957844342036728 0.00785240181927016 4.379930370416657 1.958909544211685 0.006595272235922933 4.381187500000004 1.96108695652174 0.7250687232058466 4.381187500000002 1.96108695652174 0.03284527223592248 4.354937500000006 1.954591765993356 0.03097027223592152 4.356812500000004 1.951344170729164 0.02909527223592156 4.358687500000006 1.948096575464972 0.7284232301461127 4.358687500000004 1.948096575464973 0.727583321235759 4.356809633315027 1.951349135973195 0.7267434123254058 4.354931766630047 1.954601696481417 0.7259060677656259 4.353059633315025 1.957844326501578 0.7250687232058466 4.351187500000002 1.961086956521739 0.0365952722359224 4.351187500000004 1.961086956521739 0.034720272235922 4.353062500000004 1.957839361257548 2.098846302859902 4.353920584998133 2.726690363817304 2.098391469735714 4.354937499999999 2.728451712267514 2.097780259562742 4.356304042499066 2.730818633306601 2.097552843000647 4.356812499999999 2.731699307531705 2.096714216265581 4.358687499999999 2.734946902795897 0.7217142162655811 4.358687500000002 1.974077337578506 0.7225496108751453 4.356819726379823 1.970842258771321 0.7226235734238576 4.356654361059312 1.970555837634383 0.7233850054847098 4.354951952759646 1.967607179964136 0.7235329305821335 4.354621222118622 1.96703433769026 0.7242268643452784 4.353069726379823 1.964347068242938 0.7243008268939902 4.352904361059311 1.964060647106 0.7250687232058466 4.351187500000002 1.961086956521739 2.100068723205847 4.351187499999999 2.721956521739131 2.099457513032875 4.352554042499066 2.724323442778218 2.09923009647078 4.353062499999999 2.725204117003322 0.7242300964707806 4.379312500000002 1.964334551785932 0.7233914697357141 4.377437500000002 1.967582147050123 0.7225528430006474 4.375562500000002 1.970829742314314 0.7217142162655811 4.373687500000002 1.974077337578506 2.096714216265581 4.373687499999999 2.734946902795897 2.097552843000647 4.375562499999999 2.731699307531705 2.098391469735714 4.377437499999999 2.728451712267514 2.099230096470781 4.379312499999999 2.725204117003324 2.100068723205847 4.381187499999999 2.721956521739131 0.7250687232058466 4.381187500000002 1.96108695652174 0.7243008268939904 4.379470638940693 1.964060647106 0.7217142162655811 4.369937500000002 1.974077337578506 0.7217142162655811 4.366187500000003 1.974077337578506 0.7217142162655811 4.362437500000003 1.974077337578506 0.7217142162655811 4.358687500000002 1.974077337578506 2.096714216265581 4.358687499999999 2.734946902795897 2.096714216265581 4.362437499999999 2.734946902795897 2.096714216265581 4.366187499999998 2.734946902795897 2.096714216265581 4.369937499999998 2.734946902795897 2.096714216265581 4.373687499999999 2.734946902795897 0.7217142162655811 4.373687500000002 1.974077337578506 0.7275846034110461 4.375562500000002 1.951344170729165 0.7267459766759798 4.377437500000002 1.954591765993357 0.7259073499409133 4.379312500000002 1.957839361257548 0.7250687232058466 4.381187500000002 1.96108695652174 2.100068723205847 4.381187499999999 2.721956521739131 2.100836619517704 4.379470638940688 2.718982831154869 2.100907349940913 4.379312499999999 2.718708926474939 2.101604515829561 4.377753777881379 2.716009140570607 2.10174597667598 4.377437499999999 2.715461331210747 2.102513872987837 4.375720638940689 2.712487640626486 2.102584603411046 4.375562499999999 2.712213735946556 2.103423230146113 4.373687499999999 2.708966140682365 0.7284232301461127 4.373687500000002 1.948096575464973 2.103423230146113 4.366187499999998 2.708966140682365 2.103423230146113 4.362437499999999 2.708966140682363 2.103423230146113 4.358687499999999 2.708966140682363 0.7284232301461127 4.358687500000004 1.948096575464973 0.7284232301461127 4.362437500000004 1.948096575464973 0.7284232301461127 4.366187500000003 1.948096575464973 0.7284232301461127 4.369937500000002 1.948096575464973 0.7284232301461127 4.373687500000002 1.948096575464973 2.103423230146113 4.373687499999999 2.708966140682365 2.103423230146113 4.369937499999998 2.708966140682365 2.10174597667598 4.354937499999999 2.715461331210747 2.100836619517703 4.352904361059308 2.71898283115487 2.100682335149979 4.352559412374289 2.71958029980333 2.100068723205847 4.351187499999999 2.721956521739131 0.7250687232058466 4.351187500000002 1.961086956521739 0.7259060677656259 4.353059633315025 1.957844326501578 0.7267434123254058 4.354931766630047 1.954601696481417 0.727583321235759 4.356809633315027 1.951349135973195 0.7284232301461127 4.358687500000004 1.948096575464973 2.103423230146113 4.358687499999999 2.708966140682363 2.102584603411046 4.356812499999999 2.712213735946555 3.063295272235925 4.358687499999995 2.734946902795897 2.096714216265581 4.358687499999999 2.734946902795897 2.097552843000647 4.356812499999999 2.731699307531705 2.097780259562742 4.356304042499066 2.730818633306601 2.098391469735714 4.354937499999999 2.728451712267514 2.098846302859902 4.353920584998133 2.726690363817304 2.09923009647078 4.353062499999999 2.725204117003322 2.099457513032875 4.352554042499066 2.724323442778218 2.100068723205847 4.351187499999999 2.721956521739131 3.055795272235926 4.351187499999995 2.721956521739131 3.057670272235926 4.353062499999995 2.725204117003322 3.059545272235926 4.354937499999995 2.728451712267514 3.061420272235925 4.356812499999995 2.731699307531705 3.070795272235926 4.366187499999993 2.734946902795897 2.096714216265581 4.369937499999998 2.734946902795897 2.096714216265581 4.366187499999998 2.734946902795897 3.067045272235926 4.362437499999995 2.734946902795897 3.070795272235926 4.366187499999993 2.734946902795897 2.096714216265581 4.366187499999998 2.734946902795897 2.096714216265581 4.366187499999998 2.734946902795897 2.096714216265581 4.362437499999999 2.734946902795897 3.067045272235926 4.362437499999995 2.734946902795897 3.067045272235926 4.362437499999995 2.734946902795897 3.063295272235925 4.358687499999995 2.734946902795897 2.096714216265581 4.362437499999999 2.734946902795897 3.063295272235925 4.358687499999995 2.734946902795897 2.096714216265581 4.362437499999999 2.734946902795897 2.096714216265581 4.358687499999999 2.734946902795897 3.067045272235924 3.616068555970336 2.734946902795897 3.067045272235926 4.362437499999995 2.734946902795897 3.063295272235925 4.358687499999995 2.734946902795897 3.067045272235924 3.616068555970336 2.734946902795897 3.063295272235925 4.358687499999995 2.734946902795897 3.063295272235924 3.616068555970336 2.734946902795897 3.070795272235925 3.616068555970336 2.734946902795897 3.067045272235924 3.616068555970336 2.734946902795897 3.067045272235926 4.362437499999995 2.734946902795897 3.070795272235925 3.616068555970336 2.734946902795897 3.070795272235926 4.366187499999993 2.734946902795897 3.074545272235924 3.616068555970336 2.734946902795897 3.067045272235926 4.362437499999995 2.734946902795897 3.070795272235926 4.366187499999993 2.734946902795897 3.070795272235925 3.616068555970336 2.734946902795897 3.074545272235924 3.616068555970336 2.734946902795897 3.070795272235926 4.366187499999993 2.734946902795897 3.074545272235925 4.369937499999995 2.734946902795897 3.074545272235925 4.369937499999995 2.734946902795897 3.074545272235924 3.616068555970336 2.734946902795897 3.078295272235925 3.616068555970336 2.734946902795897 3.078295272235926 4.373687499999995 2.734946902795897 3.078295272235925 3.616068555970336 2.734946902795897 3.074545272235925 4.369937499999995 2.734946902795897 3.074545272235925 4.369937499999995 2.734946902795897 2.096714216265581 4.373687499999999 2.734946902795897 3.078295272235926 4.373687499999995 2.734946902795897 2.096714216265581 4.369937499999998 2.734946902795897 2.096714216265581 4.373687499999999 2.734946902795897 3.074545272235925 4.369937499999995 2.734946902795897 3.070795272235926 4.366187499999993 2.734946902795897 2.096714216265581 4.369937499999998 2.734946902795897 3.074545272235925 4.369937499999995 2.734946902795897 2.100068723205847 4.381187499999999 2.721956521739131 2.099230096470781 4.379312499999999 2.725204117003324 2.098391469735714 4.377437499999999 2.728451712267514 2.097552843000647 4.375562499999999 2.731699307531705 2.096714216265581 4.373687499999999 2.734946902795897 3.078295272235926 4.373687499999995 2.734946902795897 3.080170272235926 4.375562499999993 2.731699307531705 3.082045272235926 4.377437499999995 2.728451712267514 3.084035518320398 4.379427746084466 2.725004504929644 3.084428733225169 4.379820960989238 2.724323436736286 3.085795272235926 4.381187499999995 2.721956521739131 3.084423363387852 4.379815591151921 2.719580305910914 3.085795272235926 4.381187499999995 2.721956521739131 3.084044343683763 4.379436571447833 2.718923824526362 3.082045272235926 4.377437499999995 2.715461331210747 3.080170272235926 4.375562499999993 2.712213735946555 3.078295272235926 4.373687499999995 2.708966140682363 2.103423230146113 4.373687499999999 2.708966140682365 2.102584603411046 4.375562499999999 2.712213735946556 2.102513872987837 4.375720638940689 2.712487640626486 2.10174597667598 4.377437499999999 2.715461331210747 2.101604515829561 4.377753777881379 2.716009140570607 2.100907349940913 4.379312499999999 2.718708926474939 2.100836619517704 4.379470638940688 2.718982831154869 2.100068723205847 4.381187499999999 2.721956521739131 3.059545272235926 4.354937499999995 2.715461331210747 3.057670272235926 4.353062499999995 2.718708926474939 3.055795272235926 4.351187499999995 2.721956521739131 2.100068723205847 4.351187499999999 2.721956521739131 2.100682335149979 4.352559412374289 2.71958029980333 2.100836619517703 4.352904361059308 2.71898283115487 2.10174597667598 4.354937499999999 2.715461331210747 2.102584603411046 4.356812499999999 2.712213735946555 2.103423230146113 4.358687499999999 2.708966140682363 3.063295272235926 4.358687499999995 2.708966140682364 3.061420272235926 4.356812499999995 2.712213735946556 2.103423230146113 4.366187499999998 2.708966140682365 2.103423230146113 4.362437499999999 2.708966140682363 3.067045272235926 4.362437499999995 2.708966140682363 3.067045272235926 4.362437499999995 2.708966140682363 2.103423230146113 4.366187499999998 2.708966140682365 3.070795272235926 4.366187499999993 2.708966140682363 3.070795272235926 4.366187499999993 2.708966140682363 2.103423230146113 4.366187499999998 2.708966140682365 2.103423230146113 4.369937499999998 2.708966140682365 3.074545272235926 4.369937499999995 2.708966140682363 3.070795272235926 4.366187499999993 2.708966140682363 2.103423230146113 4.369937499999998 2.708966140682365 3.074545272235926 4.369937499999995 2.708966140682363 2.103423230146113 4.369937499999998 2.708966140682365 2.103423230146113 4.373687499999999 2.708966140682365 3.074545272235926 4.369937499999995 2.708966140682363 3.078295272235926 4.373687499999995 2.708966140682363 2.103423230146113 4.373687499999999 2.708966140682365 3.078295272235925 3.609359542089805 2.708966140682364 3.074545272235926 4.369937499999995 2.708966140682363 3.078295272235926 4.373687499999995 2.708966140682363 3.074545272235924 3.609359542089805 2.708966140682364 3.078295272235925 3.609359542089805 2.708966140682364 3.074545272235926 4.369937499999995 2.708966140682363 3.074545272235926 4.369937499999995 2.708966140682363 3.070795272235926 4.366187499999993 2.708966140682363 3.074545272235924 3.609359542089805 2.708966140682364 3.074545272235924 3.609359542089805 2.708966140682364 3.070795272235926 4.366187499999993 2.708966140682363 3.070795272235925 3.609359542089805 2.708966140682364 3.070795272235926 4.366187499999993 2.708966140682363 3.067045272235926 4.362437499999995 2.708966140682363 3.070795272235925 3.609359542089805 2.708966140682364 3.067045272235925 3.609359542089805 2.708966140682364 3.070795272235925 3.609359542089805 2.708966140682364 3.067045272235926 4.362437499999995 2.708966140682363 3.067045272235926 4.362437499999995 2.708966140682363 3.063295272235926 4.358687499999995 2.708966140682364 3.067045272235925 3.609359542089805 2.708966140682364 3.067045272235925 3.609359542089805 2.708966140682364 3.063295272235926 4.358687499999995 2.708966140682364 3.063295272235925 3.609359542089805 2.708966140682364 2.103423230146113 4.358687499999999 2.708966140682363 2.103423230146113 4.362437499999999 2.708966140682363 3.063295272235926 4.358687499999995 2.708966140682364 3.067045272235926 4.362437499999995 2.708966140682363 3.063295272235926 4.358687499999995 2.708966140682364 2.103423230146113 4.362437499999999 2.708966140682363 3.061420272235925 4.356812499999995 2.731699307531705 3.059545272235926 4.354937499999995 2.728451712267514 3.057670272235926 4.353062499999995 2.725204117003322 3.055795272235926 4.351187499999995 2.721956521739131 3.055795272235925 3.612714049030072 2.721956521739131 3.057555033600605 3.613501133258209 2.725004517831954 3.059228994354544 3.614249841653786 2.727903902907651 3.059314794965285 3.614288217486348 2.728052513924777 3.061305033600605 3.615178386728341 2.731499708360337 3.063295272235924 3.616068555970336 2.734946902795897 3.063295272235925 4.358687499999995 2.734946902795897 3.080170272235925 3.615229929235271 2.731699307531705 3.078295272235925 3.616068555970336 2.734946902795897 3.082045272235925 3.614391302500204 2.728451712267514 3.083920272235924 3.613552675765139 2.725204117003322 3.085795272235924 3.612714049030072 2.721956521739131 3.085795272235926 4.381187499999995 2.721956521739131 3.084428733225169 4.379820960989238 2.724323436736286 3.084035518320398 4.379427746084466 2.725004504929644 3.082045272235926 4.377437499999995 2.728451712267514 3.080170272235926 4.375562499999993 2.731699307531705 3.078295272235926 4.373687499999995 2.734946902795897 3.083920272235924 3.611875422295005 2.718708926474939 3.082045272235925 3.61103679555994 2.715461331210747 3.080170272235925 3.610198168824873 2.712213735946556 3.078295272235925 3.609359542089805 2.708966140682364 3.078295272235926 4.373687499999995 2.708966140682363 3.080170272235926 4.375562499999993 2.712213735946555 3.082045272235926 4.377437499999995 2.715461331210747 3.084044343683763 4.379436571447833 2.718923824526362 3.084423363387852 4.379815591151921 2.719580305910914 3.085795272235926 4.381187499999995 2.721956521739131 3.085795272235924 3.612714049030072 2.721956521739131 3.061420272235926 4.356812499999995 2.712213735946556 3.063295272235926 4.358687499999995 2.708966140682364 3.063295272235925 3.609359542089805 2.708966140682364 3.061420272235924 3.610198168824873 2.712213735946556 3.061296208116862 3.610253658684664 2.712428621304167 3.059545272235924 3.61103679555994 2.715461331210747 3.0592971439978 3.611147775279522 2.715891101925971 3.057670272235925 3.611875422295005 2.718708926474939 3.057546208116862 3.611930912154796 2.718923811832551 3.055795272235925 3.612714049030072 2.721956521739131 3.055795272235926 4.351187499999995 2.721956521739131 3.057670272235926 4.353062499999995 2.718708926474939 3.059545272235926 4.354937499999995 2.715461331210747 3.063295272235922 2.241587499999993 3.495529305309131 3.061420272235922 2.241587499999993 3.491817647820002 3.059545272235922 2.241587499999993 3.488105990330872 3.057670272235923 2.241587499999993 3.484394332841743 3.055795272235922 2.241587499999993 3.480682675352614 3.057516969922688 2.241587499999993 3.47727448755896 3.059545272235922 2.241587499999993 3.473259360374354 3.061420272235922 2.241587499999993 3.469547702885225 3.063295272235923 2.241587499999993 3.465836045396094 3.067045272235922 2.241587499999993 3.465836045396094 3.070795272235922 2.241587499999993 3.465836045396094 3.074545272235922 2.241587499999993 3.465836045396095 3.078295272235923 2.241587499999993 3.465836045396094 3.080323574549156 2.241587499999993 3.469851172580699 3.08235187686239 2.241587499999993 3.473866299765304 3.084073574549156 2.241587499999993 3.477274487558959 3.085795272235922 2.241587499999993 3.480682675352614 3.083920272235922 2.241587499999993 3.484394332841743 3.082045272235922 2.241587499999993 3.488105990330872 3.080170272235922 2.241587499999993 3.491817647820002 3.078295272235922 2.241587499999993 3.495529305309131 3.074545272235922 2.241587499999993 3.495529305309131 3.070795272235922 2.241587499999993 3.495529305309132 3.067045272235922 2.241587499999993 3.495529305309132 3.057670272235923 2.241587499999993 3.484394332841743 3.059545272235922 2.241587499999993 3.488105990330872 3.061420272235922 2.241587499999993 3.491817647820002 3.063295272235922 2.241587499999993 3.495529305309131 3.063295272235924 3.616068555970336 2.734946902795897 3.061305033600605 3.615178386728341 2.731499708360337 3.059314794965285 3.614288217486348 2.728052513924777 3.059228994354544 3.614249841653786 2.727903902907651 3.057555033600605 3.613501133258209 2.725004517831954 3.055795272235925 3.612714049030072 2.721956521739131 3.055795272235922 2.241587499999993 3.480682675352614 3.083920272235924 3.613552675765139 2.725204117003322 3.082045272235925 3.614391302500204 2.728451712267514 3.080170272235925 3.615229929235271 2.731699307531705 3.078295272235925 3.616068555970336 2.734946902795897 3.078295272235922 2.241587499999993 3.495529305309131 3.080170272235922 2.241587499999993 3.491817647820002 3.082045272235922 2.241587499999993 3.488105990330872 3.083920272235922 2.241587499999993 3.484394332841743 3.085795272235922 2.241587499999993 3.480682675352614 3.085795272235924 3.612714049030072 2.721956521739131 3.074545272235924 3.616068555970336 2.734946902795897 3.070795272235925 3.616068555970336 2.734946902795897 3.067045272235924 3.616068555970336 2.734946902795897 3.063295272235924 3.616068555970336 2.734946902795897 3.063295272235922 2.241587499999993 3.495529305309131 3.067045272235922 2.241587499999993 3.495529305309132 3.070795272235922 2.241587499999993 3.495529305309132 3.074545272235922 2.241587499999993 3.495529305309131 3.078295272235922 2.241587499999993 3.495529305309131 3.078295272235925 3.616068555970336 2.734946902795897 3.080170272235925 3.610198168824873 2.712213735946556 3.078295272235925 3.609359542089805 2.708966140682364 3.082045272235925 3.61103679555994 2.715461331210747 3.083920272235924 3.611875422295005 2.718708926474939 3.085795272235924 3.612714049030072 2.721956521739131 3.085795272235922 2.241587499999993 3.480682675352614 3.084073574549156 2.241587499999993 3.477274487558959 3.08235187686239 2.241587499999993 3.473866299765304 3.080323574549156 2.241587499999993 3.469851172580699 3.078295272235923 2.241587499999993 3.465836045396094 3.070795272235922 2.241587499999993 3.465836045396094 3.067045272235922 2.241587499999993 3.465836045396094 3.063295272235923 2.241587499999993 3.465836045396094 3.063295272235925 3.609359542089805 2.708966140682364 3.067045272235925 3.609359542089805 2.708966140682364 3.070795272235925 3.609359542089805 2.708966140682364 3.074545272235924 3.609359542089805 2.708966140682364 3.078295272235925 3.609359542089805 2.708966140682364 3.078295272235923 2.241587499999993 3.465836045396094 3.074545272235922 2.241587499999993 3.465836045396095 3.059545272235922 2.241587499999993 3.473259360374354 3.057516969922688 2.241587499999993 3.47727448755896 3.055795272235922 2.241587499999993 3.480682675352614 3.055795272235925 3.612714049030072 2.721956521739131 3.057546208116862 3.611930912154796 2.718923811832551 3.057670272235925 3.611875422295005 2.718708926474939 3.0592971439978 3.611147775279522 2.715891101925971 3.059545272235924 3.61103679555994 2.715461331210747 3.061296208116862 3.610253658684664 2.712428621304167 3.061420272235924 3.610198168824873 2.712213735946556 3.063295272235925 3.609359542089805 2.708966140682364 3.063295272235923 2.241587499999993 3.465836045396094 3.061420272235922 2.241587499999993 3.469547702885225 0.003796974515611895 0.001587500000000519 0.8815004990642646 0.001595272235915601 0.001587500000000519 0.8771421178614555 0.004095272235915659 0.001587500000000519 0.8721932412092828 0.006595272235915161 0.001587500000000519 0.8672443645571098 0.009095272235915108 0.001587500000000519 0.8622954879049371 0.01159527223591516 0.001587500000000519 0.8573466112527642 0.01659527223591517 0.001587500000000519 0.8573466112527643 0.02159527223591517 0.001587500000000519 0.8573466112527641 0.02659527223591562 0.001587500000000519 0.857346611252764 0.03159527223591562 0.001587500000000519 0.857346611252764 0.03409527223591557 0.001587500000000519 0.8622954879049368 0.03659527223591563 0.001587500000000519 0.8672443645571095 0.03909527223591557 0.001587500000000519 0.8721932412092822 0.04159527223591519 0.001587500000000519 0.8771421178614551 0.03939356995621934 0.001587500000000519 0.8815004990642646 0.03719186767652304 0.001587500000000519 0.8858588802670742 0.03439356995621933 0.001587500000000519 0.8913982523686102 0.03159527223591562 0.001587500000000519 0.8969376244701461 0.02659527223591562 0.001587500000000519 0.8969376244701461 0.02159527223591561 0.001587500000000519 0.8969376244701461 0.01659527223591561 0.001587500000000519 0.8969376244701461 0.01159527223591561 0.001587500000000519 0.8969376244701461 0.009095272235915663 0.001587500000000519 0.8919887478179735 0.006595272235916049 0.001587500000000519 0.8870398711658008 0.03439356995621933 0.001587500000000519 0.8913982523686102 0.03719186767652304 0.001587500000000519 0.8858588802670742 0.03939356995621934 0.001587500000000519 0.8815004990642646 0.04159527223591519 0.001587500000000519 0.8771421178614551 0.04159527223592063 3.306752101293229 2.706086956521739 0.03967562600272322 3.305893505744948 2.709411881330194 0.03909527223592057 3.305633932313141 2.710417083540661 0.0377559797695266 3.305034910196665 2.712736806138649 0.03659527223592018 3.304515763333052 2.714747210559584 0.03467562600272322 3.303657167784771 2.718072135368038 0.03409527223592012 3.303397594352963 2.719077337578506 0.03159527223592017 3.302279425372875 2.723407464597429 0.03159527223591562 0.001587500000000519 0.8969376244701461 0.003796974515611895 0.001587500000000519 0.8815004990642646 0.006595272235916049 0.001587500000000519 0.8870398711658008 0.009095272235915663 0.001587500000000519 0.8919887478179735 0.01159527223591561 0.001587500000000519 0.8969376244701461 0.0115952722359206 3.302279425372875 2.723407464597428 0.009095272235920659 3.303397594352964 2.719077337578506 0.006595272235920601 3.304515763333052 2.714747210559584 0.004095272235921099 3.305633932313141 2.710417083540662 0.001595272235921041 3.306752101293229 2.70608695652174 0.001595272235915601 0.001587500000000519 0.8771421178614555 0.01659527223591561 0.001587500000000519 0.8969376244701461 0.02159527223591561 0.001587500000000519 0.8969376244701461 0.02659527223591562 0.001587500000000519 0.8969376244701461 0.03159527223591562 0.001587500000000519 0.8969376244701461 0.03159527223592017 3.302279425372875 2.723407464597429 0.02659527223592061 3.302279425372875 2.723407464597429 0.02159527223592061 3.302279425372875 2.723407464597429 0.01659527223592061 3.302279425372875 2.723407464597428 0.0115952722359206 3.302279425372875 2.723407464597428 0.01159527223591561 0.001587500000000519 0.8969376244701461 0.009095272235915108 0.001587500000000519 0.8622954879049371 0.006595272235915161 0.001587500000000519 0.8672443645571098 0.004095272235915659 0.001587500000000519 0.8721932412092828 0.001595272235915601 0.001587500000000519 0.8771421178614555 0.001595272235921041 3.306752101293229 2.70608695652174 0.003793544832175421 3.307735317383993 2.70227943669614 0.00409527223592021 3.307870270273317 2.701756829502818 0.005991817428429802 3.308718533474758 2.698471916870541 0.006595272235919713 3.308988439253406 2.697426702483896 0.008793544832174537 3.30997165534417 2.693619182658296 0.00909527223591966 3.310106608233496 2.693096575464973 0.01159527223591971 3.311224777213583 2.688766448446051 0.01159527223591516 0.001587500000000519 0.8573466112527642 0.02159527223591928 3.311224777213583 2.688766448446051 0.02659527223591973 3.311224777213583 2.68876644844605 0.03159527223591973 3.311224777213583 2.68876644844605 0.03159527223591562 0.001587500000000519 0.857346611252764 0.02659527223591562 0.001587500000000519 0.857346611252764 0.02159527223591517 0.001587500000000519 0.8573466112527641 0.01659527223591517 0.001587500000000519 0.8573466112527643 0.01159527223591516 0.001587500000000519 0.8573466112527642 0.01159527223591971 3.311224777213583 2.688766448446051 0.01659527223591927 3.311224777213583 2.688766448446051 0.04159527223591519 0.001587500000000519 0.8771421178614551 0.03909527223591557 0.001587500000000519 0.8721932412092822 0.03659527223591563 0.001587500000000519 0.8672443645571095 0.03409527223591557 0.001587500000000519 0.8622954879049368 0.03159527223591562 0.001587500000000519 0.857346611252764 0.03159527223591973 3.311224777213583 2.68876644844605 0.03409527223592012 3.310106608233496 2.693096575464973 0.03466644139699059 3.309851142778178 2.694085869471664 0.03659527223592018 3.308988439253406 2.697426702483895 0.03773761055806146 3.308477508342773 2.699405290497278 0.03939699963966669 3.307735317383994 2.702279436696141 0.0396664413969906 3.307614804818001 2.702746123509509 0.04159527223592063 3.306752101293229 2.706086956521739 0.04159527223592196 4.346187500000006 2.706086956521739 0.04159527223592063 3.306752101293229 2.706086956521739 0.03909527223592201 4.348687500000004 2.710417083540661 0.03872257640085441 4.349060195835071 2.711062611662768 0.03659527223592196 4.351187500000004 2.714747210559584 0.03409527223592201 4.353687500000006 2.719077337578506 0.03159527223592195 4.356187500000004 2.723407464597428 0.03159527223592017 3.302279425372875 2.723407464597429 0.03409527223592012 3.303397594352963 2.719077337578506 0.03467562600272322 3.303657167784771 2.718072135368038 0.03659527223592018 3.304515763333052 2.714747210559584 0.0377559797695266 3.305034910196665 2.712736806138649 0.03909527223592057 3.305633932313141 2.710417083540661 0.03967562600272322 3.305893505744948 2.709411881330194 0.02159527223592194 4.366187500000004 2.723407464597428 0.01659527223592061 3.302279425372875 2.723407464597428 0.02159527223592061 3.302279425372875 2.723407464597429 0.02659527223592195 4.361187500000006 2.723407464597428 0.02159527223592194 4.366187500000004 2.723407464597428 0.02159527223592061 3.302279425372875 2.723407464597429 0.02159527223592061 3.302279425372875 2.723407464597429 0.02659527223592061 3.302279425372875 2.723407464597429 0.02659527223592195 4.361187500000006 2.723407464597428 0.02659527223592195 4.361187500000006 2.723407464597428 0.03159527223592195 4.356187500000004 2.723407464597428 0.02659527223592061 3.302279425372875 2.723407464597429 0.03159527223592195 4.356187500000004 2.723407464597428 0.02659527223592061 3.302279425372875 2.723407464597429 0.03159527223592017 3.302279425372875 2.723407464597429 0.7218871976088 4.361187500000002 2.723407464597428 0.02659527223592195 4.361187500000006 2.723407464597428 0.03159527223592195 4.356187500000004 2.723407464597428 0.7218871976088 4.361187500000002 2.723407464597428 0.03159527223592195 4.356187500000004 2.723407464597428 0.7218871976087998 4.356187500000002 2.723407464597428 0.7218871976088 4.366187500000003 2.723407464597428 0.7218871976088 4.361187500000002 2.723407464597428 0.02659527223592195 4.361187500000006 2.723407464597428 0.7218871976088 4.366187500000003 2.723407464597428 0.02159527223592194 4.366187500000004 2.723407464597428 0.7218871976088 4.371187500000003 2.723407464597428 0.02659527223592195 4.361187500000006 2.723407464597428 0.02159527223592194 4.366187500000004 2.723407464597428 0.7218871976088 4.366187500000003 2.723407464597428 0.7218871976088 4.371187500000003 2.723407464597428 0.02159527223592194 4.366187500000004 2.723407464597428 0.01659527223592194 4.371187500000004 2.723407464597428 0.01659527223592194 4.371187500000004 2.723407464597428 0.7218871976088 4.371187500000003 2.723407464597428 0.7218871976088 4.376187500000003 2.723407464597428 0.01159527223592193 4.376187500000004 2.723407464597428 0.7218871976088 4.376187500000003 2.723407464597428 0.01659527223592194 4.371187500000004 2.723407464597428 0.01659527223592194 4.371187500000004 2.723407464597428 0.0115952722359206 3.302279425372875 2.723407464597428 0.01159527223592193 4.376187500000004 2.723407464597428 0.01659527223592061 3.302279425372875 2.723407464597428 0.0115952722359206 3.302279425372875 2.723407464597428 0.01659527223592194 4.371187500000004 2.723407464597428 0.02159527223592194 4.366187500000004 2.723407464597428 0.01659527223592061 3.302279425372875 2.723407464597428 0.01659527223592194 4.371187500000004 2.723407464597428 0.001595272235921041 3.306752101293229 2.70608695652174 0.004095272235921099 3.305633932313141 2.710417083540662 0.006595272235920601 3.304515763333052 2.714747210559584 0.009095272235920659 3.303397594352964 2.719077337578506 0.0115952722359206 3.302279425372875 2.723407464597428 0.01159527223592193 4.376187500000004 2.723407464597428 0.009095272235922435 4.378687500000006 2.719077337578506 0.006595272235922489 4.381187500000004 2.714747210559584 0.004467968070989591 4.383314804164937 2.711062611662767 0.003514911216917382 4.384267861019009 2.709411868769013 0.001595272235922484 4.386187500000004 2.70608695652174 0.01159527223592193 4.376187500000004 2.688766448446051 0.01659527223592194 4.371187500000004 2.688766448446051 0.01159527223591971 3.311224777213583 2.688766448446051 0.01659527223592194 4.371187500000004 2.688766448446051 0.01659527223591927 3.311224777213583 2.688766448446051 0.01159527223591971 3.311224777213583 2.688766448446051 0.01659527223592194 4.371187500000004 2.688766448446051 0.01659527223591927 3.311224777213583 2.688766448446051 0.02159527223592194 4.366187500000004 2.688766448446051 0.01159527223592193 4.376187500000004 2.688766448446051 0.01659527223592194 4.371187500000004 2.688766448446051 0.7308325494495083 4.376187500000003 2.688766448446051 0.7308325494495079 4.371187500000004 2.688766448446051 0.7308325494495083 4.376187500000003 2.688766448446051 0.01659527223592194 4.371187500000004 2.688766448446051 0.7308325494495079 4.371187500000004 2.688766448446051 0.02159527223592194 4.366187500000004 2.688766448446051 0.01659527223592194 4.371187500000004 2.688766448446051 0.7308325494495079 4.371187500000004 2.688766448446051 0.02159527223592194 4.366187500000004 2.688766448446051 0.7308325494495083 4.366187500000003 2.688766448446051 0.7308325494495083 4.366187500000003 2.688766448446051 0.02159527223592194 4.366187500000004 2.688766448446051 0.02659527223592195 4.361187500000006 2.688766448446051 0.7308325494495083 4.361187500000002 2.688766448446051 0.02659527223592195 4.361187500000006 2.688766448446051 0.7308325494495083 4.366187500000003 2.688766448446051 0.7308325494495083 4.361187500000002 2.688766448446051 0.02659527223592195 4.361187500000006 2.688766448446051 0.03159527223592195 4.356187500000004 2.688766448446051 0.7308325494495083 4.356187500000002 2.688766448446051 0.03159527223592195 4.356187500000004 2.688766448446051 0.7308325494495083 4.361187500000002 2.688766448446051 0.02659527223592195 4.361187500000006 2.688766448446051 0.02659527223591973 3.311224777213583 2.68876644844605 0.03159527223592195 4.356187500000004 2.688766448446051 0.03159527223591973 3.311224777213583 2.68876644844605 0.02659527223591973 3.311224777213583 2.68876644844605 0.03159527223592195 4.356187500000004 2.688766448446051 0.02159527223591928 3.311224777213583 2.688766448446051 0.02659527223591973 3.311224777213583 2.68876644844605 0.02659527223592195 4.361187500000006 2.688766448446051 0.02659527223592195 4.361187500000006 2.688766448446051 0.02159527223592194 4.366187500000004 2.688766448446051 0.02159527223591928 3.311224777213583 2.688766448446051 0.02159527223592194 4.366187500000004 2.688766448446051 0.02159527223591928 3.311224777213583 2.688766448446051 0.01659527223591927 3.311224777213583 2.688766448446051 0.01159527223591971 3.311224777213583 2.688766448446051 0.00909527223591966 3.310106608233496 2.693096575464973 0.008793544832174537 3.30997165534417 2.693619182658296 0.006595272235919713 3.308988439253406 2.697426702483896 0.005991817428429802 3.308718533474758 2.698471916870541 0.00409527223592021 3.307870270273317 2.701756829502818 0.003793544832175421 3.307735317383993 2.70227943669614 0.001595272235921041 3.306752101293229 2.70608695652174 0.001595272235922484 4.386187500000004 2.70608695652174 0.003524095723116626 4.38425867651281 2.702746136243087 0.004447642805091578 4.383335129430836 2.701146505773925 0.00545291921031088 4.382329853025616 2.699405315964435 0.007300013374260672 4.380482758861667 2.69620605502611 0.008524095723116631 4.379258676512812 2.694085882205243 0.009447642805091582 4.378335129430836 2.692486251736081 0.01159527223592193 4.376187500000004 2.688766448446051 0.03939699963966669 3.307735317383994 2.702279436696141 0.03773761055806146 3.308477508342773 2.699405290497278 0.03659527223592018 3.308988439253406 2.697426702483895 0.03466644139699059 3.309851142778178 2.694085869471664 0.03409527223592012 3.310106608233496 2.693096575464973 0.03159527223591973 3.311224777213583 2.68876644844605 0.03159527223592195 4.356187500000004 2.688766448446051 0.03409527223592201 4.353687500000006 2.693096575464973 0.03659527223592196 4.351187500000004 2.697426702483896 0.03909527223592201 4.348687500000004 2.701756829502817 0.04159527223592196 4.346187500000006 2.706086956521739 0.04159527223592063 3.306752101293229 2.706086956521739 0.0396664413969906 3.307614804818001 2.702746123509509 0.03159527223592195 4.356187500000004 2.723407464597428 0.03409527223592201 4.353687500000006 2.719077337578506 0.03659527223592196 4.351187500000004 2.714747210559584 0.03872257640085441 4.349060195835071 2.711062611662768 0.03909527223592201 4.348687500000004 2.710417083540661 0.04159527223592196 4.346187500000006 2.706086956521739 0.7263598735291543 4.346187500000002 2.706086956521739 0.7251785882217427 4.348828615360128 2.710661502514127 0.7250749989098126 4.349060220139404 2.711062653759107 0.7239973029143318 4.351469730720253 2.715236048506515 0.7237901242904716 4.351932940278803 2.716038350996476 0.7229422502615657 4.353828615360126 2.719321756551971 0.7228386609496355 4.354060220139404 2.719722907796951 0.7218871976087998 4.356187500000002 2.723407464597428 0.7230053665888883 4.378687500000002 2.719077337578506 0.7218871976088 4.376187500000003 2.723407464597428 0.7241235355689771 4.381187500000002 2.714747210559584 0.7251785882217431 4.383546384639877 2.710661502514126 0.7252417045490654 4.383687500000002 2.710417083540662 0.7263598735291538 4.386187500000002 2.70608695652174 0.001595272235922484 4.386187500000004 2.70608695652174 0.003514911216917382 4.384267861019009 2.709411868769013 0.004467968070989591 4.383314804164937 2.711062611662767 0.006595272235922489 4.381187500000004 2.714747210559584 0.009095272235922435 4.378687500000006 2.719077337578506 0.01159527223592193 4.376187500000004 2.723407464597428 0.7276356570839112 4.383335105644867 2.701146464575422 0.7285962114893314 4.381187500000002 2.697426702483895 0.7297143804694199 4.378687500000002 2.693096575464973 0.7308325494495083 4.376187500000003 2.688766448446051 0.01159527223592193 4.376187500000004 2.688766448446051 0.009447642805091582 4.378335129430836 2.692486251736081 0.008524095723116631 4.379258676512812 2.694085882205243 0.007300013374260672 4.380482758861667 2.69620605502611 0.00545291921031088 4.382329853025616 2.699405315964435 0.004447642805091578 4.383335129430836 2.701146505773925 0.003524095723116626 4.38425867651281 2.702746136243087 0.001595272235922484 4.386187500000004 2.70608695652174 0.7263598735291538 4.386187500000002 2.70608695652174 0.7275411588395145 4.383546384633283 2.701512410517931 0.03409527223592201 4.353687500000006 2.693096575464973 0.03159527223592195 4.356187500000004 2.688766448446051 0.7308325494495083 4.356187500000002 2.688766448446051 0.7298719950388776 4.354039894343489 2.692486210557755 0.7297143804694199 4.353687500000004 2.693096575464973 0.7289114406282469 4.351892288686975 2.696205972669459 0.7285962114893314 4.351187500000002 2.697426702483895 0.7276356570787007 4.349039894343489 2.701146464595599 0.7274780425092424 4.348687500000003 2.701756829502817 0.7263598735291543 4.346187500000002 2.706086956521739 0.04159527223592196 4.346187500000006 2.706086956521739 0.03909527223592201 4.348687500000004 2.701756829502817 0.03659527223592196 4.351187500000004 2.697426702483896 2.0968871976088 4.366187499999998 3.48427702981482 2.0968871976088 4.371187499999999 3.484277029814819 2.0968871976088 4.376187499999999 3.48427702981482 0.7218871976088 4.376187500000003 2.723407464597428 0.7218871976088 4.371187500000003 2.723407464597428 0.7218871976088 4.366187500000003 2.723407464597428 0.7218871976088 4.361187500000002 2.723407464597428 0.7218871976087998 4.356187500000002 2.723407464597428 2.0968871976088 4.356187499999998 3.484277029814819 2.0968871976088 4.361187499999998 3.484277029814819 0.7251785882217431 4.383546384639877 2.710661502514126 0.7241235355689771 4.381187500000002 2.714747210559584 0.7230053665888883 4.378687500000002 2.719077337578506 0.7218871976088 4.376187500000003 2.723407464597428 2.0968871976088 4.376187499999999 3.48427702981482 2.098005366588889 4.378687499999997 3.479946902795898 2.099123535568977 4.381187499999999 3.475616775776976 2.100241704549066 4.383687499999997 3.471286648758053 2.101359873529154 4.386187499999999 3.466956521739131 0.7263598735291538 4.386187500000002 2.70608695652174 0.7252417045490654 4.383687500000002 2.710417083540662 0.7237901242904716 4.351932940278803 2.716038350996476 0.7239973029143318 4.351469730720253 2.715236048506515 0.7250749989098126 4.349060220139404 2.711062653759107 0.7251785882217427 4.348828615360128 2.710661502514127 0.7263598735291543 4.346187500000002 2.706086956521739 2.101359873529154 4.346187499999999 3.46695652173913 2.100423585005889 4.348280852033409 3.470582313819124 2.100178588221739 4.348828615360131 3.471531067731534 2.099487296482623 4.350374204066818 3.474208105899116 2.099123535568977 4.351187499999999 3.475616775776975 2.098187247045712 4.353280852033409 3.479242567856967 2.098005366588889 4.353687499999999 3.479946902795896 2.0968871976088 4.356187499999998 3.484277029814819 0.7218871976087998 4.356187500000002 2.723407464597428 0.7228386609496355 4.354060220139404 2.719722907796951 0.7229422502615657 4.353828615360126 2.719321756551971 2.105832549449508 4.376187499999999 3.449636013663442 0.7308325494495083 4.376187500000003 2.688766448446051 0.7297143804694199 4.378687500000002 2.693096575464973 0.7285962114893314 4.381187500000002 2.697426702483895 0.7276356570839112 4.383335105644867 2.701146464575422 0.7275411588395145 4.383546384633283 2.701512410517931 0.7263598735291538 4.386187500000002 2.70608695652174 2.101359873529154 4.386187499999999 3.466956521739131 2.102478042509243 4.383687499999998 3.462626394720208 2.102541158838611 4.3835463846353 3.462381975738823 2.103596211489331 4.381187499999999 3.458296267701287 2.103722444148067 4.380905269270601 3.457807429738514 2.104714380469419 4.378687499999997 3.453966140682365 2.104777496798788 4.3785463846353 3.453721721700978 2.105832549449508 4.371187499999999 3.449636013663443 2.105832549449508 4.366187499999998 3.449636013663442 2.105832549449508 4.361187499999998 3.449636013663442 2.105832549449508 4.356187499999998 3.449636013663442 0.7308325494495083 4.356187500000002 2.688766448446051 0.7308325494495083 4.361187500000002 2.688766448446051 0.7308325494495083 4.366187500000003 2.688766448446051 0.7308325494495079 4.371187500000004 2.688766448446051 0.7308325494495083 4.376187500000003 2.688766448446051 2.105832549449508 4.376187499999999 3.449636013663442 0.7289114406282469 4.351892288686975 2.696205972669459 0.7297143804694199 4.353687500000004 2.693096575464973 0.7298719950388776 4.354039894343489 2.692486210557755 0.7308325494495083 4.356187500000002 2.688766448446051 2.105832549449508 4.356187499999998 3.449636013663442 2.104714380469419 4.353687499999999 3.453966140682364 2.104537387189641 4.353291778774205 3.454651549951074 2.103596211489331 4.351187499999999 3.458296267701287 2.103242224929774 4.350396057548411 3.459667086238706 2.102541158836576 4.348828615360148 3.4623819757467 2.102301049229464 4.348291778774203 3.463311803988918 2.101359873529154 4.346187499999999 3.46695652173913 0.7263598735291543 4.346187500000002 2.706086956521739 0.7274780425092424 4.348687500000003 2.701756829502817 0.7276356570787007 4.349039894343489 2.701146464595599 0.7285962114893314 4.351187500000002 2.697426702483895 3.050795272235926 4.346187499999995 3.46695652173913 2.101359873529154 4.346187499999999 3.46695652173913 3.053295272235926 4.348687499999995 3.471286648758053 3.053482580094948 4.348874807859019 3.471611075486538 3.055795272235926 4.351187499999995 3.475616775776975 3.058295272235926 4.353687499999995 3.479946902795896 3.060795272235925 4.356187499999995 3.484277029814819 2.0968871976088 4.356187499999998 3.484277029814819 2.098005366588889 4.353687499999999 3.479946902795896 2.098187247045712 4.353280852033409 3.479242567856967 2.099123535568977 4.351187499999999 3.475616775776975 2.099487296482623 4.350374204066818 3.474208105899116 2.100178588221739 4.348828615360131 3.471531067731534 2.100423585005889 4.348280852033409 3.470582313819124 2.0968871976088 4.366187499999998 3.48427702981482 2.0968871976088 4.371187499999999 3.484277029814819 3.070795272235926 4.366187499999997 3.48427702981482 3.065795272235925 4.361187499999995 3.484277029814819 3.070795272235926 4.366187499999997 3.48427702981482 2.0968871976088 4.366187499999998 3.48427702981482 2.0968871976088 4.366187499999998 3.48427702981482 2.0968871976088 4.361187499999998 3.484277029814819 3.065795272235925 4.361187499999995 3.484277029814819 3.065795272235925 4.361187499999995 3.484277029814819 3.060795272235925 4.356187499999995 3.484277029814819 2.0968871976088 4.361187499999998 3.484277029814819 3.060795272235925 4.356187499999995 3.484277029814819 2.0968871976088 4.361187499999998 3.484277029814819 2.0968871976088 4.356187499999998 3.484277029814819 3.065795272235924 3.615895574627118 3.484277029814819 3.065795272235925 4.361187499999995 3.484277029814819 3.060795272235925 4.356187499999995 3.484277029814819 3.065795272235924 3.615895574627118 3.484277029814819 3.060795272235925 4.356187499999995 3.484277029814819 3.060795272235924 3.615895574627118 3.484277029814819 3.070795272235924 3.615895574627118 3.484277029814819 3.065795272235924 3.615895574627118 3.484277029814819 3.065795272235925 4.361187499999995 3.484277029814819 3.070795272235924 3.615895574627118 3.484277029814819 3.070795272235926 4.366187499999997 3.48427702981482 3.075795272235924 3.615895574627118 3.484277029814819 3.065795272235925 4.361187499999995 3.484277029814819 3.070795272235926 4.366187499999997 3.48427702981482 3.070795272235924 3.615895574627118 3.484277029814819 3.075795272235924 3.615895574627118 3.484277029814819 3.070795272235926 4.366187499999997 3.48427702981482 3.075795272235926 4.371187499999995 3.484277029814819 3.075795272235926 4.371187499999995 3.484277029814819 3.075795272235924 3.615895574627118 3.484277029814819 3.080795272235924 3.615895574627118 3.484277029814819 3.080795272235925 4.376187499999995 3.484277029814819 3.080795272235924 3.615895574627118 3.484277029814819 3.075795272235926 4.371187499999995 3.484277029814819 3.075795272235926 4.371187499999995 3.484277029814819 2.0968871976088 4.376187499999999 3.48427702981482 3.080795272235925 4.376187499999995 3.484277029814819 2.0968871976088 4.376187499999999 3.48427702981482 2.0968871976088 4.371187499999999 3.484277029814819 3.075795272235926 4.371187499999995 3.484277029814819 3.070795272235926 4.366187499999997 3.48427702981482 2.0968871976088 4.371187499999999 3.484277029814819 3.075795272235926 4.371187499999995 3.484277029814819 2.101359873529154 4.386187499999999 3.466956521739131 2.100241704549066 4.383687499999997 3.471286648758053 2.099123535568977 4.381187499999999 3.475616775776976 2.098005366588889 4.378687499999997 3.479946902795898 2.0968871976088 4.376187499999999 3.48427702981482 3.080795272235925 4.376187499999995 3.484277029814819 3.083295272235926 4.378687499999995 3.479946902795897 3.085795272235926 4.381187499999995 3.475616775776976 3.088107964376903 4.383500192140973 3.471611075486537 3.08870192960695 4.384094157371017 3.470582297530169 3.090795272235926 4.386187499999995 3.466956521739131 3.080795272235926 4.376187499999995 3.449636013663443 3.075795272235926 4.371187499999995 3.449636013663443 2.105832549449508 4.376187499999999 3.449636013663442 3.075795272235926 4.371187499999995 3.449636013663443 2.105832549449508 4.371187499999999 3.449636013663443 2.105832549449508 4.376187499999999 3.449636013663442 3.075795272235926 4.371187499999995 3.449636013663443 2.105832549449508 4.371187499999999 3.449636013663443 3.070795272235926 4.366187499999995 3.449636013663443 3.080795272235926 4.376187499999995 3.449636013663443 3.075795272235926 4.371187499999995 3.449636013663443 3.080795272235924 3.60695022278641 3.449636013663442 3.075795272235925 3.60695022278641 3.449636013663442 3.080795272235924 3.60695022278641 3.449636013663442 3.075795272235926 4.371187499999995 3.449636013663443 3.075795272235925 3.60695022278641 3.449636013663442 3.070795272235926 4.366187499999995 3.449636013663443 3.075795272235926 4.371187499999995 3.449636013663443 3.075795272235925 3.60695022278641 3.449636013663442 3.070795272235926 4.366187499999995 3.449636013663443 3.070795272235925 3.60695022278641 3.449636013663442 3.070795272235925 3.60695022278641 3.449636013663442 3.070795272235926 4.366187499999995 3.449636013663443 3.065795272235926 4.361187499999995 3.449636013663442 3.065795272235925 3.606950222786409 3.449636013663442 3.065795272235926 4.361187499999995 3.449636013663442 3.070795272235925 3.60695022278641 3.449636013663442 3.065795272235925 3.606950222786409 3.449636013663442 3.065795272235926 4.361187499999995 3.449636013663442 3.060795272235926 4.356187499999995 3.449636013663442 3.060795272235925 3.60695022278641 3.449636013663442 3.060795272235926 4.356187499999995 3.449636013663442 3.065795272235925 3.606950222786409 3.449636013663442 3.065795272235926 4.361187499999995 3.449636013663442 2.105832549449508 4.361187499999998 3.449636013663442 3.060795272235926 4.356187499999995 3.449636013663442 3.060795272235926 4.356187499999995 3.449636013663442 2.105832549449508 4.356187499999998 3.449636013663442 2.105832549449508 4.361187499999998 3.449636013663442 2.105832549449508 4.361187499999998 3.449636013663442 2.105832549449508 4.366187499999998 3.449636013663442 3.065795272235926 4.361187499999995 3.449636013663442 3.065795272235926 4.361187499999995 3.449636013663442 3.070795272235926 4.366187499999995 3.449636013663443 2.105832549449508 4.366187499999998 3.449636013663442 3.070795272235926 4.366187499999995 3.449636013663443 2.105832549449508 4.371187499999999 3.449636013663443 2.105832549449508 4.366187499999998 3.449636013663442 3.058295272235926 4.353687499999995 3.453966140682364 3.060795272235926 4.356187499999995 3.449636013663442 3.055795272235926 4.351187499999995 3.458296267701287 3.053464785378142 4.34885701314221 3.462332789345339 3.053295272235927 4.348687499999995 3.462626394720209 3.050795272235926 4.346187499999995 3.46695652173913 2.101359873529154 4.346187499999999 3.46695652173913 2.102301049229464 4.348291778774203 3.463311803988918 2.102541158836576 4.348828615360148 3.4623819757467 2.103242224929774 4.350396057548411 3.459667086238706 2.103596211489331 4.351187499999999 3.458296267701287 2.104537387189641 4.353291778774205 3.454651549951074 2.104714380469419 4.353687499999999 3.453966140682364 2.105832549449508 4.356187499999998 3.449636013663442 3.088125759078285 4.383517986842355 3.462332789318624 3.08658673378028 4.381978961544349 3.459667119308344 3.085456245920645 4.380848473684713 3.457709056898118 3.083691003008103 4.379083230772171 3.454651566485894 3.083125759078285 4.378517986842355 3.45367253528078 3.080795272235926 4.376187499999995 3.449636013663443 2.105832549449508 4.376187499999999 3.449636013663442 2.104777496798788 4.3785463846353 3.453721721700978 2.104714380469419 4.378687499999997 3.453966140682365 2.103722444148067 4.380905269270601 3.457807429738514 2.103596211489331 4.381187499999999 3.458296267701287 2.102541158838611 4.3835463846353 3.462381975738823 2.102478042509243 4.383687499999998 3.462626394720208 2.101359873529154 4.386187499999999 3.466956521739131 3.090795272235926 4.386187499999995 3.466956521739131 3.088691003008102 4.384083230772173 3.463311820523737 3.060795272235924 3.615895574627118 3.484277029814819 3.060795272235925 4.356187499999995 3.484277029814819 3.058295272235926 4.353687499999995 3.479946902795896 3.055795272235926 4.351187499999995 3.475616775776975 3.053482580094948 4.348874807859019 3.471611075486538 3.053295272235926 4.348687499999995 3.471286648758053 3.050795272235926 4.346187499999995 3.46695652173913 3.050795272235925 3.611422898706764 3.46695652173913 3.053482599990975 3.612624853320775 3.471611109947467 3.056077502956176 3.613785469321587 3.476105613723907 3.056169927746026 3.613826807934785 3.476265698155806 3.058482599990975 3.614861191280952 3.480271363985312 3.083295272235925 3.61477740564703 3.479946902795897 3.080795272235924 3.615895574627118 3.484277029814819 3.085795272235924 3.613659236666941 3.475616775776976 3.088154156875799 3.612604184014173 3.471531067731516 3.088295272235924 3.612541067686852 3.471286648758053 3.090795272235924 3.611422898706764 3.466956521739131 3.090795272235926 4.386187499999995 3.466956521739131 3.08870192960695 4.384094157371017 3.470582297530169 3.088107964376903 4.383500192140973 3.471611075486537 3.085795272235926 4.381187499999995 3.475616775776976 3.083295272235926 4.378687499999995 3.479946902795897 3.080795272235925 4.376187499999995 3.484277029814819 3.088125739580185 3.610228903263971 3.462332755546926 3.085795272235924 3.609186560746588 3.458296267701287 3.083295272235924 3.608068391766497 3.453966140682364 3.080795272235924 3.60695022278641 3.449636013663442 3.080795272235926 4.376187499999995 3.449636013663443 3.083125759078285 4.378517986842355 3.45367253528078 3.083691003008103 4.379083230772171 3.454651566485894 3.085456245920645 4.380848473684713 3.457709056898118 3.08658673378028 4.381978961544349 3.459667119308344 3.088125759078285 4.383517986842355 3.462332789318624 3.088691003008102 4.384083230772173 3.463311820523737 3.090795272235926 4.386187499999995 3.466956521739131 3.090795272235924 3.611422898706764 3.466956521739131 3.058295272235926 4.353687499999995 3.453966140682364 3.060795272235926 4.356187499999995 3.449636013663442 3.060795272235925 3.60695022278641 3.449636013663442 3.058464804881569 3.60799256530831 3.453672501526567 3.058295272235925 3.608068391766497 3.453966140682363 3.056134337527213 3.60903490783021 3.457708989389692 3.055795272235925 3.609186560746588 3.458296267701286 3.053464804881569 3.610228903268488 3.462332755564411 3.053295272235925 3.610304729726675 3.462626394720207 3.050795272235925 3.611422898706764 3.46695652173913 3.050795272235926 4.346187499999995 3.46695652173913 3.053295272235927 4.348687499999995 3.462626394720209 3.053464785378142 4.34885701314221 3.462332789345339 3.055795272235926 4.351187499999995 3.458296267701287 3.060795272235922 2.241587499999993 4.244763711426667 3.058295272235922 2.241587499999993 4.239814834774494 3.055795272235922 2.241587499999993 4.234865958122322 3.053436383354583 2.241587499999993 4.23019641807835 3.050795272235922 2.241587499999993 4.224968204817977 3.053446308182392 2.241587499999993 4.219720344858156 3.055795272235922 2.241587499999993 4.215070451513631 3.058295272235923 2.241587499999993 4.210121574861458 3.060795272235922 2.241587499999993 4.205172698209286 3.065795272235923 2.241587499999993 4.205172698209286 3.070795272235922 2.241587499999993 4.205172698209286 3.075795272235922 2.241587499999993 4.205172698209286 3.080795272235922 2.241587499999993 4.205172698209286 3.083144236289452 2.241587499999993 4.209822591553809 3.085493200342982 2.241587499999993 4.214472484898332 3.088144236289452 2.241587499999993 4.219720344858155 3.090795272235922 2.241587499999993 4.224968204817976 3.088295272235922 2.241587499999993 4.22991708147015 3.085795272235922 2.241587499999993 4.234865958122322 3.083295272235922 2.241587499999993 4.239814834774495 3.080795272235922 2.241587499999993 4.244763711426667 3.075795272235922 2.241587499999993 4.244763711426667 3.070795272235922 2.241587499999993 4.244763711426667 3.065795272235922 2.241587499999993 4.244763711426667 3.070795272235922 2.241587499999993 4.244763711426667 3.075795272235922 2.241587499999993 4.244763711426667 3.080795272235922 2.241587499999993 4.244763711426667 3.080795272235924 3.615895574627118 3.484277029814819 3.075795272235924 3.615895574627118 3.484277029814819 3.070795272235924 3.615895574627118 3.484277029814819 3.065795272235924 3.615895574627118 3.484277029814819 3.060795272235924 3.615895574627118 3.484277029814819 3.060795272235922 2.241587499999993 4.244763711426667 3.065795272235922 2.241587499999993 4.244763711426667 3.088154156875799 3.612604184014173 3.471531067731516 3.085795272235924 3.613659236666941 3.475616775776976 3.083295272235925 3.61477740564703 3.479946902795897 3.080795272235924 3.615895574627118 3.484277029814819 3.080795272235922 2.241587499999993 4.244763711426667 3.083295272235922 2.241587499999993 4.239814834774495 3.085795272235922 2.241587499999993 4.234865958122322 3.088295272235922 2.241587499999993 4.22991708147015 3.090795272235922 2.241587499999993 4.224968204817976 3.090795272235924 3.611422898706764 3.466956521739131 3.088295272235924 3.612541067686852 3.471286648758053 3.053436383354583 2.241587499999993 4.23019641807835 3.055795272235922 2.241587499999993 4.234865958122322 3.058295272235922 2.241587499999993 4.239814834774494 3.060795272235922 2.241587499999993 4.244763711426667 3.060795272235924 3.615895574627118 3.484277029814819 3.058482599990975 3.614861191280952 3.480271363985312 3.056169927746026 3.613826807934785 3.476265698155806 3.056077502956176 3.613785469321587 3.476105613723907 3.053482599990975 3.612624853320775 3.471611109947467 3.050795272235925 3.611422898706764 3.46695652173913 3.050795272235922 2.241587499999993 4.224968204817977 3.080795272235922 2.241587499999993 4.205172698209286 3.080795272235924 3.60695022278641 3.449636013663442 3.083295272235924 3.608068391766497 3.453966140682364 3.085795272235924 3.609186560746588 3.458296267701287 3.088125739580185 3.610228903263971 3.462332755546926 3.090795272235924 3.611422898706764 3.466956521739131 3.090795272235922 2.241587499999993 4.224968204817976 3.088144236289452 2.241587499999993 4.219720344858155 3.085493200342982 2.241587499999993 4.214472484898332 3.083144236289452 2.241587499999993 4.209822591553809 3.070795272235922 2.241587499999993 4.205172698209286 3.065795272235923 2.241587499999993 4.205172698209286 3.060795272235922 2.241587499999993 4.205172698209286 3.060795272235925 3.60695022278641 3.449636013663442 3.065795272235925 3.606950222786409 3.449636013663442 3.070795272235925 3.60695022278641 3.449636013663442 3.075795272235925 3.60695022278641 3.449636013663442 3.080795272235924 3.60695022278641 3.449636013663442 3.080795272235922 2.241587499999993 4.205172698209286 3.075795272235922 2.241587499999993 4.205172698209286 3.053446308182392 2.241587499999993 4.219720344858156 3.050795272235922 2.241587499999993 4.224968204817977 3.050795272235925 3.611422898706764 3.46695652173913 3.053295272235925 3.610304729726675 3.462626394720207 3.053464804881569 3.610228903268488 3.462332755564411 3.055795272235925 3.609186560746588 3.458296267701286 3.056134337527213 3.60903490783021 3.457708989389692 3.058295272235925 3.608068391766497 3.453966140682363 3.058464804881569 3.60799256530831 3.453672501526567 3.060795272235925 3.60695022278641 3.449636013663442 3.060795272235922 2.241587499999993 4.205172698209286 3.058295272235923 2.241587499999993 4.210121574861458 3.055795272235922 2.241587499999993 4.215070451513631</float_array>
          <technique_common>
            <accessor source="#representation-1073660-material-3732-positions-array" count="4892" stride="3">
              <param name="X" type="float"/>
              <param name="Y" type="float"/>
              <param name="Z" type="float"/>
            </accessor>
          </technique_common>
        </source>
        <source id="representation-1073660-material-3732-normals">
          <float_array id="representation-1073660-material-3732-normals-array" count="14676">0.7818314824680453 -0.6234898018587141 0 0.7818314824680453 -0.6234898018587141 0 0.7818314824680453 -0.6234898018587141 0 0.7071056075223306 -0.7071056075223306 -0.001821982697994495 0.7071056075223306 -0.7071056075223306 -0.001821982697994495 0.7071056075223306 -0.7071056075223306 -0.001821982697994495 -0.7071067811865601 -0.707106781186535 0 -0.7071067811865601 -0.707106781186535 0 -0.7071067811865601 -0.707106781186535 0 -0.6240460855874525 -0.7813848010109534 0.002067803677960555 -0.6240460855874525 -0.7813848010109534 0.002067803677960555 -0.6240460855874525 -0.7813848010109534 0.002067803677960555 -0.7818314824680563 0.6234898018587002 0 -0.7818314824680563 0.6234898018587002 0 -0.7818314824680563 0.6234898018587002 0 -0.7071055737596843 0.7071055737596341 -0.001848003259404151 -0.7071055737596843 0.7071055737596341 -0.001848003259404151 -0.7071055737596843 0.7071055737596341 -0.001848003259404151 0.7071067811865601 0.707106781186535 0 0.7071067811865601 0.707106781186535 0 0.7071067811865601 0.707106781186535 0 0.6229233423430996 0.7822800798727762 0.002094325271975949 0.6229233423430996 0.7822800798727762 0.002094325271975949 0.6229233423430996 0.7822800798727762 0.002094325271975949 0 0.4841740634065777 0.8749717002991372 0 0.4841740634065777 0.8749717002991372 0 0.4841740634065777 0.8749717002991372 0 0.4841740634065777 0.8749717002991372 -2.220446049250212e-14 0 -1 -2.220446049250212e-14 0 -1 -2.220446049250212e-14 0 -1 -2.220446049250212e-14 0 -1 0.6234898018587559 0.781831482468012 0 0.6234898018587559 0.781831482468012 0 0.6234898018587559 0.781831482468012 0 0.7071056075223367 0.7071056075223242 -0.001821982697993829 0.7071056075223367 0.7071056075223242 -0.001821982697993829 0.7071056075223367 0.7071056075223242 -0.001821982697993829 0.707106781186535 -0.70710678118656 0 0.707106781186535 -0.70710678118656 0 0.707106781186535 -0.70710678118656 0 0.7813848010109325 -0.6240460855874786 0.002067803677960111 0.7813848010109325 -0.6240460855874786 0.002067803677960111 0.7813848010109325 -0.6240460855874786 0.002067803677960111 -0.6234898018586861 -0.7818314824680675 0 -0.6234898018586861 -0.7818314824680675 0 -0.6234898018586861 -0.7818314824680675 0 -0.7071055737596341 -0.7071055737596843 -0.001848003259404484 -0.7071055737596341 -0.7071055737596843 -0.001848003259404484 -0.7071055737596341 -0.7071055737596843 -0.001848003259404484 -0.7071067811865537 0.7071067811865412 0 -0.7071067811865537 0.7071067811865412 0 -0.7071067811865537 0.7071067811865412 0 -0.7822800798728016 0.6229233423430676 0.002094325271976171 -0.7822800798728016 0.6229233423430676 0.002094325271976171 -0.7822800798728016 0.6229233423430676 0.002094325271976171 -0.484174063406603 0 0.8749717002991233 -0.484174063406603 0 0.8749717002991233 -0.484174063406603 0 0.8749717002991233 -0.484174063406603 0 0.8749717002991233 0 0 -1 0 0 -1 0 0 -1 0 0 -1 -0.7071067811865275 0.7071067811865674 0 -0.7071067811865275 0.7071067811865674 0 -0.7071067811865275 0.7071067811865674 0 -0.7071067811865275 0.7071067811865674 0 0.7071067811865403 0.7071067811865546 0 0.7071067811865403 0.7071067811865546 0 0.7071067811865403 0.7071067811865546 0 0.7071067811865403 0.7071067811865546 0 0.7071067811866155 -0.7071067811864795 0 0.7071067811866155 -0.7071067811864795 0 0.7071067811866155 -0.7071067811864795 0 0.7071067811866155 -0.7071067811864795 0 -0.7071067811866027 -0.7071067811864922 0 -0.7071067811866027 -0.7071067811864922 0 -0.7071067811866027 -0.7071067811864922 0 -0.7071067811866027 -0.7071067811864922 0 0 0 1 0 0 1 0 0 1 0 0 1 -1.110223024625057e-14 0 -1 -1.110223024625057e-14 0 -1 -1.110223024625057e-14 0 -1 -1.110223024625057e-14 0 -1 -0.7818314824680278 0.6234898018587361 0 -0.7818314824680278 0.6234898018587361 0 -0.7818314824680278 0.6234898018587361 0 -0.7071057029784131 0.7071057029784282 -0.001746319211052838 -0.7071057029784131 0.7071057029784282 -0.001746319211052838 -0.7071057029784131 0.7071057029784282 -0.001746319211052838 0.7071067811865526 0.7071067811865423 0 0.7071067811865526 0.7071067811865423 0 0.7071067811865526 0.7071067811865423 0 0.6240230278256716 0.7814034380025762 0.00198187311278819 0.6240230278256716 0.7814034380025762 0.00198187311278819 0.6240230278256716 0.7814034380025762 0.00198187311278819 0.7818314824680387 -0.6234898018587223 0 0.7818314824680387 -0.6234898018587223 0 0.7818314824680387 -0.6234898018587223 0 0.7071056732762934 -0.7071056732762579 -0.001770209312489612 0.7071056732762934 -0.7071056732762579 -0.001770209312489612 0.7071056732762934 -0.7071056732762579 -0.001770209312489612 -0.7071067811865525 -0.7071067811865425 0 -0.7071067811865525 -0.7071067811865425 0 -0.7071067811865525 -0.7071067811865425 0 -0.6229472332679818 -0.7822612860368624 0.002006223247970062 -0.6229472332679818 -0.7822612860368624 0.002006223247970062 -0.6229472332679818 -0.7822612860368624 0.002006223247970062 0 -0.4841740634066333 0.8749717002991065 0 -0.4841740634066333 0.8749717002991065 0 -0.4841740634066333 0.8749717002991065 0 -0.4841740634066333 0.8749717002991065 1.110223024625156e-14 0 -1 1.110223024625156e-14 0 -1 1.110223024625156e-14 0 -1 1.110223024625156e-14 0 -1 -0.7818314824680278 0.6234898018587361 0 -0.7818314824680278 0.6234898018587361 0 -0.7818314824680278 0.6234898018587361 0 -0.7071054591911731 0.7071054591911882 -0.001933691821167093 -0.7071054591911731 0.7071054591911882 -0.001933691821167093 -0.7071054591911731 0.7071054591911882 -0.001933691821167093 0.70710678118654 0.7071067811865551 0 0.70710678118654 0.7071067811865551 0 0.70710678118654 0.7071067811865551 0 0.6240801210009054 0.7813572716432134 0.002194680334075216 0.6240801210009054 0.7813572716432134 0.002194680334075216 0.6240801210009054 0.7813572716432134 0.002194680334075216 0.7818314824680332 -0.6234898018587293 0 0.7818314824680332 -0.6234898018587293 0 0.7818314824680332 -0.6234898018587293 0 0.7071054187766472 -0.7071054187765869 -0.001963026614718033 0.7071054187766472 -0.7071054187765869 -0.001963026614718033 0.7071054187766472 -0.7071054187765869 -0.001963026614718033 -0.7071067811865776 -0.7071067811865173 0 -0.7071067811865776 -0.7071067811865173 0 -0.7071067811865776 -0.7071067811865173 0 -0.6228880108228364 -0.7823078532248662 0.002224579931365933 -0.6228880108228364 -0.7823078532248662 0.002224579931365933 -0.6228880108228364 -0.7823078532248662 0.002224579931365933 0 -0.4841740634066232 0.874971700299112 0 -0.4841740634066232 0.874971700299112 0 -0.4841740634066232 0.874971700299112 0 -0.4841740634066232 0.874971700299112 0 0 -1 0 0 -1 0 0 -1 0 0 -1 -0.7818314824680332 0.6234898018587291 0 -0.7818314824680332 0.6234898018587291 0 -0.7818314824680332 0.6234898018587291 0 -0.7071056075223292 0.7071056075223317 -0.001821982697994162 -0.7071056075223292 0.7071056075223317 -0.001821982697994162 -0.7071056075223292 0.7071056075223317 -0.001821982697994162 0.7071067811865591 0.707106781186536 0 0.7071067811865591 0.707106781186536 0 0.7071067811865591 0.707106781186536 0 0.6240460855874597 0.7813848010109476 0.002067803677960333 0.6240460855874597 0.7813848010109476 0.002067803677960333 0.6240460855874597 0.7813848010109476 0.002067803677960333 0.7818314824680304 -0.6234898018587327 0 0.7818314824680304 -0.6234898018587327 0 0.7818314824680304 -0.6234898018587327 0 0.7071055737596957 -0.7071055737596223 -0.001848003259403152 0.7071055737596957 -0.7071055737596223 -0.001848003259403152 0.7071055737596957 -0.7071055737596223 -0.001848003259403152 -0.7071067811865714 -0.7071067811865237 0 -0.7071067811865714 -0.7071067811865237 0 -0.7071067811865714 -0.7071067811865237 0 -0.6229233423430893 -0.7822800798727842 0.002094325271976504 -0.6229233423430893 -0.7822800798727842 0.002094325271976504 -0.6229233423430893 -0.7822800798727842 0.002094325271976504 0 -0.4841740634066165 0.8749717002991158 0 -0.4841740634066165 0.8749717002991158 0 -0.4841740634066165 0.8749717002991158 0 -0.4841740634066165 0.8749717002991158 5.551115123125748e-15 0 -1 5.551115123125748e-15 0 -1 5.551115123125748e-15 0 -1 5.551115123125748e-15 0 -1 0.7071067811865728 -0.7071067811865222 0 0.7071067811865728 -0.7071067811865222 0 0.7071067811865728 -0.7071067811865222 0 0.7071067811865728 -0.7071067811865222 0 -0.707106781186529 -0.707106781186566 0 -0.707106781186529 -0.707106781186566 0 -0.707106781186529 -0.707106781186566 0 -0.707106781186529 -0.707106781186566 0 -0.707106781186546 0.7071067811865491 0 -0.707106781186546 0.7071067811865491 0 -0.707106781186546 0.7071067811865491 0 -0.707106781186546 0.7071067811865491 0 0.7071067811865313 0.7071067811865637 0 0.7071067811865313 0.7071067811865637 0 0.7071067811865313 0.7071067811865637 0 0.7071067811865313 0.7071067811865637 0 0 0 1 0 0 1 0 0 1 0 0 1 0 0 -1 0 0 -1 0 0 -1 0 0 -1 0.7071067811866087 0.7071067811864863 0 0.7071067811866087 0.7071067811864863 0 0.7071067811866087 0.7071067811864863 0 0.7071067811866087 0.7071067811864863 0 0.7071067811865582 -0.7071067811865368 0 0.7071067811865582 -0.7071067811865368 0 0.7071067811865582 -0.7071067811865368 0 0.7071067811865582 -0.7071067811865368 0 -0.7071067811865582 -0.7071067811865368 0 -0.7071067811865582 -0.7071067811865368 0 -0.7071067811865582 -0.7071067811865368 0 -0.7071067811865582 -0.7071067811865368 0 -0.7071067811866087 0.7071067811864863 0 -0.7071067811866087 0.7071067811864863 0 -0.7071067811866087 0.7071067811864863 0 -0.7071067811866087 0.7071067811864863 0 -2.220446049250114e-14 0 1 -2.220446049250114e-14 0 1 -2.220446049250114e-14 0 1 -2.220446049250114e-14 0 1 0 0 -1 0 0 -1 0 0 -1 0 0 -1 0.7071067811865509 0.7071067811865441 0 0.7071067811865509 0.7071067811865441 0 0.7071067811865509 0.7071067811865441 0 0.7071067811865509 0.7071067811865441 0 0.7071067811865259 -0.7071067811865692 0 0.7071067811865259 -0.7071067811865692 0 0.7071067811865259 -0.7071067811865692 0 0.7071067811865259 -0.7071067811865692 0 -0.7071067811865185 -0.7071067811865765 0 -0.7071067811865185 -0.7071067811865765 0 -0.7071067811865185 -0.7071067811865765 0 -0.7071067811865185 -0.7071067811865765 0 -0.7071067811865436 0.7071067811865514 0 -0.7071067811865436 0.7071067811865514 0 -0.7071067811865436 0.7071067811865514 0 -0.7071067811865436 0.7071067811865514 0 -2.220446049250262e-14 0 1 -2.220446049250262e-14 0 1 -2.220446049250262e-14 0 1 -2.220446049250262e-14 0 1 0 0 -1 0 0 -1 0 0 -1 0 0 -1 0.7071067811865335 0.7071067811865615 0 0.7071067811865335 0.7071067811865615 0 0.7071067811865335 0.7071067811865615 0 0.7071067811865335 0.7071067811865615 0 0.7071067811866122 -0.7071067811864827 4.564222263615332e-16 0.7071067811866122 -0.7071067811864827 4.564222263615332e-16 0.7071067811866122 -0.7071067811864827 4.564222263615332e-16 0.7071067811866122 -0.7071067811864827 4.564222263615332e-16 -0.7071067811866014 -0.7071067811864936 -4.564222263615261e-16 -0.7071067811866014 -0.7071067811864936 -4.564222263615261e-16 -0.7071067811866014 -0.7071067811864936 -4.564222263615261e-16 -0.7071067811866014 -0.7071067811864936 -4.564222263615261e-16 -0.7071067811865299 0.7071067811865652 0 -0.7071067811865299 0.7071067811865652 0 -0.7071067811865299 0.7071067811865652 0 -0.7071067811865299 0.7071067811865652 0 -2.220446049250114e-14 0 1 -2.220446049250114e-14 0 1 -2.220446049250114e-14 0 1 -2.220446049250114e-14 0 1 0 0 -1 0 0 -1 0 0 -1 0 0 -1 -0.7071067811865275 0.7071067811865674 0 -0.7071067811865275 0.7071067811865674 0 -0.7071067811865275 0.7071067811865674 0 -0.7071067811865275 0.7071067811865674 0 0.7071067811865403 0.7071067811865546 0 0.7071067811865403 0.7071067811865546 0 0.7071067811865403 0.7071067811865546 0 0.7071067811865403 0.7071067811865546 0 0.7071067811865652 -0.7071067811865298 0 0.7071067811865652 -0.7071067811865298 0 0.7071067811865652 -0.7071067811865298 0 0.7071067811865652 -0.7071067811865298 0 -0.7071067811865524 -0.7071067811865426 0 -0.7071067811865524 -0.7071067811865426 0 -0.7071067811865524 -0.7071067811865426 0 -0.7071067811865524 -0.7071067811865426 0 0 0 1 0 0 1 0 0 1 0 0 1 0 0 -1 0 0 -1 0 0 -1 0 0 -1 -0.7818314824680278 0.6234898018587361 0 -0.7818314824680278 0.6234898018587361 0 -0.7818314824680278 0.6234898018587361 0 -0.7071053286785187 0.7071053286785086 -0.002026896371840058 -0.7071053286785187 0.7071053286785086 -0.002026896371840058 -0.7071053286785187 0.7071053286785086 -0.002026896371840058 0.7071067811865524 0.7071067811865426 0 0.7071067811865524 0.7071067811865426 0 0.7071067811865524 0.7071067811865426 0 0.6241085121368319 0.7813342898884328 0.002300548388595724 0.6241085121368319 0.7813342898884328 0.002300548388595724 0.6241085121368319 0.7813342898884328 0.002300548388595724 0.7818314824680276 -0.6234898018587361 0 0.7818314824680276 -0.6234898018587361 0 0.7818314824680276 -0.6234898018587361 0 0.7071052820825218 -0.7071052820825372 -0.002059150789251673 0.7071052820825218 -0.7071052820825372 -0.002059150789251673 0.7071052820825218 -0.7071052820825372 -0.002059150789251673 -0.70710678118654 -0.707106781186555 0 -0.70710678118654 -0.707106781186555 0 -0.70710678118654 -0.707106781186555 0 -0.6228584778971358 -0.7823310499047884 0.002333423779508847 -0.6228584778971358 -0.7823310499047884 0.002333423779508847 -0.6228584778971358 -0.7823310499047884 0.002333423779508847 0 -0.484174063406619 0.8749717002991144 0 -0.484174063406619 0.8749717002991144 0 -0.484174063406619 0.8749717002991144 0 -0.484174063406619 0.8749717002991144 0 0 -1 0 0 -1 0 0 -1 0 0 -1 0.7818314824680703 -0.6234898018586828 0 0.7818314824680703 -0.6234898018586828 0 0.7818314824680703 -0.6234898018586828 0 0.7071057177502338 -0.7071057177501837 -0.001734315405053643 0.7071057177502338 -0.7071057177501837 -0.001734315405053643 0.7071057177502338 -0.7071057177501837 -0.001734315405053643 -0.7071067811865601 -0.707106781186535 0 -0.7071067811865601 -0.707106781186535 0 -0.7071067811865601 -0.707106781186535 0 -0.6240193694263105 -0.7814063940155814 0.001968240929365094 -0.6240193694263105 -0.7814063940155814 0.001968240929365094 -0.6240193694263105 -0.7814063940155814 0.001968240929365094 -0.7818314824680314 0.6234898018587315 0 -0.7818314824680314 0.6234898018587315 0 -0.7818314824680314 0.6234898018587315 0 -0.7071056886604732 0.7071056886604732 -0.001757875989875201 -0.7071056886604732 0.7071056886604732 -0.001757875989875201 -0.7071056886604732 0.7071056886604732 -0.001757875989875201 0.7071067811865601 0.707106781186535 0 0.7071067811865601 0.707106781186535 0 0.7071067811865601 0.707106781186535 0 0.62295102053188 0.7822583057644592 0.001992255206292092 0.62295102053188 0.7822583057644592 0.001992255206292092 0.62295102053188 0.7822583057644592 0.001992255206292092 0 0.4841740634066167 0.8749717002991157 0 0.4841740634066167 0.8749717002991157 0 0.4841740634066167 0.8749717002991157 0 0.4841740634066167 0.8749717002991157 -2.220446049250286e-14 0 -1 -2.220446049250286e-14 0 -1 -2.220446049250286e-14 0 -1 -2.220446049250286e-14 0 -1 -0.781831482468032 0.6234898018587309 0 -0.781831482468032 0.6234898018587309 0 -0.781831482468032 0.6234898018587309 0 -0.7071053517373915 0.707105351737443 -0.002010743297116146 -0.7071053517373915 0.707105351737443 -0.002010743297116146 -0.7071053517373915 0.707105351737443 -0.002010743297116146 0.7071067811865218 0.7071067811865733 0 0.7071067811865218 0.7071067811865733 0 0.7071067811865218 0.7071067811865733 0 0.6241035921440502 0.7813382736278161 0.002282200078262852 0.6241035921440502 0.7813382736278161 0.002282200078262852 0.6241035921440502 0.7813382736278161 0.002282200078262852 0.7818314824680545 -0.6234898018587025 0 0.7818314824680545 -0.6234898018587025 0 0.7818314824680545 -0.6234898018587025 0 0.7071053062552745 -0.7071053062552745 -0.002042481644731197 0.7071053062552745 -0.7071053062552745 -0.002042481644731197 0.7071053062552745 -0.7071053062552745 -0.002042481644731197 -0.7071067811865476 -0.7071067811865474 0 -0.7071067811865476 -0.7071067811865474 0 -0.7071067811865476 -0.7071067811865474 0 -0.622863599711823 -0.7823270281760524 0.002314549471446158 -0.622863599711823 -0.7823270281760524 0.002314549471446158 -0.622863599711823 -0.7823270281760524 0.002314549471446158 -4.981977207902072e-15 -0.4841740634066119 0.8749717002991183 -4.981977207902072e-15 -0.4841740634066119 0.8749717002991183 -4.981977207902072e-15 -0.4841740634066119 0.8749717002991183 -4.981977207902072e-15 -0.4841740634066119 0.8749717002991183 0 0 -1 0 0 -1 0 0 -1 0 0 -1 0 -1 0 0 -1 0 0 -1 0 0 -1 0 0 -1 0 0 -1 0 0 -1 0 0 -1 0 0 -1 0 0 -1 0 0 -1 0 0 -1 0 0 -1 0 0 -1 0 0 -1 0 0 -1 0 0 -1 0 0 -1 0 0 -1 0 0 -1 0 0 -1 0 0 -1 0 0 -1 0 0 -1 0 0.866025403784446 -0.2420870317033065 0.4374858501495446 0.866025403784446 -0.2420870317033065 0.4374858501495446 0.866025403784446 -0.2420870317033065 0.4374858501495446 0.866025403784446 -0.2420870317033065 0.4374858501495446 0.866025403784446 -0.2420870317033065 0.4374858501495446 0.866025403784446 -0.2420870317033065 0.4374858501495446 0.866025403784446 -0.2420870317033065 0.4374858501495446 0.866025403784446 -0.2420870317033065 0.4374858501495446 0.866025403784446 -0.2420870317033065 0.4374858501495446 0.866025403784446 -0.2420870317033065 0.4374858501495446 0.866025403784446 -0.2420870317033065 0.4374858501495446 0.866025403784446 -0.2420870317033065 0.4374858501495446 0.866025403784446 -0.2420870317033065 0.4374858501495446 -0.8660254037844341 -0.2420870317033144 0.4374858501495637 -0.8660254037844341 -0.2420870317033144 0.4374858501495637 -0.8660254037844341 -0.2420870317033144 0.4374858501495637 -0.8660254037844341 -0.2420870317033144 0.4374858501495637 -0.8660254037844341 -0.2420870317033144 0.4374858501495637 -0.8660254037844341 -0.2420870317033144 0.4374858501495637 -0.8660254037844341 -0.2420870317033144 0.4374858501495637 -0.8660254037844341 -0.2420870317033144 0.4374858501495637 -0.8660254037844341 -0.2420870317033144 0.4374858501495637 -0.8660254037844341 -0.2420870317033144 0.4374858501495637 0 -0.4841740634066233 0.8749717002991119 0 -0.4841740634066233 0.8749717002991119 0 -0.4841740634066233 0.8749717002991119 0 -0.4841740634066233 0.8749717002991119 0 -0.4841740634066233 0.8749717002991119 0 -0.4841740634066233 0.8749717002991119 0 -0.4841740634066233 0.8749717002991119 0 -0.4841740634066233 0.8749717002991119 0 -0.4841740634066233 0.8749717002991119 0 -0.4841740634066233 0.8749717002991119 -0.8660254037844442 0.2420870317033081 -0.4374858501495472 -0.8660254037844442 0.2420870317033081 -0.4374858501495472 -0.8660254037844442 0.2420870317033081 -0.4374858501495472 -0.8660254037844442 0.2420870317033081 -0.4374858501495472 -0.8660254037844442 0.2420870317033081 -0.4374858501495472 -0.8660254037844442 0.2420870317033081 -0.4374858501495472 -0.8660254037844442 0.2420870317033081 -0.4374858501495472 -0.8660254037844442 0.2420870317033081 -0.4374858501495472 -0.8660254037844442 0.2420870317033081 -0.4374858501495472 -0.8660254037844442 0.2420870317033081 -0.4374858501495472 -0.8660254037844442 0.2420870317033081 -0.4374858501495472 -0.8660254037844442 0.2420870317033081 -0.4374858501495472 -0.8660254037844442 0.2420870317033081 -0.4374858501495472 -1.566530423553564e-14 0.4841740634066233 -0.8749717002991119 -1.566530423553564e-14 0.4841740634066233 -0.8749717002991119 -1.566530423553564e-14 0.4841740634066233 -0.8749717002991119 -1.566530423553564e-14 0.4841740634066233 -0.8749717002991119 -1.566530423553564e-14 0.4841740634066233 -0.8749717002991119 -1.566530423553564e-14 0.4841740634066233 -0.8749717002991119 -1.566530423553564e-14 0.4841740634066233 -0.8749717002991119 -1.566530423553564e-14 0.4841740634066233 -0.8749717002991119 -1.566530423553564e-14 0.4841740634066233 -0.8749717002991119 -1.566530423553564e-14 0.4841740634066233 -0.8749717002991119 0.8660254037844486 0.2420870317033019 -0.4374858501495419 0.8660254037844486 0.2420870317033019 -0.4374858501495419 0.8660254037844486 0.2420870317033019 -0.4374858501495419 0.8660254037844486 0.2420870317033019 -0.4374858501495419 0.8660254037844486 0.2420870317033019 -0.4374858501495419 0.8660254037844486 0.2420870317033019 -0.4374858501495419 0.8660254037844486 0.2420870317033019 -0.4374858501495419 0.8660254037844486 0.2420870317033019 -0.4374858501495419 0.8660254037844486 0.2420870317033019 -0.4374858501495419 0.8660254037844486 0.2420870317033019 -0.4374858501495419 0.8660254037844486 0.2420870317033019 -0.4374858501495419 0.8660254037844486 0.2420870317033019 -0.4374858501495419 0.8660254037844481 -1.53254806681917e-15 0.4999999999999835 0.8660254037844481 -1.53254806681917e-15 0.4999999999999835 0.8660254037844481 -1.53254806681917e-15 0.4999999999999835 0.8660254037844481 -1.53254806681917e-15 0.4999999999999835 0.8660254037844481 -1.53254806681917e-15 0.4999999999999835 0.8660254037844481 -1.53254806681917e-15 0.4999999999999835 0.8660254037844481 -1.53254806681917e-15 0.4999999999999835 0.8660254037844481 -1.53254806681917e-15 0.4999999999999835 0.8660254037844481 -1.53254806681917e-15 0.4999999999999835 0.8660254037844481 -1.53254806681917e-15 0.4999999999999835 0.8660254037844481 -1.53254806681917e-15 0.4999999999999835 0.8660254037844481 -1.53254806681917e-15 0.4999999999999835 0.8660254037844481 -1.53254806681917e-15 0.4999999999999835 0 4.173452833864172e-16 1 0 4.173452833864172e-16 1 0 4.173452833864172e-16 1 -1.180064440099637e-13 4.173452833865184e-16 1 -1.180064440099637e-13 4.173452833865184e-16 1 -1.180064440099637e-13 4.173452833865184e-16 1 0 0 1 0 0 1 0 0 1 0 0 1 0 0 1 0 0 1 0 0 1 0 0 1 0 0 1 6.377211586723932e-16 6.37721158672067e-16 1 6.377211586723932e-16 6.37721158672067e-16 1 6.377211586723932e-16 6.37721158672067e-16 1 6.411739292984834e-16 0 1 6.411739292984834e-16 0 1 6.411739292984834e-16 0 1 6.377211586723901e-16 0 1 6.377211586723901e-16 0 1 6.377211586723901e-16 0 1 0 0 1 0 0 1 0 0 1 0 1.184237892934019e-13 1 0 1.184237892934019e-13 1 0 1.184237892934019e-13 1 0 0 1 0 0 1 0 0 1 0 0 1 0 0 1 0 0 1 -1.255164841463121e-15 2.355924137452278e-13 1 -1.255164841463121e-15 2.355924137452278e-13 1 -1.255164841463121e-15 2.355924137452278e-13 1 -2.35604305740322e-13 1.243272846349348e-15 1 -2.35604305740322e-13 1.243272846349348e-15 1 -2.35604305740322e-13 1.243272846349348e-15 1 0 4.158796537777363e-16 1 0 4.158796537777363e-16 1 0 4.158796537777363e-16 1 4.158796537778503e-16 4.15879653777736e-16 1 4.158796537778503e-16 4.15879653777736e-16 1 4.158796537778503e-16 4.15879653777736e-16 1 -0.8660254037844574 1.389560918944603e-15 0.4999999999999674 -0.8660254037844574 1.389560918944603e-15 0.4999999999999674 -0.8660254037844574 1.389560918944603e-15 0.4999999999999674 -0.8660254037844574 1.389560918944603e-15 0.4999999999999674 -0.8660254037844574 1.389560918944603e-15 0.4999999999999674 -0.8660254037844574 1.389560918944603e-15 0.4999999999999674 -0.8660254037844574 1.389560918944603e-15 0.4999999999999674 -0.8660254037844574 1.389560918944603e-15 0.4999999999999674 -0.8660254037844574 1.389560918944603e-15 0.4999999999999674 -0.8660254037844574 1.389560918944603e-15 0.4999999999999674 -0.8660254037844574 1.389560918944603e-15 0.4999999999999674 -0.8660254037844574 1.389560918944603e-15 0.4999999999999674 -0.8660254037844667 1.437865028799925e-15 -0.4999999999999512 -0.8660254037844667 1.437865028799925e-15 -0.4999999999999512 -0.8660254037844667 1.437865028799925e-15 -0.4999999999999512 -0.8660254037844667 1.437865028799925e-15 -0.4999999999999512 -0.8660254037844667 1.437865028799925e-15 -0.4999999999999512 -0.8660254037844667 1.437865028799925e-15 -0.4999999999999512 -0.8660254037844667 1.437865028799925e-15 -0.4999999999999512 -0.8660254037844667 1.437865028799925e-15 -0.4999999999999512 -0.8660254037844667 1.437865028799925e-15 -0.4999999999999512 -0.8660254037844667 1.437865028799925e-15 -0.4999999999999512 -0.8660254037844667 1.437865028799925e-15 -0.4999999999999512 -0.8660254037844667 1.437865028799925e-15 -0.4999999999999512 -0.8660254037844667 1.437865028799925e-15 -0.4999999999999512 -0.8660254037844667 1.437865028799925e-15 -0.4999999999999512 -0.8660254037844667 1.437865028799925e-15 -0.4999999999999512 0.8660254037844404 -1.211510686252155e-15 -0.499999999999997 0.8660254037844404 -1.211510686252155e-15 -0.499999999999997 0.8660254037844404 -1.211510686252155e-15 -0.499999999999997 0.8660254037844404 -1.211510686252155e-15 -0.499999999999997 0.8660254037844404 -1.211510686252155e-15 -0.499999999999997 0.8660254037844404 -1.211510686252155e-15 -0.499999999999997 0.8660254037844404 -1.211510686252155e-15 -0.499999999999997 0.8660254037844404 -1.211510686252155e-15 -0.499999999999997 0.8660254037844404 -1.211510686252155e-15 -0.499999999999997 0.8660254037844404 -1.211510686252155e-15 -0.499999999999997 0.8660254037844404 -1.211510686252155e-15 -0.499999999999997 0.8660254037844404 -1.211510686252155e-15 -0.499999999999997 0 0 -1 0 0 -1 0 0 -1 0 0 -1 0 0 -1 0 0 -1 0 0 -1 0 0 -1 0 0 -1 -1.180052802131167e-13 4.185090802332371e-16 -1 -1.180052802131167e-13 4.185090802332371e-16 -1 -1.180052802131167e-13 4.185090802332371e-16 -1 0 4.185090802330855e-16 -1 0 4.185090802330855e-16 -1 0 4.185090802330855e-16 -1 -1.175897187340769e-13 8.340705592731852e-16 -1 -1.175897187340769e-13 8.340705592731852e-16 -1 -1.175897187340769e-13 8.340705592731852e-16 -1 -6.216881264858423e-16 1.178021011668597e-13 -1 -6.216881264858423e-16 1.178021011668597e-13 -1 -6.216881264858423e-16 1.178021011668597e-13 -1 -6.249690198042561e-16 1.184237892933456e-13 -1 -6.249690198042561e-16 1.184237892933456e-13 -1 -6.249690198042561e-16 1.184237892933456e-13 -1 -6.249690198042592e-16 1.177988202735134e-13 -1 -6.249690198042592e-16 1.177988202735134e-13 -1 -6.249690198042592e-16 1.177988202735134e-13 -1 0 0 -1 0 0 -1 0 0 -1 0 0 -1 0 0 -1 0 0 -1 0 0 -1 0 0 -1 0 0 -1 0 2.368475785866917e-13 -1 0 2.368475785866917e-13 -1 0 2.368475785866917e-13 -1 1.270045634031675e-15 0 -1 1.270045634031675e-15 0 -1 1.270045634031675e-15 0 -1 0 -8.459873052073723e-16 -1 0 -8.459873052073723e-16 -1 0 -8.459873052073723e-16 -1 -2.368475785866711e-13 0 -1 -2.368475785866711e-13 0 -1 -2.368475785866711e-13 0 -1 -2.841817012828058e-15 -0.8660254037844139 0.5000000000000428 -2.841817012828058e-15 -0.8660254037844139 0.5000000000000428 -2.841817012828058e-15 -0.8660254037844139 0.5000000000000428 -2.841817012828058e-15 -0.8660254037844139 0.5000000000000428 -2.841817012828058e-15 -0.8660254037844139 0.5000000000000428 -2.841817012828058e-15 -0.8660254037844139 0.5000000000000428 -2.841817012828058e-15 -0.8660254037844139 0.5000000000000428 -2.841817012828058e-15 -0.8660254037844139 0.5000000000000428 -2.841817012828058e-15 -0.8660254037844139 0.5000000000000428 -2.841817012828058e-15 -0.8660254037844139 0.5000000000000428 -2.841817012828058e-15 -0.8660254037844139 0.5000000000000428 -2.841817012828058e-15 -0.8660254037844139 0.5000000000000428 -2.841817012828058e-15 -0.8660254037844139 0.5000000000000428 2.256111464613754e-15 0.8660254037844276 0.5000000000000192 2.256111464613754e-15 0.8660254037844276 0.5000000000000192 2.256111464613754e-15 0.8660254037844276 0.5000000000000192 2.256111464613754e-15 0.8660254037844276 0.5000000000000192 2.256111464613754e-15 0.8660254037844276 0.5000000000000192 2.256111464613754e-15 0.8660254037844276 0.5000000000000192 2.256111464613754e-15 0.8660254037844276 0.5000000000000192 2.256111464613754e-15 0.8660254037844276 0.5000000000000192 2.256111464613754e-15 0.8660254037844276 0.5000000000000192 2.256111464613754e-15 0.8660254037844276 0.5000000000000192 2.256111464613754e-15 0.8660254037844276 0.5000000000000192 2.256111464613754e-15 0.8660254037844276 0.5000000000000192 2.256111464613754e-15 0.8660254037844276 0.5000000000000192 2.179298706300759e-15 0.8660254037844069 -0.5000000000000549 2.179298706300759e-15 0.8660254037844069 -0.5000000000000549 2.179298706300759e-15 0.8660254037844069 -0.5000000000000549 2.179298706300759e-15 0.8660254037844069 -0.5000000000000549 2.179298706300759e-15 0.8660254037844069 -0.5000000000000549 2.179298706300759e-15 0.8660254037844069 -0.5000000000000549 2.179298706300759e-15 0.8660254037844069 -0.5000000000000549 2.179298706300759e-15 0.8660254037844069 -0.5000000000000549 2.179298706300759e-15 0.8660254037844069 -0.5000000000000549 2.179298706300759e-15 0.8660254037844069 -0.5000000000000549 2.179298706300759e-15 0.8660254037844069 -0.5000000000000549 2.179298706300759e-15 0.8660254037844069 -0.5000000000000549 -2.108150080035229e-15 -0.8660254037843764 -0.5000000000001078 -2.108150080035229e-15 -0.8660254037843764 -0.5000000000001078 -2.108150080035229e-15 -0.8660254037843764 -0.5000000000001078 -2.108150080035229e-15 -0.8660254037843764 -0.5000000000001078 -2.108150080035229e-15 -0.8660254037843764 -0.5000000000001078 -2.108150080035229e-15 -0.8660254037843764 -0.5000000000001078 -2.108150080035229e-15 -0.8660254037843764 -0.5000000000001078 -2.108150080035229e-15 -0.8660254037843764 -0.5000000000001078 -2.108150080035229e-15 -0.8660254037843764 -0.5000000000001078 -2.108150080035229e-15 -0.8660254037843764 -0.5000000000001078 -0.2420870317032967 -0.866025403784464 0.4374858501495142 -0.2420870317032967 -0.866025403784464 0.4374858501495142 -0.2420870317032967 -0.866025403784464 0.4374858501495142 -0.2420870317032967 -0.866025403784464 0.4374858501495142 -0.2420870317032967 -0.866025403784464 0.4374858501495142 -0.2420870317032967 -0.866025403784464 0.4374858501495142 -0.2420870317032967 -0.866025403784464 0.4374858501495142 -0.2420870317032967 -0.866025403784464 0.4374858501495142 -0.2420870317032967 -0.866025403784464 0.4374858501495142 -0.2420870317032967 -0.866025403784464 0.4374858501495142 -0.2420870317032967 -0.866025403784464 0.4374858501495142 -0.2420870317032967 -0.866025403784464 0.4374858501495142 -0.2420870317032967 -0.866025403784464 0.4374858501495142 -0.2420870317032967 -0.866025403784464 0.4374858501495142 -0.2420870317032967 -0.866025403784464 0.4374858501495142 -0.2420870317032967 -0.866025403784464 0.4374858501495142 -0.2420870317033227 0.8660254037844208 0.4374858501495851 -0.2420870317033227 0.8660254037844208 0.4374858501495851 -0.2420870317033227 0.8660254037844208 0.4374858501495851 -0.2420870317033227 0.8660254037844208 0.4374858501495851 -0.2420870317033227 0.8660254037844208 0.4374858501495851 -0.2420870317033227 0.8660254037844208 0.4374858501495851 -0.2420870317033227 0.8660254037844208 0.4374858501495851 -0.2420870317033227 0.8660254037844208 0.4374858501495851 -0.2420870317033227 0.8660254037844208 0.4374858501495851 -0.2420870317033227 0.8660254037844208 0.4374858501495851 -0.2420870317033227 0.8660254037844208 0.4374858501495851 -0.4841740634066227 0 0.8749717002991123 -0.4841740634066227 0 0.8749717002991123 -0.4841740634066227 0 0.8749717002991123 -0.4841740634066227 0 0.8749717002991123 -0.4841740634066227 0 0.8749717002991123 -0.4841740634066227 0 0.8749717002991123 -0.4841740634066227 0 0.8749717002991123 -0.4841740634066227 0 0.8749717002991123 -0.4841740634066227 0 0.8749717002991123 -0.4841740634066227 0 0.8749717002991123 0.2420870317033174 0.8660254037844244 -0.4374858501495808 0.2420870317033174 0.8660254037844244 -0.4374858501495808 0.2420870317033174 0.8660254037844244 -0.4374858501495808 0.2420870317033174 0.8660254037844244 -0.4374858501495808 0.2420870317033174 0.8660254037844244 -0.4374858501495808 0.2420870317033174 0.8660254037844244 -0.4374858501495808 0.2420870317033174 0.8660254037844244 -0.4374858501495808 0.2420870317033174 0.8660254037844244 -0.4374858501495808 0.2420870317033174 0.8660254037844244 -0.4374858501495808 0.2420870317033174 0.8660254037844244 -0.4374858501495808 0.2420870317033174 0.8660254037844244 -0.4374858501495808 0.2420870317033174 0.8660254037844244 -0.4374858501495808 0.2420870317033174 0.8660254037844244 -0.4374858501495808 0.4841740634066398 2.825930843833044e-14 -0.8749717002991028 0.4841740634066398 2.825930843833044e-14 -0.8749717002991028 0.4841740634066398 2.825930843833044e-14 -0.8749717002991028 0.4841740634066398 2.825930843833044e-14 -0.8749717002991028 0.4841740634066398 2.825930843833044e-14 -0.8749717002991028 0.4841740634066398 2.825930843833044e-14 -0.8749717002991028 0.4841740634066398 2.825930843833044e-14 -0.8749717002991028 0.4841740634066398 2.825930843833044e-14 -0.8749717002991028 0.4841740634066398 2.825930843833044e-14 -0.8749717002991028 0.4841740634066398 2.825930843833044e-14 -0.8749717002991028 0.2420870317033396 -0.8660254037843956 -0.437485850149626 0.2420870317033396 -0.8660254037843956 -0.437485850149626 0.2420870317033396 -0.8660254037843956 -0.437485850149626 0.2420870317033396 -0.8660254037843956 -0.437485850149626 0.2420870317033396 -0.8660254037843956 -0.437485850149626 0.2420870317033396 -0.8660254037843956 -0.437485850149626 0.2420870317033396 -0.8660254037843956 -0.437485850149626 0.2420870317033396 -0.8660254037843956 -0.437485850149626 0.2420870317033396 -0.8660254037843956 -0.437485850149626 0.2420870317033396 -0.8660254037843956 -0.437485850149626 0.2420870317033396 -0.8660254037843956 -0.437485850149626 -2.406445907636423e-15 -0.8660254037844719 0.4999999999999424 -2.406445907636423e-15 -0.8660254037844719 0.4999999999999424 -2.406445907636423e-15 -0.8660254037844719 0.4999999999999424 -2.406445907636423e-15 -0.8660254037844719 0.4999999999999424 -2.406445907636423e-15 -0.8660254037844719 0.4999999999999424 -2.406445907636423e-15 -0.8660254037844719 0.4999999999999424 -2.406445907636423e-15 -0.8660254037844719 0.4999999999999424 -2.406445907636423e-15 -0.8660254037844719 0.4999999999999424 -2.406445907636423e-15 -0.8660254037844719 0.4999999999999424 -2.406445907636423e-15 -0.8660254037844719 0.4999999999999424 -2.406445907636423e-15 -0.8660254037844719 0.4999999999999424 -2.406445907636423e-15 -0.8660254037844719 0.4999999999999424 -2.406445907636423e-15 -0.8660254037844719 0.4999999999999424 0 0 1 0 0 1 0 0 1 0 -2.36847578586802e-13 1 0 -2.36847578586802e-13 1 0 -2.36847578586802e-13 1 9.153354561159899e-16 0 1 9.153354561159899e-16 0 1 9.153354561159899e-16 0 1 9.153354561163125e-16 1.17508453837257e-13 1 9.153354561163125e-16 1.17508453837257e-13 1 9.153354561163125e-16 1.17508453837257e-13 1 4.594433204613602e-16 0 1 4.594433204613602e-16 0 1 4.594433204613602e-16 0 1 1.178287897111655e-13 5.949995821801761e-16 1 1.178287897111655e-13 5.949995821801761e-16 1 1.178287897111655e-13 5.949995821801761e-16 1 0 0 1 0 0 1 0 0 1 0 5.949995821803864e-16 1 0 5.949995821803864e-16 1 0 5.949995821803864e-16 1 0 -5.920250560056585e-16 1 0 -5.920250560056585e-16 1 0 -5.920250560056585e-16 1 -2.36255553530686e-13 -5.920250560053787e-16 1 -2.36255553530686e-13 -5.920250560053787e-16 1 -2.36255553530686e-13 -5.920250560053787e-16 1 5.890801224368451e-16 -5.890801224364963e-16 1 5.890801224368451e-16 -5.890801224364963e-16 1 5.890801224368451e-16 -5.890801224364963e-16 1 0 -5.890801224364955e-16 1 0 -5.890801224364955e-16 1 0 -5.890801224364955e-16 1 5.861643420477597e-16 -5.861643420477597e-16 1 5.861643420477597e-16 -5.861643420477597e-16 1 5.861643420477597e-16 -5.861643420477597e-16 1 0 0 1 0 0 1 0 0 1 0 0 1 0 0 1 0 0 1 0 0 1 0 0 1 0 0 1 4.224649900645746e-15 0.8660254037844287 0.5000000000000174 4.224649900645746e-15 0.8660254037844287 0.5000000000000174 4.224649900645746e-15 0.8660254037844287 0.5000000000000174 4.224649900645746e-15 0.8660254037844287 0.5000000000000174 4.224649900645746e-15 0.8660254037844287 0.5000000000000174 4.224649900645746e-15 0.8660254037844287 0.5000000000000174 4.224649900645746e-15 0.8660254037844287 0.5000000000000174 4.224649900645746e-15 0.8660254037844287 0.5000000000000174 4.224649900645746e-15 0.8660254037844287 0.5000000000000174 4.224649900645746e-15 0.8660254037844287 0.5000000000000174 4.224649900645746e-15 0.8660254037844287 0.5000000000000174 3.370111579862723e-15 0.8660254037844274 -0.5000000000000193 3.370111579862723e-15 0.8660254037844274 -0.5000000000000193 3.370111579862723e-15 0.8660254037844274 -0.5000000000000193 3.370111579862723e-15 0.8660254037844274 -0.5000000000000193 3.370111579862723e-15 0.8660254037844274 -0.5000000000000193 3.370111579862723e-15 0.8660254037844274 -0.5000000000000193 3.370111579862723e-15 0.8660254037844274 -0.5000000000000193 3.370111579862723e-15 0.8660254037844274 -0.5000000000000193 3.370111579862723e-15 0.8660254037844274 -0.5000000000000193 3.370111579862723e-15 0.8660254037844274 -0.5000000000000193 3.370111579862723e-15 0.8660254037844274 -0.5000000000000193 3.370111579862723e-15 0.8660254037844274 -0.5000000000000193 3.370111579862723e-15 0.8660254037844274 -0.5000000000000193 3.370111579862723e-15 0.8660254037844274 -0.5000000000000193 -3.380823627142979e-15 -0.8660254037844087 -0.5000000000000519 -3.380823627142979e-15 -0.8660254037844087 -0.5000000000000519 -3.380823627142979e-15 -0.8660254037844087 -0.5000000000000519 -3.380823627142979e-15 -0.8660254037844087 -0.5000000000000519 -3.380823627142979e-15 -0.8660254037844087 -0.5000000000000519 -3.380823627142979e-15 -0.8660254037844087 -0.5000000000000519 -3.380823627142979e-15 -0.8660254037844087 -0.5000000000000519 -3.380823627142979e-15 -0.8660254037844087 -0.5000000000000519 -3.380823627142979e-15 -0.8660254037844087 -0.5000000000000519 -3.380823627142979e-15 -0.8660254037844087 -0.5000000000000519 -3.380823627142979e-15 -0.8660254037844087 -0.5000000000000519 -4.608541424467247e-16 0 -1 -4.608541424467247e-16 0 -1 -4.608541424467247e-16 0 -1 -9.181352996123598e-16 -1.175056539937888e-13 -1 -9.181352996123598e-16 -1.175056539937888e-13 -1 -9.181352996123598e-16 -1.175056539937888e-13 -1 -9.181352996117126e-16 0 -1 -9.181352996117126e-16 0 -1 -9.181352996117126e-16 0 -1 -4.57294954292232e-16 1.188810842475814e-13 -1 -4.57294954292232e-16 1.188810842475814e-13 -1 -4.57294954292232e-16 1.188810842475814e-13 -1 -4.572949542926669e-16 0 -1 -4.572949542926669e-16 0 -1 -4.572949542926669e-16 0 -1 -9.110717933776951e-16 -1.175127174999679e-13 -1 -9.110717933776951e-16 -1.175127174999679e-13 -1 -9.110717933776951e-16 -1.175127174999679e-13 -1 -1.178427701048493e-13 -5.81019188496229e-16 -1 -1.178427701048493e-13 -5.81019188496229e-16 -1 -1.178427701048493e-13 -5.81019188496229e-16 -1 -1.184237892933313e-13 -5.8388388097666e-16 -1 -1.184237892933313e-13 -5.8388388097666e-16 -1 -1.184237892933313e-13 -5.8388388097666e-16 -1 1.19007673174337e-13 -5.838838809770757e-16 -1 1.19007673174337e-13 -5.838838809770757e-16 -1 1.19007673174337e-13 -5.838838809770757e-16 -1 1.184237892933593e-13 -5.867769619352785e-16 -1 1.184237892933593e-13 -5.867769619352785e-16 -1 1.184237892933593e-13 -5.867769619352785e-16 -1 -1.178370123314109e-13 -5.867769619348626e-16 -1 -1.178370123314109e-13 -5.867769619348626e-16 -1 -1.178370123314109e-13 -5.867769619348626e-16 -1 -1.184237892933452e-13 -5.896988554574923e-16 -1 -1.184237892933452e-13 -5.896988554574923e-16 -1 -1.184237892933452e-13 -5.896988554574923e-16 -1 5.896988554575671e-16 -5.896988554577028e-16 -1 5.896988554575671e-16 -5.896988554577028e-16 -1 5.896988554575671e-16 -5.896988554577028e-16 -1 1.184237892933455e-13 0 -1 1.184237892933455e-13 0 -1 1.184237892933455e-13 0 -1 0 1.184237892933455e-13 -1 0 1.184237892933455e-13 -1 0 1.184237892933455e-13 -1 -4.608541424467226e-16 4.608541424468317e-16 -1 -4.608541424467226e-16 4.608541424468317e-16 -1 -4.608541424467226e-16 4.608541424468317e-16 -1 -0.866025403784443 1.249329018200235e-15 0.4999999999999924 -0.866025403784443 1.249329018200235e-15 0.4999999999999924 -0.866025403784443 1.249329018200235e-15 0.4999999999999924 -0.866025403784443 1.249329018200235e-15 0.4999999999999924 -0.866025403784443 1.249329018200235e-15 0.4999999999999924 -0.866025403784443 1.249329018200235e-15 0.4999999999999924 -0.866025403784443 1.249329018200235e-15 0.4999999999999924 -0.866025403784443 1.249329018200235e-15 0.4999999999999924 -0.866025403784443 1.249329018200235e-15 0.4999999999999924 -0.866025403784443 1.249329018200235e-15 0.4999999999999924 -0.866025403784443 1.249329018200235e-15 0.4999999999999924 0.8660254037844329 -2.266812167856818e-15 0.5000000000000099 0.8660254037844329 -2.266812167856818e-15 0.5000000000000099 0.8660254037844329 -2.266812167856818e-15 0.5000000000000099 0.8660254037844329 -2.266812167856818e-15 0.5000000000000099 0.8660254037844329 -2.266812167856818e-15 0.5000000000000099 0.8660254037844329 -2.266812167856818e-15 0.5000000000000099 0.8660254037844329 -2.266812167856818e-15 0.5000000000000099 0.8660254037844329 -2.266812167856818e-15 0.5000000000000099 0.8660254037844329 -2.266812167856818e-15 0.5000000000000099 0.8660254037844329 -2.266812167856818e-15 0.5000000000000099 0.8660254037844329 -2.266812167856818e-15 0.5000000000000099 0.8660254037844269 -1.207182937717075e-15 -0.5000000000000203 0.8660254037844269 -1.207182937717075e-15 -0.5000000000000203 0.8660254037844269 -1.207182937717075e-15 -0.5000000000000203 0.8660254037844269 -1.207182937717075e-15 -0.5000000000000203 0.8660254037844269 -1.207182937717075e-15 -0.5000000000000203 0.8660254037844269 -1.207182937717075e-15 -0.5000000000000203 0.8660254037844269 -1.207182937717075e-15 -0.5000000000000203 0.8660254037844269 -1.207182937717075e-15 -0.5000000000000203 0.8660254037844269 -1.207182937717075e-15 -0.5000000000000203 0.8660254037844269 -1.207182937717075e-15 -0.5000000000000203 0.8660254037844269 -1.207182937717075e-15 -0.5000000000000203 -0.8660254037844249 1.865543038873852e-15 -0.5000000000000238 -0.8660254037844249 1.865543038873852e-15 -0.5000000000000238 -0.8660254037844249 1.865543038873852e-15 -0.5000000000000238 -0.8660254037844249 1.865543038873852e-15 -0.5000000000000238 -0.8660254037844249 1.865543038873852e-15 -0.5000000000000238 -0.8660254037844249 1.865543038873852e-15 -0.5000000000000238 -0.8660254037844249 1.865543038873852e-15 -0.5000000000000238 -0.8660254037844249 1.865543038873852e-15 -0.5000000000000238 -0.8660254037844249 1.865543038873852e-15 -0.5000000000000238 -0.8660254037844249 1.865543038873852e-15 -0.5000000000000238 -0.8660254037844249 1.865543038873852e-15 -0.5000000000000238 -0.8660254037844249 1.865543038873852e-15 -0.5000000000000238 -0.8660254037844249 1.865543038873852e-15 -0.5000000000000238 0 -1 0 0 -1 0 0 -1 0 0 -1 0 0 -1 0 0 -1 0 0 -1 0 0 -1 0 0 -1 0 0 -1 0 0 -1 0 0 -1 0 0 -1 0 0 -1 0 0 -1 0 0 -1 0 0 -1 0 0 -1 0 0 -1 0 0 -1 0 0 -1 0 0 -1 0 0 -1 0 0 -1 0 -0.866025403784474 0.2420870317032828 0.4374858501495021 -0.866025403784474 0.2420870317032828 0.4374858501495021 -0.866025403784474 0.2420870317032828 0.4374858501495021 -0.866025403784474 0.2420870317032828 0.4374858501495021 -0.866025403784474 0.2420870317032828 0.4374858501495021 -0.866025403784474 0.2420870317032828 0.4374858501495021 -0.866025403784474 0.2420870317032828 0.4374858501495021 -0.866025403784474 0.2420870317032828 0.4374858501495021 -0.866025403784474 0.2420870317032828 0.4374858501495021 -0.866025403784474 0.2420870317032828 0.4374858501495021 -0.866025403784474 0.2420870317032828 0.4374858501495021 0.866025403784457 0.2420870317033039 0.4374858501495242 0.866025403784457 0.2420870317033039 0.4374858501495242 0.866025403784457 0.2420870317033039 0.4374858501495242 0.866025403784457 0.2420870317033039 0.4374858501495242 0.866025403784457 0.2420870317033039 0.4374858501495242 0.866025403784457 0.2420870317033039 0.4374858501495242 0.866025403784457 0.2420870317033039 0.4374858501495242 0.866025403784457 0.2420870317033039 0.4374858501495242 0.866025403784457 0.2420870317033039 0.4374858501495242 0.866025403784457 0.2420870317033039 0.4374858501495242 0 0.4841740634066197 0.874971700299114 0 0.4841740634066197 0.874971700299114 0 0.4841740634066197 0.874971700299114 0 0.4841740634066197 0.874971700299114 0 0.4841740634066197 0.874971700299114 0 0.4841740634066197 0.874971700299114 0 0.4841740634066197 0.874971700299114 0 0.4841740634066197 0.874971700299114 0 0.4841740634066197 0.874971700299114 0 0.4841740634066197 0.874971700299114 0.8660254037844371 -0.2420870317033217 -0.4374858501495534 0.8660254037844371 -0.2420870317033217 -0.4374858501495534 0.8660254037844371 -0.2420870317033217 -0.4374858501495534 0.8660254037844371 -0.2420870317033217 -0.4374858501495534 0.8660254037844371 -0.2420870317033217 -0.4374858501495534 0.8660254037844371 -0.2420870317033217 -0.4374858501495534 0.8660254037844371 -0.2420870317033217 -0.4374858501495534 0.8660254037844371 -0.2420870317033217 -0.4374858501495534 0.8660254037844371 -0.2420870317033217 -0.4374858501495534 0.8660254037844371 -0.2420870317033217 -0.4374858501495534 0 -0.4841740634066262 -0.8749717002991105 0 -0.4841740634066262 -0.8749717002991105 0 -0.4841740634066262 -0.8749717002991105 0 -0.4841740634066262 -0.8749717002991105 0 -0.4841740634066262 -0.8749717002991105 0 -0.4841740634066262 -0.8749717002991105 0 -0.4841740634066262 -0.8749717002991105 0 -0.4841740634066262 -0.8749717002991105 0 -0.4841740634066262 -0.8749717002991105 0 -0.4841740634066262 -0.8749717002991105 -0.8660254037844261 -0.2420870317033357 -0.4374858501495677 -0.8660254037844261 -0.2420870317033357 -0.4374858501495677 -0.8660254037844261 -0.2420870317033357 -0.4374858501495677 -0.8660254037844261 -0.2420870317033357 -0.4374858501495677 -0.8660254037844261 -0.2420870317033357 -0.4374858501495677 -0.8660254037844261 -0.2420870317033357 -0.4374858501495677 -0.8660254037844261 -0.2420870317033357 -0.4374858501495677 -0.8660254037844261 -0.2420870317033357 -0.4374858501495677 -0.8660254037844261 -0.2420870317033357 -0.4374858501495677 -0.8660254037844261 -0.2420870317033357 -0.4374858501495677 -0.8660254037844261 -0.2420870317033357 -0.4374858501495677 -0.8660254037844261 -0.2420870317033357 -0.4374858501495677 -0.8660254037844261 -0.2420870317033357 -0.4374858501495677 0 -1 0 0 -1 0 0 -1 0 0 -1 0 0 -1 0 0 -1 0 0 -1 0 0 -1 0 0 -1 0 0 -1 0 0 -1 0 0 -1 0 0 -1 0 0 -1 0 0 -1 0 0 -1 0 0 -1 0 0 -1 0 0 -1 0 0 -1 0 0 -1 0 0 -1 0 0 -1 0 0 -1 0 0.8660254037844443 -0.242087031703308 0.4374858501495473 0.8660254037844443 -0.242087031703308 0.4374858501495473 0.8660254037844443 -0.242087031703308 0.4374858501495473 0.8660254037844443 -0.242087031703308 0.4374858501495473 0.8660254037844443 -0.242087031703308 0.4374858501495473 0.8660254037844443 -0.242087031703308 0.4374858501495473 0.8660254037844443 -0.242087031703308 0.4374858501495473 0.8660254037844443 -0.242087031703308 0.4374858501495473 0.8660254037844443 -0.242087031703308 0.4374858501495473 0.8660254037844443 -0.242087031703308 0.4374858501495473 0.8660254037844443 -0.242087031703308 0.4374858501495473 0.8660254037844443 -0.242087031703308 0.4374858501495473 0.8660254037844443 -0.242087031703308 0.4374858501495473 -0.8660254037844368 -0.2420870317033122 0.4374858501495596 -0.8660254037844368 -0.2420870317033122 0.4374858501495596 -0.8660254037844368 -0.2420870317033122 0.4374858501495596 -0.8660254037844368 -0.2420870317033122 0.4374858501495596 -0.8660254037844368 -0.2420870317033122 0.4374858501495596 -0.8660254037844368 -0.2420870317033122 0.4374858501495596 -0.8660254037844368 -0.2420870317033122 0.4374858501495596 -0.8660254037844368 -0.2420870317033122 0.4374858501495596 -0.8660254037844368 -0.2420870317033122 0.4374858501495596 -0.8660254037844368 -0.2420870317033122 0.4374858501495596 0 -0.4841740634066233 0.874971700299112 0 -0.4841740634066233 0.874971700299112 0 -0.4841740634066233 0.874971700299112 0 -0.4841740634066233 0.874971700299112 0 -0.4841740634066233 0.874971700299112 0 -0.4841740634066233 0.874971700299112 0 -0.4841740634066233 0.874971700299112 0 -0.4841740634066233 0.874971700299112 0 -0.4841740634066233 0.874971700299112 0 -0.4841740634066233 0.874971700299112 -0.866025403784448 0.2420870317033048 -0.4374858501495412 -0.866025403784448 0.2420870317033048 -0.4374858501495412 -0.866025403784448 0.2420870317033048 -0.4374858501495412 -0.866025403784448 0.2420870317033048 -0.4374858501495412 -0.866025403784448 0.2420870317033048 -0.4374858501495412 -0.866025403784448 0.2420870317033048 -0.4374858501495412 -0.866025403784448 0.2420870317033048 -0.4374858501495412 -0.866025403784448 0.2420870317033048 -0.4374858501495412 -0.866025403784448 0.2420870317033048 -0.4374858501495412 -0.866025403784448 0.2420870317033048 -0.4374858501495412 -0.866025403784448 0.2420870317033048 -0.4374858501495412 -0.866025403784448 0.2420870317033048 -0.4374858501495412 -0.866025403784448 0.2420870317033048 -0.4374858501495412 -4.699591270660693e-14 0.4841740634066235 -0.8749717002991119 -4.699591270660693e-14 0.4841740634066235 -0.8749717002991119 -4.699591270660693e-14 0.4841740634066235 -0.8749717002991119 -4.699591270660693e-14 0.4841740634066235 -0.8749717002991119 -4.699591270660693e-14 0.4841740634066235 -0.8749717002991119 -4.699591270660693e-14 0.4841740634066235 -0.8749717002991119 -4.699591270660693e-14 0.4841740634066235 -0.8749717002991119 -4.699591270660693e-14 0.4841740634066235 -0.8749717002991119 -4.699591270660693e-14 0.4841740634066235 -0.8749717002991119 -4.699591270660693e-14 0.4841740634066235 -0.8749717002991119 0.8660254037844524 0.2420870317032988 -0.437485850149536 0.8660254037844524 0.2420870317032988 -0.437485850149536 0.8660254037844524 0.2420870317032988 -0.437485850149536 0.8660254037844524 0.2420870317032988 -0.437485850149536 0.8660254037844524 0.2420870317032988 -0.437485850149536 0.8660254037844524 0.2420870317032988 -0.437485850149536 0.8660254037844524 0.2420870317032988 -0.437485850149536 0.8660254037844524 0.2420870317032988 -0.437485850149536 0.8660254037844524 0.2420870317032988 -0.437485850149536 0.8660254037844524 0.2420870317032988 -0.437485850149536 0.8660254037844524 0.2420870317032988 -0.437485850149536 0.8660254037844524 0.2420870317032988 -0.437485850149536 0.8660254037844552 -1.740555151603333e-15 0.4999999999999713 0.8660254037844552 -1.740555151603333e-15 0.4999999999999713 0.8660254037844552 -1.740555151603333e-15 0.4999999999999713 0.8660254037844552 -1.740555151603333e-15 0.4999999999999713 0.8660254037844552 -1.740555151603333e-15 0.4999999999999713 0.8660254037844552 -1.740555151603333e-15 0.4999999999999713 0.8660254037844552 -1.740555151603333e-15 0.4999999999999713 0.8660254037844552 -1.740555151603333e-15 0.4999999999999713 0.8660254037844552 -1.740555151603333e-15 0.4999999999999713 0.8660254037844552 -1.740555151603333e-15 0.4999999999999713 0.8660254037844552 -1.740555151603333e-15 0.4999999999999713 0.8660254037844552 -1.740555151603333e-15 0.4999999999999713 0.8660254037844552 -1.740555151603333e-15 0.4999999999999713 0 0 1 0 0 1 0 0 1 0 0 1 0 0 1 0 0 1 0 0 1 0 0 1 0 0 1 -1.184237892933499e-13 0 1 -1.184237892933499e-13 0 1 -1.184237892933499e-13 0 1 0 -4.203077533339061e-16 1 0 -4.203077533339061e-16 1 0 -4.203077533339061e-16 1 0 1.1842378929329e-13 1 0 1.1842378929329e-13 1 0 1.1842378929329e-13 1 6.411739292984834e-16 0 1 6.411739292984834e-16 0 1 6.411739292984834e-16 0 1 0 0 1 0 0 1 0 0 1 0 0 1 0 0 1 0 0 1 0 0 1 0 0 1 0 0 1 -6.309259893002635e-16 1.177928633040174e-13 1 -6.309259893002635e-16 1.177928633040174e-13 1 -6.309259893002635e-16 1.177928633040174e-13 1 -6.309259893008579e-16 0 1 -6.309259893008579e-16 0 1 -6.309259893008579e-16 0 1 -6.275824207321551e-16 -6.275824207322078e-16 1 -6.275824207321551e-16 -6.275824207322078e-16 1 -6.275824207321551e-16 -6.275824207322078e-16 1 4.144242821163806e-16 4.144242821164153e-16 1 4.144242821163806e-16 4.144242821164153e-16 1 4.144242821163806e-16 4.144242821164153e-16 1 0 4.158796537777356e-16 1 0 4.158796537777356e-16 1 0 4.158796537777356e-16 1 -1.180079096395721e-13 4.158796537778365e-16 1 -1.180079096395721e-13 4.158796537778365e-16 1 -1.180079096395721e-13 4.158796537778365e-16 1 -0.8660254037844491 1.372940886757458e-15 0.4999999999999817 -0.8660254037844491 1.372940886757458e-15 0.4999999999999817 -0.8660254037844491 1.372940886757458e-15 0.4999999999999817 -0.8660254037844491 1.372940886757458e-15 0.4999999999999817 -0.8660254037844491 1.372940886757458e-15 0.4999999999999817 -0.8660254037844491 1.372940886757458e-15 0.4999999999999817 -0.8660254037844491 1.372940886757458e-15 0.4999999999999817 -0.8660254037844491 1.372940886757458e-15 0.4999999999999817 -0.8660254037844491 1.372940886757458e-15 0.4999999999999817 -0.8660254037844491 1.372940886757458e-15 0.4999999999999817 -0.8660254037844491 1.372940886757458e-15 0.4999999999999817 -0.8660254037844491 1.372940886757458e-15 0.4999999999999817 -0.8660254037844703 1.223501633503463e-15 -0.4999999999999452 -0.8660254037844703 1.223501633503463e-15 -0.4999999999999452 -0.8660254037844703 1.223501633503463e-15 -0.4999999999999452 -0.8660254037844703 1.223501633503463e-15 -0.4999999999999452 -0.8660254037844703 1.223501633503463e-15 -0.4999999999999452 -0.8660254037844703 1.223501633503463e-15 -0.4999999999999452 -0.8660254037844703 1.223501633503463e-15 -0.4999999999999452 -0.8660254037844703 1.223501633503463e-15 -0.4999999999999452 -0.8660254037844703 1.223501633503463e-15 -0.4999999999999452 -0.8660254037844703 1.223501633503463e-15 -0.4999999999999452 -0.8660254037844703 1.223501633503463e-15 -0.4999999999999452 -0.8660254037844703 1.223501633503463e-15 -0.4999999999999452 -0.8660254037844703 1.223501633503463e-15 -0.4999999999999452 -0.8660254037844703 1.223501633503463e-15 -0.4999999999999452 -0.8660254037844703 1.223501633503463e-15 -0.4999999999999452 0.8660254037844333 -1.177616186030755e-15 -0.5000000000000092 0.8660254037844333 -1.177616186030755e-15 -0.5000000000000092 0.8660254037844333 -1.177616186030755e-15 -0.5000000000000092 0.8660254037844333 -1.177616186030755e-15 -0.5000000000000092 0.8660254037844333 -1.177616186030755e-15 -0.5000000000000092 0.8660254037844333 -1.177616186030755e-15 -0.5000000000000092 0.8660254037844333 -1.177616186030755e-15 -0.5000000000000092 0.8660254037844333 -1.177616186030755e-15 -0.5000000000000092 0.8660254037844333 -1.177616186030755e-15 -0.5000000000000092 0.8660254037844333 -1.177616186030755e-15 -0.5000000000000092 0.8660254037844333 -1.177616186030755e-15 -0.5000000000000092 0.8660254037844333 -1.177616186030755e-15 -0.5000000000000092 -1.1842378929335e-13 4.214881542998885e-16 -1 -1.1842378929335e-13 4.214881542998885e-16 -1 -1.1842378929335e-13 4.214881542998885e-16 -1 0 0 -1 0 0 -1 0 0 -1 0 0 -1 0 0 -1 0 0 -1 -1.180052802131168e-13 4.185090802331866e-16 -1 -1.180052802131168e-13 4.185090802331866e-16 -1 -1.180052802131168e-13 4.185090802331866e-16 -1 -1.1842378929335e-13 4.18509080233187e-16 -1 -1.1842378929335e-13 4.18509080233187e-16 -1 -1.1842378929335e-13 4.18509080233187e-16 -1 -1.180067540137134e-13 4.170352796366433e-16 -1 -1.180067540137134e-13 4.170352796366433e-16 -1 -1.180067540137134e-13 4.170352796366433e-16 -1 -6.216881264858423e-16 1.178021011668597e-13 -1 -6.216881264858423e-16 1.178021011668597e-13 -1 -6.216881264858423e-16 1.178021011668597e-13 -1 0 0 -1 0 0 -1 0 0 -1 0 1.184237892933181e-13 -1 0 1.184237892933181e-13 -1 0 1.184237892933181e-13 -1 6.282847259792295e-16 0 -1 6.282847259792295e-16 0 -1 6.282847259792295e-16 0 -1 6.282847259792312e-16 6.282847259794139e-16 -1 6.282847259792312e-16 6.282847259794139e-16 -1 6.282847259792312e-16 6.282847259794139e-16 -1 6.316358020525354e-16 0 -1 6.316358020525354e-16 0 -1 6.316358020525354e-16 0 -1 6.316358020528361e-16 1.190554250953984e-13 -1 6.316358020528361e-16 1.190554250953984e-13 -1 6.316358020528361e-16 1.190554250953984e-13 -1 6.350228170161382e-16 1.184237892933455e-13 -1 6.350228170161382e-16 1.184237892933455e-13 -1 6.350228170161382e-16 1.184237892933455e-13 -1 0 0 -1 0 0 -1 0 0 -1 -1.180023011390358e-13 4.214881542998884e-16 -1 -1.180023011390358e-13 4.214881542998884e-16 -1 -1.180023011390358e-13 4.214881542998884e-16 -1 -2.831349915174989e-15 -0.8660254037844065 0.5000000000000558 -2.831349915174989e-15 -0.8660254037844065 0.5000000000000558 -2.831349915174989e-15 -0.8660254037844065 0.5000000000000558 -2.831349915174989e-15 -0.8660254037844065 0.5000000000000558 -2.831349915174989e-15 -0.8660254037844065 0.5000000000000558 -2.831349915174989e-15 -0.8660254037844065 0.5000000000000558 -2.831349915174989e-15 -0.8660254037844065 0.5000000000000558 -2.831349915174989e-15 -0.8660254037844065 0.5000000000000558 -2.831349915174989e-15 -0.8660254037844065 0.5000000000000558 -2.831349915174989e-15 -0.8660254037844065 0.5000000000000558 -2.831349915174989e-15 -0.8660254037844065 0.5000000000000558 -2.831349915174989e-15 -0.8660254037844065 0.5000000000000558 -2.831349915174989e-15 -0.8660254037844065 0.5000000000000558 2.093922489849735e-15 0.8660254037844239 0.5000000000000256 2.093922489849735e-15 0.8660254037844239 0.5000000000000256 2.093922489849735e-15 0.8660254037844239 0.5000000000000256 2.093922489849735e-15 0.8660254037844239 0.5000000000000256 2.093922489849735e-15 0.8660254037844239 0.5000000000000256 2.093922489849735e-15 0.8660254037844239 0.5000000000000256 2.093922489849735e-15 0.8660254037844239 0.5000000000000256 2.093922489849735e-15 0.8660254037844239 0.5000000000000256 2.093922489849735e-15 0.8660254037844239 0.5000000000000256 2.093922489849735e-15 0.8660254037844239 0.5000000000000256 2.093922489849735e-15 0.8660254037844239 0.5000000000000256 2.093922489849735e-15 0.8660254037844239 0.5000000000000256 2.093922489849735e-15 0.8660254037844239 0.5000000000000256 2.340728240100754e-15 0.8660254037844143 -0.5000000000000419 2.340728240100754e-15 0.8660254037844143 -0.5000000000000419 2.340728240100754e-15 0.8660254037844143 -0.5000000000000419 2.340728240100754e-15 0.8660254037844143 -0.5000000000000419 2.340728240100754e-15 0.8660254037844143 -0.5000000000000419 2.340728240100754e-15 0.8660254037844143 -0.5000000000000419 2.340728240100754e-15 0.8660254037844143 -0.5000000000000419 2.340728240100754e-15 0.8660254037844143 -0.5000000000000419 2.340728240100754e-15 0.8660254037844143 -0.5000000000000419 2.340728240100754e-15 0.8660254037844143 -0.5000000000000419 2.340728240100754e-15 0.8660254037844143 -0.5000000000000419 2.340728240100754e-15 0.8660254037844143 -0.5000000000000419 -1.608158232534066e-15 -0.86602540378438 -0.5000000000001013 -1.608158232534066e-15 -0.86602540378438 -0.5000000000001013 -1.608158232534066e-15 -0.86602540378438 -0.5000000000001013 -1.608158232534066e-15 -0.86602540378438 -0.5000000000001013 -1.608158232534066e-15 -0.86602540378438 -0.5000000000001013 -1.608158232534066e-15 -0.86602540378438 -0.5000000000001013 -1.608158232534066e-15 -0.86602540378438 -0.5000000000001013 -1.608158232534066e-15 -0.86602540378438 -0.5000000000001013 -1.608158232534066e-15 -0.86602540378438 -0.5000000000001013 -1.608158232534066e-15 -0.86602540378438 -0.5000000000001013 -0.2420870317033279 -0.8660254037844338 0.4374858501495566 -0.2420870317033279 -0.8660254037844338 0.4374858501495566 -0.2420870317033279 -0.8660254037844338 0.4374858501495566 -0.2420870317033279 -0.8660254037844338 0.4374858501495566 -0.2420870317033279 -0.8660254037844338 0.4374858501495566 -0.2420870317033279 -0.8660254037844338 0.4374858501495566 -0.2420870317033279 -0.8660254037844338 0.4374858501495566 -0.2420870317033279 -0.8660254037844338 0.4374858501495566 -0.2420870317033279 -0.8660254037844338 0.4374858501495566 -0.2420870317033279 -0.8660254037844338 0.4374858501495566 -0.2420870317033279 -0.8660254037844338 0.4374858501495566 -0.2420870317033279 -0.8660254037844338 0.4374858501495566 -0.2420870317033279 -0.8660254037844338 0.4374858501495566 -0.2420870317033279 -0.8660254037844338 0.4374858501495566 -0.2420870317033279 -0.8660254037844338 0.4374858501495566 -0.2420870317033279 -0.8660254037844338 0.4374858501495566 -0.2420870317033229 0.8660254037844209 0.437485850149585 -0.2420870317033229 0.8660254037844209 0.437485850149585 -0.2420870317033229 0.8660254037844209 0.437485850149585 -0.2420870317033229 0.8660254037844209 0.437485850149585 -0.2420870317033229 0.8660254037844209 0.437485850149585 -0.2420870317033229 0.8660254037844209 0.437485850149585 -0.2420870317033229 0.8660254037844209 0.437485850149585 -0.2420870317033229 0.8660254037844209 0.437485850149585 -0.2420870317033229 0.8660254037844209 0.437485850149585 -0.2420870317033229 0.8660254037844209 0.437485850149585 -0.2420870317033229 0.8660254037844209 0.437485850149585 -0.4841740634066166 0 0.8749717002991157 -0.4841740634066166 0 0.8749717002991157 -0.4841740634066166 0 0.8749717002991157 -0.4841740634066166 0 0.8749717002991157 -0.4841740634066166 0 0.8749717002991157 -0.4841740634066166 0 0.8749717002991157 -0.4841740634066166 0 0.8749717002991157 -0.4841740634066166 0 0.8749717002991157 -0.4841740634066166 0 0.8749717002991157 -0.4841740634066166 0 0.8749717002991157 0.2420870317033116 0.8660254037844125 -0.4374858501496078 0.2420870317033116 0.8660254037844125 -0.4374858501496078 0.2420870317033116 0.8660254037844125 -0.4374858501496078 0.2420870317033116 0.8660254037844125 -0.4374858501496078 0.2420870317033116 0.8660254037844125 -0.4374858501496078 0.2420870317033116 0.8660254037844125 -0.4374858501496078 0.2420870317033116 0.8660254037844125 -0.4374858501496078 0.2420870317033116 0.8660254037844125 -0.4374858501496078 0.2420870317033116 0.8660254037844125 -0.4374858501496078 0.2420870317033116 0.8660254037844125 -0.4374858501496078 0.2420870317033116 0.8660254037844125 -0.4374858501496078 0.2420870317033116 0.8660254037844125 -0.4374858501496078 0.2420870317033116 0.8660254037844125 -0.4374858501496078 0.4841740634066428 5.651861687666122e-14 -0.8749717002991012 0.4841740634066428 5.651861687666122e-14 -0.8749717002991012 0.4841740634066428 5.651861687666122e-14 -0.8749717002991012 0.4841740634066428 5.651861687666122e-14 -0.8749717002991012 0.4841740634066428 5.651861687666122e-14 -0.8749717002991012 0.4841740634066428 5.651861687666122e-14 -0.8749717002991012 0.4841740634066428 5.651861687666122e-14 -0.8749717002991012 0.4841740634066428 5.651861687666122e-14 -0.8749717002991012 0.4841740634066428 5.651861687666122e-14 -0.8749717002991012 0.4841740634066428 5.651861687666122e-14 -0.8749717002991012 0.2420870317033281 -0.8660254037844091 -0.4374858501496052 0.2420870317033281 -0.8660254037844091 -0.4374858501496052 0.2420870317033281 -0.8660254037844091 -0.4374858501496052 0.2420870317033281 -0.8660254037844091 -0.4374858501496052 0.2420870317033281 -0.8660254037844091 -0.4374858501496052 0.2420870317033281 -0.8660254037844091 -0.4374858501496052 0.2420870317033281 -0.8660254037844091 -0.4374858501496052 0.2420870317033281 -0.8660254037844091 -0.4374858501496052 0.2420870317033281 -0.8660254037844091 -0.4374858501496052 0.2420870317033281 -0.8660254037844091 -0.4374858501496052 0.2420870317033281 -0.8660254037844091 -0.4374858501496052 -2.767412793781908e-15 -0.866025403784434 0.5000000000000079 -2.767412793781908e-15 -0.866025403784434 0.5000000000000079 -2.767412793781908e-15 -0.866025403784434 0.5000000000000079 -2.767412793781908e-15 -0.866025403784434 0.5000000000000079 -2.767412793781908e-15 -0.866025403784434 0.5000000000000079 -2.767412793781908e-15 -0.866025403784434 0.5000000000000079 -2.767412793781908e-15 -0.866025403784434 0.5000000000000079 -2.767412793781908e-15 -0.866025403784434 0.5000000000000079 -2.767412793781908e-15 -0.866025403784434 0.5000000000000079 -2.767412793781908e-15 -0.866025403784434 0.5000000000000079 -2.767412793781908e-15 -0.866025403784434 0.5000000000000079 -2.767412793781908e-15 -0.866025403784434 0.5000000000000079 -2.767412793781908e-15 -0.866025403784434 0.5000000000000079 -9.118116138860266e-16 0 1 -9.118116138860266e-16 0 1 -9.118116138860266e-16 0 1 -9.118116138860218e-16 9.11811613886447e-16 1 -9.118116138860218e-16 9.11811613886447e-16 1 -9.118116138860218e-16 9.11811613886447e-16 1 -9.153354561159895e-16 0 1 -9.153354561159895e-16 0 1 -9.153354561159895e-16 0 1 -9.153354561170692e-16 -2.359322431306298e-13 1 -9.153354561170692e-16 -2.359322431306298e-13 1 -9.153354561170692e-16 -2.359322431306298e-13 1 0 0 1 0 0 1 0 0 1 -2.368475785866915e-13 0 1 -2.368475785866915e-13 0 1 -2.368475785866915e-13 0 1 -2.368475785866911e-13 0 1 -2.368475785866911e-13 0 1 -2.368475785866911e-13 0 1 0 0 1 0 0 1 0 0 1 0 0 1 0 0 1 0 0 1 0 0 1 0 0 1 0 0 1 2.356694183418457e-13 1.178160244872713e-15 1 2.356694183418457e-13 1.178160244872713e-15 1 2.356694183418457e-13 1.178160244872713e-15 1 0 1.178160244872991e-15 1 0 1.178160244872991e-15 1 0 1.178160244872991e-15 1 -2.368475785866914e-13 0 1 -2.368475785866914e-13 0 1 -2.368475785866914e-13 0 1 -9.048447036530795e-16 -2.35942733883038e-13 1 -9.048447036530795e-16 -2.35942733883038e-13 1 -9.048447036530795e-16 -2.35942733883038e-13 1 0 0 1 0 0 1 0 0 1 0 2.36847578586578e-13 1 0 2.36847578586578e-13 1 0 2.36847578586578e-13 1 4.165864873109662e-15 0.866025403784425 0.5000000000000237 4.165864873109662e-15 0.866025403784425 0.5000000000000237 4.165864873109662e-15 0.866025403784425 0.5000000000000237 4.165864873109662e-15 0.866025403784425 0.5000000000000237 4.165864873109662e-15 0.866025403784425 0.5000000000000237 4.165864873109662e-15 0.866025403784425 0.5000000000000237 4.165864873109662e-15 0.866025403784425 0.5000000000000237 4.165864873109662e-15 0.866025403784425 0.5000000000000237 4.165864873109662e-15 0.866025403784425 0.5000000000000237 4.165864873109662e-15 0.866025403784425 0.5000000000000237 4.165864873109662e-15 0.866025403784425 0.5000000000000237 3.37011157986293e-15 0.8660254037844538 -0.4999999999999739 3.37011157986293e-15 0.8660254037844538 -0.4999999999999739 3.37011157986293e-15 0.8660254037844538 -0.4999999999999739 3.37011157986293e-15 0.8660254037844538 -0.4999999999999739 3.37011157986293e-15 0.8660254037844538 -0.4999999999999739 3.37011157986293e-15 0.8660254037844538 -0.4999999999999739 3.37011157986293e-15 0.8660254037844538 -0.4999999999999739 3.37011157986293e-15 0.8660254037844538 -0.4999999999999739 3.37011157986293e-15 0.8660254037844538 -0.4999999999999739 3.37011157986293e-15 0.8660254037844538 -0.4999999999999739 3.37011157986293e-15 0.8660254037844538 -0.4999999999999739 3.37011157986293e-15 0.8660254037844538 -0.4999999999999739 3.37011157986293e-15 0.8660254037844538 -0.4999999999999739 3.37011157986293e-15 0.8660254037844538 -0.4999999999999739 -3.13933622520421e-15 -0.866025403784443 -0.4999999999999925 -3.13933622520421e-15 -0.866025403784443 -0.4999999999999925 -3.13933622520421e-15 -0.866025403784443 -0.4999999999999925 -3.13933622520421e-15 -0.866025403784443 -0.4999999999999925 -3.13933622520421e-15 -0.866025403784443 -0.4999999999999925 -3.13933622520421e-15 -0.866025403784443 -0.4999999999999925 -3.13933622520421e-15 -0.866025403784443 -0.4999999999999925 -3.13933622520421e-15 -0.866025403784443 -0.4999999999999925 -3.13933622520421e-15 -0.866025403784443 -0.4999999999999925 -3.13933622520421e-15 -0.866025403784443 -0.4999999999999925 -3.13933622520421e-15 -0.866025403784443 -0.4999999999999925 9.217082848950866e-16 3.552713678801208e-13 -1 9.217082848950866e-16 3.552713678801208e-13 -1 9.217082848950866e-16 3.552713678801208e-13 -1 -1.377202949418866e-15 -2.354703756373838e-13 -1 -1.377202949418866e-15 -2.354703756373838e-13 -1 -1.377202949418866e-15 -2.354703756373838e-13 -1 -1.377202949417569e-15 0 -1 -1.377202949417569e-15 0 -1 -1.377202949417569e-15 0 -1 -1.371884862877996e-15 1.371884862877184e-15 -1 -1.371884862877996e-15 1.371884862877184e-15 -1 -1.371884862877996e-15 1.371884862877184e-15 -1 -1.371884862878001e-15 0 -1 -1.371884862878001e-15 0 -1 -1.371884862878001e-15 0 -1 -1.366607690065896e-15 1.366607690065919e-15 -1 -1.366607690065896e-15 1.366607690065919e-15 -1 -1.366607690065896e-15 1.366607690065919e-15 -1 1.162038376992734e-15 -1.162038376992734e-15 -1 1.162038376992734e-15 -1.162038376992734e-15 -1 1.162038376992734e-15 -1.162038376992734e-15 -1 2.368475785866911e-13 0 -1 2.368475785866911e-13 0 -1 2.368475785866911e-13 0 -1 0 0 -1 0 0 -1 0 0 -1 0 0 -1 0 0 -1 0 0 -1 -2.368475785866915e-13 0 -1 -2.368475785866915e-13 0 -1 -2.368475785866915e-13 0 -1 0 1.179397710915406e-15 -1 0 1.179397710915406e-15 -1 0 1.179397710915406e-15 -1 -1.179397710915131e-15 1.179397710915408e-15 -1 -1.179397710915131e-15 1.179397710915408e-15 -1 -1.179397710915131e-15 1.179397710915408e-15 -1 0 1.185299988241701e-15 -1 0 1.185299988241701e-15 -1 0 1.185299988241701e-15 -1 9.253091878438313e-16 0 -1 9.253091878438313e-16 0 -1 9.253091878438313e-16 0 -1 9.217082848934451e-16 -9.217082848936632e-16 -1 9.217082848934451e-16 -9.217082848936632e-16 -1 9.217082848934451e-16 -9.217082848936632e-16 -1 -0.8660254037844378 7.808306363751605e-16 0.5000000000000014 -0.8660254037844378 7.808306363751605e-16 0.5000000000000014 -0.8660254037844378 7.808306363751605e-16 0.5000000000000014 -0.8660254037844378 7.808306363751605e-16 0.5000000000000014 -0.8660254037844378 7.808306363751605e-16 0.5000000000000014 -0.8660254037844378 7.808306363751605e-16 0.5000000000000014 -0.8660254037844378 7.808306363751605e-16 0.5000000000000014 -0.8660254037844378 7.808306363751605e-16 0.5000000000000014 -0.8660254037844378 7.808306363751605e-16 0.5000000000000014 -0.8660254037844378 7.808306363751605e-16 0.5000000000000014 -0.8660254037844378 7.808306363751605e-16 0.5000000000000014 0.8660254037844327 -1.667173695666078e-15 0.5000000000000104 0.8660254037844327 -1.667173695666078e-15 0.5000000000000104 0.8660254037844327 -1.667173695666078e-15 0.5000000000000104 0.8660254037844327 -1.667173695666078e-15 0.5000000000000104 0.8660254037844327 -1.667173695666078e-15 0.5000000000000104 0.8660254037844327 -1.667173695666078e-15 0.5000000000000104 0.8660254037844327 -1.667173695666078e-15 0.5000000000000104 0.8660254037844327 -1.667173695666078e-15 0.5000000000000104 0.8660254037844327 -1.667173695666078e-15 0.5000000000000104 0.8660254037844327 -1.667173695666078e-15 0.5000000000000104 0.8660254037844327 -1.667173695666078e-15 0.5000000000000104 0.8660254037844362 -1.961672273790126e-15 -0.5000000000000042 0.8660254037844362 -1.961672273790126e-15 -0.5000000000000042 0.8660254037844362 -1.961672273790126e-15 -0.5000000000000042 0.8660254037844362 -1.961672273790126e-15 -0.5000000000000042 0.8660254037844362 -1.961672273790126e-15 -0.5000000000000042 0.8660254037844362 -1.961672273790126e-15 -0.5000000000000042 0.8660254037844362 -1.961672273790126e-15 -0.5000000000000042 0.8660254037844362 -1.961672273790126e-15 -0.5000000000000042 0.8660254037844362 -1.961672273790126e-15 -0.5000000000000042 0.8660254037844362 -1.961672273790126e-15 -0.5000000000000042 0.8660254037844362 -1.961672273790126e-15 -0.5000000000000042 -0.8660254037844397 1.865543038873755e-15 -0.4999999999999982 -0.8660254037844397 1.865543038873755e-15 -0.4999999999999982 -0.8660254037844397 1.865543038873755e-15 -0.4999999999999982 -0.8660254037844397 1.865543038873755e-15 -0.4999999999999982 -0.8660254037844397 1.865543038873755e-15 -0.4999999999999982 -0.8660254037844397 1.865543038873755e-15 -0.4999999999999982 -0.8660254037844397 1.865543038873755e-15 -0.4999999999999982 -0.8660254037844397 1.865543038873755e-15 -0.4999999999999982 -0.8660254037844397 1.865543038873755e-15 -0.4999999999999982 -0.8660254037844397 1.865543038873755e-15 -0.4999999999999982 -0.8660254037844397 1.865543038873755e-15 -0.4999999999999982 -0.8660254037844397 1.865543038873755e-15 -0.4999999999999982 -0.8660254037844397 1.865543038873755e-15 -0.4999999999999982 0 -1 0 0 -1 0 0 -1 0 0 -1 0 0 -1 0 0 -1 0 0 -1 0 0 -1 0 0 -1 0 0 -1 0 0 -1 0 0 -1 0 0 -1 0 0 -1 0 0 -1 0 0 -1 0 0 -1 0 0 -1 0 0 -1 0 0 -1 0 0 -1 0 0 -1 0 0 -1 0 0 -1 0 -0.8660254037844494 0.2420870317032897 0.4374858501495467 -0.8660254037844494 0.2420870317032897 0.4374858501495467 -0.8660254037844494 0.2420870317032897 0.4374858501495467 -0.8660254037844494 0.2420870317032897 0.4374858501495467 -0.8660254037844494 0.2420870317032897 0.4374858501495467 -0.8660254037844494 0.2420870317032897 0.4374858501495467 -0.8660254037844494 0.2420870317032897 0.4374858501495467 -0.8660254037844494 0.2420870317032897 0.4374858501495467 -0.8660254037844494 0.2420870317032897 0.4374858501495467 -0.8660254037844494 0.2420870317032897 0.4374858501495467 -0.8660254037844494 0.2420870317032897 0.4374858501495467 0.8660254037844472 0.2420870317033134 0.4374858501495382 0.8660254037844472 0.2420870317033134 0.4374858501495382 0.8660254037844472 0.2420870317033134 0.4374858501495382 0.8660254037844472 0.2420870317033134 0.4374858501495382 0.8660254037844472 0.2420870317033134 0.4374858501495382 0.8660254037844472 0.2420870317033134 0.4374858501495382 0.8660254037844472 0.2420870317033134 0.4374858501495382 0.8660254037844472 0.2420870317033134 0.4374858501495382 0.8660254037844472 0.2420870317033134 0.4374858501495382 0.8660254037844472 0.2420870317033134 0.4374858501495382 0 0.4841740634066197 0.874971700299114 0 0.4841740634066197 0.874971700299114 0 0.4841740634066197 0.874971700299114 0 0.4841740634066197 0.874971700299114 0 0.4841740634066197 0.874971700299114 0 0.4841740634066197 0.874971700299114 0 0.4841740634066197 0.874971700299114 0 0.4841740634066197 0.874971700299114 0 0.4841740634066197 0.874971700299114 0 0.4841740634066197 0.874971700299114 0.8660254037844378 -0.2420870317033303 -0.4374858501495476 0.8660254037844378 -0.2420870317033303 -0.4374858501495476 0.8660254037844378 -0.2420870317033303 -0.4374858501495476 0.8660254037844378 -0.2420870317033303 -0.4374858501495476 0.8660254037844378 -0.2420870317033303 -0.4374858501495476 0.8660254037844378 -0.2420870317033303 -0.4374858501495476 0.8660254037844378 -0.2420870317033303 -0.4374858501495476 0.8660254037844378 -0.2420870317033303 -0.4374858501495476 0.8660254037844378 -0.2420870317033303 -0.4374858501495476 0.8660254037844378 -0.2420870317033303 -0.4374858501495476 0 -0.4841740634066168 -0.8749717002991156 0 -0.4841740634066168 -0.8749717002991156 0 -0.4841740634066168 -0.8749717002991156 0 -0.4841740634066168 -0.8749717002991156 0 -0.4841740634066168 -0.8749717002991156 0 -0.4841740634066168 -0.8749717002991156 0 -0.4841740634066168 -0.8749717002991156 0 -0.4841740634066168 -0.8749717002991156 0 -0.4841740634066168 -0.8749717002991156 0 -0.4841740634066168 -0.8749717002991156 -0.8660254037844359 -0.2420870317033263 -0.4374858501495533 -0.8660254037844359 -0.2420870317033263 -0.4374858501495533 -0.8660254037844359 -0.2420870317033263 -0.4374858501495533 -0.8660254037844359 -0.2420870317033263 -0.4374858501495533 -0.8660254037844359 -0.2420870317033263 -0.4374858501495533 -0.8660254037844359 -0.2420870317033263 -0.4374858501495533 -0.8660254037844359 -0.2420870317033263 -0.4374858501495533 -0.8660254037844359 -0.2420870317033263 -0.4374858501495533 -0.8660254037844359 -0.2420870317033263 -0.4374858501495533 -0.8660254037844359 -0.2420870317033263 -0.4374858501495533 -0.8660254037844359 -0.2420870317033263 -0.4374858501495533 -0.8660254037844359 -0.2420870317033263 -0.4374858501495533 -0.8660254037844359 -0.2420870317033263 -0.4374858501495533 0 -1 0 0 -1 0 0 -1 0 0 -1 0 0 -1 0 0 -1 0 0 -1 0 0 -1 0 0 -1 0 0 -1 0 0 -1 0 0 -1 0 0 -1 0 0 -1 0 0 -1 0 0 -1 0 0 -1 0 0 -1 0 0 -1 0 0 -1 0 0 -1 0 0 -1 0 0 -1 0 0 -1 0 0.8660254037844279 -0.2420870317033216 0.4374858501495718 0.8660254037844279 -0.2420870317033216 0.4374858501495718 0.8660254037844279 -0.2420870317033216 0.4374858501495718 0.8660254037844279 -0.2420870317033216 0.4374858501495718 0.8660254037844279 -0.2420870317033216 0.4374858501495718 0.8660254037844279 -0.2420870317033216 0.4374858501495718 0.8660254037844279 -0.2420870317033216 0.4374858501495718 0.8660254037844279 -0.2420870317033216 0.4374858501495718 0.8660254037844279 -0.2420870317033216 0.4374858501495718 0.8660254037844279 -0.2420870317033216 0.4374858501495718 0.8660254037844279 -0.2420870317033216 0.4374858501495718 0.8660254037844279 -0.2420870317033216 0.4374858501495718 0.8660254037844279 -0.2420870317033216 0.4374858501495718 -0.8660254037844327 -0.2420870317033155 0.4374858501495657 -0.8660254037844327 -0.2420870317033155 0.4374858501495657 -0.8660254037844327 -0.2420870317033155 0.4374858501495657 -0.8660254037844327 -0.2420870317033155 0.4374858501495657 -0.8660254037844327 -0.2420870317033155 0.4374858501495657 -0.8660254037844327 -0.2420870317033155 0.4374858501495657 -0.8660254037844327 -0.2420870317033155 0.4374858501495657 -0.8660254037844327 -0.2420870317033155 0.4374858501495657 -0.8660254037844327 -0.2420870317033155 0.4374858501495657 -0.8660254037844327 -0.2420870317033155 0.4374858501495657 -1.569714733213456e-14 -0.4841740634066232 0.874971700299112 -1.569714733213456e-14 -0.4841740634066232 0.874971700299112 -1.569714733213456e-14 -0.4841740634066232 0.874971700299112 -1.569714733213456e-14 -0.4841740634066232 0.874971700299112 -1.569714733213456e-14 -0.4841740634066232 0.874971700299112 -1.569714733213456e-14 -0.4841740634066232 0.874971700299112 -1.569714733213456e-14 -0.4841740634066232 0.874971700299112 -1.569714733213456e-14 -0.4841740634066232 0.874971700299112 -1.569714733213456e-14 -0.4841740634066232 0.874971700299112 -1.569714733213456e-14 -0.4841740634066232 0.874971700299112 -0.8660254037844546 0.2420870317032993 -0.4374858501495314 -0.8660254037844546 0.2420870317032993 -0.4374858501495314 -0.8660254037844546 0.2420870317032993 -0.4374858501495314 -0.8660254037844546 0.2420870317032993 -0.4374858501495314 -0.8660254037844546 0.2420870317032993 -0.4374858501495314 -0.8660254037844546 0.2420870317032993 -0.4374858501495314 -0.8660254037844546 0.2420870317032993 -0.4374858501495314 -0.8660254037844546 0.2420870317032993 -0.4374858501495314 -0.8660254037844546 0.2420870317032993 -0.4374858501495314 -0.8660254037844546 0.2420870317032993 -0.4374858501495314 -0.8660254037844546 0.2420870317032993 -0.4374858501495314 -0.8660254037844546 0.2420870317032993 -0.4374858501495314 -0.8660254037844546 0.2420870317032993 -0.4374858501495314 -4.699591270660622e-14 0.4841740634066233 -0.874971700299112 -4.699591270660622e-14 0.4841740634066233 -0.874971700299112 -4.699591270660622e-14 0.4841740634066233 -0.874971700299112 -4.699591270660622e-14 0.4841740634066233 -0.874971700299112 -4.699591270660622e-14 0.4841740634066233 -0.874971700299112 -4.699591270660622e-14 0.4841740634066233 -0.874971700299112 -4.699591270660622e-14 0.4841740634066233 -0.874971700299112 -4.699591270660622e-14 0.4841740634066233 -0.874971700299112 -4.699591270660622e-14 0.4841740634066233 -0.874971700299112 -4.699591270660622e-14 0.4841740634066233 -0.874971700299112 0.8660254037844604 0.2420870317032923 -0.4374858501495242 0.8660254037844604 0.2420870317032923 -0.4374858501495242 0.8660254037844604 0.2420870317032923 -0.4374858501495242 0.8660254037844604 0.2420870317032923 -0.4374858501495242 0.8660254037844604 0.2420870317032923 -0.4374858501495242 0.8660254037844604 0.2420870317032923 -0.4374858501495242 0.8660254037844604 0.2420870317032923 -0.4374858501495242 0.8660254037844604 0.2420870317032923 -0.4374858501495242 0.8660254037844604 0.2420870317032923 -0.4374858501495242 0.8660254037844604 0.2420870317032923 -0.4374858501495242 0.8660254037844604 0.2420870317032923 -0.4374858501495242 0.8660254037844604 0.2420870317032923 -0.4374858501495242 0.8660254037844417 -1.32883864907595e-15 0.4999999999999947 0.8660254037844417 -1.32883864907595e-15 0.4999999999999947 0.8660254037844417 -1.32883864907595e-15 0.4999999999999947 0.8660254037844417 -1.32883864907595e-15 0.4999999999999947 0.8660254037844417 -1.32883864907595e-15 0.4999999999999947 0.8660254037844417 -1.32883864907595e-15 0.4999999999999947 0.8660254037844417 -1.32883864907595e-15 0.4999999999999947 0.8660254037844417 -1.32883864907595e-15 0.4999999999999947 0.8660254037844417 -1.32883864907595e-15 0.4999999999999947 0.8660254037844417 -1.32883864907595e-15 0.4999999999999947 0.8660254037844417 -1.32883864907595e-15 0.4999999999999947 0.8660254037844417 -1.32883864907595e-15 0.4999999999999947 0.8660254037844417 -1.32883864907595e-15 0.4999999999999947 0 0 1 0 0 1 0 0 1 0 0 1 0 0 1 0 0 1 -1.184237892933644e-13 4.188212797784459e-16 1 -1.184237892933644e-13 4.188212797784459e-16 1 -1.184237892933644e-13 4.188212797784459e-16 1 4.18821279778399e-16 4.188212797781909e-16 1 4.18821279778399e-16 4.188212797781909e-16 1 4.18821279778399e-16 4.188212797781909e-16 1 0 4.203077533339064e-16 1 0 4.203077533339064e-16 1 0 4.203077533339064e-16 1 0 0 1 0 0 1 0 0 1 0 0 1 0 0 1 0 0 1 0 0 1 0 0 1 0 0 1 0 0 1 0 0 1 0 0 1 0 0 1 0 0 1 0 0 1 0 0 1 0 0 1 0 0 1 0 0 1 0 0 1 0 0 1 0 0 1 0 0 1 0 0 1 0 0 1 0 0 1 0 0 1 0 0 1 0 0 1 0 0 1 0 0 1 0 0 1 0 0 1 -0.8660254037844652 1.043485565172638e-15 0.499999999999954 -0.8660254037844652 1.043485565172638e-15 0.499999999999954 -0.8660254037844652 1.043485565172638e-15 0.499999999999954 -0.8660254037844652 1.043485565172638e-15 0.499999999999954 -0.8660254037844652 1.043485565172638e-15 0.499999999999954 -0.8660254037844652 1.043485565172638e-15 0.499999999999954 -0.8660254037844652 1.043485565172638e-15 0.499999999999954 -0.8660254037844652 1.043485565172638e-15 0.499999999999954 -0.8660254037844652 1.043485565172638e-15 0.499999999999954 -0.8660254037844652 1.043485565172638e-15 0.499999999999954 -0.8660254037844652 1.043485565172638e-15 0.499999999999954 -0.8660254037844652 1.043485565172638e-15 0.499999999999954 -0.8660254037844692 1.177758816933933e-15 -0.499999999999947 -0.8660254037844692 1.177758816933933e-15 -0.499999999999947 -0.8660254037844692 1.177758816933933e-15 -0.499999999999947 -0.8660254037844692 1.177758816933933e-15 -0.499999999999947 -0.8660254037844692 1.177758816933933e-15 -0.499999999999947 -0.8660254037844692 1.177758816933933e-15 -0.499999999999947 -0.8660254037844692 1.177758816933933e-15 -0.499999999999947 -0.8660254037844692 1.177758816933933e-15 -0.499999999999947 -0.8660254037844692 1.177758816933933e-15 -0.499999999999947 -0.8660254037844692 1.177758816933933e-15 -0.499999999999947 -0.8660254037844692 1.177758816933933e-15 -0.499999999999947 -0.8660254037844692 1.177758816933933e-15 -0.499999999999947 -0.8660254037844692 1.177758816933933e-15 -0.499999999999947 -0.8660254037844692 1.177758816933933e-15 -0.499999999999947 -0.8660254037844692 1.177758816933933e-15 -0.499999999999947 0.8660254037844471 -8.943224268093398e-16 -0.4999999999999854 0.8660254037844471 -8.943224268093398e-16 -0.4999999999999854 0.8660254037844471 -8.943224268093398e-16 -0.4999999999999854 0.8660254037844471 -8.943224268093398e-16 -0.4999999999999854 0.8660254037844471 -8.943224268093398e-16 -0.4999999999999854 0.8660254037844471 -8.943224268093398e-16 -0.4999999999999854 0.8660254037844471 -8.943224268093398e-16 -0.4999999999999854 0.8660254037844471 -8.943224268093398e-16 -0.4999999999999854 0.8660254037844471 -8.943224268093398e-16 -0.4999999999999854 0.8660254037844471 -8.943224268093398e-16 -0.4999999999999854 0.8660254037844471 -8.943224268093398e-16 -0.4999999999999854 0.8660254037844471 -8.943224268093398e-16 -0.4999999999999854 -1.1842378929335e-13 1.264464462899563e-15 -1 -1.1842378929335e-13 1.264464462899563e-15 -1 -1.1842378929335e-13 1.264464462899563e-15 -1 8.399866691618099e-16 8.39986669162074e-16 -1 8.399866691618099e-16 8.39986669162074e-16 -1 8.399866691618099e-16 8.39986669162074e-16 -1 -2.368475785866714e-13 8.399866691622783e-16 -1 -2.368475785866714e-13 8.399866691622783e-16 -1 -2.368475785866714e-13 8.399866691622783e-16 -1 0 0 -1 0 0 -1 0 0 -1 0 0 -1 0 0 -1 0 0 -1 -1.180067540136991e-13 4.170352796366937e-16 -1 -1.180067540136991e-13 4.170352796366937e-16 -1 -1.180067540136991e-13 4.170352796366937e-16 -1 -6.216881264858425e-16 1.178021011668596e-13 -1 -6.216881264858425e-16 1.178021011668596e-13 -1 -6.216881264858425e-16 1.178021011668596e-13 -1 0 0 -1 0 0 -1 0 0 -1 0 0 -1 0 0 -1 0 0 -1 0 0 -1 0 0 -1 0 0 -1 0 0 -1 0 0 -1 0 0 -1 0 0 -1 0 0 -1 0 0 -1 0 2.368475785866916e-13 -1 0 2.368475785866916e-13 -1 0 2.368475785866916e-13 -1 0 2.368475785866911e-13 -1 0 2.368475785866911e-13 -1 0 2.368475785866911e-13 -1 0 4.229936526036862e-16 -1 0 4.229936526036862e-16 -1 0 4.229936526036862e-16 -1 -2.355831141237717e-13 1.264464462899614e-15 -1 -2.355831141237717e-13 1.264464462899614e-15 -1 -2.355831141237717e-13 1.264464462899614e-15 -1 -3.166297040075568e-15 -0.8660254037844289 0.5000000000000168 -3.166297040075568e-15 -0.8660254037844289 0.5000000000000168 -3.166297040075568e-15 -0.8660254037844289 0.5000000000000168 -3.166297040075568e-15 -0.8660254037844289 0.5000000000000168 -3.166297040075568e-15 -0.8660254037844289 0.5000000000000168 -3.166297040075568e-15 -0.8660254037844289 0.5000000000000168 -3.166297040075568e-15 -0.8660254037844289 0.5000000000000168 -3.166297040075568e-15 -0.8660254037844289 0.5000000000000168 -3.166297040075568e-15 -0.8660254037844289 0.5000000000000168 -3.166297040075568e-15 -0.8660254037844289 0.5000000000000168 -3.166297040075568e-15 -0.8660254037844289 0.5000000000000168 -3.166297040075568e-15 -0.8660254037844289 0.5000000000000168 -3.166297040075568e-15 -0.8660254037844289 0.5000000000000168 2.499394926759735e-15 0.8660254037844531 0.499999999999975 2.499394926759735e-15 0.8660254037844531 0.499999999999975 2.499394926759735e-15 0.8660254037844531 0.499999999999975 2.499394926759735e-15 0.8660254037844531 0.499999999999975 2.499394926759735e-15 0.8660254037844531 0.499999999999975 2.499394926759735e-15 0.8660254037844531 0.499999999999975 2.499394926759735e-15 0.8660254037844531 0.499999999999975 2.499394926759735e-15 0.8660254037844531 0.499999999999975 2.499394926759735e-15 0.8660254037844531 0.499999999999975 2.499394926759735e-15 0.8660254037844531 0.499999999999975 2.499394926759735e-15 0.8660254037844531 0.499999999999975 2.499394926759735e-15 0.8660254037844531 0.499999999999975 2.499394926759735e-15 0.8660254037844531 0.499999999999975 2.502157773901026e-15 0.8660254037844606 -0.4999999999999618 2.502157773901026e-15 0.8660254037844606 -0.4999999999999618 2.502157773901026e-15 0.8660254037844606 -0.4999999999999618 2.502157773901026e-15 0.8660254037844606 -0.4999999999999618 2.502157773901026e-15 0.8660254037844606 -0.4999999999999618 2.502157773901026e-15 0.8660254037844606 -0.4999999999999618 2.502157773901026e-15 0.8660254037844606 -0.4999999999999618 2.502157773901026e-15 0.8660254037844606 -0.4999999999999618 2.502157773901026e-15 0.8660254037844606 -0.4999999999999618 2.502157773901026e-15 0.8660254037844606 -0.4999999999999618 2.502157773901026e-15 0.8660254037844606 -0.4999999999999618 2.502157773901026e-15 0.8660254037844606 -0.4999999999999618 -2.108150080035229e-15 -0.8660254037843764 -0.5000000000001078 -2.108150080035229e-15 -0.8660254037843764 -0.5000000000001078 -2.108150080035229e-15 -0.8660254037843764 -0.5000000000001078 -2.108150080035229e-15 -0.8660254037843764 -0.5000000000001078 -2.108150080035229e-15 -0.8660254037843764 -0.5000000000001078 -2.108150080035229e-15 -0.8660254037843764 -0.5000000000001078 -2.108150080035229e-15 -0.8660254037843764 -0.5000000000001078 -2.108150080035229e-15 -0.8660254037843764 -0.5000000000001078 -2.108150080035229e-15 -0.8660254037843764 -0.5000000000001078 -2.108150080035229e-15 -0.8660254037843764 -0.5000000000001078 -0.2420870317033221 -0.866025403784422 0.4374858501495835 -0.2420870317033221 -0.866025403784422 0.4374858501495835 -0.2420870317033221 -0.866025403784422 0.4374858501495835 -0.2420870317033221 -0.866025403784422 0.4374858501495835 -0.2420870317033221 -0.866025403784422 0.4374858501495835 -0.2420870317033221 -0.866025403784422 0.4374858501495835 -0.2420870317033221 -0.866025403784422 0.4374858501495835 -0.2420870317033221 -0.866025403784422 0.4374858501495835 -0.2420870317033221 -0.866025403784422 0.4374858501495835 -0.2420870317033221 -0.866025403784422 0.4374858501495835 -0.2420870317033221 -0.866025403784422 0.4374858501495835 -0.2420870317033221 -0.866025403784422 0.4374858501495835 -0.2420870317033221 -0.866025403784422 0.4374858501495835 -0.2420870317033221 -0.866025403784422 0.4374858501495835 -0.2420870317033221 -0.866025403784422 0.4374858501495835 -0.2420870317033221 -0.866025403784422 0.4374858501495835 -0.2420870317033149 0.8660254037844303 0.4374858501495707 -0.2420870317033149 0.8660254037844303 0.4374858501495707 -0.2420870317033149 0.8660254037844303 0.4374858501495707 -0.2420870317033149 0.8660254037844303 0.4374858501495707 -0.2420870317033149 0.8660254037844303 0.4374858501495707 -0.2420870317033149 0.8660254037844303 0.4374858501495707 -0.2420870317033149 0.8660254037844303 0.4374858501495707 -0.2420870317033149 0.8660254037844303 0.4374858501495707 -0.2420870317033149 0.8660254037844303 0.4374858501495707 -0.2420870317033149 0.8660254037844303 0.4374858501495707 -0.2420870317033149 0.8660254037844303 0.4374858501495707 -0.4841740634066169 0 0.8749717002991155 -0.4841740634066169 0 0.8749717002991155 -0.4841740634066169 0 0.8749717002991155 -0.4841740634066169 0 0.8749717002991155 -0.4841740634066169 0 0.8749717002991155 -0.4841740634066169 0 0.8749717002991155 -0.4841740634066169 0 0.8749717002991155 -0.4841740634066169 0 0.8749717002991155 -0.4841740634066169 0 0.8749717002991155 -0.4841740634066169 0 0.8749717002991155 0.2420870317033188 0.8660254037843956 -0.4374858501496374 0.2420870317033188 0.8660254037843956 -0.4374858501496374 0.2420870317033188 0.8660254037843956 -0.4374858501496374 0.2420870317033188 0.8660254037843956 -0.4374858501496374 0.2420870317033188 0.8660254037843956 -0.4374858501496374 0.2420870317033188 0.8660254037843956 -0.4374858501496374 0.2420870317033188 0.8660254037843956 -0.4374858501496374 0.2420870317033188 0.8660254037843956 -0.4374858501496374 0.2420870317033188 0.8660254037843956 -0.4374858501496374 0.2420870317033188 0.8660254037843956 -0.4374858501496374 0.2420870317033188 0.8660254037843956 -0.4374858501496374 0.2420870317033188 0.8660254037843956 -0.4374858501496374 0.2420870317033188 0.8660254037843956 -0.4374858501496374 0.4841740634066239 4.709884739721585e-14 -0.8749717002991117 0.4841740634066239 4.709884739721585e-14 -0.8749717002991117 0.4841740634066239 4.709884739721585e-14 -0.8749717002991117 0.4841740634066239 4.709884739721585e-14 -0.8749717002991117 0.4841740634066239 4.709884739721585e-14 -0.8749717002991117 0.4841740634066239 4.709884739721585e-14 -0.8749717002991117 0.4841740634066239 4.709884739721585e-14 -0.8749717002991117 0.4841740634066239 4.709884739721585e-14 -0.8749717002991117 0.4841740634066239 4.709884739721585e-14 -0.8749717002991117 0.4841740634066239 4.709884739721585e-14 -0.8749717002991117 0.2420870317033283 -0.8660254037844092 -0.4374858501496052 0.2420870317033283 -0.8660254037844092 -0.4374858501496052 0.2420870317033283 -0.8660254037844092 -0.4374858501496052 0.2420870317033283 -0.8660254037844092 -0.4374858501496052 0.2420870317033283 -0.8660254037844092 -0.4374858501496052 0.2420870317033283 -0.8660254037844092 -0.4374858501496052 0.2420870317033283 -0.8660254037844092 -0.4374858501496052 0.2420870317033283 -0.8660254037844092 -0.4374858501496052 0.2420870317033283 -0.8660254037844092 -0.4374858501496052 0.2420870317033283 -0.8660254037844092 -0.4374858501496052 0.2420870317033283 -0.8660254037844092 -0.4374858501496052 -3.369024270691101e-15 -0.8660254037844562 0.4999999999999696 -3.369024270691101e-15 -0.8660254037844562 0.4999999999999696 -3.369024270691101e-15 -0.8660254037844562 0.4999999999999696 -3.369024270691101e-15 -0.8660254037844562 0.4999999999999696 -3.369024270691101e-15 -0.8660254037844562 0.4999999999999696 -3.369024270691101e-15 -0.8660254037844562 0.4999999999999696 -3.369024270691101e-15 -0.8660254037844562 0.4999999999999696 -3.369024270691101e-15 -0.8660254037844562 0.4999999999999696 -3.369024270691101e-15 -0.8660254037844562 0.4999999999999696 -3.369024270691101e-15 -0.8660254037844562 0.4999999999999696 -3.369024270691101e-15 -0.8660254037844562 0.4999999999999696 -3.369024270691101e-15 -0.8660254037844562 0.4999999999999696 -3.369024270691101e-15 -0.8660254037844562 0.4999999999999696 0 0 1 0 0 1 0 0 1 0 1.18423789293401e-13 1 0 1.18423789293401e-13 1 0 1.18423789293401e-13 1 -4.57667728057995e-16 0 1 -4.57667728057995e-16 0 1 -4.57667728057995e-16 0 1 -4.576677280583189e-16 -1.179661215653152e-13 1 -4.576677280583189e-16 -1.179661215653152e-13 1 -4.576677280583189e-16 -1.179661215653152e-13 1 0 0 1 0 0 1 0 0 1 -1.178287897111655e-13 -5.949995821801761e-16 1 -1.178287897111655e-13 -5.949995821801761e-16 1 -1.178287897111655e-13 -5.949995821801761e-16 1 0 0 1 0 0 1 0 0 1 0 -5.949995821803864e-16 1 0 -5.949995821803864e-16 1 0 -5.949995821803864e-16 1 0 0 1 0 0 1 0 0 1 1.184237892933457e-13 0 1 1.184237892933457e-13 0 1 1.184237892933457e-13 0 1 0 0 1 0 0 1 0 0 1 0 0 1 0 0 1 0 0 1 -1.178376249512979e-13 -5.861643420476209e-16 1 -1.178376249512979e-13 -5.861643420476209e-16 1 -1.178376249512979e-13 -5.861643420476209e-16 1 -4.524223518265401e-16 -1.17971366941519e-13 1 -4.524223518265401e-16 -1.17971366941519e-13 1 -4.524223518265401e-16 -1.17971366941519e-13 1 0 0 1 0 0 1 0 0 1 0 0 1 0 0 1 0 0 1 3.166519404996968e-15 0.8660254037844324 0.5000000000000108 3.166519404996968e-15 0.8660254037844324 0.5000000000000108 3.166519404996968e-15 0.8660254037844324 0.5000000000000108 3.166519404996968e-15 0.8660254037844324 0.5000000000000108 3.166519404996968e-15 0.8660254037844324 0.5000000000000108 3.166519404996968e-15 0.8660254037844324 0.5000000000000108 3.166519404996968e-15 0.8660254037844324 0.5000000000000108 3.166519404996968e-15 0.8660254037844324 0.5000000000000108 3.166519404996968e-15 0.8660254037844324 0.5000000000000108 3.166519404996968e-15 0.8660254037844324 0.5000000000000108 3.166519404996968e-15 0.8660254037844324 0.5000000000000108 3.252139209327378e-15 0.866025403784476 -0.4999999999999353 3.252139209327378e-15 0.866025403784476 -0.4999999999999353 3.252139209327378e-15 0.866025403784476 -0.4999999999999353 3.252139209327378e-15 0.866025403784476 -0.4999999999999353 3.252139209327378e-15 0.866025403784476 -0.4999999999999353 3.252139209327378e-15 0.866025403784476 -0.4999999999999353 3.252139209327378e-15 0.866025403784476 -0.4999999999999353 3.252139209327378e-15 0.866025403784476 -0.4999999999999353 3.252139209327378e-15 0.866025403784476 -0.4999999999999353 3.252139209327378e-15 0.866025403784476 -0.4999999999999353 3.252139209327378e-15 0.866025403784476 -0.4999999999999353 3.252139209327378e-15 0.866025403784476 -0.4999999999999353 3.252139209327378e-15 0.866025403784476 -0.4999999999999353 3.252139209327378e-15 0.866025403784476 -0.4999999999999353 -3.380823627142953e-15 -0.8660254037844465 -0.4999999999999864 -3.380823627142953e-15 -0.8660254037844465 -0.4999999999999864 -3.380823627142953e-15 -0.8660254037844465 -0.4999999999999864 -3.380823627142953e-15 -0.8660254037844465 -0.4999999999999864 -3.380823627142953e-15 -0.8660254037844465 -0.4999999999999864 -3.380823627142953e-15 -0.8660254037844465 -0.4999999999999864 -3.380823627142953e-15 -0.8660254037844465 -0.4999999999999864 -3.380823627142953e-15 -0.8660254037844465 -0.4999999999999864 -3.380823627142953e-15 -0.8660254037844465 -0.4999999999999864 -3.380823627142953e-15 -0.8660254037844465 -0.4999999999999864 -3.380823627142953e-15 -0.8660254037844465 -0.4999999999999864 4.608541424472705e-16 1.184237892933736e-13 -1 4.608541424472705e-16 1.184237892933736e-13 -1 4.608541424472705e-16 1.184237892933736e-13 -1 0 0 -1 0 0 -1 0 0 -1 0 0 -1 0 0 -1 0 0 -1 -4.572949542928829e-16 -1.179664943389968e-13 -1 -4.572949542928829e-16 -1.179664943389968e-13 -1 -4.572949542928829e-16 -1.179664943389968e-13 -1 -4.572949542926671e-16 0 -1 -4.572949542926671e-16 0 -1 -4.572949542926671e-16 0 -1 -4.555358966886319e-16 4.555358966886313e-16 -1 -4.555358966886319e-16 4.555358966886313e-16 -1 -4.555358966886319e-16 4.555358966886313e-16 -1 5.810191884963666e-16 -5.810191884963666e-16 -1 5.810191884963666e-16 -5.810191884963666e-16 -1 5.810191884963666e-16 -5.810191884963666e-16 -1 0 -5.838838809768687e-16 -1 0 -5.838838809768687e-16 -1 0 -5.838838809768687e-16 -1 -1.178399054123826e-13 -5.838838809766622e-16 -1 -1.178399054123826e-13 -5.838838809766622e-16 -1 -1.178399054123826e-13 -5.838838809766622e-16 -1 0 0 -1 0 0 -1 0 0 -1 0 0 -1 0 0 -1 0 0 -1 0 0 -1 0 0 -1 0 0 -1 0 0 -1 0 0 -1 0 0 -1 0 0 -1 0 0 -1 0 0 -1 4.626545939219157e-16 0 -1 4.626545939219157e-16 0 -1 4.626545939219157e-16 0 -1 4.608541424467226e-16 -4.608541424468317e-16 -1 4.608541424467226e-16 -4.608541424468317e-16 -1 4.608541424467226e-16 -4.608541424468317e-16 -1 -0.8660254037844395 1.405495145475324e-15 0.4999999999999983 -0.8660254037844395 1.405495145475324e-15 0.4999999999999983 -0.8660254037844395 1.405495145475324e-15 0.4999999999999983 -0.8660254037844395 1.405495145475324e-15 0.4999999999999983 -0.8660254037844395 1.405495145475324e-15 0.4999999999999983 -0.8660254037844395 1.405495145475324e-15 0.4999999999999983 -0.8660254037844395 1.405495145475324e-15 0.4999999999999983 -0.8660254037844395 1.405495145475324e-15 0.4999999999999983 -0.8660254037844395 1.405495145475324e-15 0.4999999999999983 -0.8660254037844395 1.405495145475324e-15 0.4999999999999983 -0.8660254037844395 1.405495145475324e-15 0.4999999999999983 0.8660254037844232 -1.205883452432991e-15 0.5000000000000264 0.8660254037844232 -1.205883452432991e-15 0.5000000000000264 0.8660254037844232 -1.205883452432991e-15 0.5000000000000264 0.8660254037844232 -1.205883452432991e-15 0.5000000000000264 0.8660254037844232 -1.205883452432991e-15 0.5000000000000264 0.8660254037844232 -1.205883452432991e-15 0.5000000000000264 0.8660254037844232 -1.205883452432991e-15 0.5000000000000264 0.8660254037844232 -1.205883452432991e-15 0.5000000000000264 0.8660254037844232 -1.205883452432991e-15 0.5000000000000264 0.8660254037844232 -1.205883452432991e-15 0.5000000000000264 0.8660254037844232 -1.205883452432991e-15 0.5000000000000264 0.8660254037844438 -1.659876539360883e-15 -0.4999999999999911 0.8660254037844438 -1.659876539360883e-15 -0.4999999999999911 0.8660254037844438 -1.659876539360883e-15 -0.4999999999999911 0.8660254037844438 -1.659876539360883e-15 -0.4999999999999911 0.8660254037844438 -1.659876539360883e-15 -0.4999999999999911 0.8660254037844438 -1.659876539360883e-15 -0.4999999999999911 0.8660254037844438 -1.659876539360883e-15 -0.4999999999999911 0.8660254037844438 -1.659876539360883e-15 -0.4999999999999911 0.8660254037844438 -1.659876539360883e-15 -0.4999999999999911 0.8660254037844438 -1.659876539360883e-15 -0.4999999999999911 0.8660254037844438 -1.659876539360883e-15 -0.4999999999999911 -0.8660254037844381 1.55461919906152e-15 -0.5000000000000009 -0.8660254037844381 1.55461919906152e-15 -0.5000000000000009 -0.8660254037844381 1.55461919906152e-15 -0.5000000000000009 -0.8660254037844381 1.55461919906152e-15 -0.5000000000000009 -0.8660254037844381 1.55461919906152e-15 -0.5000000000000009 -0.8660254037844381 1.55461919906152e-15 -0.5000000000000009 -0.8660254037844381 1.55461919906152e-15 -0.5000000000000009 -0.8660254037844381 1.55461919906152e-15 -0.5000000000000009 -0.8660254037844381 1.55461919906152e-15 -0.5000000000000009 -0.8660254037844381 1.55461919906152e-15 -0.5000000000000009 -0.8660254037844381 1.55461919906152e-15 -0.5000000000000009 -0.8660254037844381 1.55461919906152e-15 -0.5000000000000009 -0.8660254037844381 1.55461919906152e-15 -0.5000000000000009 0 -1 0 0 -1 0 0 -1 0 0 -1 0 0 -1 0 0 -1 0 0 -1 0 0 -1 0 0 -1 0 0 -1 0 0 -1 0 0 -1 0 0 -1 0 0 -1 0 0 -1 0 0 -1 0 0 -1 0 0 -1 0 0 -1 0 0 -1 0 0 -1 0 0 -1 0 0 -1 0 0 -1 0 -0.8660254037844412 0.2420870317033262 0.4374858501495431 -0.8660254037844412 0.2420870317033262 0.4374858501495431 -0.8660254037844412 0.2420870317033262 0.4374858501495431 -0.8660254037844412 0.2420870317033262 0.4374858501495431 -0.8660254037844412 0.2420870317033262 0.4374858501495431 -0.8660254037844412 0.2420870317033262 0.4374858501495431 -0.8660254037844412 0.2420870317033262 0.4374858501495431 -0.8660254037844412 0.2420870317033262 0.4374858501495431 -0.8660254037844412 0.2420870317033262 0.4374858501495431 -0.8660254037844412 0.2420870317033262 0.4374858501495431 -0.8660254037844412 0.2420870317033262 0.4374858501495431 0.8660254037844333 0.2420870317033247 0.4374858501495592 0.8660254037844333 0.2420870317033247 0.4374858501495592 0.8660254037844333 0.2420870317033247 0.4374858501495592 0.8660254037844333 0.2420870317033247 0.4374858501495592 0.8660254037844333 0.2420870317033247 0.4374858501495592 0.8660254037844333 0.2420870317033247 0.4374858501495592 0.8660254037844333 0.2420870317033247 0.4374858501495592 0.8660254037844333 0.2420870317033247 0.4374858501495592 0.8660254037844333 0.2420870317033247 0.4374858501495592 0.8660254037844333 0.2420870317033247 0.4374858501495592 0 0.4841740634066197 0.874971700299114 0 0.4841740634066197 0.874971700299114 0 0.4841740634066197 0.874971700299114 0 0.4841740634066197 0.874971700299114 0 0.4841740634066197 0.874971700299114 0 0.4841740634066197 0.874971700299114 0 0.4841740634066197 0.874971700299114 0 0.4841740634066197 0.874971700299114 0 0.4841740634066197 0.874971700299114 0 0.4841740634066197 0.874971700299114 0.8660254037844653 -0.2420870317032979 -0.4374858501495106 0.8660254037844653 -0.2420870317032979 -0.4374858501495106 0.8660254037844653 -0.2420870317032979 -0.4374858501495106 0.8660254037844653 -0.2420870317032979 -0.4374858501495106 0.8660254037844653 -0.2420870317032979 -0.4374858501495106 0.8660254037844653 -0.2420870317032979 -0.4374858501495106 0.8660254037844653 -0.2420870317032979 -0.4374858501495106 0.8660254037844653 -0.2420870317032979 -0.4374858501495106 0.8660254037844653 -0.2420870317032979 -0.4374858501495106 0.8660254037844653 -0.2420870317032979 -0.4374858501495106 0 -0.4841740634066281 -0.8749717002991094 0 -0.4841740634066281 -0.8749717002991094 0 -0.4841740634066281 -0.8749717002991094 0 -0.4841740634066281 -0.8749717002991094 0 -0.4841740634066281 -0.8749717002991094 0 -0.4841740634066281 -0.8749717002991094 0 -0.4841740634066281 -0.8749717002991094 0 -0.4841740634066281 -0.8749717002991094 0 -0.4841740634066281 -0.8749717002991094 0 -0.4841740634066281 -0.8749717002991094 -0.8660254037844452 -0.2420870317033188 -0.4374858501495393 -0.8660254037844452 -0.2420870317033188 -0.4374858501495393 -0.8660254037844452 -0.2420870317033188 -0.4374858501495393 -0.8660254037844452 -0.2420870317033188 -0.4374858501495393 -0.8660254037844452 -0.2420870317033188 -0.4374858501495393 -0.8660254037844452 -0.2420870317033188 -0.4374858501495393 -0.8660254037844452 -0.2420870317033188 -0.4374858501495393 -0.8660254037844452 -0.2420870317033188 -0.4374858501495393 -0.8660254037844452 -0.2420870317033188 -0.4374858501495393 -0.8660254037844452 -0.2420870317033188 -0.4374858501495393 -0.8660254037844452 -0.2420870317033188 -0.4374858501495393 -0.8660254037844452 -0.2420870317033188 -0.4374858501495393 -0.8660254037844452 -0.2420870317033188 -0.4374858501495393 0 -1 0 0 -1 0 0 -1 0 0 -1 0 0 -1 0 0 -1 0 0 -1 0 0 -1 0 0 -1 0 0 -1 0 0 -1 0 0 -1 0 0 -1 0 0 -1 0 0 -1 0 0 -1 0 0 -1 0 0 -1 0 0 -1 0 0 -1 0 0 -1 0 0 -1 0 0 -1 0 0 -1 0 0.8660254037844363 -0.2420870317033145 0.4374858501495593 0.8660254037844363 -0.2420870317033145 0.4374858501495593 0.8660254037844363 -0.2420870317033145 0.4374858501495593 0.8660254037844363 -0.2420870317033145 0.4374858501495593 0.8660254037844363 -0.2420870317033145 0.4374858501495593 0.8660254037844363 -0.2420870317033145 0.4374858501495593 0.8660254037844363 -0.2420870317033145 0.4374858501495593 0.8660254037844363 -0.2420870317033145 0.4374858501495593 0.8660254037844363 -0.2420870317033145 0.4374858501495593 0.8660254037844363 -0.2420870317033145 0.4374858501495593 0.8660254037844363 -0.2420870317033145 0.4374858501495593 0.8660254037844363 -0.2420870317033145 0.4374858501495593 0.8660254037844363 -0.2420870317033145 0.4374858501495593 -0.8660254037844328 -0.2420870317033154 0.4374858501495656 -0.8660254037844328 -0.2420870317033154 0.4374858501495656 -0.8660254037844328 -0.2420870317033154 0.4374858501495656 -0.8660254037844328 -0.2420870317033154 0.4374858501495656 -0.8660254037844328 -0.2420870317033154 0.4374858501495656 -0.8660254037844328 -0.2420870317033154 0.4374858501495656 -0.8660254037844328 -0.2420870317033154 0.4374858501495656 -0.8660254037844328 -0.2420870317033154 0.4374858501495656 -0.8660254037844328 -0.2420870317033154 0.4374858501495656 -0.8660254037844328 -0.2420870317033154 0.4374858501495656 -1.569714733213456e-14 -0.4841740634066233 0.874971700299112 -1.569714733213456e-14 -0.4841740634066233 0.874971700299112 -1.569714733213456e-14 -0.4841740634066233 0.874971700299112 -1.569714733213456e-14 -0.4841740634066233 0.874971700299112 -1.569714733213456e-14 -0.4841740634066233 0.874971700299112 -1.569714733213456e-14 -0.4841740634066233 0.874971700299112 -1.569714733213456e-14 -0.4841740634066233 0.874971700299112 -1.569714733213456e-14 -0.4841740634066233 0.874971700299112 -1.569714733213456e-14 -0.4841740634066233 0.874971700299112 -1.569714733213456e-14 -0.4841740634066233 0.874971700299112 -0.866025403784448 0.2420870317033047 -0.4374858501495412 -0.866025403784448 0.2420870317033047 -0.4374858501495412 -0.866025403784448 0.2420870317033047 -0.4374858501495412 -0.866025403784448 0.2420870317033047 -0.4374858501495412 -0.866025403784448 0.2420870317033047 -0.4374858501495412 -0.866025403784448 0.2420870317033047 -0.4374858501495412 -0.866025403784448 0.2420870317033047 -0.4374858501495412 -0.866025403784448 0.2420870317033047 -0.4374858501495412 -0.866025403784448 0.2420870317033047 -0.4374858501495412 -0.866025403784448 0.2420870317033047 -0.4374858501495412 -0.866025403784448 0.2420870317033047 -0.4374858501495412 -0.866025403784448 0.2420870317033047 -0.4374858501495412 -0.866025403784448 0.2420870317033047 -0.4374858501495412 -1.566530423553611e-14 0.4841740634066232 -0.874971700299112 -1.566530423553611e-14 0.4841740634066232 -0.874971700299112 -1.566530423553611e-14 0.4841740634066232 -0.874971700299112 -1.566530423553611e-14 0.4841740634066232 -0.874971700299112 -1.566530423553611e-14 0.4841740634066232 -0.874971700299112 -1.566530423553611e-14 0.4841740634066232 -0.874971700299112 -1.566530423553611e-14 0.4841740634066232 -0.874971700299112 -1.566530423553611e-14 0.4841740634066232 -0.874971700299112 -1.566530423553611e-14 0.4841740634066232 -0.874971700299112 -1.566530423553611e-14 0.4841740634066232 -0.874971700299112 0.8660254037844314 0.2420870317033165 -0.4374858501495677 0.8660254037844314 0.2420870317033165 -0.4374858501495677 0.8660254037844314 0.2420870317033165 -0.4374858501495677 0.8660254037844314 0.2420870317033165 -0.4374858501495677 0.8660254037844314 0.2420870317033165 -0.4374858501495677 0.8660254037844314 0.2420870317033165 -0.4374858501495677 0.8660254037844314 0.2420870317033165 -0.4374858501495677 0.8660254037844314 0.2420870317033165 -0.4374858501495677 0.8660254037844314 0.2420870317033165 -0.4374858501495677 0.8660254037844314 0.2420870317033165 -0.4374858501495677 0.8660254037844314 0.2420870317033165 -0.4374858501495677 0.8660254037844314 0.2420870317033165 -0.4374858501495677 0.8660254037844271 -1.694140347560688e-15 0.5000000000000199 0.8660254037844271 -1.694140347560688e-15 0.5000000000000199 0.8660254037844271 -1.694140347560688e-15 0.5000000000000199 0.8660254037844271 -1.694140347560688e-15 0.5000000000000199 0.8660254037844271 -1.694140347560688e-15 0.5000000000000199 0.8660254037844271 -1.694140347560688e-15 0.5000000000000199 0.8660254037844271 -1.694140347560688e-15 0.5000000000000199 0.8660254037844271 -1.694140347560688e-15 0.5000000000000199 0.8660254037844271 -1.694140347560688e-15 0.5000000000000199 0.8660254037844271 -1.694140347560688e-15 0.5000000000000199 0.8660254037844271 -1.694140347560688e-15 0.5000000000000199 0.8660254037844271 -1.694140347560688e-15 0.5000000000000199 0.8660254037844271 -1.694140347560688e-15 0.5000000000000199 0 0 1 0 0 1 0 0 1 0 0 1 0 0 1 0 0 1 0 0 1 0 0 1 0 0 1 0 0 1 0 0 1 0 0 1 0 0 1 0 0 1 0 0 1 0 0 1 0 0 1 0 0 1 6.411739292981797e-16 -1.184237892933455e-13 1 6.411739292981797e-16 -1.184237892933455e-13 1 6.411739292981797e-16 -1.184237892933455e-13 1 0 0 1 0 0 1 0 0 1 0 0 1 0 0 1 0 0 1 0 0 1 0 0 1 0 0 1 0 0 1 0 0 1 0 0 1 0 0 1 0 0 1 0 0 1 -6.2758242073156e-16 1.177962068726139e-13 1 -6.2758242073156e-16 1.177962068726139e-13 1 -6.2758242073156e-16 1.177962068726139e-13 1 -1.184237892933357e-13 0 1 -1.184237892933357e-13 0 1 -1.184237892933357e-13 0 1 -1.184237892933644e-13 0 1 -1.184237892933644e-13 0 1 -1.184237892933644e-13 0 1 0 0 1 0 0 1 0 0 1 -0.8660254037844477 4.258094322398272e-16 0.4999999999999844 -0.8660254037844477 4.258094322398272e-16 0.4999999999999844 -0.8660254037844477 4.258094322398272e-16 0.4999999999999844 -0.8660254037844477 4.258094322398272e-16 0.4999999999999844 -0.8660254037844477 4.258094322398272e-16 0.4999999999999844 -0.8660254037844477 4.258094322398272e-16 0.4999999999999844 -0.8660254037844477 4.258094322398272e-16 0.4999999999999844 -0.8660254037844477 4.258094322398272e-16 0.4999999999999844 -0.8660254037844477 4.258094322398272e-16 0.4999999999999844 -0.8660254037844477 4.258094322398272e-16 0.4999999999999844 -0.8660254037844477 4.258094322398272e-16 0.4999999999999844 -0.8660254037844477 4.258094322398272e-16 0.4999999999999844 -0.8660254037844705 1.283911696908401e-15 -0.4999999999999448 -0.8660254037844705 1.283911696908401e-15 -0.4999999999999448 -0.8660254037844705 1.283911696908401e-15 -0.4999999999999448 -0.8660254037844705 1.283911696908401e-15 -0.4999999999999448 -0.8660254037844705 1.283911696908401e-15 -0.4999999999999448 -0.8660254037844705 1.283911696908401e-15 -0.4999999999999448 -0.8660254037844705 1.283911696908401e-15 -0.4999999999999448 -0.8660254037844705 1.283911696908401e-15 -0.4999999999999448 -0.8660254037844705 1.283911696908401e-15 -0.4999999999999448 -0.8660254037844705 1.283911696908401e-15 -0.4999999999999448 -0.8660254037844705 1.283911696908401e-15 -0.4999999999999448 -0.8660254037844705 1.283911696908401e-15 -0.4999999999999448 -0.8660254037844705 1.283911696908401e-15 -0.4999999999999448 -0.8660254037844705 1.283911696908401e-15 -0.4999999999999448 -0.8660254037844705 1.283911696908401e-15 -0.4999999999999448 0.8660254037844266 -1.122695312099883e-15 -0.500000000000021 0.8660254037844266 -1.122695312099883e-15 -0.500000000000021 0.8660254037844266 -1.122695312099883e-15 -0.500000000000021 0.8660254037844266 -1.122695312099883e-15 -0.500000000000021 0.8660254037844266 -1.122695312099883e-15 -0.500000000000021 0.8660254037844266 -1.122695312099883e-15 -0.500000000000021 0.8660254037844266 -1.122695312099883e-15 -0.500000000000021 0.8660254037844266 -1.122695312099883e-15 -0.500000000000021 0.8660254037844266 -1.122695312099883e-15 -0.500000000000021 0.8660254037844266 -1.122695312099883e-15 -0.500000000000021 0.8660254037844266 -1.122695312099883e-15 -0.500000000000021 0.8660254037844266 -1.122695312099883e-15 -0.500000000000021 -1.1842378929335e-13 4.214881542999911e-16 -1 -1.1842378929335e-13 4.214881542999911e-16 -1 -1.1842378929335e-13 4.214881542999911e-16 -1 0 0 -1 0 0 -1 0 0 -1 0 0 -1 0 0 -1 0 0 -1 -1.180052802131167e-13 4.185090802332371e-16 -1 -1.180052802131167e-13 4.185090802332371e-16 -1 -1.180052802131167e-13 4.185090802332371e-16 -1 0 4.185090802330855e-16 -1 0 4.185090802330855e-16 -1 0 4.185090802330855e-16 -1 -1.175897187340769e-13 8.340705592731852e-16 -1 -1.175897187340769e-13 8.340705592731852e-16 -1 -1.175897187340769e-13 8.340705592731852e-16 -1 -6.21688126485842e-16 1.178021011668597e-13 -1 -6.21688126485842e-16 1.178021011668597e-13 -1 -6.21688126485842e-16 1.178021011668597e-13 -1 0 0 -1 0 0 -1 0 0 -1 0 1.184237892933736e-13 -1 0 1.184237892933736e-13 -1 0 1.184237892933736e-13 -1 0 1.184237892933181e-13 -1 0 1.184237892933181e-13 -1 0 1.184237892933181e-13 -1 0 0 -1 0 0 -1 0 0 -1 0 0 -1 0 0 -1 0 0 -1 0 1.184237892933458e-13 -1 0 1.184237892933458e-13 -1 0 1.184237892933458e-13 -1 0 1.184237892933455e-13 -1 0 1.184237892933455e-13 -1 0 1.184237892933455e-13 -1 0 0 -1 0 0 -1 0 0 -1 -1.180023011390643e-13 4.214881542999905e-16 -1 -1.180023011390643e-13 4.214881542999905e-16 -1 -1.180023011390643e-13 4.214881542999905e-16 -1 -2.658642803898107e-15 -0.8660254037844102 0.5000000000000492 -2.658642803898107e-15 -0.8660254037844102 0.5000000000000492 -2.658642803898107e-15 -0.8660254037844102 0.5000000000000492 -2.658642803898107e-15 -0.8660254037844102 0.5000000000000492 -2.658642803898107e-15 -0.8660254037844102 0.5000000000000492 -2.658642803898107e-15 -0.8660254037844102 0.5000000000000492 -2.658642803898107e-15 -0.8660254037844102 0.5000000000000492 -2.658642803898107e-15 -0.8660254037844102 0.5000000000000492 -2.658642803898107e-15 -0.8660254037844102 0.5000000000000492 -2.658642803898107e-15 -0.8660254037844102 0.5000000000000492 -2.658642803898107e-15 -0.8660254037844102 0.5000000000000492 -2.658642803898107e-15 -0.8660254037844102 0.5000000000000492 -2.658642803898107e-15 -0.8660254037844102 0.5000000000000492 2.90486736366933e-15 0.8660254037844384 0.5000000000000003 2.90486736366933e-15 0.8660254037844384 0.5000000000000003 2.90486736366933e-15 0.8660254037844384 0.5000000000000003 2.90486736366933e-15 0.8660254037844384 0.5000000000000003 2.90486736366933e-15 0.8660254037844384 0.5000000000000003 2.90486736366933e-15 0.8660254037844384 0.5000000000000003 2.90486736366933e-15 0.8660254037844384 0.5000000000000003 2.90486736366933e-15 0.8660254037844384 0.5000000000000003 2.90486736366933e-15 0.8660254037844384 0.5000000000000003 2.90486736366933e-15 0.8660254037844384 0.5000000000000003 2.90486736366933e-15 0.8660254037844384 0.5000000000000003 2.90486736366933e-15 0.8660254037844384 0.5000000000000003 2.90486736366933e-15 0.8660254037844384 0.5000000000000003 2.340728240100868e-15 0.866025403784472 -0.4999999999999423 2.340728240100868e-15 0.866025403784472 -0.4999999999999423 2.340728240100868e-15 0.866025403784472 -0.4999999999999423 2.340728240100868e-15 0.866025403784472 -0.4999999999999423 2.340728240100868e-15 0.866025403784472 -0.4999999999999423 2.340728240100868e-15 0.866025403784472 -0.4999999999999423 2.340728240100868e-15 0.866025403784472 -0.4999999999999423 2.340728240100868e-15 0.866025403784472 -0.4999999999999423 2.340728240100868e-15 0.866025403784472 -0.4999999999999423 2.340728240100868e-15 0.866025403784472 -0.4999999999999423 2.340728240100868e-15 0.866025403784472 -0.4999999999999423 2.340728240100868e-15 0.866025403784472 -0.4999999999999423 -1.999967390004596e-15 -0.8660254037843722 -0.5000000000001151 -1.999967390004596e-15 -0.8660254037843722 -0.5000000000001151 -1.999967390004596e-15 -0.8660254037843722 -0.5000000000001151 -1.999967390004596e-15 -0.8660254037843722 -0.5000000000001151 -1.999967390004596e-15 -0.8660254037843722 -0.5000000000001151 -1.999967390004596e-15 -0.8660254037843722 -0.5000000000001151 -1.999967390004596e-15 -0.8660254037843722 -0.5000000000001151 -1.999967390004596e-15 -0.8660254037843722 -0.5000000000001151 -1.999967390004596e-15 -0.8660254037843722 -0.5000000000001151 -1.999967390004596e-15 -0.8660254037843722 -0.5000000000001151 -0.2420870317033269 -0.8660254037844314 0.437485850149562 -0.2420870317033269 -0.8660254037844314 0.437485850149562 -0.2420870317033269 -0.8660254037844314 0.437485850149562 -0.2420870317033269 -0.8660254037844314 0.437485850149562 -0.2420870317033269 -0.8660254037844314 0.437485850149562 -0.2420870317033269 -0.8660254037844314 0.437485850149562 -0.2420870317033269 -0.8660254037844314 0.437485850149562 -0.2420870317033269 -0.8660254037844314 0.437485850149562 -0.2420870317033269 -0.8660254037844314 0.437485850149562 -0.2420870317033269 -0.8660254037844314 0.437485850149562 -0.2420870317033269 -0.8660254037844314 0.437485850149562 -0.2420870317033269 -0.8660254037844314 0.437485850149562 -0.2420870317033269 -0.8660254037844314 0.437485850149562 -0.2420870317033269 -0.8660254037844314 0.437485850149562 -0.2420870317033269 -0.8660254037844314 0.437485850149562 -0.2420870317033269 -0.8660254037844314 0.437485850149562 -0.2420870317033246 0.8660254037844185 0.4374858501495886 -0.2420870317033246 0.8660254037844185 0.4374858501495886 -0.2420870317033246 0.8660254037844185 0.4374858501495886 -0.2420870317033246 0.8660254037844185 0.4374858501495886 -0.2420870317033246 0.8660254037844185 0.4374858501495886 -0.2420870317033246 0.8660254037844185 0.4374858501495886 -0.2420870317033246 0.8660254037844185 0.4374858501495886 -0.2420870317033246 0.8660254037844185 0.4374858501495886 -0.2420870317033246 0.8660254037844185 0.4374858501495886 -0.2420870317033246 0.8660254037844185 0.4374858501495886 -0.2420870317033246 0.8660254037844185 0.4374858501495886 -0.4841740634066167 -1.883953895888495e-14 0.8749717002991157 -0.4841740634066167 -1.883953895888495e-14 0.8749717002991157 -0.4841740634066167 -1.883953895888495e-14 0.8749717002991157 -0.4841740634066167 -1.883953895888495e-14 0.8749717002991157 -0.4841740634066167 -1.883953895888495e-14 0.8749717002991157 -0.4841740634066167 -1.883953895888495e-14 0.8749717002991157 -0.4841740634066167 -1.883953895888495e-14 0.8749717002991157 -0.4841740634066167 -1.883953895888495e-14 0.8749717002991157 -0.4841740634066167 -1.883953895888495e-14 0.8749717002991157 -0.4841740634066167 -1.883953895888495e-14 0.8749717002991157 0.2420870317033182 0.8660254037844257 -0.4374858501495779 0.2420870317033182 0.8660254037844257 -0.4374858501495779 0.2420870317033182 0.8660254037844257 -0.4374858501495779 0.2420870317033182 0.8660254037844257 -0.4374858501495779 0.2420870317033182 0.8660254037844257 -0.4374858501495779 0.2420870317033182 0.8660254037844257 -0.4374858501495779 0.2420870317033182 0.8660254037844257 -0.4374858501495779 0.2420870317033182 0.8660254037844257 -0.4374858501495779 0.2420870317033182 0.8660254037844257 -0.4374858501495779 0.2420870317033182 0.8660254037844257 -0.4374858501495779 0.2420870317033182 0.8660254037844257 -0.4374858501495779 0.2420870317033182 0.8660254037844257 -0.4374858501495779 0.2420870317033182 0.8660254037844257 -0.4374858501495779 0.4841740634066272 4.90472933708077e-14 -0.8749717002991099 0.4841740634066272 4.90472933708077e-14 -0.8749717002991099 0.4841740634066272 4.90472933708077e-14 -0.8749717002991099 0.4841740634066272 4.90472933708077e-14 -0.8749717002991099 0.4841740634066272 4.90472933708077e-14 -0.8749717002991099 0.4841740634066272 4.90472933708077e-14 -0.8749717002991099 0.4841740634066272 4.90472933708077e-14 -0.8749717002991099 0.4841740634066272 4.90472933708077e-14 -0.8749717002991099 0.4841740634066272 4.90472933708077e-14 -0.8749717002991099 0.4841740634066272 4.90472933708077e-14 -0.8749717002991099 0.2420870317033356 -0.8660254037844037 -0.437485850149612 0.2420870317033356 -0.8660254037844037 -0.437485850149612 0.2420870317033356 -0.8660254037844037 -0.437485850149612 0.2420870317033356 -0.8660254037844037 -0.437485850149612 0.2420870317033356 -0.8660254037844037 -0.437485850149612 0.2420870317033356 -0.8660254037844037 -0.437485850149612 0.2420870317033356 -0.8660254037844037 -0.437485850149612 0.2420870317033356 -0.8660254037844037 -0.437485850149612 0.2420870317033356 -0.8660254037844037 -0.437485850149612 0.2420870317033356 -0.8660254037844037 -0.437485850149612 0.2420870317033356 -0.8660254037844037 -0.437485850149612 -3.068218532236463e-15 -0.8660254037844341 0.5000000000000078 -3.068218532236463e-15 -0.8660254037844341 0.5000000000000078 -3.068218532236463e-15 -0.8660254037844341 0.5000000000000078 -3.068218532236463e-15 -0.8660254037844341 0.5000000000000078 -3.068218532236463e-15 -0.8660254037844341 0.5000000000000078 -3.068218532236463e-15 -0.8660254037844341 0.5000000000000078 -3.068218532236463e-15 -0.8660254037844341 0.5000000000000078 -3.068218532236463e-15 -0.8660254037844341 0.5000000000000078 -3.068218532236463e-15 -0.8660254037844341 0.5000000000000078 -3.068218532236463e-15 -0.8660254037844341 0.5000000000000078 -3.068218532236463e-15 -0.8660254037844341 0.5000000000000078 -3.068218532236463e-15 -0.8660254037844341 0.5000000000000078 -3.068218532236463e-15 -0.8660254037844341 0.5000000000000078 0 0 1 0 0 1 0 0 1 0 0 1 0 0 1 0 0 1 0 0 1 0 0 1 0 0 1 0 0 1 0 0 1 0 0 1 0 0 1 0 0 1 0 0 1 -1.189999164360492e-15 1.189999164360774e-15 1 -1.189999164360492e-15 1.189999164360774e-15 1 -1.189999164360492e-15 1.189999164360774e-15 1 0 1.196008298523358e-15 1 0 1.196008298523358e-15 1 0 1.196008298523358e-15 1 0 1.189999164360773e-15 1 0 1.189999164360773e-15 1 0 1.189999164360773e-15 1 0 1.184050112011317e-15 1 0 1.184050112011317e-15 1 0 1.184050112011317e-15 1 -1.184050112010776e-15 1.184050112011318e-15 1 -1.184050112010776e-15 1.184050112011318e-15 1 -1.184050112010776e-15 1.184050112011318e-15 1 -2.368475785867196e-13 0 1 -2.368475785867196e-13 0 1 -2.368475785867196e-13 0 1 0 0 1 0 0 1 0 0 1 0 0 1 0 0 1 0 0 1 -9.048447036522226e-16 9.048447036522226e-16 1 -9.048447036522226e-16 9.048447036522226e-16 1 -9.048447036522226e-16 9.048447036522226e-16 1 -9.083147996549847e-16 0 1 -9.083147996549847e-16 0 1 -9.083147996549847e-16 0 1 -9.08314799655842e-16 -2.359392637869236e-13 1 -9.08314799655842e-16 -2.359392637869236e-13 1 -9.08314799655842e-16 -2.359392637869236e-13 1 3.9307247629656e-15 0.8660254037844287 0.5000000000000174 3.9307247629656e-15 0.8660254037844287 0.5000000000000174 3.9307247629656e-15 0.8660254037844287 0.5000000000000174 3.9307247629656e-15 0.8660254037844287 0.5000000000000174 3.9307247629656e-15 0.8660254037844287 0.5000000000000174 3.9307247629656e-15 0.8660254037844287 0.5000000000000174 3.9307247629656e-15 0.8660254037844287 0.5000000000000174 3.9307247629656e-15 0.8660254037844287 0.5000000000000174 3.9307247629656e-15 0.8660254037844287 0.5000000000000174 3.9307247629656e-15 0.8660254037844287 0.5000000000000174 3.9307247629656e-15 0.8660254037844287 0.5000000000000174 3.075180653523263e-15 0.8660254037844238 -0.5000000000000256 3.075180653523263e-15 0.8660254037844238 -0.5000000000000256 3.075180653523263e-15 0.8660254037844238 -0.5000000000000256 3.075180653523263e-15 0.8660254037844238 -0.5000000000000256 3.075180653523263e-15 0.8660254037844238 -0.5000000000000256 3.075180653523263e-15 0.8660254037844238 -0.5000000000000256 3.075180653523263e-15 0.8660254037844238 -0.5000000000000256 3.075180653523263e-15 0.8660254037844238 -0.5000000000000256 3.075180653523263e-15 0.8660254037844238 -0.5000000000000256 3.075180653523263e-15 0.8660254037844238 -0.5000000000000256 3.075180653523263e-15 0.8660254037844238 -0.5000000000000256 3.075180653523263e-15 0.8660254037844238 -0.5000000000000256 3.075180653523263e-15 0.8660254037844238 -0.5000000000000256 3.075180653523263e-15 0.8660254037844238 -0.5000000000000256 -2.958220673750106e-15 -0.8660254037844087 -0.5000000000000519 -2.958220673750106e-15 -0.8660254037844087 -0.5000000000000519 -2.958220673750106e-15 -0.8660254037844087 -0.5000000000000519 -2.958220673750106e-15 -0.8660254037844087 -0.5000000000000519 -2.958220673750106e-15 -0.8660254037844087 -0.5000000000000519 -2.958220673750106e-15 -0.8660254037844087 -0.5000000000000519 -2.958220673750106e-15 -0.8660254037844087 -0.5000000000000519 -2.958220673750106e-15 -0.8660254037844087 -0.5000000000000519 -2.958220673750106e-15 -0.8660254037844087 -0.5000000000000519 -2.958220673750106e-15 -0.8660254037844087 -0.5000000000000519 -2.958220673750106e-15 -0.8660254037844087 -0.5000000000000519 0 0 -1 0 0 -1 0 0 -1 -9.181352996130126e-16 -2.359294432871898e-13 -1 -9.181352996130126e-16 -2.359294432871898e-13 -1 -9.181352996130126e-16 -2.359294432871898e-13 -1 -9.181352996110605e-16 1.184237892932894e-13 -1 -9.181352996110605e-16 1.184237892932894e-13 -1 -9.181352996110605e-16 1.184237892932894e-13 -1 -4.57294954291365e-16 2.3730487354087e-13 -1 -4.57294954291365e-16 2.3730487354087e-13 -1 -4.57294954291365e-16 2.3730487354087e-13 -1 -4.572949542926673e-16 0 -1 -4.572949542926673e-16 0 -1 -4.572949542926673e-16 0 -1 -1.36660769006676e-15 -2.354809708966243e-13 -1 -1.36660769006676e-15 -2.354809708966243e-13 -1 -1.36660769006676e-15 -2.354809708966243e-13 -1 -2.356855402096986e-13 -1.162038376992458e-15 -1 -2.356855402096986e-13 -1.162038376992458e-15 -1 -2.356855402096986e-13 -1.162038376992458e-15 -1 0 0 -1 0 0 -1 0 0 -1 2.368475785867196e-13 0 -1 2.368475785867196e-13 0 -1 2.368475785867196e-13 0 -1 0 -1.17355392387014e-15 -1 0 -1.17355392387014e-15 -1 0 -1.17355392387014e-15 -1 -2.356740246628219e-13 -1.173553923869725e-15 -1 -2.356740246628219e-13 -1.173553923869725e-15 -1 -2.356740246628219e-13 -1.173553923869725e-15 -1 0 0 -1 0 0 -1 0 0 -1 0 0 -1 0 0 -1 0 0 -1 0 0 -1 0 0 -1 0 0 -1 0 0 -1 0 0 -1 0 0 -1 0 0 -1 0 0 -1 0 0 -1 -0.8660254037844318 1.249329018200248e-15 0.5000000000000119 -0.8660254037844318 1.249329018200248e-15 0.5000000000000119 -0.8660254037844318 1.249329018200248e-15 0.5000000000000119 -0.8660254037844318 1.249329018200248e-15 0.5000000000000119 -0.8660254037844318 1.249329018200248e-15 0.5000000000000119 -0.8660254037844318 1.249329018200248e-15 0.5000000000000119 -0.8660254037844318 1.249329018200248e-15 0.5000000000000119 -0.8660254037844318 1.249329018200248e-15 0.5000000000000119 -0.8660254037844318 1.249329018200248e-15 0.5000000000000119 -0.8660254037844318 1.249329018200248e-15 0.5000000000000119 -0.8660254037844318 1.249329018200248e-15 0.5000000000000119 0.8660254037844264 -1.667173695666066e-15 0.5000000000000212 0.8660254037844264 -1.667173695666066e-15 0.5000000000000212 0.8660254037844264 -1.667173695666066e-15 0.5000000000000212 0.8660254037844264 -1.667173695666066e-15 0.5000000000000212 0.8660254037844264 -1.667173695666066e-15 0.5000000000000212 0.8660254037844264 -1.667173695666066e-15 0.5000000000000212 0.8660254037844264 -1.667173695666066e-15 0.5000000000000212 0.8660254037844264 -1.667173695666066e-15 0.5000000000000212 0.8660254037844264 -1.667173695666066e-15 0.5000000000000212 0.8660254037844264 -1.667173695666066e-15 0.5000000000000212 0.8660254037844264 -1.667173695666066e-15 0.5000000000000212 0.8660254037844452 -1.8107744065755e-15 -0.4999999999999887 0.8660254037844452 -1.8107744065755e-15 -0.4999999999999887 0.8660254037844452 -1.8107744065755e-15 -0.4999999999999887 0.8660254037844452 -1.8107744065755e-15 -0.4999999999999887 0.8660254037844452 -1.8107744065755e-15 -0.4999999999999887 0.8660254037844452 -1.8107744065755e-15 -0.4999999999999887 0.8660254037844452 -1.8107744065755e-15 -0.4999999999999887 0.8660254037844452 -1.8107744065755e-15 -0.4999999999999887 0.8660254037844452 -1.8107744065755e-15 -0.4999999999999887 0.8660254037844452 -1.8107744065755e-15 -0.4999999999999887 0.8660254037844452 -1.8107744065755e-15 -0.4999999999999887 -0.8660254037844199 1.55461919906157e-15 -0.5000000000000324 -0.8660254037844199 1.55461919906157e-15 -0.5000000000000324 -0.8660254037844199 1.55461919906157e-15 -0.5000000000000324 -0.8660254037844199 1.55461919906157e-15 -0.5000000000000324 -0.8660254037844199 1.55461919906157e-15 -0.5000000000000324 -0.8660254037844199 1.55461919906157e-15 -0.5000000000000324 -0.8660254037844199 1.55461919906157e-15 -0.5000000000000324 -0.8660254037844199 1.55461919906157e-15 -0.5000000000000324 -0.8660254037844199 1.55461919906157e-15 -0.5000000000000324 -0.8660254037844199 1.55461919906157e-15 -0.5000000000000324 -0.8660254037844199 1.55461919906157e-15 -0.5000000000000324 -0.8660254037844199 1.55461919906157e-15 -0.5000000000000324 -0.8660254037844199 1.55461919906157e-15 -0.5000000000000324 0 -1 0 0 -1 0 0 -1 0 0 -1 0 0 -1 0 0 -1 0 0 -1 0 0 -1 0 0 -1 0 0 -1 0 0 -1 0 0 -1 0 0 -1 0 0 -1 0 0 -1 0 0 -1 0 0 -1 0 0 -1 0 0 -1 0 0 -1 0 0 -1 0 0 -1 0 0 -1 0 0 -1 0 -0.8660254037844458 0.242087031703317 0.4374858501495392 -0.8660254037844458 0.242087031703317 0.4374858501495392 -0.8660254037844458 0.242087031703317 0.4374858501495392 -0.8660254037844458 0.242087031703317 0.4374858501495392 -0.8660254037844458 0.242087031703317 0.4374858501495392 -0.8660254037844458 0.242087031703317 0.4374858501495392 -0.8660254037844458 0.242087031703317 0.4374858501495392 -0.8660254037844458 0.242087031703317 0.4374858501495392 -0.8660254037844458 0.242087031703317 0.4374858501495392 -0.8660254037844458 0.242087031703317 0.4374858501495392 -0.8660254037844458 0.242087031703317 0.4374858501495392 0.8660254037844389 0.2420870317033293 0.4374858501495462 0.8660254037844389 0.2420870317033293 0.4374858501495462 0.8660254037844389 0.2420870317033293 0.4374858501495462 0.8660254037844389 0.2420870317033293 0.4374858501495462 0.8660254037844389 0.2420870317033293 0.4374858501495462 0.8660254037844389 0.2420870317033293 0.4374858501495462 0.8660254037844389 0.2420870317033293 0.4374858501495462 0.8660254037844389 0.2420870317033293 0.4374858501495462 0.8660254037844389 0.2420870317033293 0.4374858501495462 0.8660254037844389 0.2420870317033293 0.4374858501495462 0 0.4841740634066162 0.8749717002991159 0 0.4841740634066162 0.8749717002991159 0 0.4841740634066162 0.8749717002991159 0 0.4841740634066162 0.8749717002991159 0 0.4841740634066162 0.8749717002991159 0 0.4841740634066162 0.8749717002991159 0 0.4841740634066162 0.8749717002991159 0 0.4841740634066162 0.8749717002991159 0 0.4841740634066162 0.8749717002991159 0 0.4841740634066162 0.8749717002991159 0.8660254037844465 -0.2420870317033138 -0.4374858501495393 0.8660254037844465 -0.2420870317033138 -0.4374858501495393 0.8660254037844465 -0.2420870317033138 -0.4374858501495393 0.8660254037844465 -0.2420870317033138 -0.4374858501495393 0.8660254037844465 -0.2420870317033138 -0.4374858501495393 0.8660254037844465 -0.2420870317033138 -0.4374858501495393 0.8660254037844465 -0.2420870317033138 -0.4374858501495393 0.8660254037844465 -0.2420870317033138 -0.4374858501495393 0.8660254037844465 -0.2420870317033138 -0.4374858501495393 0.8660254037844465 -0.2420870317033138 -0.4374858501495393 0 -0.4841740634066259 -0.8749717002991106 0 -0.4841740634066259 -0.8749717002991106 0 -0.4841740634066259 -0.8749717002991106 0 -0.4841740634066259 -0.8749717002991106 0 -0.4841740634066259 -0.8749717002991106 0 -0.4841740634066259 -0.8749717002991106 0 -0.4841740634066259 -0.8749717002991106 0 -0.4841740634066259 -0.8749717002991106 0 -0.4841740634066259 -0.8749717002991106 0 -0.4841740634066259 -0.8749717002991106 -0.8660254037844263 -0.2420870317033347 -0.4374858501495678 -0.8660254037844263 -0.2420870317033347 -0.4374858501495678 -0.8660254037844263 -0.2420870317033347 -0.4374858501495678 -0.8660254037844263 -0.2420870317033347 -0.4374858501495678 -0.8660254037844263 -0.2420870317033347 -0.4374858501495678 -0.8660254037844263 -0.2420870317033347 -0.4374858501495678 -0.8660254037844263 -0.2420870317033347 -0.4374858501495678 -0.8660254037844263 -0.2420870317033347 -0.4374858501495678 -0.8660254037844263 -0.2420870317033347 -0.4374858501495678 -0.8660254037844263 -0.2420870317033347 -0.4374858501495678 -0.8660254037844263 -0.2420870317033347 -0.4374858501495678 -0.8660254037844263 -0.2420870317033347 -0.4374858501495678 -0.8660254037844263 -0.2420870317033347 -0.4374858501495678 0 -1 0 0 -1 0 0 -1 0 0 -1 0 0 -1 0 0 -1 0 0 -1 0 0 -1 0 0 -1 0 0 -1 0 0 -1 0 0 -1 0 0 -1 0 0 -1 0 0 -1 0 0 -1 0 0 -1 0 0 -1 0 0 -1 0 0 -1 0 0 -1 0 0 -1 0 0 -1 0 0 -1 0 0.8660254037844488 -0.2420870317033041 0.4374858501495402 0.8660254037844488 -0.2420870317033041 0.4374858501495402 0.8660254037844488 -0.2420870317033041 0.4374858501495402 0.8660254037844488 -0.2420870317033041 0.4374858501495402 0.8660254037844488 -0.2420870317033041 0.4374858501495402 0.8660254037844488 -0.2420870317033041 0.4374858501495402 0.8660254037844488 -0.2420870317033041 0.4374858501495402 0.8660254037844488 -0.2420870317033041 0.4374858501495402 0.8660254037844488 -0.2420870317033041 0.4374858501495402 0.8660254037844488 -0.2420870317033041 0.4374858501495402 0.8660254037844488 -0.2420870317033041 0.4374858501495402 0.8660254037844488 -0.2420870317033041 0.4374858501495402 0.8660254037844488 -0.2420870317033041 0.4374858501495402 -0.8660254037844447 -0.2420870317033056 0.4374858501495477 -0.8660254037844447 -0.2420870317033056 0.4374858501495477 -0.8660254037844447 -0.2420870317033056 0.4374858501495477 -0.8660254037844447 -0.2420870317033056 0.4374858501495477 -0.8660254037844447 -0.2420870317033056 0.4374858501495477 -0.8660254037844447 -0.2420870317033056 0.4374858501495477 -0.8660254037844447 -0.2420870317033056 0.4374858501495477 -0.8660254037844447 -0.2420870317033056 0.4374858501495477 -0.8660254037844447 -0.2420870317033056 0.4374858501495477 -0.8660254037844447 -0.2420870317033056 0.4374858501495477 1.569714733213409e-14 -0.4841740634066233 0.874971700299112 1.569714733213409e-14 -0.4841740634066233 0.874971700299112 1.569714733213409e-14 -0.4841740634066233 0.874971700299112 1.569714733213409e-14 -0.4841740634066233 0.874971700299112 1.569714733213409e-14 -0.4841740634066233 0.874971700299112 1.569714733213409e-14 -0.4841740634066233 0.874971700299112 1.569714733213409e-14 -0.4841740634066233 0.874971700299112 1.569714733213409e-14 -0.4841740634066233 0.874971700299112 1.569714733213409e-14 -0.4841740634066233 0.874971700299112 1.569714733213409e-14 -0.4841740634066233 0.874971700299112 -0.8660254037844414 0.2420870317033103 -0.4374858501495512 -0.8660254037844414 0.2420870317033103 -0.4374858501495512 -0.8660254037844414 0.2420870317033103 -0.4374858501495512 -0.8660254037844414 0.2420870317033103 -0.4374858501495512 -0.8660254037844414 0.2420870317033103 -0.4374858501495512 -0.8660254037844414 0.2420870317033103 -0.4374858501495512 -0.8660254037844414 0.2420870317033103 -0.4374858501495512 -0.8660254037844414 0.2420870317033103 -0.4374858501495512 -0.8660254037844414 0.2420870317033103 -0.4374858501495512 -0.8660254037844414 0.2420870317033103 -0.4374858501495512 -0.8660254037844414 0.2420870317033103 -0.4374858501495512 -0.8660254037844414 0.2420870317033103 -0.4374858501495512 -0.8660254037844414 0.2420870317033103 -0.4374858501495512 -2.349795635330381e-14 0.4841740634066231 -0.874971700299112 -2.349795635330381e-14 0.4841740634066231 -0.874971700299112 -2.349795635330381e-14 0.4841740634066231 -0.874971700299112 -2.349795635330381e-14 0.4841740634066231 -0.874971700299112 -2.349795635330381e-14 0.4841740634066231 -0.874971700299112 -2.349795635330381e-14 0.4841740634066231 -0.874971700299112 -2.349795635330381e-14 0.4841740634066231 -0.874971700299112 -2.349795635330381e-14 0.4841740634066231 -0.874971700299112 -2.349795635330381e-14 0.4841740634066231 -0.874971700299112 -2.349795635330381e-14 0.4841740634066231 -0.874971700299112 0.8660254037844484 0.2420870317033021 -0.4374858501495418 0.8660254037844484 0.2420870317033021 -0.4374858501495418 0.8660254037844484 0.2420870317033021 -0.4374858501495418 0.8660254037844484 0.2420870317033021 -0.4374858501495418 0.8660254037844484 0.2420870317033021 -0.4374858501495418 0.8660254037844484 0.2420870317033021 -0.4374858501495418 0.8660254037844484 0.2420870317033021 -0.4374858501495418 0.8660254037844484 0.2420870317033021 -0.4374858501495418 0.8660254037844484 0.2420870317033021 -0.4374858501495418 0.8660254037844484 0.2420870317033021 -0.4374858501495418 0.8660254037844484 0.2420870317033021 -0.4374858501495418 0.8660254037844484 0.2420870317033021 -0.4374858501495418 0.8660254037844553 -1.654601810783416e-15 0.4999999999999712 0.8660254037844553 -1.654601810783416e-15 0.4999999999999712 0.8660254037844553 -1.654601810783416e-15 0.4999999999999712 0.8660254037844553 -1.654601810783416e-15 0.4999999999999712 0.8660254037844553 -1.654601810783416e-15 0.4999999999999712 0.8660254037844553 -1.654601810783416e-15 0.4999999999999712 0.8660254037844553 -1.654601810783416e-15 0.4999999999999712 0.8660254037844553 -1.654601810783416e-15 0.4999999999999712 0.8660254037844553 -1.654601810783416e-15 0.4999999999999712 0.8660254037844553 -1.654601810783416e-15 0.4999999999999712 0.8660254037844553 -1.654601810783416e-15 0.4999999999999712 0.8660254037844553 -1.654601810783416e-15 0.4999999999999712 0.8660254037844553 -1.654601810783416e-15 0.4999999999999712 0 4.173452833864168e-16 1 0 4.173452833864168e-16 1 0 4.173452833864168e-16 1 -1.180064440099636e-13 4.173452833865684e-16 1 -1.180064440099636e-13 4.173452833865684e-16 1 -1.180064440099636e-13 4.173452833865684e-16 1 0 0 1 0 0 1 0 0 1 0 0 1 0 0 1 0 0 1 0 0 1 0 0 1 0 0 1 6.377211586723932e-16 6.37721158672067e-16 1 6.377211586723932e-16 6.37721158672067e-16 1 6.377211586723932e-16 6.37721158672067e-16 1 6.411739292984834e-16 0 1 6.411739292984834e-16 0 1 6.411739292984834e-16 0 1 6.377211586723901e-16 0 1 6.377211586723901e-16 0 1 6.377211586723901e-16 0 1 0 0 1 0 0 1 0 0 1 0 1.184237892934019e-13 1 0 1.184237892934019e-13 1 0 1.184237892934019e-13 1 0 0 1 0 0 1 0 0 1 0 0 1 0 0 1 0 0 1 0 0 1 0 0 1 0 0 1 4.144242821163806e-16 4.144242821164153e-16 1 4.144242821163806e-16 4.144242821164153e-16 1 4.144242821163806e-16 4.144242821164153e-16 1 0 4.158796537777356e-16 1 0 4.158796537777356e-16 1 0 4.158796537777356e-16 1 4.158796537778496e-16 4.158796537777353e-16 1 4.158796537778496e-16 4.158796537777353e-16 1 4.158796537778496e-16 4.158796537777353e-16 1 -0.8660254037844523 1.309826840476837e-15 0.4999999999999763 -0.8660254037844523 1.309826840476837e-15 0.4999999999999763 -0.8660254037844523 1.309826840476837e-15 0.4999999999999763 -0.8660254037844523 1.309826840476837e-15 0.4999999999999763 -0.8660254037844523 1.309826840476837e-15 0.4999999999999763 -0.8660254037844523 1.309826840476837e-15 0.4999999999999763 -0.8660254037844523 1.309826840476837e-15 0.4999999999999763 -0.8660254037844523 1.309826840476837e-15 0.4999999999999763 -0.8660254037844523 1.309826840476837e-15 0.4999999999999763 -0.8660254037844523 1.309826840476837e-15 0.4999999999999763 -0.8660254037844523 1.309826840476837e-15 0.4999999999999763 -0.8660254037844523 1.309826840476837e-15 0.4999999999999763 -0.866025403784459 1.363420837127932e-15 -0.4999999999999648 -0.866025403784459 1.363420837127932e-15 -0.4999999999999648 -0.866025403784459 1.363420837127932e-15 -0.4999999999999648 -0.866025403784459 1.363420837127932e-15 -0.4999999999999648 -0.866025403784459 1.363420837127932e-15 -0.4999999999999648 -0.866025403784459 1.363420837127932e-15 -0.4999999999999648 -0.866025403784459 1.363420837127932e-15 -0.4999999999999648 -0.866025403784459 1.363420837127932e-15 -0.4999999999999648 -0.866025403784459 1.363420837127932e-15 -0.4999999999999648 -0.866025403784459 1.363420837127932e-15 -0.4999999999999648 -0.866025403784459 1.363420837127932e-15 -0.4999999999999648 -0.866025403784459 1.363420837127932e-15 -0.4999999999999648 -0.866025403784459 1.363420837127932e-15 -0.4999999999999648 -0.866025403784459 1.363420837127932e-15 -0.4999999999999648 -0.866025403784459 1.363420837127932e-15 -0.4999999999999648 0.8660254037844322 -1.212372971438135e-15 -0.5000000000000112 0.8660254037844322 -1.212372971438135e-15 -0.5000000000000112 0.8660254037844322 -1.212372971438135e-15 -0.5000000000000112 0.8660254037844322 -1.212372971438135e-15 -0.5000000000000112 0.8660254037844322 -1.212372971438135e-15 -0.5000000000000112 0.8660254037844322 -1.212372971438135e-15 -0.5000000000000112 0.8660254037844322 -1.212372971438135e-15 -0.5000000000000112 0.8660254037844322 -1.212372971438135e-15 -0.5000000000000112 0.8660254037844322 -1.212372971438135e-15 -0.5000000000000112 0.8660254037844322 -1.212372971438135e-15 -0.5000000000000112 0.8660254037844322 -1.212372971438135e-15 -0.5000000000000112 0.8660254037844322 -1.212372971438135e-15 -0.5000000000000112 0 0 -1 0 0 -1 0 0 -1 -1.180037959587834e-13 4.199933345810881e-16 -1 -1.180037959587834e-13 4.199933345810881e-16 -1 -1.180037959587834e-13 4.199933345810881e-16 -1 0 4.199933345810374e-16 -1 0 4.199933345810374e-16 -1 0 4.199933345810374e-16 -1 -1.175867711328978e-13 8.370181604662212e-16 -1 -1.175867711328978e-13 8.370181604662212e-16 -1 -1.175867711328978e-13 8.370181604662212e-16 -1 -1.184237892933357e-13 8.370181604662217e-16 -1 -1.184237892933357e-13 8.370181604662217e-16 -1 -1.184237892933357e-13 8.370181604662217e-16 -1 -1.175897187340627e-13 8.34070559273135e-16 -1 -1.175897187340627e-13 8.34070559273135e-16 -1 -1.175897187340627e-13 8.34070559273135e-16 -1 -6.21688126485842e-16 1.178021011668597e-13 -1 -6.21688126485842e-16 1.178021011668597e-13 -1 -6.21688126485842e-16 1.178021011668597e-13 -1 -6.249690198045524e-16 1.184237892934017e-13 -1 -6.249690198045524e-16 1.184237892934017e-13 -1 -6.249690198045524e-16 1.184237892934017e-13 -1 0 0 -1 0 0 -1 0 0 -1 -6.24969019804554e-16 1.177988202735132e-13 -1 -6.24969019804554e-16 1.177988202735132e-13 -1 -6.24969019804554e-16 1.177988202735132e-13 -1 0 1.184237892934019e-13 -1 0 1.184237892934019e-13 -1 0 1.184237892934019e-13 -1 0 1.184237892934016e-13 -1 0 1.184237892934016e-13 -1 0 1.184237892934016e-13 -1 0 1.184237892933458e-13 -1 0 1.184237892933458e-13 -1 0 1.184237892933458e-13 -1 6.350228170158374e-16 0 -1 6.350228170158374e-16 0 -1 6.350228170158374e-16 0 -1 0 -4.229936526036862e-16 -1 0 -4.229936526036862e-16 -1 0 -4.229936526036862e-16 -1 -1.184237892933355e-13 0 -1 -1.184237892933355e-13 0 -1 -1.184237892933355e-13 0 -1 -2.998823477625265e-15 -0.8660254037844065 0.5000000000000558 -2.998823477625265e-15 -0.8660254037844065 0.5000000000000558 -2.998823477625265e-15 -0.8660254037844065 0.5000000000000558 -2.998823477625265e-15 -0.8660254037844065 0.5000000000000558 -2.998823477625265e-15 -0.8660254037844065 0.5000000000000558 -2.998823477625265e-15 -0.8660254037844065 0.5000000000000558 -2.998823477625265e-15 -0.8660254037844065 0.5000000000000558 -2.998823477625265e-15 -0.8660254037844065 0.5000000000000558 -2.998823477625265e-15 -0.8660254037844065 0.5000000000000558 -2.998823477625265e-15 -0.8660254037844065 0.5000000000000558 -2.998823477625265e-15 -0.8660254037844065 0.5000000000000558 -2.998823477625265e-15 -0.8660254037844065 0.5000000000000558 -2.998823477625265e-15 -0.8660254037844065 0.5000000000000558 2.580489414141469e-15 0.8660254037844201 0.500000000000032 2.580489414141469e-15 0.8660254037844201 0.500000000000032 2.580489414141469e-15 0.8660254037844201 0.500000000000032 2.580489414141469e-15 0.8660254037844201 0.500000000000032 2.580489414141469e-15 0.8660254037844201 0.500000000000032 2.580489414141469e-15 0.8660254037844201 0.500000000000032 2.580489414141469e-15 0.8660254037844201 0.500000000000032 2.580489414141469e-15 0.8660254037844201 0.500000000000032 2.580489414141469e-15 0.8660254037844201 0.500000000000032 2.580489414141469e-15 0.8660254037844201 0.500000000000032 2.580489414141469e-15 0.8660254037844201 0.500000000000032 2.580489414141469e-15 0.8660254037844201 0.500000000000032 2.580489414141469e-15 0.8660254037844201 0.500000000000032 2.744302074600997e-15 0.8660254037844502 -0.4999999999999799 2.744302074600997e-15 0.8660254037844502 -0.4999999999999799 2.744302074600997e-15 0.8660254037844502 -0.4999999999999799 2.744302074600997e-15 0.8660254037844502 -0.4999999999999799 2.744302074600997e-15 0.8660254037844502 -0.4999999999999799 2.744302074600997e-15 0.8660254037844502 -0.4999999999999799 2.744302074600997e-15 0.8660254037844502 -0.4999999999999799 2.744302074600997e-15 0.8660254037844502 -0.4999999999999799 2.744302074600997e-15 0.8660254037844502 -0.4999999999999799 2.744302074600997e-15 0.8660254037844502 -0.4999999999999799 2.744302074600997e-15 0.8660254037844502 -0.4999999999999799 2.744302074600997e-15 0.8660254037844502 -0.4999999999999799 -2.291629301046896e-15 -0.8660254037843873 -0.5000000000000891 -2.291629301046896e-15 -0.8660254037843873 -0.5000000000000891 -2.291629301046896e-15 -0.8660254037843873 -0.5000000000000891 -2.291629301046896e-15 -0.8660254037843873 -0.5000000000000891 -2.291629301046896e-15 -0.8660254037843873 -0.5000000000000891 -2.291629301046896e-15 -0.8660254037843873 -0.5000000000000891 -2.291629301046896e-15 -0.8660254037843873 -0.5000000000000891 -2.291629301046896e-15 -0.8660254037843873 -0.5000000000000891 -2.291629301046896e-15 -0.8660254037843873 -0.5000000000000891 -2.291629301046896e-15 -0.8660254037843873 -0.5000000000000891 -0.2420870317033114 -0.8660254037844469 0.4374858501495397 -0.2420870317033114 -0.8660254037844469 0.4374858501495397 -0.2420870317033114 -0.8660254037844469 0.4374858501495397 -0.2420870317033114 -0.8660254037844469 0.4374858501495397 -0.2420870317033114 -0.8660254037844469 0.4374858501495397 -0.2420870317033114 -0.8660254037844469 0.4374858501495397 -0.2420870317033114 -0.8660254037844469 0.4374858501495397 -0.2420870317033114 -0.8660254037844469 0.4374858501495397 -0.2420870317033114 -0.8660254037844469 0.4374858501495397 -0.2420870317033114 -0.8660254037844469 0.4374858501495397 -0.2420870317033114 -0.8660254037844469 0.4374858501495397 -0.2420870317033114 -0.8660254037844469 0.4374858501495397 -0.2420870317033114 -0.8660254037844469 0.4374858501495397 -0.2420870317033114 -0.8660254037844469 0.4374858501495397 -0.2420870317033114 -0.8660254037844469 0.4374858501495397 -0.2420870317033114 -0.8660254037844469 0.4374858501495397 -0.2420870317033352 0.8660254037843717 0.4374858501496757 -0.2420870317033352 0.8660254037843717 0.4374858501496757 -0.2420870317033352 0.8660254037843717 0.4374858501496757 -0.2420870317033352 0.8660254037843717 0.4374858501496757 -0.2420870317033352 0.8660254037843717 0.4374858501496757 -0.2420870317033352 0.8660254037843717 0.4374858501496757 -0.2420870317033352 0.8660254037843717 0.4374858501496757 -0.2420870317033352 0.8660254037843717 0.4374858501496757 -0.2420870317033352 0.8660254037843717 0.4374858501496757 -0.2420870317033352 0.8660254037843717 0.4374858501496757 -0.2420870317033352 0.8660254037843717 0.4374858501496757 -0.4841740634066332 -3.767907791777113e-14 0.8749717002991066 -0.4841740634066332 -3.767907791777113e-14 0.8749717002991066 -0.4841740634066332 -3.767907791777113e-14 0.8749717002991066 -0.4841740634066332 -3.767907791777113e-14 0.8749717002991066 -0.4841740634066332 -3.767907791777113e-14 0.8749717002991066 -0.4841740634066332 -3.767907791777113e-14 0.8749717002991066 -0.4841740634066332 -3.767907791777113e-14 0.8749717002991066 -0.4841740634066332 -3.767907791777113e-14 0.8749717002991066 -0.4841740634066332 -3.767907791777113e-14 0.8749717002991066 -0.4841740634066332 -3.767907791777113e-14 0.8749717002991066 0.2420870317033358 0.8660254037843934 -0.4374858501496322 0.2420870317033358 0.8660254037843934 -0.4374858501496322 0.2420870317033358 0.8660254037843934 -0.4374858501496322 0.2420870317033358 0.8660254037843934 -0.4374858501496322 0.2420870317033358 0.8660254037843934 -0.4374858501496322 0.2420870317033358 0.8660254037843934 -0.4374858501496322 0.2420870317033358 0.8660254037843934 -0.4374858501496322 0.2420870317033358 0.8660254037843934 -0.4374858501496322 0.2420870317033358 0.8660254037843934 -0.4374858501496322 0.2420870317033358 0.8660254037843934 -0.4374858501496322 0.2420870317033358 0.8660254037843934 -0.4374858501496322 0.2420870317033358 0.8660254037843934 -0.4374858501496322 0.2420870317033358 0.8660254037843934 -0.4374858501496322 0.4841740634066371 3.767907791777591e-14 -0.8749717002991044 0.4841740634066371 3.767907791777591e-14 -0.8749717002991044 0.4841740634066371 3.767907791777591e-14 -0.8749717002991044 0.4841740634066371 3.767907791777591e-14 -0.8749717002991044 0.4841740634066371 3.767907791777591e-14 -0.8749717002991044 0.4841740634066371 3.767907791777591e-14 -0.8749717002991044 0.4841740634066371 3.767907791777591e-14 -0.8749717002991044 0.4841740634066371 3.767907791777591e-14 -0.8749717002991044 0.4841740634066371 3.767907791777591e-14 -0.8749717002991044 0.4841740634066371 3.767907791777591e-14 -0.8749717002991044 0.2420870317033357 -0.8660254037844231 -0.4374858501495737 0.2420870317033357 -0.8660254037844231 -0.4374858501495737 0.2420870317033357 -0.8660254037844231 -0.4374858501495737 0.2420870317033357 -0.8660254037844231 -0.4374858501495737 0.2420870317033357 -0.8660254037844231 -0.4374858501495737 0.2420870317033357 -0.8660254037844231 -0.4374858501495737 0.2420870317033357 -0.8660254037844231 -0.4374858501495737 0.2420870317033357 -0.8660254037844231 -0.4374858501495737 0.2420870317033357 -0.8660254037844231 -0.4374858501495737 0.2420870317033357 -0.8660254037844231 -0.4374858501495737 0.2420870317033357 -0.8660254037844231 -0.4374858501495737 -3.008057384545762e-15 -0.8660254037844786 0.4999999999999308 -3.008057384545762e-15 -0.8660254037844786 0.4999999999999308 -3.008057384545762e-15 -0.8660254037844786 0.4999999999999308 -3.008057384545762e-15 -0.8660254037844786 0.4999999999999308 -3.008057384545762e-15 -0.8660254037844786 0.4999999999999308 -3.008057384545762e-15 -0.8660254037844786 0.4999999999999308 -3.008057384545762e-15 -0.8660254037844786 0.4999999999999308 -3.008057384545762e-15 -0.8660254037844786 0.4999999999999308 -3.008057384545762e-15 -0.8660254037844786 0.4999999999999308 -3.008057384545762e-15 -0.8660254037844786 0.4999999999999308 -3.008057384545762e-15 -0.8660254037844786 0.4999999999999308 -3.008057384545762e-15 -0.8660254037844786 0.4999999999999308 -3.008057384545762e-15 -0.8660254037844786 0.4999999999999308 0 0 1 0 0 1 0 0 1 0 0 1 0 0 1 0 0 1 -4.576677280585372e-16 -1.184237892933736e-13 1 -4.576677280585372e-16 -1.184237892933736e-13 1 -4.576677280585372e-16 -1.184237892933736e-13 1 -4.576677280579931e-16 4.576677280581575e-16 1 -4.576677280579931e-16 4.576677280581575e-16 1 -4.576677280579931e-16 4.576677280581575e-16 1 -4.594433204613609e-16 0 1 -4.594433204613609e-16 0 1 -4.594433204613609e-16 0 1 0 0 1 0 0 1 0 0 1 0 0 1 0 0 1 0 0 1 0 0 1 0 0 1 0 0 1 0 0 1 0 0 1 0 0 1 0 0 1 0 0 1 0 0 1 -1.178347091709232e-13 -5.890801224362886e-16 1 -1.178347091709232e-13 -5.890801224362886e-16 1 -1.178347091709232e-13 -5.890801224362886e-16 1 0 -5.890801224364969e-16 1 0 -5.890801224364969e-16 1 0 -5.890801224364969e-16 1 5.861643420477611e-16 -5.861643420477611e-16 1 5.861643420477611e-16 -5.861643420477611e-16 1 5.861643420477611e-16 -5.861643420477611e-16 1 0 0 1 0 0 1 0 0 1 -4.541573998279229e-16 -1.184237892933456e-13 1 -4.541573998279229e-16 -1.184237892933456e-13 1 -4.541573998279229e-16 -1.184237892933456e-13 1 -4.541573998279212e-16 -1.179696318935177e-13 1 -4.541573998279212e-16 -1.179696318935177e-13 1 -4.541573998279212e-16 -1.179696318935177e-13 1 4.80856413503144e-15 0.8660254037844283 0.5000000000000178 4.80856413503144e-15 0.8660254037844283 0.5000000000000178 4.80856413503144e-15 0.8660254037844283 0.5000000000000178 4.80856413503144e-15 0.8660254037844283 0.5000000000000178 4.80856413503144e-15 0.8660254037844283 0.5000000000000178 4.80856413503144e-15 0.8660254037844283 0.5000000000000178 4.80856413503144e-15 0.8660254037844283 0.5000000000000178 4.80856413503144e-15 0.8660254037844283 0.5000000000000178 4.80856413503144e-15 0.8660254037844283 0.5000000000000178 4.80856413503144e-15 0.8660254037844283 0.5000000000000178 4.80856413503144e-15 0.8660254037844283 0.5000000000000178 3.049637070685887e-15 0.8660254037844308 -0.5000000000000135 3.049637070685887e-15 0.8660254037844308 -0.5000000000000135 3.049637070685887e-15 0.8660254037844308 -0.5000000000000135 3.049637070685887e-15 0.8660254037844308 -0.5000000000000135 3.049637070685887e-15 0.8660254037844308 -0.5000000000000135 3.049637070685887e-15 0.8660254037844308 -0.5000000000000135 3.049637070685887e-15 0.8660254037844308 -0.5000000000000135 3.049637070685887e-15 0.8660254037844308 -0.5000000000000135 3.049637070685887e-15 0.8660254037844308 -0.5000000000000135 3.049637070685887e-15 0.8660254037844308 -0.5000000000000135 3.049637070685887e-15 0.8660254037844308 -0.5000000000000135 3.049637070685887e-15 0.8660254037844308 -0.5000000000000135 3.049637070685887e-15 0.8660254037844308 -0.5000000000000135 3.049637070685887e-15 0.8660254037844308 -0.5000000000000135 -3.803426580535969e-15 -0.8660254037844645 -0.4999999999999552 -3.803426580535969e-15 -0.8660254037844645 -0.4999999999999552 -3.803426580535969e-15 -0.8660254037844645 -0.4999999999999552 -3.803426580535969e-15 -0.8660254037844645 -0.4999999999999552 -3.803426580535969e-15 -0.8660254037844645 -0.4999999999999552 -3.803426580535969e-15 -0.8660254037844645 -0.4999999999999552 -3.803426580535969e-15 -0.8660254037844645 -0.4999999999999552 -3.803426580535969e-15 -0.8660254037844645 -0.4999999999999552 -3.803426580535969e-15 -0.8660254037844645 -0.4999999999999552 -3.803426580535969e-15 -0.8660254037844645 -0.4999999999999552 -3.803426580535969e-15 -0.8660254037844645 -0.4999999999999552 0 0 -1 0 0 -1 0 0 -1 0 0 -1 0 0 -1 0 0 -1 0 0 -1 0 0 -1 0 0 -1 0 0 -1 0 0 -1 0 0 -1 0 0 -1 0 0 -1 0 0 -1 -4.555358966890643e-16 -1.179682533966565e-13 -1 -4.555358966890643e-16 -1.179682533966565e-13 -1 -4.555358966890643e-16 -1.179682533966565e-13 -1 -1.178427701048493e-13 -5.810191884962303e-16 -1 -1.178427701048493e-13 -5.810191884962303e-16 -1 -1.178427701048493e-13 -5.810191884962303e-16 -1 0 0 -1 0 0 -1 0 0 -1 0 0 -1 0 0 -1 0 0 -1 0 0 -1 0 0 -1 0 0 -1 0 0 -1 0 0 -1 0 0 -1 0 0 -1 0 0 -1 0 0 -1 0 0 -1 0 0 -1 0 0 -1 0 0 -1 0 0 -1 0 0 -1 0 0 -1 0 0 -1 0 0 -1 0 0 -1 0 0 -1 0 0 -1 -0.8660254037844399 9.369967636502163e-16 0.4999999999999978 -0.8660254037844399 9.369967636502163e-16 0.4999999999999978 -0.8660254037844399 9.369967636502163e-16 0.4999999999999978 -0.8660254037844399 9.369967636502163e-16 0.4999999999999978 -0.8660254037844399 9.369967636502163e-16 0.4999999999999978 -0.8660254037844399 9.369967636502163e-16 0.4999999999999978 -0.8660254037844399 9.369967636502163e-16 0.4999999999999978 -0.8660254037844399 9.369967636502163e-16 0.4999999999999978 -0.8660254037844399 9.369967636502163e-16 0.4999999999999978 -0.8660254037844399 9.369967636502163e-16 0.4999999999999978 -0.8660254037844399 9.369967636502163e-16 0.4999999999999978 0.8660254037844397 -1.205883452432994e-15 0.4999999999999982 0.8660254037844397 -1.205883452432994e-15 0.4999999999999982 0.8660254037844397 -1.205883452432994e-15 0.4999999999999982 0.8660254037844397 -1.205883452432994e-15 0.4999999999999982 0.8660254037844397 -1.205883452432994e-15 0.4999999999999982 0.8660254037844397 -1.205883452432994e-15 0.4999999999999982 0.8660254037844397 -1.205883452432994e-15 0.4999999999999982 0.8660254037844397 -1.205883452432994e-15 0.4999999999999982 0.8660254037844397 -1.205883452432994e-15 0.4999999999999982 0.8660254037844397 -1.205883452432994e-15 0.4999999999999982 0.8660254037844397 -1.205883452432994e-15 0.4999999999999982 0.8660254037844665 -1.659876539360704e-15 -0.4999999999999515 0.8660254037844665 -1.659876539360704e-15 -0.4999999999999515 0.8660254037844665 -1.659876539360704e-15 -0.4999999999999515 0.8660254037844665 -1.659876539360704e-15 -0.4999999999999515 0.8660254037844665 -1.659876539360704e-15 -0.4999999999999515 0.8660254037844665 -1.659876539360704e-15 -0.4999999999999515 0.8660254037844665 -1.659876539360704e-15 -0.4999999999999515 0.8660254037844665 -1.659876539360704e-15 -0.4999999999999515 0.8660254037844665 -1.659876539360704e-15 -0.4999999999999515 0.8660254037844665 -1.659876539360704e-15 -0.4999999999999515 0.8660254037844665 -1.659876539360704e-15 -0.4999999999999515 -0.8660254037844516 2.021004958779824e-15 -0.4999999999999775 -0.8660254037844516 2.021004958779824e-15 -0.4999999999999775 -0.8660254037844516 2.021004958779824e-15 -0.4999999999999775 -0.8660254037844516 2.021004958779824e-15 -0.4999999999999775 -0.8660254037844516 2.021004958779824e-15 -0.4999999999999775 -0.8660254037844516 2.021004958779824e-15 -0.4999999999999775 -0.8660254037844516 2.021004958779824e-15 -0.4999999999999775 -0.8660254037844516 2.021004958779824e-15 -0.4999999999999775 -0.8660254037844516 2.021004958779824e-15 -0.4999999999999775 -0.8660254037844516 2.021004958779824e-15 -0.4999999999999775 -0.8660254037844516 2.021004958779824e-15 -0.4999999999999775 -0.8660254037844516 2.021004958779824e-15 -0.4999999999999775 -0.8660254037844516 2.021004958779824e-15 -0.4999999999999775 0 -1 -1.55790549195998e-14 0 -1 -1.55790549195998e-14 0 -1 -1.55790549195998e-14 0 -1 -1.55790549195998e-14 0 -1 -1.55790549195998e-14 0 -1 -1.55790549195998e-14 0 -1 -1.55790549195998e-14 0 -1 -1.55790549195998e-14 0 -1 -1.55790549195998e-14 0 -1 -1.55790549195998e-14 0 -1 -1.55790549195998e-14 0 -1 -1.55790549195998e-14 0 -1 -1.55790549195998e-14 0 -1 -1.55790549195998e-14 0 -1 -1.55790549195998e-14 0 -1 -1.55790549195998e-14 0 -1 -1.55790549195998e-14 0 -1 -1.55790549195998e-14 0 -1 -1.55790549195998e-14 0 -1 -1.55790549195998e-14 0 -1 -1.55790549195998e-14 0 -1 -1.55790549195998e-14 0 -1 -1.55790549195998e-14 0 -1 -1.55790549195998e-14 -0.8660254037844682 0.242087031703274 0.4374858501495181 -0.8660254037844682 0.242087031703274 0.4374858501495181 -0.8660254037844682 0.242087031703274 0.4374858501495181 -0.8660254037844682 0.242087031703274 0.4374858501495181 -0.8660254037844682 0.242087031703274 0.4374858501495181 -0.8660254037844682 0.242087031703274 0.4374858501495181 -0.8660254037844682 0.242087031703274 0.4374858501495181 -0.8660254037844682 0.242087031703274 0.4374858501495181 -0.8660254037844682 0.242087031703274 0.4374858501495181 -0.8660254037844682 0.242087031703274 0.4374858501495181 -0.8660254037844682 0.242087031703274 0.4374858501495181 0.8660254037844314 0.2420870317033174 0.4374858501495668 0.8660254037844314 0.2420870317033174 0.4374858501495668 0.8660254037844314 0.2420870317033174 0.4374858501495668 0.8660254037844314 0.2420870317033174 0.4374858501495668 0.8660254037844314 0.2420870317033174 0.4374858501495668 0.8660254037844314 0.2420870317033174 0.4374858501495668 0.8660254037844314 0.2420870317033174 0.4374858501495668 0.8660254037844314 0.2420870317033174 0.4374858501495668 0.8660254037844314 0.2420870317033174 0.4374858501495668 0.8660254037844314 0.2420870317033174 0.4374858501495668 0 0.4841740634066286 0.874971700299109 0 0.4841740634066286 0.874971700299109 0 0.4841740634066286 0.874971700299109 0 0.4841740634066286 0.874971700299109 0 0.4841740634066286 0.874971700299109 0 0.4841740634066286 0.874971700299109 0 0.4841740634066286 0.874971700299109 0 0.4841740634066286 0.874971700299109 0 0.4841740634066286 0.874971700299109 0 0.4841740634066286 0.874971700299109 0.8660254037844606 -0.2420870317032965 -0.4374858501495209 0.8660254037844606 -0.2420870317032965 -0.4374858501495209 0.8660254037844606 -0.2420870317032965 -0.4374858501495209 0.8660254037844606 -0.2420870317032965 -0.4374858501495209 0.8660254037844606 -0.2420870317032965 -0.4374858501495209 0.8660254037844606 -0.2420870317032965 -0.4374858501495209 0.8660254037844606 -0.2420870317032965 -0.4374858501495209 0.8660254037844606 -0.2420870317032965 -0.4374858501495209 0.8660254037844606 -0.2420870317032965 -0.4374858501495209 0.8660254037844606 -0.2420870317032965 -0.4374858501495209 0 -0.4841740634066202 -0.8749717002991137 0 -0.4841740634066202 -0.8749717002991137 0 -0.4841740634066202 -0.8749717002991137 0 -0.4841740634066202 -0.8749717002991137 0 -0.4841740634066202 -0.8749717002991137 0 -0.4841740634066202 -0.8749717002991137 0 -0.4841740634066202 -0.8749717002991137 0 -0.4841740634066202 -0.8749717002991137 0 -0.4841740634066202 -0.8749717002991137 0 -0.4841740634066202 -0.8749717002991137 -0.8660254037844302 -0.2420870317033176 -0.4374858501495696 -0.8660254037844302 -0.2420870317033176 -0.4374858501495696 -0.8660254037844302 -0.2420870317033176 -0.4374858501495696 -0.8660254037844302 -0.2420870317033176 -0.4374858501495696 -0.8660254037844302 -0.2420870317033176 -0.4374858501495696 -0.8660254037844302 -0.2420870317033176 -0.4374858501495696 -0.8660254037844302 -0.2420870317033176 -0.4374858501495696 -0.8660254037844302 -0.2420870317033176 -0.4374858501495696 -0.8660254037844302 -0.2420870317033176 -0.4374858501495696 -0.8660254037844302 -0.2420870317033176 -0.4374858501495696 -0.8660254037844302 -0.2420870317033176 -0.4374858501495696 -0.8660254037844302 -0.2420870317033176 -0.4374858501495696 -0.8660254037844302 -0.2420870317033176 -0.4374858501495696 0 -1 0 0 -1 0 0 -1 0 0 -1 0 0 -1 0 0 -1 0 0 -1 0 0 -1 0 0 -1 0 0 -1 0 0 -1 0 0 -1 0 0 -1 0 0 -1 0 0 -1 0 0 -1 0 0 -1 0 0 -1 0 0 -1 0 0 -1 0 0 -1 0 0 -1 0 0 -1 0 0 -1 0 0.86602540378443 -0.2420870317033197 0.4374858501495688 0.86602540378443 -0.2420870317033197 0.4374858501495688 0.86602540378443 -0.2420870317033197 0.4374858501495688 0.86602540378443 -0.2420870317033197 0.4374858501495688 0.86602540378443 -0.2420870317033197 0.4374858501495688 0.86602540378443 -0.2420870317033197 0.4374858501495688 0.86602540378443 -0.2420870317033197 0.4374858501495688 0.86602540378443 -0.2420870317033197 0.4374858501495688 0.86602540378443 -0.2420870317033197 0.4374858501495688 0.86602540378443 -0.2420870317033197 0.4374858501495688 0.86602540378443 -0.2420870317033197 0.4374858501495688 0.86602540378443 -0.2420870317033197 0.4374858501495688 0.86602540378443 -0.2420870317033197 0.4374858501495688 -0.8660254037844328 -0.2420870317033154 0.4374858501495656 -0.8660254037844328 -0.2420870317033154 0.4374858501495656 -0.8660254037844328 -0.2420870317033154 0.4374858501495656 -0.8660254037844328 -0.2420870317033154 0.4374858501495656 -0.8660254037844328 -0.2420870317033154 0.4374858501495656 -0.8660254037844328 -0.2420870317033154 0.4374858501495656 -0.8660254037844328 -0.2420870317033154 0.4374858501495656 -0.8660254037844328 -0.2420870317033154 0.4374858501495656 -0.8660254037844328 -0.2420870317033154 0.4374858501495656 -0.8660254037844328 -0.2420870317033154 0.4374858501495656 -1.569714733213457e-14 -0.4841740634066231 0.8749717002991121 -1.569714733213457e-14 -0.4841740634066231 0.8749717002991121 -1.569714733213457e-14 -0.4841740634066231 0.8749717002991121 -1.569714733213457e-14 -0.4841740634066231 0.8749717002991121 -1.569714733213457e-14 -0.4841740634066231 0.8749717002991121 -1.569714733213457e-14 -0.4841740634066231 0.8749717002991121 -1.569714733213457e-14 -0.4841740634066231 0.8749717002991121 -1.569714733213457e-14 -0.4841740634066231 0.8749717002991121 -1.569714733213457e-14 -0.4841740634066231 0.8749717002991121 -1.569714733213457e-14 -0.4841740634066231 0.8749717002991121 -0.866025403784448 0.2420870317033047 -0.4374858501495412 -0.866025403784448 0.2420870317033047 -0.4374858501495412 -0.866025403784448 0.2420870317033047 -0.4374858501495412 -0.866025403784448 0.2420870317033047 -0.4374858501495412 -0.866025403784448 0.2420870317033047 -0.4374858501495412 -0.866025403784448 0.2420870317033047 -0.4374858501495412 -0.866025403784448 0.2420870317033047 -0.4374858501495412 -0.866025403784448 0.2420870317033047 -0.4374858501495412 -0.866025403784448 0.2420870317033047 -0.4374858501495412 -0.866025403784448 0.2420870317033047 -0.4374858501495412 -0.866025403784448 0.2420870317033047 -0.4374858501495412 -0.866025403784448 0.2420870317033047 -0.4374858501495412 -0.866025403784448 0.2420870317033047 -0.4374858501495412 -3.133060847107223e-14 0.4841740634066232 -0.874971700299112 -3.133060847107223e-14 0.4841740634066232 -0.874971700299112 -3.133060847107223e-14 0.4841740634066232 -0.874971700299112 -3.133060847107223e-14 0.4841740634066232 -0.874971700299112 -3.133060847107223e-14 0.4841740634066232 -0.874971700299112 -3.133060847107223e-14 0.4841740634066232 -0.874971700299112 -3.133060847107223e-14 0.4841740634066232 -0.874971700299112 -3.133060847107223e-14 0.4841740634066232 -0.874971700299112 -3.133060847107223e-14 0.4841740634066232 -0.874971700299112 -3.133060847107223e-14 0.4841740634066232 -0.874971700299112 0.8660254037844413 0.2420870317033084 -0.4374858501495528 0.8660254037844413 0.2420870317033084 -0.4374858501495528 0.8660254037844413 0.2420870317033084 -0.4374858501495528 0.8660254037844413 0.2420870317033084 -0.4374858501495528 0.8660254037844413 0.2420870317033084 -0.4374858501495528 0.8660254037844413 0.2420870317033084 -0.4374858501495528 0.8660254037844413 0.2420870317033084 -0.4374858501495528 0.8660254037844413 0.2420870317033084 -0.4374858501495528 0.8660254037844413 0.2420870317033084 -0.4374858501495528 0.8660254037844413 0.2420870317033084 -0.4374858501495528 0.8660254037844413 0.2420870317033084 -0.4374858501495528 0.8660254037844413 0.2420870317033084 -0.4374858501495528 0.8660254037844201 -1.701016614826323e-15 0.500000000000032 0.8660254037844201 -1.701016614826323e-15 0.500000000000032 0.8660254037844201 -1.701016614826323e-15 0.500000000000032 0.8660254037844201 -1.701016614826323e-15 0.500000000000032 0.8660254037844201 -1.701016614826323e-15 0.500000000000032 0.8660254037844201 -1.701016614826323e-15 0.500000000000032 0.8660254037844201 -1.701016614826323e-15 0.500000000000032 0.8660254037844201 -1.701016614826323e-15 0.500000000000032 0.8660254037844201 -1.701016614826323e-15 0.500000000000032 0.8660254037844201 -1.701016614826323e-15 0.500000000000032 0.8660254037844201 -1.701016614826323e-15 0.500000000000032 0.8660254037844201 -1.701016614826323e-15 0.500000000000032 0.8660254037844201 -1.701016614826323e-15 0.500000000000032 0 0 1 0 0 1 0 0 1 0 0 1 0 0 1 0 0 1 0 0 1 0 0 1 0 0 1 0 0 1 0 0 1 0 0 1 0 0 1 0 0 1 0 0 1 0 0 1 0 0 1 0 0 1 0 0 1 0 0 1 0 0 1 0 0 1 0 0 1 0 0 1 0 0 1 0 0 1 0 0 1 0 0 1 0 0 1 0 0 1 0 0 1 0 0 1 0 0 1 0 0 1 0 0 1 0 0 1 -6.275824207315602e-16 1.177962068726139e-13 1 -6.275824207315602e-16 1.177962068726139e-13 1 -6.275824207315602e-16 1.177962068726139e-13 1 -1.184237892933357e-13 0 1 -1.184237892933357e-13 0 1 -1.184237892933357e-13 0 1 -1.184237892933644e-13 0 1 -1.184237892933644e-13 0 1 -1.184237892933644e-13 0 1 0 0 1 0 0 1 0 0 1 -0.866025403784446 4.779837104984649e-16 0.4999999999999874 -0.866025403784446 4.779837104984649e-16 0.4999999999999874 -0.866025403784446 4.779837104984649e-16 0.4999999999999874 -0.866025403784446 4.779837104984649e-16 0.4999999999999874 -0.866025403784446 4.779837104984649e-16 0.4999999999999874 -0.866025403784446 4.779837104984649e-16 0.4999999999999874 -0.866025403784446 4.779837104984649e-16 0.4999999999999874 -0.866025403784446 4.779837104984649e-16 0.4999999999999874 -0.866025403784446 4.779837104984649e-16 0.4999999999999874 -0.866025403784446 4.779837104984649e-16 0.4999999999999874 -0.866025403784446 4.779837104984649e-16 0.4999999999999874 -0.866025403784446 4.779837104984649e-16 0.4999999999999874 -0.8660254037844705 1.298895503028063e-15 -0.4999999999999448 -0.8660254037844705 1.298895503028063e-15 -0.4999999999999448 -0.8660254037844705 1.298895503028063e-15 -0.4999999999999448 -0.8660254037844705 1.298895503028063e-15 -0.4999999999999448 -0.8660254037844705 1.298895503028063e-15 -0.4999999999999448 -0.8660254037844705 1.298895503028063e-15 -0.4999999999999448 -0.8660254037844705 1.298895503028063e-15 -0.4999999999999448 -0.8660254037844705 1.298895503028063e-15 -0.4999999999999448 -0.8660254037844705 1.298895503028063e-15 -0.4999999999999448 -0.8660254037844705 1.298895503028063e-15 -0.4999999999999448 -0.8660254037844705 1.298895503028063e-15 -0.4999999999999448 -0.8660254037844705 1.298895503028063e-15 -0.4999999999999448 -0.8660254037844705 1.298895503028063e-15 -0.4999999999999448 -0.8660254037844705 1.298895503028063e-15 -0.4999999999999448 -0.8660254037844705 1.298895503028063e-15 -0.4999999999999448 0.8660254037844389 -1.053712497224269e-15 -0.4999999999999996 0.8660254037844389 -1.053712497224269e-15 -0.4999999999999996 0.8660254037844389 -1.053712497224269e-15 -0.4999999999999996 0.8660254037844389 -1.053712497224269e-15 -0.4999999999999996 0.8660254037844389 -1.053712497224269e-15 -0.4999999999999996 0.8660254037844389 -1.053712497224269e-15 -0.4999999999999996 0.8660254037844389 -1.053712497224269e-15 -0.4999999999999996 0.8660254037844389 -1.053712497224269e-15 -0.4999999999999996 0.8660254037844389 -1.053712497224269e-15 -0.4999999999999996 0.8660254037844389 -1.053712497224269e-15 -0.4999999999999996 0.8660254037844389 -1.053712497224269e-15 -0.4999999999999996 0.8660254037844389 -1.053712497224269e-15 -0.4999999999999996 0 0 -1 0 0 -1 0 0 -1 0 0 -1 0 0 -1 0 0 -1 0 0 -1 0 0 -1 0 0 -1 -1.180052802131167e-13 4.185090802332371e-16 -1 -1.180052802131167e-13 4.185090802332371e-16 -1 -1.180052802131167e-13 4.185090802332371e-16 -1 0 4.185090802330855e-16 -1 0 4.185090802330855e-16 -1 0 4.185090802330855e-16 -1 -1.175897187340769e-13 8.340705592731852e-16 -1 -1.175897187340769e-13 8.340705592731852e-16 -1 -1.175897187340769e-13 8.340705592731852e-16 -1 -6.21688126485842e-16 1.178021011668597e-13 -1 -6.21688126485842e-16 1.178021011668597e-13 -1 -6.21688126485842e-16 1.178021011668597e-13 -1 0 0 -1 0 0 -1 0 0 -1 0 1.184237892933736e-13 -1 0 1.184237892933736e-13 -1 0 1.184237892933736e-13 -1 0 1.184237892933181e-13 -1 0 1.184237892933181e-13 -1 0 1.184237892933181e-13 -1 0 0 -1 0 0 -1 0 0 -1 0 0 -1 0 0 -1 0 0 -1 0 1.184237892933458e-13 -1 0 1.184237892933458e-13 -1 0 1.184237892933458e-13 -1 6.350228170158374e-16 0 -1 6.350228170158374e-16 0 -1 6.350228170158374e-16 0 -1 -1.184237892933644e-13 0 -1 -1.184237892933644e-13 0 -1 -1.184237892933644e-13 0 -1 -1.184237892933642e-13 0 -1 -1.184237892933642e-13 0 -1 -1.184237892933642e-13 0 -1 -3.412273834924385e-15 -0.8660254037844066 0.5000000000000556 -3.412273834924385e-15 -0.8660254037844066 0.5000000000000556 -3.412273834924385e-15 -0.8660254037844066 0.5000000000000556 -3.412273834924385e-15 -0.8660254037844066 0.5000000000000556 -3.412273834924385e-15 -0.8660254037844066 0.5000000000000556 -3.412273834924385e-15 -0.8660254037844066 0.5000000000000556 -3.412273834924385e-15 -0.8660254037844066 0.5000000000000556 -3.412273834924385e-15 -0.8660254037844066 0.5000000000000556 -3.412273834924385e-15 -0.8660254037844066 0.5000000000000556 -3.412273834924385e-15 -0.8660254037844066 0.5000000000000556 -3.412273834924385e-15 -0.8660254037844066 0.5000000000000556 -3.412273834924385e-15 -0.8660254037844066 0.5000000000000556 -3.412273834924385e-15 -0.8660254037844066 0.5000000000000556 3.026509094742299e-15 0.8660254037844347 0.5000000000000067 3.026509094742299e-15 0.8660254037844347 0.5000000000000067 3.026509094742299e-15 0.8660254037844347 0.5000000000000067 3.026509094742299e-15 0.8660254037844347 0.5000000000000067 3.026509094742299e-15 0.8660254037844347 0.5000000000000067 3.026509094742299e-15 0.8660254037844347 0.5000000000000067 3.026509094742299e-15 0.8660254037844347 0.5000000000000067 3.026509094742299e-15 0.8660254037844347 0.5000000000000067 3.026509094742299e-15 0.8660254037844347 0.5000000000000067 3.026509094742299e-15 0.8660254037844347 0.5000000000000067 3.026509094742299e-15 0.8660254037844347 0.5000000000000067 3.026509094742299e-15 0.8660254037844347 0.5000000000000067 3.026509094742299e-15 0.8660254037844347 0.5000000000000067 2.381085623550854e-15 0.8660254037844756 -0.499999999999936 2.381085623550854e-15 0.8660254037844756 -0.499999999999936 2.381085623550854e-15 0.8660254037844756 -0.499999999999936 2.381085623550854e-15 0.8660254037844756 -0.499999999999936 2.381085623550854e-15 0.8660254037844756 -0.499999999999936 2.381085623550854e-15 0.8660254037844756 -0.499999999999936 2.381085623550854e-15 0.8660254037844756 -0.499999999999936 2.381085623550854e-15 0.8660254037844756 -0.499999999999936 2.381085623550854e-15 0.8660254037844756 -0.499999999999936 2.381085623550854e-15 0.8660254037844756 -0.499999999999936 2.381085623550854e-15 0.8660254037844756 -0.499999999999936 2.381085623550854e-15 0.8660254037844756 -0.499999999999936 -2.124965351879856e-15 -0.8660254037843758 -0.5000000000001086 -2.124965351879856e-15 -0.8660254037843758 -0.5000000000001086 -2.124965351879856e-15 -0.8660254037843758 -0.5000000000001086 -2.124965351879856e-15 -0.8660254037843758 -0.5000000000001086 -2.124965351879856e-15 -0.8660254037843758 -0.5000000000001086 -2.124965351879856e-15 -0.8660254037843758 -0.5000000000001086 -2.124965351879856e-15 -0.8660254037843758 -0.5000000000001086 -2.124965351879856e-15 -0.8660254037843758 -0.5000000000001086 -2.124965351879856e-15 -0.8660254037843758 -0.5000000000001086 -2.124965351879856e-15 -0.8660254037843758 -0.5000000000001086 -0.2420870317033237 -0.8660254037844384 0.4374858501495495 -0.2420870317033237 -0.8660254037844384 0.4374858501495495 -0.2420870317033237 -0.8660254037844384 0.4374858501495495 -0.2420870317033237 -0.8660254037844384 0.4374858501495495 -0.2420870317033237 -0.8660254037844384 0.4374858501495495 -0.2420870317033237 -0.8660254037844384 0.4374858501495495 -0.2420870317033237 -0.8660254037844384 0.4374858501495495 -0.2420870317033237 -0.8660254037844384 0.4374858501495495 -0.2420870317033237 -0.8660254037844384 0.4374858501495495 -0.2420870317033237 -0.8660254037844384 0.4374858501495495 -0.2420870317033237 -0.8660254037844384 0.4374858501495495 -0.2420870317033237 -0.8660254037844384 0.4374858501495495 -0.2420870317033237 -0.8660254037844384 0.4374858501495495 -0.2420870317033237 -0.8660254037844384 0.4374858501495495 -0.2420870317033237 -0.8660254037844384 0.4374858501495495 -0.2420870317033237 -0.8660254037844384 0.4374858501495495 -0.2420870317033249 0.8660254037844185 0.4374858501495887 -0.2420870317033249 0.8660254037844185 0.4374858501495887 -0.2420870317033249 0.8660254037844185 0.4374858501495887 -0.2420870317033249 0.8660254037844185 0.4374858501495887 -0.2420870317033249 0.8660254037844185 0.4374858501495887 -0.2420870317033249 0.8660254037844185 0.4374858501495887 -0.2420870317033249 0.8660254037844185 0.4374858501495887 -0.2420870317033249 0.8660254037844185 0.4374858501495887 -0.2420870317033249 0.8660254037844185 0.4374858501495887 -0.2420870317033249 0.8660254037844185 0.4374858501495887 -0.2420870317033249 0.8660254037844185 0.4374858501495887 -0.4841740634066168 0 0.8749717002991156 -0.4841740634066168 0 0.8749717002991156 -0.4841740634066168 0 0.8749717002991156 -0.4841740634066168 0 0.8749717002991156 -0.4841740634066168 0 0.8749717002991156 -0.4841740634066168 0 0.8749717002991156 -0.4841740634066168 0 0.8749717002991156 -0.4841740634066168 0 0.8749717002991156 -0.4841740634066168 0 0.8749717002991156 -0.4841740634066168 0 0.8749717002991156 0.2420870317033169 0.8660254037844271 -0.437485850149576 0.2420870317033169 0.8660254037844271 -0.437485850149576 0.2420870317033169 0.8660254037844271 -0.437485850149576 0.2420870317033169 0.8660254037844271 -0.437485850149576 0.2420870317033169 0.8660254037844271 -0.437485850149576 0.2420870317033169 0.8660254037844271 -0.437485850149576 0.2420870317033169 0.8660254037844271 -0.437485850149576 0.2420870317033169 0.8660254037844271 -0.437485850149576 0.2420870317033169 0.8660254037844271 -0.437485850149576 0.2420870317033169 0.8660254037844271 -0.437485850149576 0.2420870317033169 0.8660254037844271 -0.437485850149576 0.2420870317033169 0.8660254037844271 -0.437485850149576 0.2420870317033169 0.8660254037844271 -0.437485850149576 0.484174063406627 6.593838635610258e-14 -0.8749717002991099 0.484174063406627 6.593838635610258e-14 -0.8749717002991099 0.484174063406627 6.593838635610258e-14 -0.8749717002991099 0.484174063406627 6.593838635610258e-14 -0.8749717002991099 0.484174063406627 6.593838635610258e-14 -0.8749717002991099 0.484174063406627 6.593838635610258e-14 -0.8749717002991099 0.484174063406627 6.593838635610258e-14 -0.8749717002991099 0.484174063406627 6.593838635610258e-14 -0.8749717002991099 0.484174063406627 6.593838635610258e-14 -0.8749717002991099 0.484174063406627 6.593838635610258e-14 -0.8749717002991099 0.2420870317033323 -0.8660254037844233 -0.4374858501495747 0.2420870317033323 -0.8660254037844233 -0.4374858501495747 0.2420870317033323 -0.8660254037844233 -0.4374858501495747 0.2420870317033323 -0.8660254037844233 -0.4374858501495747 0.2420870317033323 -0.8660254037844233 -0.4374858501495747 0.2420870317033323 -0.8660254037844233 -0.4374858501495747 0.2420870317033323 -0.8660254037844233 -0.4374858501495747 0.2420870317033323 -0.8660254037844233 -0.4374858501495747 0.2420870317033323 -0.8660254037844233 -0.4374858501495747 0.2420870317033323 -0.8660254037844233 -0.4374858501495747 0.2420870317033323 -0.8660254037844233 -0.4374858501495747 -3.128379679927355e-15 -0.8660254037844294 0.5000000000000158 -3.128379679927355e-15 -0.8660254037844294 0.5000000000000158 -3.128379679927355e-15 -0.8660254037844294 0.5000000000000158 -3.128379679927355e-15 -0.8660254037844294 0.5000000000000158 -3.128379679927355e-15 -0.8660254037844294 0.5000000000000158 -3.128379679927355e-15 -0.8660254037844294 0.5000000000000158 -3.128379679927355e-15 -0.8660254037844294 0.5000000000000158 -3.128379679927355e-15 -0.8660254037844294 0.5000000000000158 -3.128379679927355e-15 -0.8660254037844294 0.5000000000000158 -3.128379679927355e-15 -0.8660254037844294 0.5000000000000158 -3.128379679927355e-15 -0.8660254037844294 0.5000000000000158 -3.128379679927355e-15 -0.8660254037844294 0.5000000000000158 -3.128379679927355e-15 -0.8660254037844294 0.5000000000000158 -9.118116138860266e-16 0 1 -9.118116138860266e-16 0 1 -9.118116138860266e-16 0 1 -9.118116138873174e-16 -2.359357669729155e-13 1 -9.118116138873174e-16 -2.359357669729155e-13 1 -9.118116138873174e-16 -2.359357669729155e-13 1 0 0 1 0 0 1 0 0 1 0 0 1 0 0 1 0 0 1 0 0 1 0 0 1 0 0 1 0 0 1 0 0 1 0 0 1 0 0 1 0 0 1 0 0 1 0 0 1 0 0 1 0 0 1 0 -1.184050112011317e-15 1 0 -1.184050112011317e-15 1 0 -1.184050112011317e-15 1 -2.356635284746805e-13 -1.184050112011038e-15 1 -2.356635284746805e-13 -1.184050112011038e-15 1 -2.356635284746805e-13 -1.184050112011038e-15 1 1.17816024487369e-15 -1.178160244872993e-15 1 1.17816024487369e-15 -1.178160244872993e-15 1 1.17816024487369e-15 -1.178160244872993e-15 1 0 -1.178160244872991e-15 1 0 -1.178160244872991e-15 1 0 -1.178160244872991e-15 1 1.172328684095519e-15 -1.172328684095519e-15 1 1.172328684095519e-15 -1.172328684095519e-15 1 1.172328684095519e-15 -1.172328684095519e-15 1 -9.048447036522224e-16 9.048447036522224e-16 1 -9.048447036522224e-16 9.048447036522224e-16 1 -9.048447036522224e-16 9.048447036522224e-16 1 -9.083147996549842e-16 0 1 -9.083147996549842e-16 0 1 -9.083147996549842e-16 0 1 -9.08314799654981e-16 9.083147996544429e-16 1 -9.08314799654981e-16 9.083147996544429e-16 1 -9.08314799654981e-16 9.083147996544429e-16 1 3.960117276733556e-15 0.866025403784425 0.5000000000000235 3.960117276733556e-15 0.866025403784425 0.5000000000000235 3.960117276733556e-15 0.866025403784425 0.5000000000000235 3.960117276733556e-15 0.866025403784425 0.5000000000000235 3.960117276733556e-15 0.866025403784425 0.5000000000000235 3.960117276733556e-15 0.866025403784425 0.5000000000000235 3.960117276733556e-15 0.866025403784425 0.5000000000000235 3.960117276733556e-15 0.866025403784425 0.5000000000000235 3.960117276733556e-15 0.866025403784425 0.5000000000000235 3.960117276733556e-15 0.866025403784425 0.5000000000000235 3.960117276733556e-15 0.866025403784425 0.5000000000000235 3.370111579862932e-15 0.8660254037844536 -0.4999999999999741 3.370111579862932e-15 0.8660254037844536 -0.4999999999999741 3.370111579862932e-15 0.8660254037844536 -0.4999999999999741 3.370111579862932e-15 0.8660254037844536 -0.4999999999999741 3.370111579862932e-15 0.8660254037844536 -0.4999999999999741 3.370111579862932e-15 0.8660254037844536 -0.4999999999999741 3.370111579862932e-15 0.8660254037844536 -0.4999999999999741 3.370111579862932e-15 0.8660254037844536 -0.4999999999999741 3.370111579862932e-15 0.8660254037844536 -0.4999999999999741 3.370111579862932e-15 0.8660254037844536 -0.4999999999999741 3.370111579862932e-15 0.8660254037844536 -0.4999999999999741 3.370111579862932e-15 0.8660254037844536 -0.4999999999999741 3.370111579862932e-15 0.8660254037844536 -0.4999999999999741 3.370111579862932e-15 0.8660254037844536 -0.4999999999999741 -3.13933622520421e-15 -0.866025403784443 -0.4999999999999925 -3.13933622520421e-15 -0.866025403784443 -0.4999999999999925 -3.13933622520421e-15 -0.866025403784443 -0.4999999999999925 -3.13933622520421e-15 -0.866025403784443 -0.4999999999999925 -3.13933622520421e-15 -0.866025403784443 -0.4999999999999925 -3.13933622520421e-15 -0.866025403784443 -0.4999999999999925 -3.13933622520421e-15 -0.866025403784443 -0.4999999999999925 -3.13933622520421e-15 -0.866025403784443 -0.4999999999999925 -3.13933622520421e-15 -0.866025403784443 -0.4999999999999925 -3.13933622520421e-15 -0.866025403784443 -0.4999999999999925 -3.13933622520421e-15 -0.866025403784443 -0.4999999999999925 0 3.552713678801208e-13 -1 0 3.552713678801208e-13 -1 0 3.552713678801208e-13 -1 -1.377202949417561e-15 1.377202949418214e-15 -1 -1.377202949417561e-15 1.377202949418214e-15 -1 -1.377202949417561e-15 1.377202949418214e-15 -1 -1.377202949417569e-15 0 -1 -1.377202949417569e-15 0 -1 -1.377202949417569e-15 0 -1 -1.371884862877996e-15 1.371884862877184e-15 -1 -1.371884862877996e-15 1.371884862877184e-15 -1 -1.371884862877996e-15 1.371884862877184e-15 -1 -1.371884862878001e-15 0 -1 -1.371884862878001e-15 0 -1 -1.371884862878001e-15 0 -1 -1.366607690065896e-15 1.366607690065919e-15 -1 -1.366607690065896e-15 1.366607690065919e-15 -1 -1.366607690065896e-15 1.366607690065919e-15 -1 1.162038376992733e-15 -1.162038376992733e-15 -1 1.162038376992733e-15 -1.162038376992733e-15 -1 1.162038376992733e-15 -1.162038376992733e-15 -1 0 -1.167767761953737e-15 -1 0 -1.167767761953737e-15 -1 0 -1.167767761953737e-15 -1 1.167767761954431e-15 -1.167767761953739e-15 -1 1.167767761954431e-15 -1.167767761953739e-15 -1 1.167767761954431e-15 -1.167767761953739e-15 -1 0 -1.17355392387014e-15 -1 0 -1.17355392387014e-15 -1 0 -1.17355392387014e-15 -1 1.173553923869575e-15 -1.173553923870142e-15 -1 1.173553923869575e-15 -1.173553923870142e-15 -1 1.173553923869575e-15 -1.173553923870142e-15 -1 0 -1.179397710915406e-15 -1 0 -1.179397710915406e-15 -1 0 -1.179397710915406e-15 -1 -2.356681808757763e-13 -1.179397710914989e-15 -1 -2.356681808757763e-13 -1.179397710914989e-15 -1 -2.356681808757763e-13 -1.179397710914989e-15 -1 0 0 -1 0 0 -1 0 0 -1 9.253091878438313e-16 0 -1 9.253091878438313e-16 0 -1 9.253091878438313e-16 0 -1 0 -2.36847578586746e-13 -1 0 -2.36847578586746e-13 -1 0 -2.36847578586746e-13 -1 -0.8660254037844347 1.24932901820031e-15 0.5000000000000067 -0.8660254037844347 1.24932901820031e-15 0.5000000000000067 -0.8660254037844347 1.24932901820031e-15 0.5000000000000067 -0.8660254037844347 1.24932901820031e-15 0.5000000000000067 -0.8660254037844347 1.24932901820031e-15 0.5000000000000067 -0.8660254037844347 1.24932901820031e-15 0.5000000000000067 -0.8660254037844347 1.24932901820031e-15 0.5000000000000067 -0.8660254037844347 1.24932901820031e-15 0.5000000000000067 -0.8660254037844347 1.24932901820031e-15 0.5000000000000067 -0.8660254037844347 1.24932901820031e-15 0.5000000000000067 -0.8660254037844347 1.24932901820031e-15 0.5000000000000067 0.8660254037844332 -1.502399434502585e-15 0.5000000000000094 0.8660254037844332 -1.502399434502585e-15 0.5000000000000094 0.8660254037844332 -1.502399434502585e-15 0.5000000000000094 0.8660254037844332 -1.502399434502585e-15 0.5000000000000094 0.8660254037844332 -1.502399434502585e-15 0.5000000000000094 0.8660254037844332 -1.502399434502585e-15 0.5000000000000094 0.8660254037844332 -1.502399434502585e-15 0.5000000000000094 0.8660254037844332 -1.502399434502585e-15 0.5000000000000094 0.8660254037844332 -1.502399434502585e-15 0.5000000000000094 0.8660254037844332 -1.502399434502585e-15 0.5000000000000094 0.8660254037844332 -1.502399434502585e-15 0.5000000000000094 0.8660254037844438 -1.508978672146257e-15 -0.4999999999999911 0.8660254037844438 -1.508978672146257e-15 -0.4999999999999911 0.8660254037844438 -1.508978672146257e-15 -0.4999999999999911 0.8660254037844438 -1.508978672146257e-15 -0.4999999999999911 0.8660254037844438 -1.508978672146257e-15 -0.4999999999999911 0.8660254037844438 -1.508978672146257e-15 -0.4999999999999911 0.8660254037844438 -1.508978672146257e-15 -0.4999999999999911 0.8660254037844438 -1.508978672146257e-15 -0.4999999999999911 0.8660254037844438 -1.508978672146257e-15 -0.4999999999999911 0.8660254037844438 -1.508978672146257e-15 -0.4999999999999911 0.8660254037844438 -1.508978672146257e-15 -0.4999999999999911 -0.8660254037844363 1.554619199061528e-15 -0.5000000000000039 -0.8660254037844363 1.554619199061528e-15 -0.5000000000000039 -0.8660254037844363 1.554619199061528e-15 -0.5000000000000039 -0.8660254037844363 1.554619199061528e-15 -0.5000000000000039 -0.8660254037844363 1.554619199061528e-15 -0.5000000000000039 -0.8660254037844363 1.554619199061528e-15 -0.5000000000000039 -0.8660254037844363 1.554619199061528e-15 -0.5000000000000039 -0.8660254037844363 1.554619199061528e-15 -0.5000000000000039 -0.8660254037844363 1.554619199061528e-15 -0.5000000000000039 -0.8660254037844363 1.554619199061528e-15 -0.5000000000000039 -0.8660254037844363 1.554619199061528e-15 -0.5000000000000039 -0.8660254037844363 1.554619199061528e-15 -0.5000000000000039 -0.8660254037844363 1.554619199061528e-15 -0.5000000000000039 0 -1 0 0 -1 0 0 -1 0 0 -1 0 0 -1 0 0 -1 0 0 -1 0 0 -1 0 0 -1 0 0 -1 0 0 -1 0 0 -1 0 0 -1 0 0 -1 0 0 -1 0 0 -1 0 0 -1 0 0 -1 0 0 -1 0 0 -1 0 0 -1 0 0 -1 0 0 -1 0 0 -1 0 -0.8660254037844262 0.2420870317033242 0.4374858501495736 -0.8660254037844262 0.2420870317033242 0.4374858501495736 -0.8660254037844262 0.2420870317033242 0.4374858501495736 -0.8660254037844262 0.2420870317033242 0.4374858501495736 -0.8660254037844262 0.2420870317033242 0.4374858501495736 -0.8660254037844262 0.2420870317033242 0.4374858501495736 -0.8660254037844262 0.2420870317033242 0.4374858501495736 -0.8660254037844262 0.2420870317033242 0.4374858501495736 -0.8660254037844262 0.2420870317033242 0.4374858501495736 -0.8660254037844262 0.2420870317033242 0.4374858501495736 -0.8660254037844262 0.2420870317033242 0.4374858501495736 0.8660254037844222 0.2420870317033342 0.4374858501495761 0.8660254037844222 0.2420870317033342 0.4374858501495761 0.8660254037844222 0.2420870317033342 0.4374858501495761 0.8660254037844222 0.2420870317033342 0.4374858501495761 0.8660254037844222 0.2420870317033342 0.4374858501495761 0.8660254037844222 0.2420870317033342 0.4374858501495761 0.8660254037844222 0.2420870317033342 0.4374858501495761 0.8660254037844222 0.2420870317033342 0.4374858501495761 0.8660254037844222 0.2420870317033342 0.4374858501495761 0.8660254037844222 0.2420870317033342 0.4374858501495761 0 0.4841740634066197 0.874971700299114 0 0.4841740634066197 0.874971700299114 0 0.4841740634066197 0.874971700299114 0 0.4841740634066197 0.874971700299114 0 0.4841740634066197 0.874971700299114 0 0.4841740634066197 0.874971700299114 0 0.4841740634066197 0.874971700299114 0 0.4841740634066197 0.874971700299114 0 0.4841740634066197 0.874971700299114 0 0.4841740634066197 0.874971700299114 0.8660254037844653 -0.2420870317032979 -0.4374858501495106 0.8660254037844653 -0.2420870317032979 -0.4374858501495106 0.8660254037844653 -0.2420870317032979 -0.4374858501495106 0.8660254037844653 -0.2420870317032979 -0.4374858501495106 0.8660254037844653 -0.2420870317032979 -0.4374858501495106 0.8660254037844653 -0.2420870317032979 -0.4374858501495106 0.8660254037844653 -0.2420870317032979 -0.4374858501495106 0.8660254037844653 -0.2420870317032979 -0.4374858501495106 0.8660254037844653 -0.2420870317032979 -0.4374858501495106 0.8660254037844653 -0.2420870317032979 -0.4374858501495106 0 -0.484174063406626 -0.8749717002991106 0 -0.484174063406626 -0.8749717002991106 0 -0.484174063406626 -0.8749717002991106 0 -0.484174063406626 -0.8749717002991106 0 -0.484174063406626 -0.8749717002991106 0 -0.484174063406626 -0.8749717002991106 0 -0.484174063406626 -0.8749717002991106 0 -0.484174063406626 -0.8749717002991106 0 -0.484174063406626 -0.8749717002991106 0 -0.484174063406626 -0.8749717002991106 -0.8660254037844541 -0.2420870317033131 -0.4374858501495246 -0.8660254037844541 -0.2420870317033131 -0.4374858501495246 -0.8660254037844541 -0.2420870317033131 -0.4374858501495246 -0.8660254037844541 -0.2420870317033131 -0.4374858501495246 -0.8660254037844541 -0.2420870317033131 -0.4374858501495246 -0.8660254037844541 -0.2420870317033131 -0.4374858501495246 -0.8660254037844541 -0.2420870317033131 -0.4374858501495246 -0.8660254037844541 -0.2420870317033131 -0.4374858501495246 -0.8660254037844541 -0.2420870317033131 -0.4374858501495246 -0.8660254037844541 -0.2420870317033131 -0.4374858501495246 -0.8660254037844541 -0.2420870317033131 -0.4374858501495246 -0.8660254037844541 -0.2420870317033131 -0.4374858501495246 -0.8660254037844541 -0.2420870317033131 -0.4374858501495246 0 -1 0 0 -1 0 0 -1 0 0 -1 0 0 -1 0 0 -1 0 0 -1 0 0 -1 0 0 -1 0 0 -1 0 0 -1 0 0 -1 0 0 -1 0 0 -1 0 0 -1 0 0 -1 0 0 -1 0 0 -1 0 0 -1 0 0 -1 0 0 -1 0 0 -1 0 0 -1 0 0 -1 0 0.866025403784444 -0.2420870317033081 0.4374858501495475 0.866025403784444 -0.2420870317033081 0.4374858501495475 0.866025403784444 -0.2420870317033081 0.4374858501495475 0.866025403784444 -0.2420870317033081 0.4374858501495475 0.866025403784444 -0.2420870317033081 0.4374858501495475 0.866025403784444 -0.2420870317033081 0.4374858501495475 0.866025403784444 -0.2420870317033081 0.4374858501495475 0.866025403784444 -0.2420870317033081 0.4374858501495475 0.866025403784444 -0.2420870317033081 0.4374858501495475 0.866025403784444 -0.2420870317033081 0.4374858501495475 0.866025403784444 -0.2420870317033081 0.4374858501495475 0.866025403784444 -0.2420870317033081 0.4374858501495475 0.866025403784444 -0.2420870317033081 0.4374858501495475 -0.8660254037844377 -0.2420870317033115 0.4374858501495584 -0.8660254037844377 -0.2420870317033115 0.4374858501495584 -0.8660254037844377 -0.2420870317033115 0.4374858501495584 -0.8660254037844377 -0.2420870317033115 0.4374858501495584 -0.8660254037844377 -0.2420870317033115 0.4374858501495584 -0.8660254037844377 -0.2420870317033115 0.4374858501495584 -0.8660254037844377 -0.2420870317033115 0.4374858501495584 -0.8660254037844377 -0.2420870317033115 0.4374858501495584 -0.8660254037844377 -0.2420870317033115 0.4374858501495584 -0.8660254037844377 -0.2420870317033115 0.4374858501495584 0 -0.4841740634066231 0.8749717002991121 0 -0.4841740634066231 0.8749717002991121 0 -0.4841740634066231 0.8749717002991121 0 -0.4841740634066231 0.8749717002991121 0 -0.4841740634066231 0.8749717002991121 0 -0.4841740634066231 0.8749717002991121 0 -0.4841740634066231 0.8749717002991121 0 -0.4841740634066231 0.8749717002991121 0 -0.4841740634066231 0.8749717002991121 0 -0.4841740634066231 0.8749717002991121 -0.8660254037844623 0.2420870317032928 -0.43748585014952 -0.8660254037844623 0.2420870317032928 -0.43748585014952 -0.8660254037844623 0.2420870317032928 -0.43748585014952 -0.8660254037844623 0.2420870317032928 -0.43748585014952 -0.8660254037844623 0.2420870317032928 -0.43748585014952 -0.8660254037844623 0.2420870317032928 -0.43748585014952 -0.8660254037844623 0.2420870317032928 -0.43748585014952 -0.8660254037844623 0.2420870317032928 -0.43748585014952 -0.8660254037844623 0.2420870317032928 -0.43748585014952 -0.8660254037844623 0.2420870317032928 -0.43748585014952 -0.8660254037844623 0.2420870317032928 -0.43748585014952 -0.8660254037844623 0.2420870317032928 -0.43748585014952 -0.8660254037844623 0.2420870317032928 -0.43748585014952 -2.348085052716902e-14 0.4841740634066231 -0.8749717002991121 -2.348085052716902e-14 0.4841740634066231 -0.8749717002991121 -2.348085052716902e-14 0.4841740634066231 -0.8749717002991121 -2.348085052716902e-14 0.4841740634066231 -0.8749717002991121 -2.348085052716902e-14 0.4841740634066231 -0.8749717002991121 -2.348085052716902e-14 0.4841740634066231 -0.8749717002991121 -2.348085052716902e-14 0.4841740634066231 -0.8749717002991121 -2.348085052716902e-14 0.4841740634066231 -0.8749717002991121 -2.348085052716902e-14 0.4841740634066231 -0.8749717002991121 -2.348085052716902e-14 0.4841740634066231 -0.8749717002991121 0.8660254037844291 0.2420870317033189 -0.4374858501495711 0.8660254037844291 0.2420870317033189 -0.4374858501495711 0.8660254037844291 0.2420870317033189 -0.4374858501495711 0.8660254037844291 0.2420870317033189 -0.4374858501495711 0.8660254037844291 0.2420870317033189 -0.4374858501495711 0.8660254037844291 0.2420870317033189 -0.4374858501495711 0.8660254037844291 0.2420870317033189 -0.4374858501495711 0.8660254037844291 0.2420870317033189 -0.4374858501495711 0.8660254037844291 0.2420870317033189 -0.4374858501495711 0.8660254037844291 0.2420870317033189 -0.4374858501495711 0.8660254037844291 0.2420870317033189 -0.4374858501495711 0.8660254037844291 0.2420870317033189 -0.4374858501495711 0.8660254037844291 0.2420870317033189 -0.4374858501495711 0.8660254037844401 -1.338845082795404e-15 0.4999999999999973 0.8660254037844401 -1.338845082795404e-15 0.4999999999999973 0.8660254037844401 -1.338845082795404e-15 0.4999999999999973 0.8660254037844401 -1.338845082795404e-15 0.4999999999999973 0.8660254037844401 -1.338845082795404e-15 0.4999999999999973 0.8660254037844401 -1.338845082795404e-15 0.4999999999999973 0.8660254037844401 -1.338845082795404e-15 0.4999999999999973 0.8660254037844401 -1.338845082795404e-15 0.4999999999999973 0.8660254037844401 -1.338845082795404e-15 0.4999999999999973 0.8660254037844401 -1.338845082795404e-15 0.4999999999999973 0.8660254037844401 -1.338845082795404e-15 0.4999999999999973 0.8660254037844401 -1.338845082795404e-15 0.4999999999999973 0.8660254037844401 -1.338845082795404e-15 0.4999999999999973 0.8660254037844401 -1.338845082795404e-15 0.4999999999999973 -8.881784197001257e-14 4.17413139763814e-16 1 -8.881784197001257e-14 4.17413139763814e-16 1 -8.881784197001257e-14 4.17413139763814e-16 1 8.923525510977594e-14 4.174131397635857e-16 1 8.923525510977594e-14 4.174131397635857e-16 1 8.923525510977594e-14 4.174131397635857e-16 1 0 8.387681999807929e-16 1 0 8.387681999807929e-16 1 0 8.387681999807929e-16 1 8.387681999812075e-16 8.387681999807918e-16 1 8.387681999812075e-16 8.387681999807918e-16 1 8.387681999812075e-16 8.387681999807918e-16 1 0 8.427475233211039e-16 1 0 8.427475233211039e-16 1 0 8.427475233211039e-16 1 0 0 1 0 0 1 0 0 1 0 0 1 0 0 1 0 0 1 0 0 1 0 0 1 0 0 1 6.34148693937096e-16 -8.881784197001442e-14 1 6.34148693937096e-16 -8.881784197001442e-14 1 6.34148693937096e-16 -8.881784197001442e-14 1 6.341486939370977e-16 -8.818369327610865e-14 1 6.341486939370977e-16 -8.818369327610865e-14 1 6.341486939370977e-16 -8.818369327610865e-14 1 0 0 1 0 0 1 0 0 1 0 0 1 0 0 1 0 0 1 0 0 1 0 0 1 0 0 1 0 0 1 0 0 1 0 0 1 0 0 1 0 0 1 0 0 1 0 0 1 0 0 1 0 0 1 -0.8660254037844392 1.280062679776513e-15 0.4999999999999991 -0.8660254037844392 1.280062679776513e-15 0.4999999999999991 -0.8660254037844392 1.280062679776513e-15 0.4999999999999991 -0.8660254037844392 1.280062679776513e-15 0.4999999999999991 -0.8660254037844392 1.280062679776513e-15 0.4999999999999991 -0.8660254037844392 1.280062679776513e-15 0.4999999999999991 -0.8660254037844392 1.280062679776513e-15 0.4999999999999991 -0.8660254037844392 1.280062679776513e-15 0.4999999999999991 -0.8660254037844392 1.280062679776513e-15 0.4999999999999991 -0.8660254037844392 1.280062679776513e-15 0.4999999999999991 -0.8660254037844392 1.280062679776513e-15 0.4999999999999991 0 0 -1 0 0 -1 0 0 -1 0 0 -1 0 0 -1 0 0 -1 0 0 -1 0 0 -1 0 0 -1 -6.174446513263606e-16 -6.174446513263739e-16 -1 -6.174446513263606e-16 -6.174446513263739e-16 -1 -6.174446513263606e-16 -6.174446513263739e-16 -1 -6.217670569961891e-16 0 -1 -6.217670569961891e-16 0 -1 -6.217670569961891e-16 0 -1 -6.217670569961894e-16 -6.217670569962023e-16 -1 -6.217670569961894e-16 -6.217670569962023e-16 -1 -6.217670569961894e-16 -6.217670569962023e-16 -1 -6.261504070891151e-16 0 -1 -6.261504070891151e-16 0 -1 -6.261504070891151e-16 0 -1 -6.261504070888941e-16 8.819169156295682e-14 -1 -6.261504070888941e-16 8.819169156295682e-14 -1 -6.261504070888941e-16 8.819169156295682e-14 -1 0 0 -1 0 0 -1 0 0 -1 0 0 -1 0 0 -1 0 0 -1 0 0 -1 0 0 -1 0 0 -1 4.229571204887651e-16 4.229571204885488e-16 -1 4.229571204887651e-16 4.229571204885488e-16 -1 4.229571204887651e-16 4.229571204885488e-16 -1 0 4.249809109610029e-16 -1 0 4.249809109610029e-16 -1 0 4.249809109610029e-16 -1 -8.881784197000444e-14 4.229571204887419e-16 -1 -8.881784197000444e-14 4.229571204887419e-16 -1 -8.881784197000444e-14 4.229571204887419e-16 -1 -8.839688945647042e-14 4.209525135422349e-16 -1 -8.839688945647042e-14 4.209525135422349e-16 -1 -8.839688945647042e-14 4.209525135422349e-16 -1 -8.88178419700125e-14 4.20952513542236e-16 -1 -8.88178419700125e-14 4.20952513542236e-16 -1 -8.88178419700125e-14 4.20952513542236e-16 -1 -0.8660254037844635 1.841638627499143e-15 -0.4999999999999569 -0.8660254037844635 1.841638627499143e-15 -0.4999999999999569 -0.8660254037844635 1.841638627499143e-15 -0.4999999999999569 -0.8660254037844635 1.841638627499143e-15 -0.4999999999999569 -0.8660254037844635 1.841638627499143e-15 -0.4999999999999569 -0.8660254037844635 1.841638627499143e-15 -0.4999999999999569 -0.8660254037844635 1.841638627499143e-15 -0.4999999999999569 -0.8660254037844635 1.841638627499143e-15 -0.4999999999999569 -0.8660254037844635 1.841638627499143e-15 -0.4999999999999569 -0.8660254037844635 1.841638627499143e-15 -0.4999999999999569 -0.8660254037844635 1.841638627499143e-15 -0.4999999999999569 -0.8660254037844635 1.841638627499143e-15 -0.4999999999999569 -0.8660254037844635 1.841638627499143e-15 -0.4999999999999569 -0.8660254037844635 1.841638627499143e-15 -0.4999999999999569 -0.8660254037844635 1.841638627499143e-15 -0.4999999999999569 -0.8660254037844635 1.841638627499143e-15 -0.4999999999999569 0.8660254037844303 -1.609867946646741e-15 -0.5000000000000143 0.8660254037844303 -1.609867946646741e-15 -0.5000000000000143 0.8660254037844303 -1.609867946646741e-15 -0.5000000000000143 0.8660254037844303 -1.609867946646741e-15 -0.5000000000000143 0.8660254037844303 -1.609867946646741e-15 -0.5000000000000143 0.8660254037844303 -1.609867946646741e-15 -0.5000000000000143 0.8660254037844303 -1.609867946646741e-15 -0.5000000000000143 0.8660254037844303 -1.609867946646741e-15 -0.5000000000000143 0.8660254037844303 -1.609867946646741e-15 -0.5000000000000143 0.8660254037844303 -1.609867946646741e-15 -0.5000000000000143 0.8660254037844303 -1.609867946646741e-15 -0.5000000000000143 0.8660254037844303 -1.609867946646741e-15 -0.5000000000000143 0.8660254037844303 -1.609867946646741e-15 -0.5000000000000143 -2.683253795753445e-15 -0.8660254037844725 0.4999999999999413 -2.683253795753445e-15 -0.8660254037844725 0.4999999999999413 -2.683253795753445e-15 -0.8660254037844725 0.4999999999999413 -2.683253795753445e-15 -0.8660254037844725 0.4999999999999413 -2.683253795753445e-15 -0.8660254037844725 0.4999999999999413 -2.683253795753445e-15 -0.8660254037844725 0.4999999999999413 -2.683253795753445e-15 -0.8660254037844725 0.4999999999999413 -2.683253795753445e-15 -0.8660254037844725 0.4999999999999413 -2.683253795753445e-15 -0.8660254037844725 0.4999999999999413 -2.683253795753445e-15 -0.8660254037844725 0.4999999999999413 -2.683253795753445e-15 -0.8660254037844725 0.4999999999999413 -2.683253795753445e-15 -0.8660254037844725 0.4999999999999413 -2.683253795753445e-15 -0.8660254037844725 0.4999999999999413 -2.683253795753445e-15 -0.8660254037844725 0.4999999999999413 2.99415303948096e-15 0.8660254037844302 0.5000000000000145 2.99415303948096e-15 0.8660254037844302 0.5000000000000145 2.99415303948096e-15 0.8660254037844302 0.5000000000000145 2.99415303948096e-15 0.8660254037844302 0.5000000000000145 2.99415303948096e-15 0.8660254037844302 0.5000000000000145 2.99415303948096e-15 0.8660254037844302 0.5000000000000145 2.99415303948096e-15 0.8660254037844302 0.5000000000000145 2.99415303948096e-15 0.8660254037844302 0.5000000000000145 2.99415303948096e-15 0.8660254037844302 0.5000000000000145 2.99415303948096e-15 0.8660254037844302 0.5000000000000145 2.99415303948096e-15 0.8660254037844302 0.5000000000000145 2.99415303948096e-15 0.8660254037844302 0.5000000000000145 2.522794016942829e-15 0.8660254037844327 -0.5000000000000104 2.522794016942829e-15 0.8660254037844327 -0.5000000000000104 2.522794016942829e-15 0.8660254037844327 -0.5000000000000104 2.522794016942829e-15 0.8660254037844327 -0.5000000000000104 2.522794016942829e-15 0.8660254037844327 -0.5000000000000104 2.522794016942829e-15 0.8660254037844327 -0.5000000000000104 2.522794016942829e-15 0.8660254037844327 -0.5000000000000104 2.522794016942829e-15 0.8660254037844327 -0.5000000000000104 2.522794016942829e-15 0.8660254037844327 -0.5000000000000104 2.522794016942829e-15 0.8660254037844327 -0.5000000000000104 2.522794016942829e-15 0.8660254037844327 -0.5000000000000104 2.522794016942829e-15 0.8660254037844327 -0.5000000000000104 2.522794016942829e-15 0.8660254037844327 -0.5000000000000104 2.522794016942829e-15 0.8660254037844327 -0.5000000000000104 -2.945516355038375e-15 -0.8660254037844461 -0.499999999999987 -2.945516355038375e-15 -0.8660254037844461 -0.499999999999987 -2.945516355038375e-15 -0.8660254037844461 -0.499999999999987 -2.945516355038375e-15 -0.8660254037844461 -0.499999999999987 -2.945516355038375e-15 -0.8660254037844461 -0.499999999999987 -2.945516355038375e-15 -0.8660254037844461 -0.499999999999987 -2.945516355038375e-15 -0.8660254037844461 -0.499999999999987 -2.945516355038375e-15 -0.8660254037844461 -0.499999999999987 -2.945516355038375e-15 -0.8660254037844461 -0.499999999999987 -2.945516355038375e-15 -0.8660254037844461 -0.499999999999987 -2.945516355038375e-15 -0.8660254037844461 -0.499999999999987 -2.945516355038375e-15 -0.8660254037844461 -0.499999999999987 -2.945516355038375e-15 -0.8660254037844461 -0.499999999999987 -0.4841740634066338 -2.393244652969758e-14 0.8749717002991063 -0.4841740634066338 -2.393244652969758e-14 0.8749717002991063 -0.4841740634066338 -2.393244652969758e-14 0.8749717002991063 -0.4841740634066338 -2.393244652969758e-14 0.8749717002991063 -0.4841740634066338 -2.393244652969758e-14 0.8749717002991063 -0.4841740634066338 -2.393244652969758e-14 0.8749717002991063 -0.4841740634066338 -2.393244652969758e-14 0.8749717002991063 -0.4841740634066338 -2.393244652969758e-14 0.8749717002991063 -0.4841740634066338 -2.393244652969758e-14 0.8749717002991063 -0.4841740634066338 -2.393244652969758e-14 0.8749717002991063 -0.2420870317033095 0.8660254037844433 0.4374858501495477 -0.2420870317033095 0.8660254037844433 0.4374858501495477 -0.2420870317033095 0.8660254037844433 0.4374858501495477 -0.2420870317033095 0.8660254037844433 0.4374858501495477 -0.2420870317033095 0.8660254037844433 0.4374858501495477 -0.2420870317033095 0.8660254037844433 0.4374858501495477 -0.2420870317033095 0.8660254037844433 0.4374858501495477 -0.2420870317033095 0.8660254037844433 0.4374858501495477 -0.2420870317033095 0.8660254037844433 0.4374858501495477 -0.2420870317033095 0.8660254037844433 0.4374858501495477 -0.2420870317033095 0.8660254037844433 0.4374858501495477 -0.2420870317033055 -0.8660254037844454 0.4374858501495461 -0.2420870317033055 -0.8660254037844454 0.4374858501495461 -0.2420870317033055 -0.8660254037844454 0.4374858501495461 -0.2420870317033055 -0.8660254037844454 0.4374858501495461 -0.2420870317033055 -0.8660254037844454 0.4374858501495461 -0.2420870317033055 -0.8660254037844454 0.4374858501495461 -0.2420870317033055 -0.8660254037844454 0.4374858501495461 -0.2420870317033055 -0.8660254037844454 0.4374858501495461 -0.2420870317033055 -0.8660254037844454 0.4374858501495461 -0.2420870317033055 -0.8660254037844454 0.4374858501495461 -0.2420870317033055 -0.8660254037844454 0.4374858501495461 -0.2420870317033055 -0.8660254037844454 0.4374858501495461 -0.2420870317033055 -0.8660254037844454 0.4374858501495461 -0.2420870317033055 -0.8660254037844454 0.4374858501495461 -0.2420870317033055 -0.8660254037844454 0.4374858501495461 -0.2420870317033055 -0.8660254037844454 0.4374858501495461 0.2420870317033078 0.8660254037844382 -0.4374858501495593 0.2420870317033078 0.8660254037844382 -0.4374858501495593 0.2420870317033078 0.8660254037844382 -0.4374858501495593 0.2420870317033078 0.8660254037844382 -0.4374858501495593 0.2420870317033078 0.8660254037844382 -0.4374858501495593 0.2420870317033078 0.8660254037844382 -0.4374858501495593 0.2420870317033078 0.8660254037844382 -0.4374858501495593 0.2420870317033078 0.8660254037844382 -0.4374858501495593 0.2420870317033078 0.8660254037844382 -0.4374858501495593 0.2420870317033078 0.8660254037844382 -0.4374858501495593 0.2420870317033078 0.8660254037844382 -0.4374858501495593 0.2420870317033078 0.8660254037844382 -0.4374858501495593 0.2420870317033078 0.8660254037844382 -0.4374858501495593 0.2420870317033078 0.8660254037844382 -0.4374858501495593 0.4841740634066221 -1.495377328854046e-15 -0.8749717002991126 0.4841740634066221 -1.495377328854046e-15 -0.8749717002991126 0.4841740634066221 -1.495377328854046e-15 -0.8749717002991126 0.4841740634066221 -1.495377328854046e-15 -0.8749717002991126 0.4841740634066221 -1.495377328854046e-15 -0.8749717002991126 0.4841740634066221 -1.495377328854046e-15 -0.8749717002991126 0.4841740634066221 -1.495377328854046e-15 -0.8749717002991126 0.4841740634066221 -1.495377328854046e-15 -0.8749717002991126 0.4841740634066221 -1.495377328854046e-15 -0.8749717002991126 0.4841740634066221 -1.495377328854046e-15 -0.8749717002991126 0.2420870317033152 -0.8660254037844345 -0.4374858501495622 0.2420870317033152 -0.8660254037844345 -0.4374858501495622 0.2420870317033152 -0.8660254037844345 -0.4374858501495622 0.2420870317033152 -0.8660254037844345 -0.4374858501495622 0.2420870317033152 -0.8660254037844345 -0.4374858501495622 0.2420870317033152 -0.8660254037844345 -0.4374858501495622 0.2420870317033152 -0.8660254037844345 -0.4374858501495622 0.2420870317033152 -0.8660254037844345 -0.4374858501495622 0.2420870317033152 -0.8660254037844345 -0.4374858501495622 0.2420870317033152 -0.8660254037844345 -0.4374858501495622 0.2420870317033152 -0.8660254037844345 -0.4374858501495622 0.2420870317033152 -0.8660254037844345 -0.4374858501495622 0.2420870317033152 -0.8660254037844345 -0.4374858501495622 0.2420870317033152 -0.8660254037844345 -0.4374858501495622 0.2420870317033152 -0.8660254037844345 -0.4374858501495622 0.2420870317033152 -0.8660254037844345 -0.4374858501495622 -3.354586853101812e-15 -0.8660254037844242 0.5000000000000249 -3.354586853101812e-15 -0.8660254037844242 0.5000000000000249 -3.354586853101812e-15 -0.8660254037844242 0.5000000000000249 -3.354586853101812e-15 -0.8660254037844242 0.5000000000000249 -3.354586853101812e-15 -0.8660254037844242 0.5000000000000249 -3.354586853101812e-15 -0.8660254037844242 0.5000000000000249 -3.354586853101812e-15 -0.8660254037844242 0.5000000000000249 -3.354586853101812e-15 -0.8660254037844242 0.5000000000000249 -3.354586853101812e-15 -0.8660254037844242 0.5000000000000249 -3.354586853101812e-15 -0.8660254037844242 0.5000000000000249 -3.354586853101812e-15 -0.8660254037844242 0.5000000000000249 -3.354586853101812e-15 -0.8660254037844242 0.5000000000000249 -3.354586853101812e-15 -0.8660254037844242 0.5000000000000249 -3.354586853101812e-15 -0.8660254037844242 0.5000000000000249 0 1.776356839399973e-13 1 0 1.776356839399973e-13 1 0 1.776356839399973e-13 1 0 -2.664535259099481e-13 1 0 -2.664535259099481e-13 1 0 -2.664535259099481e-13 1 4.583398791679333e-16 -1.776356839400288e-13 1 4.583398791679333e-16 -1.776356839400288e-13 1 4.583398791679333e-16 -1.776356839400288e-13 1 4.583398791689087e-16 8.83595020908455e-14 1 4.583398791689087e-16 8.83595020908455e-14 1 4.583398791689087e-16 8.83595020908455e-14 1 0 0 1 0 0 1 0 0 1 8.881784197001456e-14 0 1 8.881784197001456e-14 0 1 8.881784197001456e-14 0 1 0 -5.998839034025398e-16 1 0 -5.998839034025398e-16 1 0 -5.998839034025398e-16 1 0 0 1 0 0 1 0 0 1 -8.881784197001442e-14 -1.775665690241786e-15 1 -8.881784197001442e-14 -1.775665690241786e-15 1 -8.881784197001442e-14 -1.775665690241786e-15 1 -2.646778602197776e-13 -1.775665690241474e-15 1 -2.646778602197776e-13 -1.775665690241474e-15 1 -2.646778602197776e-13 -1.775665690241474e-15 1 1.776356839400291e-13 0 1 1.776356839400291e-13 0 1 1.776356839400291e-13 0 1 0 0 1 0 0 1 0 0 1 0 0 1 0 0 1 0 0 1 9.027046759797327e-16 -9.027046759795725e-16 1 9.027046759797327e-16 -9.027046759795725e-16 1 9.027046759797327e-16 -9.027046759795725e-16 1 0 -1.776356839400288e-13 1 0 -1.776356839400288e-13 1 0 -1.776356839400288e-13 1 0 1.776356839400911e-13 1 0 1.776356839400911e-13 1 0 1.776356839400911e-13 1 2.0810459417984e-15 0.86602540378445 0.4999999999999803 2.0810459417984e-15 0.86602540378445 0.4999999999999803 2.0810459417984e-15 0.86602540378445 0.4999999999999803 2.0810459417984e-15 0.86602540378445 0.4999999999999803 2.0810459417984e-15 0.86602540378445 0.4999999999999803 2.0810459417984e-15 0.86602540378445 0.4999999999999803 2.0810459417984e-15 0.86602540378445 0.4999999999999803 2.0810459417984e-15 0.86602540378445 0.4999999999999803 2.0810459417984e-15 0.86602540378445 0.4999999999999803 2.0810459417984e-15 0.86602540378445 0.4999999999999803 2.0810459417984e-15 0.86602540378445 0.4999999999999803 4.554935275687935e-16 -4.554935275687125e-16 -1 4.554935275687935e-16 -4.554935275687125e-16 -1 4.554935275687935e-16 -4.554935275687125e-16 -1 0 -8.881784197001442e-14 -1 0 -8.881784197001442e-14 -1 0 -8.881784197001442e-14 -1 0 0 -1 0 0 -1 0 0 -1 -5.77311088535349e-16 5.773110885352465e-16 -1 -5.77311088535349e-16 5.773110885352465e-16 -1 -5.77311088535349e-16 5.773110885352465e-16 -1 0 5.810881294212919e-16 -1 0 5.810881294212919e-16 -1 0 5.810881294212919e-16 -1 -5.810881294212929e-16 5.810881294212929e-16 -1 -5.810881294212929e-16 5.810881294212929e-16 -1 -5.810881294212929e-16 5.810881294212929e-16 -1 0 5.84914918139793e-16 -1 0 5.84914918139793e-16 -1 0 5.84914918139793e-16 -1 8.823292705186693e-14 5.849149181396382e-16 -1 8.823292705186693e-14 5.849149181396382e-16 -1 8.823292705186693e-14 5.849149181396382e-16 -1 0 0 -1 0 0 -1 0 0 -1 0 0 -1 0 0 -1 0 0 -1 0 0 -1 0 0 -1 0 0 -1 0 0 -1 0 0 -1 0 0 -1 0 0 -1 0 0 -1 0 0 -1 0 0 -1 0 0 -1 0 0 -1 4.602138500936374e-16 8.835762811992074e-14 -1 4.602138500936374e-16 8.835762811992074e-14 -1 4.602138500936374e-16 8.835762811992074e-14 -1 4.602138500936391e-16 8.881784196999863e-14 -1 4.602138500936391e-16 8.881784196999863e-14 -1 4.602138500936391e-16 8.881784196999863e-14 -1 -3.019231074086253e-15 -0.8660254037844538 -0.4999999999999736 -3.019231074086253e-15 -0.8660254037844538 -0.4999999999999736 -3.019231074086253e-15 -0.8660254037844538 -0.4999999999999736 -3.019231074086253e-15 -0.8660254037844538 -0.4999999999999736 -3.019231074086253e-15 -0.8660254037844538 -0.4999999999999736 -3.019231074086253e-15 -0.8660254037844538 -0.4999999999999736 -3.019231074086253e-15 -0.8660254037844538 -0.4999999999999736 -3.019231074086253e-15 -0.8660254037844538 -0.4999999999999736 -3.019231074086253e-15 -0.8660254037844538 -0.4999999999999736 -3.019231074086253e-15 -0.8660254037844538 -0.4999999999999736 -3.019231074086253e-15 -0.8660254037844538 -0.4999999999999736 -3.019231074086253e-15 -0.8660254037844538 -0.4999999999999736 -3.019231074086253e-15 -0.8660254037844538 -0.4999999999999736 -3.019231074086253e-15 -0.8660254037844538 -0.4999999999999736 2.847937568670013e-15 0.8660254037844284 -0.5000000000000175 2.847937568670013e-15 0.8660254037844284 -0.5000000000000175 2.847937568670013e-15 0.8660254037844284 -0.5000000000000175 2.847937568670013e-15 0.8660254037844284 -0.5000000000000175 2.847937568670013e-15 0.8660254037844284 -0.5000000000000175 2.847937568670013e-15 0.8660254037844284 -0.5000000000000175 2.847937568670013e-15 0.8660254037844284 -0.5000000000000175 2.847937568670013e-15 0.8660254037844284 -0.5000000000000175 2.847937568670013e-15 0.8660254037844284 -0.5000000000000175 2.847937568670013e-15 0.8660254037844284 -0.5000000000000175 2.847937568670013e-15 0.8660254037844284 -0.5000000000000175 2.847937568670013e-15 0.8660254037844284 -0.5000000000000175 2.847937568670013e-15 0.8660254037844284 -0.5000000000000175 2.847937568670013e-15 0.8660254037844284 -0.5000000000000175 2.847937568670013e-15 0.8660254037844284 -0.5000000000000175 2.847937568670013e-15 0.8660254037844284 -0.5000000000000175 -0.8660254037844522 7.056231858033101e-16 0.4999999999999765 -0.8660254037844522 7.056231858033101e-16 0.4999999999999765 -0.8660254037844522 7.056231858033101e-16 0.4999999999999765 -0.8660254037844522 7.056231858033101e-16 0.4999999999999765 -0.8660254037844522 7.056231858033101e-16 0.4999999999999765 -0.8660254037844522 7.056231858033101e-16 0.4999999999999765 -0.8660254037844522 7.056231858033101e-16 0.4999999999999765 -0.8660254037844522 7.056231858033101e-16 0.4999999999999765 -0.8660254037844522 7.056231858033101e-16 0.4999999999999765 -0.8660254037844522 7.056231858033101e-16 0.4999999999999765 -0.8660254037844522 7.056231858033101e-16 0.4999999999999765 -0.8660254037844522 7.056231858033101e-16 0.4999999999999765 0.8660254037844178 -1.469092818143778e-15 0.5000000000000361 0.8660254037844178 -1.469092818143778e-15 0.5000000000000361 0.8660254037844178 -1.469092818143778e-15 0.5000000000000361 0.8660254037844178 -1.469092818143778e-15 0.5000000000000361 0.8660254037844178 -1.469092818143778e-15 0.5000000000000361 0.8660254037844178 -1.469092818143778e-15 0.5000000000000361 0.8660254037844178 -1.469092818143778e-15 0.5000000000000361 0.8660254037844178 -1.469092818143778e-15 0.5000000000000361 0.8660254037844178 -1.469092818143778e-15 0.5000000000000361 0.8660254037844178 -1.469092818143778e-15 0.5000000000000361 0.8660254037844178 -1.469092818143778e-15 0.5000000000000361 0.8660254037844178 -1.469092818143778e-15 0.5000000000000361 0.8660254037844303 -1.460581460529556e-15 -0.5000000000000143 0.8660254037844303 -1.460581460529556e-15 -0.5000000000000143 0.8660254037844303 -1.460581460529556e-15 -0.5000000000000143 0.8660254037844303 -1.460581460529556e-15 -0.5000000000000143 0.8660254037844303 -1.460581460529556e-15 -0.5000000000000143 0.8660254037844303 -1.460581460529556e-15 -0.5000000000000143 0.8660254037844303 -1.460581460529556e-15 -0.5000000000000143 0.8660254037844303 -1.460581460529556e-15 -0.5000000000000143 0.8660254037844303 -1.460581460529556e-15 -0.5000000000000143 0.8660254037844303 -1.460581460529556e-15 -0.5000000000000143 0.8660254037844303 -1.460581460529556e-15 -0.5000000000000143 0.8660254037844303 -1.460581460529556e-15 -0.5000000000000143 0.8660254037844303 -1.460581460529556e-15 -0.5000000000000143 -0.8660254037844179 2.104109369389949e-15 -0.500000000000036 -0.8660254037844179 2.104109369389949e-15 -0.500000000000036 -0.8660254037844179 2.104109369389949e-15 -0.500000000000036 -0.8660254037844179 2.104109369389949e-15 -0.500000000000036 -0.8660254037844179 2.104109369389949e-15 -0.500000000000036 -0.8660254037844179 2.104109369389949e-15 -0.500000000000036 -0.8660254037844179 2.104109369389949e-15 -0.500000000000036 -0.8660254037844179 2.104109369389949e-15 -0.500000000000036 -0.8660254037844179 2.104109369389949e-15 -0.500000000000036 -0.8660254037844179 2.104109369389949e-15 -0.500000000000036 -0.8660254037844179 2.104109369389949e-15 -0.500000000000036 -0.8660254037844179 2.104109369389949e-15 -0.500000000000036 -0.8660254037844179 2.104109369389949e-15 -0.500000000000036 -0.8660254037844179 2.104109369389949e-15 -0.500000000000036 0 -1 -2.92107279742512e-15 0 -1 -2.92107279742512e-15 0 -1 -2.92107279742512e-15 0 -1 -2.92107279742512e-15 0 -1 -2.92107279742512e-15 0 -1 -2.92107279742512e-15 0 -1 -2.92107279742512e-15 0 -1 -2.92107279742512e-15 0 -1 -2.92107279742512e-15 0 -1 -2.92107279742512e-15 0 -1 -2.92107279742512e-15 0 -1 -2.92107279742512e-15 0 -1 -2.92107279742512e-15 0 -1 -2.92107279742512e-15 0 -1 -2.92107279742512e-15 0 -1 -2.92107279742512e-15 0 -1 -2.92107279742512e-15 0 -1 -2.92107279742512e-15 0 -1 -2.92107279742512e-15 0 -1 -2.92107279742512e-15 0 -1 -2.92107279742512e-15 0 -1 -2.92107279742512e-15 0 -1 -2.92107279742512e-15 0 -1 -2.92107279742512e-15 0 0.4841740634066291 0.8749717002991087 0 0.4841740634066291 0.8749717002991087 0 0.4841740634066291 0.8749717002991087 0 0.4841740634066291 0.8749717002991087 0 0.4841740634066291 0.8749717002991087 0 0.4841740634066291 0.8749717002991087 0 0.4841740634066291 0.8749717002991087 0 0.4841740634066291 0.8749717002991087 0 0.4841740634066291 0.8749717002991087 0 0.4841740634066291 0.8749717002991087 0.8660254037844361 0.2420870317033088 0.4374858501495625 0.8660254037844361 0.2420870317033088 0.4374858501495625 0.8660254037844361 0.2420870317033088 0.4374858501495625 0.8660254037844361 0.2420870317033088 0.4374858501495625 0.8660254037844361 0.2420870317033088 0.4374858501495625 0.8660254037844361 0.2420870317033088 0.4374858501495625 0.8660254037844361 0.2420870317033088 0.4374858501495625 0.8660254037844361 0.2420870317033088 0.4374858501495625 0.8660254037844361 0.2420870317033088 0.4374858501495625 0.8660254037844361 0.2420870317033088 0.4374858501495625 0.8660254037844361 0.2420870317033088 0.4374858501495625 -0.8660254037844503 0.2420870317032982 0.4374858501495405 -0.8660254037844503 0.2420870317032982 0.4374858501495405 -0.8660254037844503 0.2420870317032982 0.4374858501495405 -0.8660254037844503 0.2420870317032982 0.4374858501495405 -0.8660254037844503 0.2420870317032982 0.4374858501495405 -0.8660254037844503 0.2420870317032982 0.4374858501495405 -0.8660254037844503 0.2420870317032982 0.4374858501495405 -0.8660254037844503 0.2420870317032982 0.4374858501495405 -0.8660254037844503 0.2420870317032982 0.4374858501495405 -0.8660254037844503 0.2420870317032982 0.4374858501495405 -0.8660254037844503 0.2420870317032982 0.4374858501495405 0.866025403784432 -0.2420870317033234 -0.4374858501495628 0.866025403784432 -0.2420870317033234 -0.4374858501495628 0.866025403784432 -0.2420870317033234 -0.4374858501495628 0.866025403784432 -0.2420870317033234 -0.4374858501495628 0.866025403784432 -0.2420870317033234 -0.4374858501495628 0.866025403784432 -0.2420870317033234 -0.4374858501495628 0.866025403784432 -0.2420870317033234 -0.4374858501495628 0.866025403784432 -0.2420870317033234 -0.4374858501495628 0.866025403784432 -0.2420870317033234 -0.4374858501495628 0.866025403784432 -0.2420870317033234 -0.4374858501495628 0 -0.484174063406622 -0.8749717002991127 0 -0.484174063406622 -0.8749717002991127 0 -0.484174063406622 -0.8749717002991127 0 -0.484174063406622 -0.8749717002991127 0 -0.484174063406622 -0.8749717002991127 0 -0.484174063406622 -0.8749717002991127 0 -0.484174063406622 -0.8749717002991127 0 -0.484174063406622 -0.8749717002991127 0 -0.484174063406622 -0.8749717002991127 0 -0.484174063406622 -0.8749717002991127 -0.8660254037844298 -0.2420870317033156 -0.4374858501495715 -0.8660254037844298 -0.2420870317033156 -0.4374858501495715 -0.8660254037844298 -0.2420870317033156 -0.4374858501495715 -0.8660254037844298 -0.2420870317033156 -0.4374858501495715 -0.8660254037844298 -0.2420870317033156 -0.4374858501495715 -0.8660254037844298 -0.2420870317033156 -0.4374858501495715 -0.8660254037844298 -0.2420870317033156 -0.4374858501495715 -0.8660254037844298 -0.2420870317033156 -0.4374858501495715 -0.8660254037844298 -0.2420870317033156 -0.4374858501495715 -0.8660254037844298 -0.2420870317033156 -0.4374858501495715 -0.8660254037844298 -0.2420870317033156 -0.4374858501495715 -0.8660254037844298 -0.2420870317033156 -0.4374858501495715 -0.8660254037844298 -0.2420870317033156 -0.4374858501495715</float_array>
          <technique_common>
            <accessor source="#representation-1073660-material-3732-normals-array" count="4892" stride="3">
              <param name="X" type="float"/>
              <param name="Y" type="float"/>
              <param name="Z" type="float"/>
            </accessor>
          </technique_common>
        </source>
        <vertices id="representation-1073660-material-3732-vertices">
          <input semantic="POSITION" source="#representation-1073660-material-3732-positions"/>
        </vertices>
        <triangles material="IfcMaterial-3732" count="3260">
          <input semantic="VERTEX" source="#representation-1073660-material-3732-vertices" offset="0"/>
          <input semantic="NORMAL" source="#representation-1073660-material-3732-normals" offset="1"/>
          <p>0 0 2 2 1 1 4 4 5 5 3 3 6 6 8 8 7 7 11 11 9 9 10 10 12 12 13 13 14 14 17 17 16 16 15 15 19 19 18 18 20 20 21 21 22 22 23 23 26 26 27 27 25 25 24 24 26 26 25 25 28 28 31 31 29 29 30 30 31 31 28 28 34 34 33 33 32 32 37 37 35 35 36 36 40 40 39 39 38 38 42 42 43 43 41 41 45 45 46 46 44 44 47 47 49 49 48 48 51 51 50 50 52 52 54 54 55 55 53 53 57 57 56 56 58 58 59 59 57 57 58 58 63 63 61 61 60 60 63 63 60 60 62 62 67 67 64 64 65 65 67 67 65 65 66 66 70 70 69 69 68 68 70 70 71 71 69 69 74 74 72 72 73 73 74 74 75 75 72 72 76 76 77 77 78 78 76 76 78 78 79 79 82 82 81 81 80 80 82 82 83 83 81 81 87 87 85 85 84 84 87 87 84 84 86 86 88 88 90 90 89 89 92 92 93 93 91 91 94 94 96 96 95 95 99 99 97 97 98 98 100 100 101 101 102 102 105 105 104 104 103 103 107 107 106 106 108 108 109 109 110 110 111 111 113 113 112 112 114 114 115 115 113 113 114 114 119 119 117 117 116 116 119 119 116 116 118 118 120 120 122 122 121 121 124 124 125 125 123 123 128 128 127 127 126 126 131 131 129 129 130 130 132 132 133 133 134 134 137 137 136 136 135 135 139 139 138 138 140 140 141 141 142 142 143 143 145 145 144 144 146 146 147 147 145 145 146 146 151 151 149 149 148 148 151 151 148 148 150 150 152 152 154 154 153 153 156 156 157 157 155 155 158 158 160 160 159 159 163 163 161 161 162 162 164 164 165 165 166 166 169 169 168 168 167 167 171 171 170 170 172 172 173 173 174 174 175 175 177 177 176 176 178 178 179 179 177 177 178 178 183 183 181 181 180 180 183 183 180 180 182 182 185 185 186 186 187 187 185 185 187 187 184 184 190 190 189 189 188 188 190 190 191 191 189 189 192 192 193 193 194 194 192 192 194 194 195 195 198 198 196 196 197 197 198 198 199 199 196 196 201 201 200 200 202 202 201 201 202 202 203 203 206 206 205 205 204 204 206 206 207 207 205 205 209 209 210 210 211 211 209 209 211 211 208 208 213 213 212 212 214 214 213 213 214 214 215 215 218 218 216 216 217 217 218 218 219 219 216 216 220 220 221 221 222 222 220 220 222 222 223 223 227 227 224 224 226 226 225 225 224 224 227 227 230 230 229 229 228 228 231 231 229 229 230 230 233 233 234 234 235 235 233 233 235 235 232 232 238 238 237 237 236 236 238 238 239 239 237 237 240 240 241 241 242 242 240 240 242 242 243 243 246 246 244 244 245 245 246 246 247 247 244 244 249 249 248 248 250 250 251 251 249 249 250 250 255 255 253 253 252 252 254 254 255 255 252 252 259 259 256 256 257 257 259 259 257 257 258 258 261 261 260 260 262 262 261 261 262 262 263 263 266 266 264 264 265 265 266 266 267 267 264 264 270 270 268 268 269 269 270 270 271 271 268 268 275 275 273 273 272 272 275 275 272 272 274 274 278 278 277 277 276 276 278 278 279 279 277 277 283 283 280 280 281 281 283 283 281 281 282 282 286 286 285 285 284 284 286 286 287 287 285 285 290 290 288 288 289 289 290 290 291 291 288 288 292 292 293 293 294 294 292 292 294 294 295 295 298 298 297 297 296 296 298 298 299 299 297 297 303 303 301 301 300 300 303 303 300 300 302 302 304 304 306 306 305 305 309 309 307 307 308 308 310 310 312 312 311 311 315 315 313 313 314 314 316 316 317 317 318 318 319 319 321 321 320 320 324 324 323 323 322 322 325 325 326 326 327 327 329 329 328 328 330 330 331 331 329 329 330 330 333 333 332 332 334 334 333 333 334 334 335 335 336 336 338 338 337 337 341 341 339 339 340 340 342 342 344 344 343 343 347 347 345 345 346 346 348 348 349 349 350 350 351 351 353 353 352 352 355 355 354 354 356 356 357 357 358 358 359 359 362 362 363 363 361 361 360 360 362 362 361 361 364 364 367 367 365 365 366 366 367 367 364 364 368 368 370 370 369 369 372 372 373 373 371 371 376 376 375 375 374 374 379 379 377 377 378 378 380 380 381 381 382 382 383 383 385 385 384 384 387 387 386 386 388 388 389 389 390 390 391 391 393 393 392 392 394 394 395 395 393 393 394 394 397 397 396 396 398 398 399 399 397 397 398 398 411 411 412 412 413 413 410 410 413 413 414 414 410 410 411 411 413 413 417 417 414 414 415 415 417 417 415 415 416 416 418 418 414 414 417 417 407 407 408 408 409 409 407 407 409 409 410 410 406 406 410 410 414 414 406 406 407 407 410 410 406 406 414 414 418 418 421 421 419 419 420 420 422 422 418 418 419 419 422 422 419 419 421 421 403 403 404 404 405 405 403 403 405 405 406 406 402 402 406 406 418 418 402 402 418 418 422 422 402 402 403 403 406 406 401 401 422 422 423 423 401 401 402 402 422 422 400 400 401 401 423 423 428 428 429 429 430 430 427 427 428 428 430 430 426 426 427 427 430 430 425 425 430 430 431 431 425 425 431 431 432 432 425 425 432 432 433 433 425 425 433 433 434 434 425 425 434 434 435 435 425 425 435 435 436 436 425 425 436 436 424 424 425 425 426 426 430 430 440 440 441 441 442 442 440 440 442 442 443 443 440 440 443 443 444 444 440 440 444 444 445 445 439 439 440 440 445 445 438 438 439 439 445 445 437 437 438 438 445 445 446 446 437 437 445 445 452 452 449 449 450 450 452 452 450 450 451 451 453 453 448 448 449 449 453 453 449 449 452 452 454 454 447 447 448 448 454 454 448 448 453 453 455 455 456 456 447 447 455 455 447 447 454 454 461 461 462 462 463 463 461 461 463 463 464 464 461 461 464 464 465 465 461 461 465 465 466 466 461 461 466 466 467 467 461 461 467 467 468 468 461 461 468 468 469 469 460 460 461 461 469 469 459 459 460 460 469 469 458 458 459 459 469 469 457 457 458 458 469 469 474 474 471 471 472 472 474 474 472 472 473 473 475 475 470 470 471 471 475 475 471 471 474 474 476 476 479 479 470 470 476 476 470 470 475 475 477 477 478 478 479 479 477 477 479 479 476 476 483 483 484 484 485 485 482 482 483 483 485 485 481 481 482 482 485 485 480 480 485 485 486 486 480 480 486 486 487 487 480 480 487 487 488 488 480 480 488 488 489 489 480 480 489 489 490 490 480 480 490 490 491 491 480 480 481 481 485 485 499 499 500 500 501 501 498 498 499 499 501 501 497 497 498 498 501 501 496 496 497 497 501 501 495 495 496 496 501 501 494 494 495 495 501 501 493 493 501 501 502 502 493 493 502 502 503 503 493 493 503 503 504 504 493 493 504 504 492 492 493 493 494 494 501 501 507 507 505 505 506 506 510 510 508 508 509 509 511 511 512 512 513 513 516 516 515 515 514 514 517 517 518 518 519 519 522 522 520 520 521 521 525 525 523 523 524 524 527 527 526 526 528 528 531 531 530 530 529 529 532 532 534 534 533 533 536 536 535 535 537 537 539 539 540 540 538 538 543 543 542 542 541 541 545 545 544 544 546 546 547 547 549 549 548 548 552 552 551 551 550 550 555 555 556 556 557 557 554 554 555 555 557 557 553 553 554 554 557 557 564 564 557 557 558 558 564 564 558 558 559 559 564 564 559 559 560 560 564 564 560 560 561 561 564 564 561 561 562 562 564 564 562 562 563 563 564 564 553 553 557 557 566 566 567 567 568 568 566 566 568 568 569 569 566 566 569 569 570 570 566 566 570 570 571 571 566 566 571 571 572 572 566 566 572 572 573 573 565 565 566 566 573 573 579 579 565 565 573 573 578 578 579 579 573 573 577 577 578 578 573 573 576 576 577 577 573 573 575 575 576 576 573 573 574 574 575 575 573 573 586 586 587 587 588 588 586 586 588 588 589 589 586 586 589 589 590 590 586 586 590 590 591 591 585 585 586 586 591 591 584 584 585 585 591 591 583 583 584 584 591 591 582 582 583 583 591 591 580 580 582 582 591 591 581 581 580 580 591 591 594 594 593 593 592 592 596 596 597 597 595 595 598 598 599 599 600 600 601 601 602 602 603 603 605 605 606 606 604 604 607 607 609 609 608 608 610 610 611 611 612 612 614 614 613 613 615 615 617 617 616 616 618 618 621 621 620 620 619 619 623 623 622 622 624 624 625 625 627 627 626 626 630 630 629 629 628 628 632 632 631 631 633 633 634 634 635 635 636 636 637 637 638 638 639 639 641 641 642 642 643 643 641 641 643 643 644 644 641 641 644 644 645 645 641 641 645 645 646 646 640 640 641 641 646 646 652 652 640 640 646 646 651 651 652 652 646 646 650 650 651 651 646 646 649 649 650 650 646 646 648 648 649 649 646 646 647 647 648 648 646 646 658 658 659 659 660 660 658 658 660 660 661 661 658 658 661 661 662 662 658 658 662 662 663 663 658 658 663 663 664 664 658 658 664 664 665 665 657 657 658 658 665 665 656 656 657 657 665 665 655 655 656 656 665 665 653 653 655 655 665 665 654 654 653 653 665 665 668 668 669 669 670 670 667 667 668 668 670 670 666 666 667 667 670 670 677 677 670 670 671 671 677 677 671 671 672 672 677 677 672 672 673 673 677 677 673 673 674 674 677 677 674 674 675 675 677 677 675 675 676 676 677 677 666 666 670 670 681 681 682 682 683 683 680 680 681 681 683 683 678 678 680 680 683 683 679 679 683 683 684 684 679 679 684 684 685 685 679 679 685 685 686 686 679 679 686 686 687 687 679 679 678 678 683 683 691 691 692 692 693 693 690 690 691 691 693 693 689 689 690 690 693 693 688 688 689 689 693 693 703 703 688 688 693 693 702 702 703 703 693 693 701 701 693 693 694 694 701 701 694 694 695 695 701 701 695 695 696 696 701 701 696 696 697 697 701 701 697 697 698 698 701 701 698 698 699 699 701 701 699 699 700 700 701 701 702 702 693 693 712 712 704 704 705 705 712 712 705 705 706 706 712 712 706 706 707 707 712 712 713 713 714 714 712 712 714 714 704 704 711 711 712 712 707 707 710 710 711 711 707 707 709 709 710 710 707 707 708 708 709 709 707 707 720 720 717 717 718 718 720 720 718 718 719 719 721 721 716 716 717 717 721 721 717 717 720 720 722 722 715 715 716 716 722 722 716 716 721 721 723 723 724 724 715 715 723 723 715 715 722 722 736 736 725 725 726 726 736 736 726 726 727 727 736 736 727 727 728 728 736 736 737 737 725 725 735 735 736 736 728 728 734 734 735 735 728 728 733 733 734 734 728 728 732 732 733 733 728 728 731 731 732 732 728 728 730 730 731 731 728 728 729 729 730 730 728 728 742 742 739 739 740 740 742 742 740 740 741 741 743 743 738 738 739 739 743 743 739 739 742 742 744 744 747 747 738 738 744 744 738 738 743 743 745 745 746 746 747 747 745 745 747 747 744 744 750 750 751 751 752 752 749 749 750 750 752 752 748 748 749 749 752 752 758 758 748 748 752 752 757 757 752 752 753 753 757 757 753 753 754 754 757 757 754 754 755 755 757 757 755 755 756 756 757 757 758 758 752 752 771 771 759 759 760 760 770 770 771 771 760 760 769 769 770 770 760 760 768 768 760 760 761 761 768 768 761 761 762 762 768 768 762 762 763 763 768 768 763 763 764 764 768 768 764 764 765 765 768 768 765 765 766 766 768 768 766 766 767 767 768 768 769 769 760 760 774 774 772 772 773 773 775 775 776 776 777 777 779 779 780 780 778 778 782 782 781 781 783 783 784 784 785 785 786 786 787 787 788 788 789 789 792 792 790 790 791 791 793 793 795 795 794 794 797 797 796 796 798 798 801 801 800 800 799 799 803 803 802 802 804 804 807 807 805 805 806 806 809 809 808 808 810 810 811 811 813 813 812 812 814 814 816 816 815 815 819 819 818 818 817 817 829 829 830 830 820 820 828 828 829 829 820 820 827 827 828 828 820 820 826 826 827 827 820 820 825 825 820 820 821 821 825 825 821 821 822 822 825 825 822 822 823 823 825 825 823 823 824 824 825 825 826 826 820 820 836 836 837 837 838 838 836 836 838 838 839 839 836 836 839 839 840 840 836 836 840 840 841 841 836 836 841 841 842 842 836 836 842 842 843 843 836 836 843 843 844 844 835 835 836 836 844 844 834 834 835 835 844 844 833 833 834 834 844 844 831 831 833 833 844 844 832 832 831 831 844 844 847 847 848 848 849 849 847 847 849 849 850 850 847 847 850 850 851 851 847 847 851 851 852 852 847 847 852 852 853 853 846 846 847 847 853 853 845 845 846 846 853 853 855 855 845 845 853 853 854 854 855 855 853 853 856 856 858 858 857 857 861 861 859 859 860 860 864 864 862 862 863 863 867 867 865 865 866 866 869 869 870 870 868 868 872 872 871 871 873 873 874 874 875 875 876 876 878 878 877 877 879 879 880 880 882 882 881 881 883 883 885 885 884 884 888 888 887 887 886 886 890 890 889 889 891 891 892 892 894 894 893 893 896 896 895 895 897 897 900 900 898 898 899 899 903 903 901 901 902 902 913 913 904 904 905 905 913 913 905 905 906 906 913 913 906 906 907 907 913 913 914 914 904 904 912 912 913 913 907 907 911 911 912 912 907 907 910 910 911 911 907 907 909 909 910 910 907 907 908 908 909 909 907 907 919 919 920 920 921 921 919 919 921 921 922 922 919 919 922 922 923 923 919 919 923 923 924 924 919 919 924 924 925 925 918 918 919 919 925 925 917 917 918 918 925 925 915 915 917 917 925 925 916 916 915 915 925 925 928 928 929 929 930 930 927 927 928 928 930 930 926 926 927 927 930 930 936 936 930 930 931 931 936 936 931 931 932 932 936 936 932 932 933 933 936 936 933 933 934 934 936 936 934 934 935 935 936 936 926 926 930 930 945 945 946 946 947 947 944 944 945 945 947 947 943 943 944 944 947 947 942 942 943 943 947 947 941 941 942 942 947 947 940 940 941 941 947 947 939 939 937 937 938 938 939 939 947 947 948 948 939 939 948 948 949 949 939 939 949 949 937 937 939 939 940 940 947 947 973 973 950 950 951 951 972 972 951 951 952 952 972 972 973 973 951 951 955 955 953 953 954 954 956 956 952 952 953 953 956 956 953 953 955 955 969 969 970 970 971 971 969 969 971 971 972 972 968 968 972 972 952 952 968 968 969 969 972 972 959 959 957 957 958 958 960 960 956 956 957 957 960 960 957 957 959 959 965 965 966 966 967 967 964 964 967 967 968 968 964 964 952 952 956 956 964 964 968 968 952 952 964 964 956 956 960 960 964 964 965 965 967 967 963 963 960 960 961 961 963 963 964 964 960 960 962 962 963 963 961 961 976 976 977 977 978 978 975 975 976 976 978 978 974 974 975 975 978 978 984 984 978 978 979 979 984 984 979 979 980 980 984 984 980 980 981 981 984 984 981 981 982 982 984 984 982 982 983 983 984 984 974 974 978 978 993 993 985 985 986 986 993 993 986 986 987 987 993 993 987 987 988 988 993 993 994 994 985 985 992 992 993 993 988 988 991 991 992 992 988 988 990 990 991 991 988 988 989 989 990 990 988 988 995 995 1002 1002 1003 1003 995 995 1003 1003 1004 1004 996 996 1001 1001 1002 1002 996 996 1002 1002 995 995 997 997 1000 1000 1001 1001 997 997 1001 1001 996 996 998 998 999 999 1000 1000 998 998 1000 1000 997 997 1014 1014 1006 1006 1005 1005 1014 1014 1005 1005 1007 1007 1014 1014 1007 1007 1008 1008 1014 1014 1008 1008 1009 1009 1013 1013 1014 1014 1009 1009 1012 1012 1013 1013 1009 1009 1011 1011 1012 1012 1009 1009 1010 1010 1011 1011 1009 1009 1023 1023 1021 1021 1022 1022 1024 1024 1021 1021 1023 1023 1015 1015 1019 1019 1020 1020 1015 1015 1020 1020 1021 1021 1015 1015 1021 1021 1024 1024 1016 1016 1019 1019 1015 1015 1017 1017 1018 1018 1019 1019 1017 1017 1019 1019 1016 1016 1026 1026 1027 1027 1028 1028 1025 1025 1026 1026 1028 1028 1037 1037 1025 1025 1028 1028 1036 1036 1028 1028 1029 1029 1036 1036 1029 1029 1030 1030 1036 1036 1030 1030 1031 1031 1036 1036 1031 1031 1032 1032 1036 1036 1032 1032 1033 1033 1036 1036 1033 1033 1034 1034 1036 1036 1034 1034 1035 1035 1036 1036 1037 1037 1028 1028 1049 1049 1050 1050 1051 1051 1048 1048 1051 1051 1052 1052 1048 1048 1049 1049 1051 1051 1055 1055 1052 1052 1053 1053 1055 1055 1053 1053 1054 1054 1056 1056 1052 1052 1055 1055 1045 1045 1046 1046 1047 1047 1045 1045 1047 1047 1048 1048 1044 1044 1048 1048 1052 1052 1044 1044 1045 1045 1048 1048 1044 1044 1052 1052 1056 1056 1059 1059 1057 1057 1058 1058 1060 1060 1056 1056 1057 1057 1060 1060 1057 1057 1059 1059 1041 1041 1042 1042 1043 1043 1041 1041 1043 1043 1044 1044 1040 1040 1044 1044 1056 1056 1040 1040 1056 1056 1060 1060 1040 1040 1041 1041 1044 1044 1039 1039 1060 1060 1061 1061 1039 1039 1040 1040 1060 1060 1038 1038 1039 1039 1061 1061 1066 1066 1067 1067 1068 1068 1065 1065 1066 1066 1068 1068 1064 1064 1065 1065 1068 1068 1063 1063 1068 1068 1069 1069 1063 1063 1069 1069 1070 1070 1063 1063 1070 1070 1071 1071 1063 1063 1071 1071 1072 1072 1063 1063 1072 1072 1073 1073 1063 1063 1073 1073 1074 1074 1063 1063 1074 1074 1062 1062 1063 1063 1064 1064 1068 1068 1078 1078 1079 1079 1080 1080 1078 1078 1080 1080 1081 1081 1078 1078 1081 1081 1082 1082 1078 1078 1082 1082 1083 1083 1077 1077 1078 1078 1083 1083 1076 1076 1077 1077 1083 1083 1075 1075 1076 1076 1083 1083 1084 1084 1075 1075 1083 1083 1090 1090 1087 1087 1088 1088 1090 1090 1088 1088 1089 1089 1091 1091 1086 1086 1087 1087 1091 1091 1087 1087 1090 1090 1092 1092 1085 1085 1086 1086 1092 1092 1086 1086 1091 1091 1093 1093 1094 1094 1085 1085 1093 1093 1085 1085 1092 1092 1099 1099 1100 1100 1101 1101 1099 1099 1101 1101 1102 1102 1099 1099 1102 1102 1103 1103 1099 1099 1103 1103 1104 1104 1099 1099 1104 1104 1105 1105 1099 1099 1105 1105 1106 1106 1099 1099 1106 1106 1107 1107 1098 1098 1099 1099 1107 1107 1097 1097 1098 1098 1107 1107 1096 1096 1097 1097 1107 1107 1095 1095 1096 1096 1107 1107 1112 1112 1109 1109 1110 1110 1112 1112 1110 1110 1111 1111 1113 1113 1108 1108 1109 1109 1113 1113 1109 1109 1112 1112 1114 1114 1117 1117 1108 1108 1114 1114 1108 1108 1113 1113 1115 1115 1116 1116 1117 1117 1115 1115 1117 1117 1114 1114 1121 1121 1122 1122 1123 1123 1120 1120 1121 1121 1123 1123 1119 1119 1120 1120 1123 1123 1118 1118 1123 1123 1124 1124 1118 1118 1124 1124 1125 1125 1118 1118 1125 1125 1126 1126 1118 1118 1126 1126 1127 1127 1118 1118 1127 1127 1128 1128 1118 1118 1128 1128 1129 1129 1118 1118 1119 1119 1123 1123 1137 1137 1138 1138 1139 1139 1136 1136 1137 1137 1139 1139 1135 1135 1136 1136 1139 1139 1134 1134 1135 1135 1139 1139 1133 1133 1134 1134 1139 1139 1132 1132 1133 1133 1139 1139 1131 1131 1139 1139 1140 1140 1131 1131 1140 1140 1141 1141 1131 1131 1141 1141 1142 1142 1131 1131 1142 1142 1130 1130 1131 1131 1132 1132 1139 1139 1144 1144 1145 1145 1143 1143 1148 1148 1146 1146 1147 1147 1149 1149 1150 1150 1151 1151 1154 1154 1153 1153 1152 1152 1155 1155 1156 1156 1157 1157 1158 1158 1159 1159 1160 1160 1163 1163 1161 1161 1162 1162 1165 1165 1164 1164 1166 1166 1169 1169 1168 1168 1167 1167 1170 1170 1172 1172 1171 1171 1173 1173 1175 1175 1174 1174 1177 1177 1178 1178 1176 1176 1181 1181 1180 1180 1179 1179 1182 1182 1184 1184 1183 1183 1185 1185 1187 1187 1186 1186 1190 1190 1189 1189 1188 1188 1193 1193 1194 1194 1195 1195 1192 1192 1193 1193 1195 1195 1191 1191 1192 1192 1195 1195 1202 1202 1195 1195 1196 1196 1202 1202 1196 1196 1197 1197 1202 1202 1197 1197 1198 1198 1202 1202 1198 1198 1199 1199 1202 1202 1199 1199 1200 1200 1202 1202 1200 1200 1201 1201 1202 1202 1191 1191 1195 1195 1204 1204 1205 1205 1206 1206 1204 1204 1206 1206 1207 1207 1204 1204 1207 1207 1208 1208 1204 1204 1208 1208 1209 1209 1204 1204 1209 1209 1210 1210 1204 1204 1210 1210 1211 1211 1203 1203 1204 1204 1211 1211 1217 1217 1203 1203 1211 1211 1216 1216 1217 1217 1211 1211 1215 1215 1216 1216 1211 1211 1214 1214 1215 1215 1211 1211 1213 1213 1214 1214 1211 1211 1212 1212 1213 1213 1211 1211 1224 1224 1225 1225 1226 1226 1224 1224 1226 1226 1227 1227 1224 1224 1227 1227 1228 1228 1224 1224 1228 1228 1229 1229 1223 1223 1224 1224 1229 1229 1222 1222 1223 1223 1229 1229 1221 1221 1222 1222 1229 1229 1220 1220 1221 1221 1229 1229 1218 1218 1220 1220 1229 1229 1219 1219 1218 1218 1229 1229 1232 1232 1231 1231 1230 1230 1234 1234 1235 1235 1233 1233 1236 1236 1237 1237 1238 1238 1239 1239 1240 1240 1241 1241 1243 1243 1244 1244 1242 1242 1245 1245 1247 1247 1246 1246 1248 1248 1249 1249 1250 1250 1251 1251 1253 1253 1252 1252 1255 1255 1254 1254 1256 1256 1259 1259 1258 1258 1257 1257 1262 1262 1261 1261 1260 1260 1263 1263 1265 1265 1264 1264 1268 1268 1267 1267 1266 1266 1270 1270 1269 1269 1271 1271 1272 1272 1273 1273 1274 1274 1275 1275 1276 1276 1277 1277 1279 1279 1280 1280 1281 1281 1279 1279 1281 1281 1282 1282 1279 1279 1282 1282 1283 1283 1279 1279 1283 1283 1284 1284 1278 1278 1279 1279 1284 1284 1290 1290 1278 1278 1284 1284 1289 1289 1290 1290 1284 1284 1288 1288 1289 1289 1284 1284 1287 1287 1288 1288 1284 1284 1286 1286 1287 1287 1284 1284 1285 1285 1286 1286 1284 1284 1296 1296 1297 1297 1298 1298 1296 1296 1298 1298 1299 1299 1296 1296 1299 1299 1300 1300 1296 1296 1300 1300 1301 1301 1296 1296 1301 1301 1302 1302 1296 1296 1302 1302 1303 1303 1295 1295 1296 1296 1303 1303 1294 1294 1295 1295 1303 1303 1293 1293 1294 1294 1303 1303 1291 1291 1293 1293 1303 1303 1292 1292 1291 1291 1303 1303 1306 1306 1307 1307 1308 1308 1305 1305 1306 1306 1308 1308 1304 1304 1305 1305 1308 1308 1315 1315 1308 1308 1309 1309 1315 1315 1309 1309 1310 1310 1315 1315 1310 1310 1311 1311 1315 1315 1311 1311 1312 1312 1315 1315 1312 1312 1313 1313 1315 1315 1313 1313 1314 1314 1315 1315 1304 1304 1308 1308 1319 1319 1320 1320 1321 1321 1318 1318 1319 1319 1321 1321 1316 1316 1318 1318 1321 1321 1317 1317 1321 1321 1322 1322 1317 1317 1322 1322 1323 1323 1317 1317 1323 1323 1324 1324 1317 1317 1324 1324 1325 1325 1317 1317 1316 1316 1321 1321 1329 1329 1330 1330 1331 1331 1328 1328 1329 1329 1331 1331 1327 1327 1328 1328 1331 1331 1326 1326 1327 1327 1331 1331 1341 1341 1326 1326 1331 1331 1340 1340 1341 1341 1331 1331 1339 1339 1331 1331 1332 1332 1339 1339 1332 1332 1333 1333 1339 1339 1333 1333 1334 1334 1339 1339 1334 1334 1335 1335 1339 1339 1335 1335 1336 1336 1339 1339 1336 1336 1337 1337 1339 1339 1337 1337 1338 1338 1339 1339 1340 1340 1331 1331 1350 1350 1342 1342 1343 1343 1350 1350 1343 1343 1344 1344 1350 1350 1344 1344 1345 1345 1350 1350 1351 1351 1352 1352 1350 1350 1352 1352 1342 1342 1349 1349 1350 1350 1345 1345 1348 1348 1349 1349 1345 1345 1347 1347 1348 1348 1345 1345 1346 1346 1347 1347 1345 1345 1358 1358 1355 1355 1356 1356 1358 1358 1356 1356 1357 1357 1359 1359 1354 1354 1355 1355 1359 1359 1355 1355 1358 1358 1360 1360 1353 1353 1354 1354 1360 1360 1354 1354 1359 1359 1361 1361 1362 1362 1353 1353 1361 1361 1353 1353 1360 1360 1374 1374 1363 1363 1364 1364 1374 1374 1364 1364 1365 1365 1374 1374 1365 1365 1366 1366 1374 1374 1375 1375 1363 1363 1373 1373 1374 1374 1366 1366 1372 1372 1373 1373 1366 1366 1371 1371 1372 1372 1366 1366 1370 1370 1371 1371 1366 1366 1369 1369 1370 1370 1366 1366 1368 1368 1369 1369 1366 1366 1367 1367 1368 1368 1366 1366 1380 1380 1377 1377 1378 1378 1380 1380 1378 1378 1379 1379 1381 1381 1376 1376 1377 1377 1381 1381 1377 1377 1380 1380 1382 1382 1385 1385 1376 1376 1382 1382 1376 1376 1381 1381 1383 1383 1384 1384 1385 1385 1383 1383 1385 1385 1382 1382 1388 1388 1389 1389 1390 1390 1387 1387 1388 1388 1390 1390 1386 1386 1387 1387 1390 1390 1396 1396 1386 1386 1390 1390 1395 1395 1390 1390 1391 1391 1395 1395 1391 1391 1392 1392 1395 1395 1392 1392 1393 1393 1395 1395 1393 1393 1394 1394 1395 1395 1396 1396 1390 1390 1409 1409 1397 1397 1398 1398 1408 1408 1409 1409 1398 1398 1407 1407 1408 1408 1398 1398 1406 1406 1398 1398 1399 1399 1406 1406 1399 1399 1400 1400 1406 1406 1400 1400 1401 1401 1406 1406 1401 1401 1402 1402 1406 1406 1402 1402 1403 1403 1406 1406 1403 1403 1404 1404 1406 1406 1404 1404 1405 1405 1406 1406 1407 1407 1398 1398 1412 1412 1410 1410 1411 1411 1413 1413 1414 1414 1415 1415 1417 1417 1418 1418 1416 1416 1420 1420 1419 1419 1421 1421 1422 1422 1423 1423 1424 1424 1425 1425 1426 1426 1427 1427 1430 1430 1428 1428 1429 1429 1432 1432 1431 1431 1433 1433 1435 1435 1434 1434 1436 1436 1439 1439 1438 1438 1437 1437 1441 1441 1440 1440 1442 1442 1445 1445 1443 1443 1444 1444 1447 1447 1446 1446 1448 1448 1449 1449 1451 1451 1450 1450 1452 1452 1454 1454 1453 1453 1456 1456 1455 1455 1457 1457 1467 1467 1468 1468 1458 1458 1466 1466 1467 1467 1458 1458 1465 1465 1466 1466 1458 1458 1464 1464 1465 1465 1458 1458 1463 1463 1458 1458 1459 1459 1463 1463 1459 1459 1460 1460 1463 1463 1460 1460 1461 1461 1463 1463 1461 1461 1462 1462 1463 1463 1464 1464 1458 1458 1474 1474 1475 1475 1476 1476 1474 1474 1476 1476 1477 1477 1474 1474 1477 1477 1478 1478 1474 1474 1478 1478 1479 1479 1474 1474 1479 1479 1480 1480 1474 1474 1480 1480 1481 1481 1474 1474 1481 1481 1482 1482 1473 1473 1474 1474 1482 1482 1472 1472 1473 1473 1482 1482 1471 1471 1472 1472 1482 1482 1469 1469 1471 1471 1482 1482 1470 1470 1469 1469 1482 1482 1485 1485 1486 1486 1487 1487 1485 1485 1487 1487 1488 1488 1485 1485 1488 1488 1489 1489 1485 1485 1489 1489 1490 1490 1485 1485 1490 1490 1491 1491 1484 1484 1485 1485 1491 1491 1483 1483 1484 1484 1491 1491 1493 1493 1483 1483 1491 1491 1492 1492 1493 1493 1491 1491 1495 1495 1494 1494 1496 1496 1499 1499 1497 1497 1498 1498 1502 1502 1500 1500 1501 1501 1505 1505 1503 1503 1504 1504 1507 1507 1508 1508 1506 1506 1510 1510 1509 1509 1511 1511 1512 1512 1513 1513 1514 1514 1516 1516 1515 1515 1517 1517 1518 1518 1520 1520 1519 1519 1521 1521 1523 1523 1522 1522 1526 1526 1525 1525 1524 1524 1528 1528 1527 1527 1529 1529 1530 1530 1532 1532 1531 1531 1535 1535 1534 1534 1533 1533 1536 1536 1537 1537 1538 1538 1541 1541 1539 1539 1540 1540 1551 1551 1542 1542 1543 1543 1551 1551 1543 1543 1544 1544 1551 1551 1544 1544 1545 1545 1551 1551 1552 1552 1542 1542 1550 1550 1551 1551 1545 1545 1549 1549 1550 1550 1545 1545 1548 1548 1549 1549 1545 1545 1547 1547 1548 1548 1545 1545 1546 1546 1547 1547 1545 1545 1557 1557 1558 1558 1559 1559 1557 1557 1559 1559 1560 1560 1557 1557 1560 1560 1561 1561 1557 1557 1561 1561 1562 1562 1557 1557 1562 1562 1563 1563 1556 1556 1557 1557 1563 1563 1555 1555 1556 1556 1563 1563 1553 1553 1555 1555 1563 1563 1554 1554 1553 1553 1563 1563 1566 1566 1567 1567 1568 1568 1565 1565 1566 1566 1568 1568 1564 1564 1565 1565 1568 1568 1574 1574 1568 1568 1569 1569 1574 1574 1569 1569 1570 1570 1574 1574 1570 1570 1571 1571 1574 1574 1571 1571 1572 1572 1574 1574 1572 1572 1573 1573 1574 1574 1564 1564 1568 1568 1583 1583 1584 1584 1585 1585 1582 1582 1583 1583 1585 1585 1581 1581 1582 1582 1585 1585 1580 1580 1581 1581 1585 1585 1579 1579 1580 1580 1585 1585 1578 1578 1579 1579 1585 1585 1577 1577 1575 1575 1576 1576 1577 1577 1585 1585 1586 1586 1577 1577 1586 1586 1587 1587 1577 1577 1587 1587 1575 1575 1577 1577 1578 1578 1585 1585 1611 1611 1588 1588 1589 1589 1610 1610 1589 1589 1590 1590 1610 1610 1611 1611 1589 1589 1593 1593 1591 1591 1592 1592 1594 1594 1590 1590 1591 1591 1594 1594 1591 1591 1593 1593 1607 1607 1608 1608 1609 1609 1607 1607 1609 1609 1610 1610 1606 1606 1610 1610 1590 1590 1606 1606 1607 1607 1610 1610 1597 1597 1595 1595 1596 1596 1598 1598 1594 1594 1595 1595 1598 1598 1595 1595 1597 1597 1603 1603 1604 1604 1605 1605 1602 1602 1605 1605 1606 1606 1602 1602 1590 1590 1594 1594 1602 1602 1606 1606 1590 1590 1602 1602 1594 1594 1598 1598 1602 1602 1603 1603 1605 1605 1601 1601 1598 1598 1599 1599 1601 1601 1602 1602 1598 1598 1600 1600 1601 1601 1599 1599 1614 1614 1615 1615 1616 1616 1613 1613 1614 1614 1616 1616 1612 1612 1613 1613 1616 1616 1622 1622 1616 1616 1617 1617 1622 1622 1617 1617 1618 1618 1622 1622 1618 1618 1619 1619 1622 1622 1619 1619 1620 1620 1622 1622 1620 1620 1621 1621 1622 1622 1612 1612 1616 1616 1631 1631 1623 1623 1624 1624 1631 1631 1624 1624 1625 1625 1631 1631 1625 1625 1626 1626 1631 1631 1632 1632 1623 1623 1630 1630 1631 1631 1626 1626 1629 1629 1630 1630 1626 1626 1628 1628 1629 1629 1626 1626 1627 1627 1628 1628 1626 1626 1633 1633 1640 1640 1641 1641 1633 1633 1641 1641 1642 1642 1634 1634 1639 1639 1640 1640 1634 1634 1640 1640 1633 1633 1635 1635 1637 1637 1638 1638 1635 1635 1638 1638 1639 1639 1635 1635 1639 1639 1634 1634 1636 1636 1637 1637 1635 1635 1652 1652 1644 1644 1643 1643 1652 1652 1643 1643 1645 1645 1652 1652 1645 1645 1646 1646 1652 1652 1646 1646 1647 1647 1651 1651 1652 1652 1647 1647 1650 1650 1651 1651 1647 1647 1649 1649 1650 1650 1647 1647 1648 1648 1649 1649 1647 1647 1653 1653 1660 1660 1661 1661 1653 1653 1661 1661 1662 1662 1654 1654 1659 1659 1660 1660 1654 1654 1660 1660 1653 1653 1655 1655 1658 1658 1659 1659 1655 1655 1659 1659 1654 1654 1656 1656 1657 1657 1658 1658 1656 1656 1658 1658 1655 1655 1665 1665 1666 1666 1667 1667 1664 1664 1665 1665 1667 1667 1663 1663 1664 1664 1667 1667 1675 1675 1667 1667 1668 1668 1675 1675 1668 1668 1669 1669 1675 1675 1669 1669 1670 1670 1675 1675 1670 1670 1671 1671 1675 1675 1671 1671 1672 1672 1675 1675 1672 1672 1673 1673 1675 1675 1673 1673 1674 1674 1675 1675 1663 1663 1667 1667 1687 1687 1688 1688 1689 1689 1686 1686 1689 1689 1690 1690 1686 1686 1687 1687 1689 1689 1693 1693 1690 1690 1691 1691 1693 1693 1691 1691 1692 1692 1694 1694 1690 1690 1693 1693 1683 1683 1684 1684 1685 1685 1683 1683 1685 1685 1686 1686 1682 1682 1686 1686 1690 1690 1682 1682 1683 1683 1686 1686 1682 1682 1690 1690 1694 1694 1697 1697 1695 1695 1696 1696 1698 1698 1694 1694 1695 1695 1698 1698 1695 1695 1697 1697 1679 1679 1680 1680 1681 1681 1679 1679 1681 1681 1682 1682 1678 1678 1682 1682 1694 1694 1678 1678 1694 1694 1698 1698 1678 1678 1679 1679 1682 1682 1677 1677 1698 1698 1699 1699 1677 1677 1678 1678 1698 1698 1676 1676 1677 1677 1699 1699 1704 1704 1705 1705 1706 1706 1703 1703 1704 1704 1706 1706 1702 1702 1703 1703 1706 1706 1701 1701 1706 1706 1707 1707 1701 1701 1707 1707 1708 1708 1701 1701 1708 1708 1709 1709 1701 1701 1709 1709 1710 1710 1701 1701 1710 1710 1711 1711 1701 1701 1711 1711 1712 1712 1701 1701 1712 1712 1700 1700 1701 1701 1702 1702 1706 1706 1716 1716 1717 1717 1718 1718 1716 1716 1718 1718 1719 1719 1716 1716 1719 1719 1720 1720 1716 1716 1720 1720 1721 1721 1715 1715 1716 1716 1721 1721 1714 1714 1715 1715 1721 1721 1713 1713 1714 1714 1721 1721 1722 1722 1713 1713 1721 1721 1728 1728 1725 1725 1726 1726 1728 1728 1726 1726 1727 1727 1729 1729 1724 1724 1725 1725 1729 1729 1725 1725 1728 1728 1730 1730 1723 1723 1724 1724 1730 1730 1724 1724 1729 1729 1731 1731 1732 1732 1723 1723 1731 1731 1723 1723 1730 1730 1737 1737 1738 1738 1739 1739 1737 1737 1739 1739 1740 1740 1737 1737 1740 1740 1741 1741 1737 1737 1741 1741 1742 1742 1737 1737 1742 1742 1743 1743 1737 1737 1743 1743 1744 1744 1737 1737 1744 1744 1745 1745 1736 1736 1737 1737 1745 1745 1735 1735 1736 1736 1745 1745 1734 1734 1735 1735 1745 1745 1733 1733 1734 1734 1745 1745 1750 1750 1747 1747 1748 1748 1750 1750 1748 1748 1749 1749 1751 1751 1746 1746 1747 1747 1751 1751 1747 1747 1750 1750 1752 1752 1755 1755 1746 1746 1752 1752 1746 1746 1751 1751 1753 1753 1754 1754 1755 1755 1753 1753 1755 1755 1752 1752 1759 1759 1760 1760 1761 1761 1758 1758 1759 1759 1761 1761 1757 1757 1758 1758 1761 1761 1756 1756 1761 1761 1762 1762 1756 1756 1762 1762 1763 1763 1756 1756 1763 1763 1764 1764 1756 1756 1764 1764 1765 1765 1756 1756 1765 1765 1766 1766 1756 1756 1766 1766 1767 1767 1756 1756 1757 1757 1761 1761 1775 1775 1776 1776 1777 1777 1774 1774 1775 1775 1777 1777 1773 1773 1774 1774 1777 1777 1772 1772 1773 1773 1777 1777 1771 1771 1772 1772 1777 1777 1770 1770 1771 1771 1777 1777 1769 1769 1777 1777 1778 1778 1769 1769 1778 1778 1779 1779 1769 1769 1779 1779 1780 1780 1769 1769 1780 1780 1768 1768 1769 1769 1770 1770 1777 1777 1782 1782 1783 1783 1781 1781 1786 1786 1784 1784 1785 1785 1787 1787 1788 1788 1789 1789 1792 1792 1791 1791 1790 1790 1793 1793 1794 1794 1795 1795 1798 1798 1796 1796 1797 1797 1801 1801 1799 1799 1800 1800 1803 1803 1802 1802 1804 1804 1807 1807 1806 1806 1805 1805 1808 1808 1810 1810 1809 1809 1812 1812 1811 1811 1813 1813 1815 1815 1816 1816 1814 1814 1819 1819 1818 1818 1817 1817 1821 1821 1820 1820 1822 1822 1824 1824 1823 1823 1825 1825 1828 1828 1827 1827 1826 1826 1831 1831 1832 1832 1833 1833 1830 1830 1831 1831 1833 1833 1829 1829 1830 1830 1833 1833 1840 1840 1833 1833 1834 1834 1840 1840 1834 1834 1835 1835 1840 1840 1835 1835 1836 1836 1840 1840 1836 1836 1837 1837 1840 1840 1837 1837 1838 1838 1840 1840 1838 1838 1839 1839 1840 1840 1829 1829 1833 1833 1842 1842 1843 1843 1844 1844 1842 1842 1844 1844 1845 1845 1842 1842 1845 1845 1846 1846 1842 1842 1846 1846 1847 1847 1842 1842 1847 1847 1848 1848 1842 1842 1848 1848 1849 1849 1841 1841 1842 1842 1849 1849 1855 1855 1841 1841 1849 1849 1854 1854 1855 1855 1849 1849 1853 1853 1854 1854 1849 1849 1852 1852 1853 1853 1849 1849 1851 1851 1852 1852 1849 1849 1850 1850 1851 1851 1849 1849 1862 1862 1863 1863 1864 1864 1862 1862 1864 1864 1865 1865 1862 1862 1865 1865 1866 1866 1862 1862 1866 1866 1867 1867 1861 1861 1862 1862 1867 1867 1860 1860 1861 1861 1867 1867 1859 1859 1860 1860 1867 1867 1858 1858 1859 1859 1867 1867 1856 1856 1858 1858 1867 1867 1857 1857 1856 1856 1867 1867 1870 1870 1869 1869 1868 1868 1871 1871 1872 1872 1873 1873 1874 1874 1875 1875 1876 1876 1877 1877 1878 1878 1879 1879 1881 1881 1882 1882 1880 1880 1885 1885 1884 1884 1883 1883 1886 1886 1887 1887 1888 1888 1889 1889 1891 1891 1890 1890 1892 1892 1894 1894 1893 1893 1897 1897 1896 1896 1895 1895 1899 1899 1898 1898 1900 1900 1901 1901 1903 1903 1902 1902 1906 1906 1905 1905 1904 1904 1908 1908 1907 1907 1909 1909 1910 1910 1911 1911 1912 1912 1913 1913 1914 1914 1915 1915 1917 1917 1918 1918 1919 1919 1917 1917 1919 1919 1920 1920 1917 1917 1920 1920 1921 1921 1917 1917 1921 1921 1922 1922 1916 1916 1917 1917 1922 1922 1928 1928 1916 1916 1922 1922 1927 1927 1928 1928 1922 1922 1926 1926 1927 1927 1922 1922 1925 1925 1926 1926 1922 1922 1924 1924 1925 1925 1922 1922 1923 1923 1924 1924 1922 1922 1934 1934 1935 1935 1936 1936 1934 1934 1936 1936 1937 1937 1934 1934 1937 1937 1938 1938 1934 1934 1938 1938 1939 1939 1934 1934 1939 1939 1940 1940 1934 1934 1940 1940 1941 1941 1933 1933 1934 1934 1941 1941 1932 1932 1933 1933 1941 1941 1931 1931 1932 1932 1941 1941 1929 1929 1931 1931 1941 1941 1930 1930 1929 1929 1941 1941 1944 1944 1945 1945 1946 1946 1943 1943 1944 1944 1946 1946 1942 1942 1943 1943 1946 1946 1953 1953 1946 1946 1947 1947 1953 1953 1947 1947 1948 1948 1953 1953 1948 1948 1949 1949 1953 1953 1949 1949 1950 1950 1953 1953 1950 1950 1951 1951 1953 1953 1951 1951 1952 1952 1953 1953 1942 1942 1946 1946 1957 1957 1958 1958 1959 1959 1956 1956 1957 1957 1959 1959 1954 1954 1956 1956 1959 1959 1955 1955 1959 1959 1960 1960 1955 1955 1960 1960 1961 1961 1955 1955 1961 1961 1962 1962 1955 1955 1962 1962 1963 1963 1955 1955 1954 1954 1959 1959 1967 1967 1968 1968 1969 1969 1966 1966 1967 1967 1969 1969 1965 1965 1966 1966 1969 1969 1964 1964 1965 1965 1969 1969 1979 1979 1964 1964 1969 1969 1978 1978 1979 1979 1969 1969 1977 1977 1969 1969 1970 1970 1977 1977 1970 1970 1971 1971 1977 1977 1971 1971 1972 1972 1977 1977 1972 1972 1973 1973 1977 1977 1973 1973 1974 1974 1977 1977 1974 1974 1975 1975 1977 1977 1975 1975 1976 1976 1977 1977 1978 1978 1969 1969 1988 1988 1980 1980 1981 1981 1988 1988 1981 1981 1982 1982 1988 1988 1982 1982 1983 1983 1988 1988 1989 1989 1990 1990 1988 1988 1990 1990 1980 1980 1987 1987 1988 1988 1983 1983 1986 1986 1987 1987 1983 1983 1985 1985 1986 1986 1983 1983 1984 1984 1985 1985 1983 1983 1996 1996 1993 1993 1994 1994 1996 1996 1994 1994 1995 1995 1997 1997 1992 1992 1993 1993 1997 1997 1993 1993 1996 1996 1998 1998 1991 1991 1992 1992 1998 1998 1992 1992 1997 1997 1999 1999 2000 2000 1991 1991 1999 1999 1991 1991 1998 1998 2012 2012 2001 2001 2002 2002 2012 2012 2002 2002 2003 2003 2012 2012 2003 2003 2004 2004 2012 2012 2013 2013 2001 2001 2011 2011 2012 2012 2004 2004 2010 2010 2011 2011 2004 2004 2009 2009 2010 2010 2004 2004 2008 2008 2009 2009 2004 2004 2007 2007 2008 2008 2004 2004 2006 2006 2007 2007 2004 2004 2005 2005 2006 2006 2004 2004 2018 2018 2015 2015 2016 2016 2018 2018 2016 2016 2017 2017 2019 2019 2014 2014 2015 2015 2019 2019 2015 2015 2018 2018 2020 2020 2023 2023 2014 2014 2020 2020 2014 2014 2019 2019 2021 2021 2022 2022 2023 2023 2021 2021 2023 2023 2020 2020 2026 2026 2027 2027 2028 2028 2025 2025 2026 2026 2028 2028 2024 2024 2025 2025 2028 2028 2034 2034 2024 2024 2028 2028 2033 2033 2028 2028 2029 2029 2033 2033 2029 2029 2030 2030 2033 2033 2030 2030 2031 2031 2033 2033 2031 2031 2032 2032 2033 2033 2034 2034 2028 2028 2047 2047 2035 2035 2036 2036 2046 2046 2047 2047 2036 2036 2045 2045 2046 2046 2036 2036 2044 2044 2036 2036 2037 2037 2044 2044 2037 2037 2038 2038 2044 2044 2038 2038 2039 2039 2044 2044 2039 2039 2040 2040 2044 2044 2040 2040 2041 2041 2044 2044 2041 2041 2042 2042 2044 2044 2042 2042 2043 2043 2044 2044 2045 2045 2036 2036 2050 2050 2048 2048 2049 2049 2051 2051 2052 2052 2053 2053 2055 2055 2056 2056 2054 2054 2058 2058 2057 2057 2059 2059 2060 2060 2061 2061 2062 2062 2063 2063 2064 2064 2065 2065 2068 2068 2066 2066 2067 2067 2069 2069 2071 2071 2070 2070 2073 2073 2072 2072 2074 2074 2077 2077 2076 2076 2075 2075 2079 2079 2078 2078 2080 2080 2082 2082 2083 2083 2081 2081 2085 2085 2084 2084 2086 2086 2087 2087 2089 2089 2088 2088 2090 2090 2092 2092 2091 2091 2095 2095 2094 2094 2093 2093 2105 2105 2106 2106 2096 2096 2104 2104 2105 2105 2096 2096 2103 2103 2104 2104 2096 2096 2102 2102 2103 2103 2096 2096 2101 2101 2096 2096 2097 2097 2101 2101 2097 2097 2098 2098 2101 2101 2098 2098 2099 2099 2101 2101 2099 2099 2100 2100 2101 2101 2102 2102 2096 2096 2112 2112 2113 2113 2114 2114 2112 2112 2114 2114 2115 2115 2112 2112 2115 2115 2116 2116 2112 2112 2116 2116 2117 2117 2112 2112 2117 2117 2118 2118 2112 2112 2118 2118 2119 2119 2112 2112 2119 2119 2120 2120 2111 2111 2112 2112 2120 2120 2110 2110 2111 2111 2120 2120 2109 2109 2110 2110 2120 2120 2107 2107 2109 2109 2120 2120 2108 2108 2107 2107 2120 2120 2123 2123 2124 2124 2125 2125 2123 2123 2125 2125 2126 2126 2123 2123 2126 2126 2127 2127 2123 2123 2127 2127 2128 2128 2123 2123 2128 2128 2129 2129 2122 2122 2123 2123 2129 2129 2121 2121 2122 2122 2129 2129 2131 2131 2121 2121 2129 2129 2130 2130 2131 2131 2129 2129 2133 2133 2132 2132 2134 2134 2135 2135 2136 2136 2137 2137 2140 2140 2138 2138 2139 2139 2143 2143 2141 2141 2142 2142 2145 2145 2146 2146 2144 2144 2147 2147 2149 2149 2148 2148 2150 2150 2151 2151 2152 2152 2154 2154 2153 2153 2155 2155 2156 2156 2158 2158 2157 2157 2159 2159 2161 2161 2160 2160 2164 2164 2163 2163 2162 2162 2166 2166 2165 2165 2167 2167 2170 2170 2169 2169 2168 2168 2172 2172 2171 2171 2173 2173 2174 2174 2175 2175 2176 2176 2179 2179 2177 2177 2178 2178 2189 2189 2180 2180 2181 2181 2189 2189 2181 2181 2182 2182 2189 2189 2182 2182 2183 2183 2189 2189 2190 2190 2180 2180 2188 2188 2189 2189 2183 2183 2187 2187 2188 2188 2183 2183 2186 2186 2187 2187 2183 2183 2185 2185 2186 2186 2183 2183 2184 2184 2185 2185 2183 2183 2195 2195 2196 2196 2197 2197 2195 2195 2197 2197 2198 2198 2195 2195 2198 2198 2199 2199 2195 2195 2199 2199 2200 2200 2195 2195 2200 2200 2201 2201 2194 2194 2195 2195 2201 2201 2193 2193 2194 2194 2201 2201 2191 2191 2193 2193 2201 2201 2192 2192 2191 2191 2201 2201 2204 2204 2205 2205 2206 2206 2203 2203 2204 2204 2206 2206 2202 2202 2203 2203 2206 2206 2212 2212 2206 2206 2207 2207 2212 2212 2207 2207 2208 2208 2212 2212 2208 2208 2209 2209 2212 2212 2209 2209 2210 2210 2212 2212 2210 2210 2211 2211 2212 2212 2202 2202 2206 2206 2221 2221 2222 2222 2223 2223 2220 2220 2221 2221 2223 2223 2219 2219 2220 2220 2223 2223 2218 2218 2219 2219 2223 2223 2217 2217 2218 2218 2223 2223 2216 2216 2217 2217 2223 2223 2215 2215 2213 2213 2214 2214 2215 2215 2223 2223 2224 2224 2215 2215 2224 2224 2225 2225 2215 2215 2225 2225 2213 2213 2215 2215 2216 2216 2223 2223 2249 2249 2226 2226 2227 2227 2248 2248 2227 2227 2228 2228 2248 2248 2249 2249 2227 2227 2231 2231 2229 2229 2230 2230 2232 2232 2228 2228 2229 2229 2232 2232 2229 2229 2231 2231 2245 2245 2246 2246 2247 2247 2245 2245 2247 2247 2248 2248 2244 2244 2248 2248 2228 2228 2244 2244 2245 2245 2248 2248 2235 2235 2233 2233 2234 2234 2236 2236 2232 2232 2233 2233 2236 2236 2233 2233 2235 2235 2241 2241 2242 2242 2243 2243 2240 2240 2243 2243 2244 2244 2240 2240 2228 2228 2232 2232 2240 2240 2244 2244 2228 2228 2240 2240 2232 2232 2236 2236 2240 2240 2241 2241 2243 2243 2239 2239 2236 2236 2237 2237 2239 2239 2240 2240 2236 2236 2238 2238 2239 2239 2237 2237 2252 2252 2253 2253 2254 2254 2251 2251 2252 2252 2254 2254 2250 2250 2251 2251 2254 2254 2260 2260 2254 2254 2255 2255 2260 2260 2255 2255 2256 2256 2260 2260 2256 2256 2257 2257 2260 2260 2257 2257 2258 2258 2260 2260 2258 2258 2259 2259 2260 2260 2250 2250 2254 2254 2269 2269 2261 2261 2262 2262 2269 2269 2262 2262 2263 2263 2269 2269 2263 2263 2264 2264 2269 2269 2270 2270 2261 2261 2268 2268 2269 2269 2264 2264 2267 2267 2268 2268 2264 2264 2266 2266 2267 2267 2264 2264 2265 2265 2266 2266 2264 2264 2271 2271 2278 2278 2279 2279 2271 2271 2279 2279 2280 2280 2272 2272 2277 2277 2278 2278 2272 2272 2278 2278 2271 2271 2273 2273 2276 2276 2277 2277 2273 2273 2277 2277 2272 2272 2274 2274 2275 2275 2276 2276 2274 2274 2276 2276 2273 2273 2290 2290 2282 2282 2281 2281 2290 2290 2281 2281 2283 2283 2290 2290 2283 2283 2284 2284 2290 2290 2284 2284 2285 2285 2289 2289 2290 2290 2285 2285 2288 2288 2289 2289 2285 2285 2287 2287 2288 2288 2285 2285 2286 2286 2287 2287 2285 2285 2299 2299 2297 2297 2298 2298 2300 2300 2297 2297 2299 2299 2291 2291 2296 2296 2297 2297 2291 2291 2297 2297 2300 2300 2292 2292 2295 2295 2296 2296 2292 2292 2296 2296 2291 2291 2293 2293 2294 2294 2295 2295 2293 2293 2295 2295 2292 2292 2302 2302 2303 2303 2304 2304 2301 2301 2302 2302 2304 2304 2313 2313 2301 2301 2304 2304 2312 2312 2304 2304 2305 2305 2312 2312 2305 2305 2306 2306 2312 2312 2306 2306 2307 2307 2312 2312 2307 2307 2308 2308 2312 2312 2308 2308 2309 2309 2312 2312 2309 2309 2310 2310 2312 2312 2310 2310 2311 2311 2312 2312 2313 2313 2304 2304 2325 2325 2326 2326 2327 2327 2324 2324 2327 2327 2328 2328 2324 2324 2325 2325 2327 2327 2331 2331 2328 2328 2329 2329 2331 2331 2329 2329 2330 2330 2332 2332 2328 2328 2331 2331 2321 2321 2322 2322 2323 2323 2321 2321 2323 2323 2324 2324 2320 2320 2324 2324 2328 2328 2320 2320 2321 2321 2324 2324 2320 2320 2328 2328 2332 2332 2335 2335 2333 2333 2334 2334 2336 2336 2332 2332 2333 2333 2336 2336 2333 2333 2335 2335 2317 2317 2318 2318 2319 2319 2317 2317 2319 2319 2320 2320 2316 2316 2320 2320 2332 2332 2316 2316 2332 2332 2336 2336 2316 2316 2317 2317 2320 2320 2315 2315 2336 2336 2337 2337 2315 2315 2316 2316 2336 2336 2314 2314 2315 2315 2337 2337 2342 2342 2343 2343 2344 2344 2341 2341 2342 2342 2344 2344 2340 2340 2341 2341 2344 2344 2339 2339 2344 2344 2345 2345 2339 2339 2345 2345 2346 2346 2339 2339 2346 2346 2347 2347 2339 2339 2347 2347 2348 2348 2339 2339 2348 2348 2349 2349 2339 2339 2349 2349 2350 2350 2339 2339 2350 2350 2338 2338 2339 2339 2340 2340 2344 2344 2354 2354 2355 2355 2356 2356 2354 2354 2356 2356 2357 2357 2354 2354 2357 2357 2358 2358 2354 2354 2358 2358 2359 2359 2353 2353 2354 2354 2359 2359 2352 2352 2353 2353 2359 2359 2351 2351 2352 2352 2359 2359 2360 2360 2351 2351 2359 2359 2366 2366 2363 2363 2364 2364 2366 2366 2364 2364 2365 2365 2367 2367 2362 2362 2363 2363 2367 2367 2363 2363 2366 2366 2368 2368 2361 2361 2362 2362 2368 2368 2362 2362 2367 2367 2369 2369 2370 2370 2361 2361 2369 2369 2361 2361 2368 2368 2375 2375 2376 2376 2377 2377 2375 2375 2377 2377 2378 2378 2375 2375 2378 2378 2379 2379 2375 2375 2379 2379 2380 2380 2375 2375 2380 2380 2381 2381 2375 2375 2381 2381 2382 2382 2375 2375 2382 2382 2383 2383 2374 2374 2375 2375 2383 2383 2373 2373 2374 2374 2383 2383 2372 2372 2373 2373 2383 2383 2371 2371 2372 2372 2383 2383 2388 2388 2385 2385 2386 2386 2388 2388 2386 2386 2387 2387 2389 2389 2384 2384 2385 2385 2389 2389 2385 2385 2388 2388 2390 2390 2393 2393 2384 2384 2390 2390 2384 2384 2389 2389 2391 2391 2392 2392 2393 2393 2391 2391 2393 2393 2390 2390 2397 2397 2398 2398 2399 2399 2396 2396 2397 2397 2399 2399 2395 2395 2396 2396 2399 2399 2394 2394 2399 2399 2400 2400 2394 2394 2400 2400 2401 2401 2394 2394 2401 2401 2402 2402 2394 2394 2402 2402 2403 2403 2394 2394 2403 2403 2404 2404 2394 2394 2404 2404 2405 2405 2394 2394 2395 2395 2399 2399 2413 2413 2414 2414 2415 2415 2412 2412 2413 2413 2415 2415 2411 2411 2412 2412 2415 2415 2410 2410 2411 2411 2415 2415 2409 2409 2410 2410 2415 2415 2408 2408 2409 2409 2415 2415 2407 2407 2415 2415 2416 2416 2407 2407 2416 2416 2417 2417 2407 2407 2417 2417 2418 2418 2407 2407 2418 2418 2406 2406 2407 2407 2408 2408 2415 2415 2420 2420 2421 2421 2419 2419 2424 2424 2422 2422 2423 2423 2425 2425 2426 2426 2427 2427 2430 2430 2429 2429 2428 2428 2431 2431 2432 2432 2433 2433 2436 2436 2434 2434 2435 2435 2439 2439 2437 2437 2438 2438 2441 2441 2440 2440 2442 2442 2445 2445 2444 2444 2443 2443 2446 2446 2448 2448 2447 2447 2450 2450 2449 2449 2451 2451 2453 2453 2454 2454 2452 2452 2457 2457 2456 2456 2455 2455 2459 2459 2458 2458 2460 2460 2462 2462 2461 2461 2463 2463 2466 2466 2465 2465 2464 2464 2469 2469 2470 2470 2471 2471 2468 2468 2469 2469 2471 2471 2467 2467 2468 2468 2471 2471 2478 2478 2471 2471 2472 2472 2478 2478 2472 2472 2473 2473 2478 2478 2473 2473 2474 2474 2478 2478 2474 2474 2475 2475 2478 2478 2475 2475 2476 2476 2478 2478 2476 2476 2477 2477 2478 2478 2467 2467 2471 2471 2480 2480 2481 2481 2482 2482 2480 2480 2482 2482 2483 2483 2480 2480 2483 2483 2484 2484 2480 2480 2484 2484 2485 2485 2480 2480 2485 2485 2486 2486 2480 2480 2486 2486 2487 2487 2479 2479 2480 2480 2487 2487 2493 2493 2479 2479 2487 2487 2492 2492 2493 2493 2487 2487 2491 2491 2492 2492 2487 2487 2490 2490 2491 2491 2487 2487 2489 2489 2490 2490 2487 2487 2488 2488 2489 2489 2487 2487 2497 2497 2498 2498 2499 2499 2497 2497 2499 2499 2500 2500 2497 2497 2500 2500 2501 2501 2497 2497 2501 2501 2502 2502 2496 2496 2497 2497 2502 2502 2495 2495 2496 2496 2502 2502 2494 2494 2495 2495 2502 2502 2505 2505 2494 2494 2502 2502 2504 2504 2505 2505 2502 2502 2503 2503 2504 2504 2502 2502 2508 2508 2507 2507 2506 2506 2510 2510 2511 2511 2509 2509 2512 2512 2513 2513 2514 2514 2515 2515 2516 2516 2517 2517 2519 2519 2520 2520 2518 2518 2521 2521 2523 2523 2522 2522 2524 2524 2525 2525 2526 2526 2527 2527 2529 2529 2528 2528 2530 2530 2532 2532 2531 2531 2534 2534 2533 2533 2535 2535 2537 2537 2536 2536 2538 2538 2539 2539 2541 2541 2540 2540 2544 2544 2543 2543 2542 2542 2546 2546 2545 2545 2547 2547 2548 2548 2549 2549 2550 2550 2551 2551 2552 2552 2553 2553 2555 2555 2556 2556 2557 2557 2555 2555 2557 2557 2558 2558 2555 2555 2558 2558 2559 2559 2555 2555 2559 2559 2560 2560 2554 2554 2555 2555 2560 2560 2566 2566 2554 2554 2560 2560 2565 2565 2566 2566 2560 2560 2564 2564 2565 2565 2560 2560 2563 2563 2564 2564 2560 2560 2562 2562 2563 2563 2560 2560 2561 2561 2562 2562 2560 2560 2572 2572 2573 2573 2574 2574 2572 2572 2574 2574 2575 2575 2572 2572 2575 2575 2576 2576 2572 2572 2576 2576 2577 2577 2572 2572 2577 2577 2578 2578 2572 2572 2578 2578 2579 2579 2571 2571 2572 2572 2579 2579 2570 2570 2571 2571 2579 2579 2569 2569 2570 2570 2579 2579 2567 2567 2569 2569 2579 2579 2568 2568 2567 2567 2579 2579 2582 2582 2583 2583 2584 2584 2581 2581 2582 2582 2584 2584 2580 2580 2581 2581 2584 2584 2591 2591 2584 2584 2585 2585 2591 2591 2585 2585 2586 2586 2591 2591 2586 2586 2587 2587 2591 2591 2587 2587 2588 2588 2591 2591 2588 2588 2589 2589 2591 2591 2589 2589 2590 2590 2591 2591 2580 2580 2584 2584 2598 2598 2599 2599 2600 2600 2597 2597 2598 2598 2600 2600 2596 2596 2597 2597 2600 2600 2595 2595 2592 2592 2593 2593 2595 2595 2593 2593 2594 2594 2595 2595 2600 2600 2601 2601 2595 2595 2601 2601 2592 2592 2595 2595 2596 2596 2600 2600 2605 2605 2606 2606 2607 2607 2604 2604 2605 2605 2607 2607 2603 2603 2604 2604 2607 2607 2602 2602 2603 2603 2607 2607 2617 2617 2602 2602 2607 2607 2616 2616 2617 2617 2607 2607 2615 2615 2607 2607 2608 2608 2615 2615 2608 2608 2609 2609 2615 2615 2609 2609 2610 2610 2615 2615 2610 2610 2611 2611 2615 2615 2611 2611 2612 2612 2615 2615 2612 2612 2613 2613 2615 2615 2613 2613 2614 2614 2615 2615 2616 2616 2607 2607 2626 2626 2618 2618 2619 2619 2626 2626 2619 2619 2620 2620 2626 2626 2620 2620 2621 2621 2626 2626 2627 2627 2628 2628 2626 2626 2628 2628 2618 2618 2625 2625 2626 2626 2621 2621 2624 2624 2625 2625 2621 2621 2623 2623 2624 2624 2621 2621 2622 2622 2623 2623 2621 2621 2634 2634 2631 2631 2632 2632 2634 2634 2632 2632 2633 2633 2635 2635 2630 2630 2631 2631 2635 2635 2631 2631 2634 2634 2636 2636 2629 2629 2630 2630 2636 2636 2630 2630 2635 2635 2637 2637 2638 2638 2629 2629 2637 2637 2629 2629 2636 2636 2650 2650 2639 2639 2640 2640 2650 2650 2640 2640 2641 2641 2650 2650 2641 2641 2642 2642 2650 2650 2651 2651 2639 2639 2649 2649 2650 2650 2642 2642 2648 2648 2649 2649 2642 2642 2647 2647 2648 2648 2642 2642 2646 2646 2647 2647 2642 2642 2645 2645 2646 2646 2642 2642 2644 2644 2645 2645 2642 2642 2643 2643 2644 2644 2642 2642 2656 2656 2653 2653 2654 2654 2656 2656 2654 2654 2655 2655 2657 2657 2652 2652 2653 2653 2657 2657 2653 2653 2656 2656 2658 2658 2661 2661 2652 2652 2658 2658 2652 2652 2657 2657 2659 2659 2660 2660 2661 2661 2659 2659 2661 2661 2658 2658 2664 2664 2665 2665 2666 2666 2663 2663 2664 2664 2666 2666 2662 2662 2663 2663 2666 2666 2672 2672 2662 2662 2666 2666 2671 2671 2666 2666 2667 2667 2671 2671 2667 2667 2668 2668 2671 2671 2668 2668 2669 2669 2671 2671 2669 2669 2670 2670 2671 2671 2672 2672 2666 2666 2685 2685 2673 2673 2674 2674 2684 2684 2685 2685 2674 2674 2683 2683 2684 2684 2674 2674 2682 2682 2674 2674 2675 2675 2682 2682 2675 2675 2676 2676 2682 2682 2676 2676 2677 2677 2682 2682 2677 2677 2678 2678 2682 2682 2678 2678 2679 2679 2682 2682 2679 2679 2680 2680 2682 2682 2680 2680 2681 2681 2682 2682 2683 2683 2674 2674 2688 2688 2686 2686 2687 2687 2689 2689 2690 2690 2691 2691 2693 2693 2694 2694 2692 2692 2696 2696 2695 2695 2697 2697 2698 2698 2699 2699 2700 2700 2702 2702 2703 2703 2701 2701 2704 2704 2705 2705 2706 2706 2707 2707 2709 2709 2708 2708 2711 2711 2710 2710 2712 2712 2714 2714 2713 2713 2715 2715 2717 2717 2716 2716 2718 2718 2720 2720 2721 2721 2719 2719 2723 2723 2722 2722 2724 2724 2725 2725 2727 2727 2726 2726 2728 2728 2730 2730 2729 2729 2732 2732 2731 2731 2733 2733 2743 2743 2744 2744 2734 2734 2742 2742 2743 2743 2734 2734 2741 2741 2742 2742 2734 2734 2740 2740 2741 2741 2734 2734 2739 2739 2734 2734 2735 2735 2739 2739 2735 2735 2736 2736 2739 2739 2736 2736 2737 2737 2739 2739 2737 2737 2738 2738 2739 2739 2740 2740 2734 2734 2750 2750 2751 2751 2752 2752 2750 2750 2752 2752 2753 2753 2750 2750 2753 2753 2754 2754 2750 2750 2754 2754 2755 2755 2750 2750 2755 2755 2756 2756 2750 2750 2756 2756 2757 2757 2750 2750 2757 2757 2758 2758 2749 2749 2750 2750 2758 2758 2748 2748 2749 2749 2758 2758 2747 2747 2748 2748 2758 2758 2745 2745 2747 2747 2758 2758 2746 2746 2745 2745 2758 2758 2761 2761 2762 2762 2763 2763 2761 2761 2763 2763 2764 2764 2761 2761 2764 2764 2765 2765 2761 2761 2765 2765 2766 2766 2761 2761 2766 2766 2767 2767 2760 2760 2761 2761 2767 2767 2759 2759 2760 2760 2767 2767 2769 2769 2759 2759 2767 2767 2768 2768 2769 2769 2767 2767 2770 2770 2772 2772 2771 2771 2775 2775 2773 2773 2774 2774 2777 2777 2778 2778 2776 2776 2781 2781 2779 2779 2780 2780 2783 2783 2784 2784 2782 2782 2786 2786 2785 2785 2787 2787 2788 2788 2789 2789 2790 2790 2792 2792 2791 2791 2793 2793 2794 2794 2796 2796 2795 2795 2797 2797 2799 2799 2798 2798 2802 2802 2801 2801 2800 2800 2804 2804 2803 2803 2805 2805 2808 2808 2807 2807 2806 2806 2810 2810 2809 2809 2811 2811 2812 2812 2813 2813 2814 2814 2817 2817 2815 2815 2816 2816 2827 2827 2818 2818 2819 2819 2827 2827 2819 2819 2820 2820 2827 2827 2820 2820 2821 2821 2827 2827 2828 2828 2818 2818 2826 2826 2827 2827 2821 2821 2825 2825 2826 2826 2821 2821 2824 2824 2825 2825 2821 2821 2823 2823 2824 2824 2821 2821 2822 2822 2823 2823 2821 2821 2833 2833 2834 2834 2835 2835 2833 2833 2835 2835 2836 2836 2833 2833 2836 2836 2837 2837 2833 2833 2837 2837 2838 2838 2833 2833 2838 2838 2839 2839 2832 2832 2833 2833 2839 2839 2831 2831 2832 2832 2839 2839 2829 2829 2831 2831 2839 2839 2830 2830 2829 2829 2839 2839 2842 2842 2843 2843 2844 2844 2841 2841 2842 2842 2844 2844 2840 2840 2841 2841 2844 2844 2850 2850 2844 2844 2845 2845 2850 2850 2845 2845 2846 2846 2850 2850 2846 2846 2847 2847 2850 2850 2847 2847 2848 2848 2850 2850 2848 2848 2849 2849 2850 2850 2840 2840 2844 2844 2859 2859 2860 2860 2861 2861 2858 2858 2859 2859 2861 2861 2857 2857 2858 2858 2861 2861 2856 2856 2857 2857 2861 2861 2855 2855 2856 2856 2861 2861 2854 2854 2855 2855 2861 2861 2853 2853 2851 2851 2852 2852 2853 2853 2861 2861 2862 2862 2853 2853 2862 2862 2863 2863 2853 2853 2863 2863 2851 2851 2853 2853 2854 2854 2861 2861 2887 2887 2864 2864 2865 2865 2886 2886 2865 2865 2866 2866 2886 2886 2887 2887 2865 2865 2869 2869 2867 2867 2868 2868 2870 2870 2866 2866 2867 2867 2870 2870 2867 2867 2869 2869 2883 2883 2884 2884 2885 2885 2883 2883 2885 2885 2886 2886 2882 2882 2886 2886 2866 2866 2882 2882 2883 2883 2886 2886 2873 2873 2871 2871 2872 2872 2874 2874 2870 2870 2871 2871 2874 2874 2871 2871 2873 2873 2879 2879 2880 2880 2881 2881 2878 2878 2881 2881 2882 2882 2878 2878 2866 2866 2870 2870 2878 2878 2882 2882 2866 2866 2878 2878 2870 2870 2874 2874 2878 2878 2879 2879 2881 2881 2877 2877 2874 2874 2875 2875 2877 2877 2878 2878 2874 2874 2876 2876 2877 2877 2875 2875 2890 2890 2891 2891 2892 2892 2889 2889 2890 2890 2892 2892 2888 2888 2889 2889 2892 2892 2898 2898 2892 2892 2893 2893 2898 2898 2893 2893 2894 2894 2898 2898 2894 2894 2895 2895 2898 2898 2895 2895 2896 2896 2898 2898 2896 2896 2897 2897 2898 2898 2888 2888 2892 2892 2907 2907 2899 2899 2900 2900 2907 2907 2900 2900 2901 2901 2907 2907 2901 2901 2902 2902 2907 2907 2908 2908 2899 2899 2906 2906 2907 2907 2902 2902 2905 2905 2906 2906 2902 2902 2904 2904 2905 2905 2902 2902 2903 2903 2904 2904 2902 2902 2909 2909 2916 2916 2917 2917 2909 2909 2917 2917 2918 2918 2910 2910 2915 2915 2916 2916 2910 2910 2916 2916 2909 2909 2911 2911 2914 2914 2915 2915 2911 2911 2915 2915 2910 2910 2912 2912 2913 2913 2914 2914 2912 2912 2914 2914 2911 2911 2928 2928 2920 2920 2919 2919 2928 2928 2919 2919 2921 2921 2928 2928 2921 2921 2922 2922 2928 2928 2922 2922 2923 2923 2927 2927 2928 2928 2923 2923 2926 2926 2927 2927 2923 2923 2925 2925 2926 2926 2923 2923 2924 2924 2925 2925 2923 2923 2938 2938 2935 2935 2936 2936 2938 2938 2936 2936 2937 2937 2929 2929 2934 2934 2935 2935 2929 2929 2935 2935 2938 2938 2930 2930 2933 2933 2934 2934 2930 2930 2934 2934 2929 2929 2931 2931 2932 2932 2933 2933 2931 2931 2933 2933 2930 2930 2940 2940 2941 2941 2942 2942 2939 2939 2940 2940 2942 2942 2951 2951 2939 2939 2942 2942 2950 2950 2942 2942 2943 2943 2950 2950 2943 2943 2944 2944 2950 2950 2944 2944 2945 2945 2950 2950 2945 2945 2946 2946 2950 2950 2946 2946 2947 2947 2950 2950 2947 2947 2948 2948 2950 2950 2948 2948 2949 2949 2950 2950 2951 2951 2942 2942 2963 2963 2964 2964 2965 2965 2962 2962 2965 2965 2966 2966 2962 2962 2963 2963 2965 2965 2969 2969 2966 2966 2967 2967 2969 2969 2967 2967 2968 2968 2970 2970 2966 2966 2969 2969 2959 2959 2960 2960 2961 2961 2959 2959 2961 2961 2962 2962 2958 2958 2962 2962 2966 2966 2958 2958 2959 2959 2962 2962 2958 2958 2966 2966 2970 2970 2973 2973 2971 2971 2972 2972 2974 2974 2970 2970 2971 2971 2974 2974 2971 2971 2973 2973 2955 2955 2956 2956 2957 2957 2955 2955 2957 2957 2958 2958 2954 2954 2958 2958 2970 2970 2954 2954 2970 2970 2974 2974 2954 2954 2955 2955 2958 2958 2953 2953 2974 2974 2975 2975 2953 2953 2954 2954 2974 2974 2952 2952 2953 2953 2975 2975 2980 2980 2981 2981 2982 2982 2979 2979 2980 2980 2982 2982 2978 2978 2979 2979 2982 2982 2977 2977 2982 2982 2983 2983 2977 2977 2983 2983 2984 2984 2977 2977 2984 2984 2985 2985 2977 2977 2985 2985 2986 2986 2977 2977 2986 2986 2987 2987 2977 2977 2987 2987 2988 2988 2977 2977 2988 2988 2976 2976 2977 2977 2978 2978 2982 2982 2992 2992 2993 2993 2994 2994 2992 2992 2994 2994 2995 2995 2992 2992 2995 2995 2996 2996 2992 2992 2996 2996 2997 2997 2991 2991 2992 2992 2997 2997 2990 2990 2991 2991 2997 2997 2989 2989 2990 2990 2997 2997 2998 2998 2989 2989 2997 2997 3004 3004 3001 3001 3002 3002 3004 3004 3002 3002 3003 3003 3005 3005 3000 3000 3001 3001 3005 3005 3001 3001 3004 3004 3006 3006 2999 2999 3000 3000 3006 3006 3000 3000 3005 3005 3007 3007 3008 3008 2999 2999 3007 3007 2999 2999 3006 3006 3013 3013 3014 3014 3015 3015 3013 3013 3015 3015 3016 3016 3013 3013 3016 3016 3017 3017 3013 3013 3017 3017 3018 3018 3013 3013 3018 3018 3019 3019 3013 3013 3019 3019 3020 3020 3013 3013 3020 3020 3021 3021 3012 3012 3013 3013 3021 3021 3011 3011 3012 3012 3021 3021 3010 3010 3011 3011 3021 3021 3009 3009 3010 3010 3021 3021 3026 3026 3023 3023 3024 3024 3026 3026 3024 3024 3025 3025 3027 3027 3022 3022 3023 3023 3027 3027 3023 3023 3026 3026 3028 3028 3031 3031 3022 3022 3028 3028 3022 3022 3027 3027 3029 3029 3030 3030 3031 3031 3029 3029 3031 3031 3028 3028 3035 3035 3036 3036 3037 3037 3034 3034 3035 3035 3037 3037 3033 3033 3034 3034 3037 3037 3032 3032 3037 3037 3038 3038 3032 3032 3038 3038 3039 3039 3032 3032 3039 3039 3040 3040 3032 3032 3040 3040 3041 3041 3032 3032 3041 3041 3042 3042 3032 3032 3042 3042 3043 3043 3032 3032 3033 3033 3037 3037 3051 3051 3052 3052 3053 3053 3050 3050 3051 3051 3053 3053 3049 3049 3050 3050 3053 3053 3048 3048 3049 3049 3053 3053 3047 3047 3048 3048 3053 3053 3046 3046 3047 3047 3053 3053 3045 3045 3053 3053 3054 3054 3045 3045 3054 3054 3055 3055 3045 3045 3055 3055 3056 3056 3045 3045 3056 3056 3044 3044 3045 3045 3046 3046 3053 3053 3059 3059 3057 3057 3058 3058 3062 3062 3060 3060 3061 3061 3063 3063 3064 3064 3065 3065 3068 3068 3067 3067 3066 3066 3069 3069 3070 3070 3071 3071 3074 3074 3072 3072 3073 3073 3077 3077 3075 3075 3076 3076 3079 3079 3078 3078 3080 3080 3083 3083 3082 3082 3081 3081 3084 3084 3086 3086 3085 3085 3088 3088 3087 3087 3089 3089 3091 3091 3092 3092 3090 3090 3095 3095 3094 3094 3093 3093 3096 3096 3098 3098 3097 3097 3099 3099 3101 3101 3100 3100 3104 3104 3103 3103 3102 3102 3107 3107 3108 3108 3109 3109 3106 3106 3107 3107 3109 3109 3105 3105 3106 3106 3109 3109 3116 3116 3109 3109 3110 3110 3116 3116 3110 3110 3111 3111 3116 3116 3111 3111 3112 3112 3116 3116 3112 3112 3113 3113 3116 3116 3113 3113 3114 3114 3116 3116 3114 3114 3115 3115 3116 3116 3105 3105 3109 3109 3118 3118 3119 3119 3120 3120 3118 3118 3120 3120 3121 3121 3118 3118 3121 3121 3122 3122 3118 3118 3122 3122 3123 3123 3118 3118 3123 3123 3124 3124 3118 3118 3124 3124 3125 3125 3117 3117 3118 3118 3125 3125 3131 3131 3117 3117 3125 3125 3130 3130 3131 3131 3125 3125 3129 3129 3130 3130 3125 3125 3128 3128 3129 3129 3125 3125 3127 3127 3128 3128 3125 3125 3126 3126 3127 3127 3125 3125 3135 3135 3136 3136 3137 3137 3135 3135 3137 3137 3138 3138 3135 3135 3138 3138 3139 3139 3135 3135 3139 3139 3140 3140 3134 3134 3135 3135 3140 3140 3133 3133 3134 3134 3140 3140 3132 3132 3133 3133 3140 3140 3143 3143 3132 3132 3140 3140 3142 3142 3143 3143 3140 3140 3141 3141 3142 3142 3140 3140 3146 3146 3145 3145 3144 3144 3148 3148 3149 3149 3147 3147 3152 3152 3150 3150 3151 3151 3153 3153 3154 3154 3155 3155 3157 3157 3158 3158 3156 3156 3161 3161 3160 3160 3159 3159 3162 3162 3163 3163 3164 3164 3166 3166 3165 3165 3167 3167 3170 3170 3169 3169 3168 3168 3172 3172 3171 3171 3173 3173 3176 3176 3175 3175 3174 3174 3178 3178 3177 3177 3179 3179 3182 3182 3181 3181 3180 3180 3184 3184 3183 3183 3185 3185 3186 3186 3187 3187 3188 3188 3189 3189 3190 3190 3191 3191 3193 3193 3194 3194 3195 3195 3193 3193 3195 3195 3196 3196 3193 3193 3196 3196 3197 3197 3193 3193 3197 3197 3198 3198 3192 3192 3193 3193 3198 3198 3204 3204 3192 3192 3198 3198 3203 3203 3204 3204 3198 3198 3202 3202 3203 3203 3198 3198 3201 3201 3202 3202 3198 3198 3200 3200 3201 3201 3198 3198 3199 3199 3200 3200 3198 3198 3210 3210 3211 3211 3212 3212 3210 3210 3212 3212 3213 3213 3210 3210 3213 3213 3214 3214 3210 3210 3214 3214 3215 3215 3210 3210 3215 3215 3216 3216 3210 3210 3216 3216 3217 3217 3209 3209 3210 3210 3217 3217 3208 3208 3209 3209 3217 3217 3207 3207 3208 3208 3217 3217 3205 3205 3207 3207 3217 3217 3206 3206 3205 3205 3217 3217 3220 3220 3221 3221 3222 3222 3219 3219 3220 3220 3222 3222 3218 3218 3219 3219 3222 3222 3229 3229 3222 3222 3223 3223 3229 3229 3223 3223 3224 3224 3229 3229 3224 3224 3225 3225 3229 3229 3225 3225 3226 3226 3229 3229 3226 3226 3227 3227 3229 3229 3227 3227 3228 3228 3229 3229 3218 3218 3222 3222 3236 3236 3237 3237 3238 3238 3235 3235 3236 3236 3238 3238 3234 3234 3235 3235 3238 3238 3233 3233 3230 3230 3231 3231 3233 3233 3231 3231 3232 3232 3233 3233 3238 3238 3239 3239 3233 3233 3239 3239 3230 3230 3233 3233 3234 3234 3238 3238 3243 3243 3244 3244 3245 3245 3242 3242 3243 3243 3245 3245 3241 3241 3242 3242 3245 3245 3240 3240 3241 3241 3245 3245 3255 3255 3240 3240 3245 3245 3254 3254 3255 3255 3245 3245 3253 3253 3245 3245 3246 3246 3253 3253 3246 3246 3247 3247 3253 3253 3247 3247 3248 3248 3253 3253 3248 3248 3249 3249 3253 3253 3249 3249 3250 3250 3253 3253 3250 3250 3251 3251 3253 3253 3251 3251 3252 3252 3253 3253 3254 3254 3245 3245 3264 3264 3256 3256 3257 3257 3264 3264 3257 3257 3258 3258 3264 3264 3258 3258 3259 3259 3264 3264 3265 3265 3266 3266 3264 3264 3266 3266 3256 3256 3263 3263 3264 3264 3259 3259 3262 3262 3263 3263 3259 3259 3261 3261 3262 3262 3259 3259 3260 3260 3261 3261 3259 3259 3272 3272 3268 3268 3269 3269 3272 3272 3269 3269 3270 3270 3272 3272 3270 3270 3271 3271 3273 3273 3268 3268 3272 3272 3274 3274 3267 3267 3268 3268 3274 3274 3268 3268 3273 3273 3275 3275 3276 3276 3267 3267 3275 3275 3267 3267 3274 3274 3288 3288 3277 3277 3278 3278 3288 3288 3278 3278 3279 3279 3288 3288 3279 3279 3280 3280 3288 3288 3289 3289 3277 3277 3287 3287 3288 3288 3280 3280 3286 3286 3287 3287 3280 3280 3285 3285 3286 3286 3280 3280 3284 3284 3285 3285 3280 3280 3283 3283 3284 3284 3280 3280 3282 3282 3283 3283 3280 3280 3281 3281 3282 3282 3280 3280 3294 3294 3291 3291 3292 3292 3294 3294 3292 3292 3293 3293 3295 3295 3290 3290 3291 3291 3295 3295 3291 3291 3294 3294 3296 3296 3299 3299 3290 3290 3296 3296 3290 3290 3295 3295 3297 3297 3298 3298 3299 3299 3297 3297 3299 3299 3296 3296 3302 3302 3303 3303 3304 3304 3301 3301 3302 3302 3304 3304 3300 3300 3301 3301 3304 3304 3310 3310 3300 3300 3304 3304 3309 3309 3304 3304 3305 3305 3309 3309 3305 3305 3306 3306 3309 3309 3306 3306 3307 3307 3309 3309 3307 3307 3308 3308 3309 3309 3310 3310 3304 3304 3323 3323 3311 3311 3312 3312 3322 3322 3323 3323 3312 3312 3321 3321 3322 3322 3312 3312 3320 3320 3312 3312 3313 3313 3320 3320 3313 3313 3314 3314 3320 3320 3314 3314 3315 3315 3320 3320 3315 3315 3316 3316 3320 3320 3316 3316 3317 3317 3320 3320 3317 3317 3318 3318 3320 3320 3318 3318 3319 3319 3320 3320 3321 3321 3312 3312 3326 3326 3324 3324 3325 3325 3327 3327 3328 3328 3329 3329 3332 3332 3330 3330 3331 3331 3334 3334 3333 3333 3335 3335 3336 3336 3337 3337 3338 3338 3339 3339 3340 3340 3341 3341 3344 3344 3342 3342 3343 3343 3346 3346 3345 3345 3347 3347 3349 3349 3348 3348 3350 3350 3353 3353 3352 3352 3351 3351 3355 3355 3354 3354 3356 3356 3359 3359 3357 3357 3358 3358 3361 3361 3360 3360 3362 3362 3363 3363 3365 3365 3364 3364 3368 3368 3367 3367 3366 3366 3370 3370 3369 3369 3371 3371 3381 3381 3382 3382 3372 3372 3380 3380 3381 3381 3372 3372 3379 3379 3380 3380 3372 3372 3378 3378 3379 3379 3372 3372 3377 3377 3372 3372 3373 3373 3377 3377 3373 3373 3374 3374 3377 3377 3374 3374 3375 3375 3377 3377 3375 3375 3376 3376 3377 3377 3378 3378 3372 3372 3388 3388 3389 3389 3390 3390 3388 3388 3390 3390 3391 3391 3388 3388 3391 3391 3392 3392 3388 3388 3392 3392 3393 3393 3388 3388 3393 3393 3394 3394 3388 3388 3394 3394 3395 3395 3388 3388 3395 3395 3396 3396 3387 3387 3388 3388 3396 3396 3386 3386 3387 3387 3396 3396 3385 3385 3386 3386 3396 3396 3383 3383 3385 3385 3396 3396 3384 3384 3383 3383 3396 3396 3399 3399 3400 3400 3401 3401 3399 3399 3401 3401 3402 3402 3399 3399 3402 3402 3403 3403 3399 3399 3403 3403 3404 3404 3399 3399 3404 3404 3405 3405 3398 3398 3399 3399 3405 3405 3397 3397 3398 3398 3405 3405 3407 3407 3397 3397 3405 3405 3406 3406 3407 3407 3405 3405 3408 3408 3410 3410 3409 3409 3411 3411 3412 3412 3413 3413 3416 3416 3414 3414 3415 3415 3419 3419 3417 3417 3418 3418 3421 3421 3422 3422 3420 3420 3424 3424 3423 3423 3425 3425 3426 3426 3427 3427 3428 3428 3430 3430 3429 3429 3431 3431 3432 3432 3434 3434 3433 3433 3435 3435 3437 3437 3436 3436 3440 3440 3439 3439 3438 3438 3442 3442 3441 3441 3443 3443 3446 3446 3445 3445 3444 3444 3448 3448 3447 3447 3449 3449 3450 3450 3451 3451 3452 3452 3455 3455 3453 3453 3454 3454 3465 3465 3456 3456 3457 3457 3465 3465 3457 3457 3458 3458 3465 3465 3458 3458 3459 3459 3465 3465 3466 3466 3456 3456 3464 3464 3465 3465 3459 3459 3463 3463 3464 3464 3459 3459 3462 3462 3463 3463 3459 3459 3461 3461 3462 3462 3459 3459 3460 3460 3461 3461 3459 3459 3471 3471 3472 3472 3473 3473 3471 3471 3473 3473 3474 3474 3471 3471 3474 3474 3475 3475 3471 3471 3475 3475 3476 3476 3471 3471 3476 3476 3477 3477 3470 3470 3471 3471 3477 3477 3469 3469 3470 3470 3477 3477 3467 3467 3469 3469 3477 3477 3468 3468 3467 3467 3477 3477 3480 3480 3481 3481 3482 3482 3479 3479 3480 3480 3482 3482 3478 3478 3479 3479 3482 3482 3488 3488 3482 3482 3483 3483 3488 3488 3483 3483 3484 3484 3488 3488 3484 3484 3485 3485 3488 3488 3485 3485 3486 3486 3488 3488 3486 3486 3487 3487 3488 3488 3478 3478 3482 3482 3497 3497 3498 3498 3499 3499 3496 3496 3497 3497 3499 3499 3495 3495 3496 3496 3499 3499 3494 3494 3495 3495 3499 3499 3493 3493 3494 3494 3499 3499 3492 3492 3493 3493 3499 3499 3491 3491 3489 3489 3490 3490 3491 3491 3499 3499 3500 3500 3491 3491 3500 3500 3501 3501 3491 3491 3501 3501 3489 3489 3491 3491 3492 3492 3499 3499 3525 3525 3502 3502 3503 3503 3524 3524 3503 3503 3504 3504 3524 3524 3525 3525 3503 3503 3507 3507 3505 3505 3506 3506 3508 3508 3504 3504 3505 3505 3508 3508 3505 3505 3507 3507 3521 3521 3522 3522 3523 3523 3521 3521 3523 3523 3524 3524 3520 3520 3524 3524 3504 3504 3520 3520 3521 3521 3524 3524 3511 3511 3509 3509 3510 3510 3512 3512 3508 3508 3509 3509 3512 3512 3509 3509 3511 3511 3517 3517 3518 3518 3519 3519 3516 3516 3519 3519 3520 3520 3516 3516 3504 3504 3508 3508 3516 3516 3520 3520 3504 3504 3516 3516 3508 3508 3512 3512 3516 3516 3517 3517 3519 3519 3515 3515 3512 3512 3513 3513 3515 3515 3516 3516 3512 3512 3514 3514 3515 3515 3513 3513 3528 3528 3529 3529 3530 3530 3527 3527 3528 3528 3530 3530 3526 3526 3527 3527 3530 3530 3536 3536 3530 3530 3531 3531 3536 3536 3531 3531 3532 3532 3536 3536 3532 3532 3533 3533 3536 3536 3533 3533 3534 3534 3536 3536 3534 3534 3535 3535 3536 3536 3526 3526 3530 3530 3545 3545 3537 3537 3538 3538 3545 3545 3538 3538 3539 3539 3545 3545 3539 3539 3540 3540 3545 3545 3546 3546 3537 3537 3544 3544 3545 3545 3540 3540 3543 3543 3544 3544 3540 3540 3542 3542 3543 3543 3540 3540 3541 3541 3542 3542 3540 3540 3547 3547 3554 3554 3555 3555 3547 3547 3555 3555 3556 3556 3548 3548 3553 3553 3554 3554 3548 3548 3554 3554 3547 3547 3549 3549 3552 3552 3553 3553 3549 3549 3553 3553 3548 3548 3550 3550 3551 3551 3552 3552 3550 3550 3552 3552 3549 3549 3566 3566 3558 3558 3557 3557 3566 3566 3557 3557 3559 3559 3566 3566 3559 3559 3560 3560 3566 3566 3560 3560 3561 3561 3565 3565 3566 3566 3561 3561 3564 3564 3565 3565 3561 3561 3563 3563 3564 3564 3561 3561 3562 3562 3563 3563 3561 3561 3576 3576 3573 3573 3574 3574 3576 3576 3574 3574 3575 3575 3567 3567 3572 3572 3573 3573 3567 3567 3573 3573 3576 3576 3568 3568 3571 3571 3572 3572 3568 3568 3572 3572 3567 3567 3569 3569 3570 3570 3571 3571 3569 3569 3571 3571 3568 3568 3578 3578 3579 3579 3580 3580 3577 3577 3578 3578 3580 3580 3589 3589 3577 3577 3580 3580 3588 3588 3580 3580 3581 3581 3588 3588 3581 3581 3582 3582 3588 3588 3582 3582 3583 3583 3588 3588 3583 3583 3584 3584 3588 3588 3584 3584 3585 3585 3588 3588 3585 3585 3586 3586 3588 3588 3586 3586 3587 3587 3588 3588 3589 3589 3580 3580 3601 3601 3602 3602 3603 3603 3600 3600 3603 3603 3604 3604 3600 3600 3601 3601 3603 3603 3607 3607 3604 3604 3605 3605 3607 3607 3605 3605 3606 3606 3608 3608 3604 3604 3607 3607 3597 3597 3598 3598 3599 3599 3597 3597 3599 3599 3600 3600 3596 3596 3600 3600 3604 3604 3596 3596 3597 3597 3600 3600 3596 3596 3604 3604 3608 3608 3611 3611 3609 3609 3610 3610 3612 3612 3608 3608 3609 3609 3612 3612 3609 3609 3611 3611 3593 3593 3594 3594 3595 3595 3593 3593 3595 3595 3596 3596 3592 3592 3596 3596 3608 3608 3592 3592 3608 3608 3612 3612 3592 3592 3593 3593 3596 3596 3591 3591 3612 3612 3613 3613 3591 3591 3592 3592 3612 3612 3590 3590 3591 3591 3613 3613 3618 3618 3619 3619 3620 3620 3617 3617 3618 3618 3620 3620 3616 3616 3617 3617 3620 3620 3615 3615 3620 3620 3621 3621 3615 3615 3621 3621 3622 3622 3615 3615 3622 3622 3623 3623 3615 3615 3623 3623 3624 3624 3615 3615 3624 3624 3625 3625 3615 3615 3625 3625 3626 3626 3615 3615 3626 3626 3614 3614 3615 3615 3616 3616 3620 3620 3630 3630 3631 3631 3632 3632 3630 3630 3632 3632 3633 3633 3630 3630 3633 3633 3634 3634 3630 3630 3634 3634 3635 3635 3629 3629 3630 3630 3635 3635 3628 3628 3629 3629 3635 3635 3627 3627 3628 3628 3635 3635 3636 3636 3627 3627 3635 3635 3642 3642 3639 3639 3640 3640 3642 3642 3640 3640 3641 3641 3643 3643 3637 3637 3638 3638 3643 3643 3638 3638 3639 3639 3643 3643 3639 3639 3642 3642 3644 3644 3637 3637 3643 3643 3645 3645 3646 3646 3637 3637 3645 3645 3637 3637 3644 3644 3651 3651 3652 3652 3653 3653 3651 3651 3653 3653 3654 3654 3651 3651 3654 3654 3655 3655 3651 3651 3655 3655 3656 3656 3651 3651 3656 3656 3657 3657 3651 3651 3657 3657 3658 3658 3651 3651 3658 3658 3659 3659 3650 3650 3651 3651 3659 3659 3649 3649 3650 3650 3659 3659 3648 3648 3649 3649 3659 3659 3647 3647 3648 3648 3659 3659 3664 3664 3661 3661 3662 3662 3664 3664 3662 3662 3663 3663 3665 3665 3660 3660 3661 3661 3665 3665 3661 3661 3664 3664 3666 3666 3669 3669 3660 3660 3666 3666 3660 3660 3665 3665 3667 3667 3668 3668 3669 3669 3667 3667 3669 3669 3666 3666 3673 3673 3674 3674 3675 3675 3672 3672 3673 3673 3675 3675 3671 3671 3672 3672 3675 3675 3670 3670 3675 3675 3676 3676 3670 3670 3676 3676 3677 3677 3670 3670 3677 3677 3678 3678 3670 3670 3678 3678 3679 3679 3670 3670 3679 3679 3680 3680 3670 3670 3680 3680 3681 3681 3670 3670 3671 3671 3675 3675 3689 3689 3690 3690 3691 3691 3688 3688 3689 3689 3691 3691 3687 3687 3688 3688 3691 3691 3686 3686 3687 3687 3691 3691 3685 3685 3686 3686 3691 3691 3684 3684 3685 3685 3691 3691 3683 3683 3691 3691 3692 3692 3683 3683 3692 3692 3693 3693 3683 3683 3693 3693 3694 3694 3683 3683 3694 3694 3682 3682 3683 3683 3684 3684 3691 3691 3696 3696 3697 3697 3695 3695 3700 3700 3698 3698 3699 3699 3701 3701 3702 3702 3703 3703 3706 3706 3705 3705 3704 3704 3707 3707 3708 3708 3709 3709 3712 3712 3710 3710 3711 3711 3715 3715 3713 3713 3714 3714 3717 3717 3716 3716 3718 3718 3721 3721 3720 3720 3719 3719 3722 3722 3724 3724 3723 3723 3726 3726 3725 3725 3727 3727 3729 3729 3730 3730 3728 3728 3733 3733 3732 3732 3731 3731 3735 3735 3734 3734 3736 3736 3738 3738 3737 3737 3739 3739 3742 3742 3741 3741 3740 3740 3745 3745 3746 3746 3747 3747 3744 3744 3745 3745 3747 3747 3743 3743 3744 3744 3747 3747 3754 3754 3747 3747 3748 3748 3754 3754 3748 3748 3749 3749 3754 3754 3749 3749 3750 3750 3754 3754 3750 3750 3751 3751 3754 3754 3751 3751 3752 3752 3754 3754 3752 3752 3753 3753 3754 3754 3743 3743 3747 3747 3756 3756 3757 3757 3758 3758 3756 3756 3758 3758 3759 3759 3756 3756 3759 3759 3760 3760 3756 3756 3760 3760 3761 3761 3756 3756 3761 3761 3762 3762 3756 3756 3762 3762 3763 3763 3755 3755 3756 3756 3763 3763 3769 3769 3755 3755 3763 3763 3768 3768 3769 3769 3763 3763 3767 3767 3768 3768 3763 3763 3766 3766 3767 3767 3763 3763 3765 3765 3766 3766 3763 3763 3764 3764 3765 3765 3763 3763 3773 3773 3774 3774 3775 3775 3773 3773 3775 3775 3776 3776 3773 3773 3776 3776 3777 3777 3773 3773 3777 3777 3778 3778 3772 3772 3773 3773 3778 3778 3771 3771 3772 3772 3778 3778 3770 3770 3771 3771 3778 3778 3781 3781 3770 3770 3778 3778 3780 3780 3781 3781 3778 3778 3779 3779 3780 3780 3778 3778 3784 3784 3783 3783 3782 3782 3786 3786 3787 3787 3785 3785 3788 3788 3789 3789 3790 3790 3791 3791 3792 3792 3793 3793 3795 3795 3796 3796 3794 3794 3797 3797 3799 3799 3798 3798 3800 3800 3801 3801 3802 3802 3803 3803 3805 3805 3804 3804 3806 3806 3808 3808 3807 3807 3810 3810 3809 3809 3811 3811 3813 3813 3812 3812 3814 3814 3815 3815 3817 3817 3816 3816 3820 3820 3819 3819 3818 3818 3822 3822 3821 3821 3823 3823 3824 3824 3825 3825 3826 3826 3827 3827 3828 3828 3829 3829 3831 3831 3832 3832 3833 3833 3831 3831 3833 3833 3834 3834 3831 3831 3834 3834 3835 3835 3831 3831 3835 3835 3836 3836 3830 3830 3831 3831 3836 3836 3842 3842 3830 3830 3836 3836 3841 3841 3842 3842 3836 3836 3840 3840 3841 3841 3836 3836 3839 3839 3840 3840 3836 3836 3838 3838 3839 3839 3836 3836 3837 3837 3838 3838 3836 3836 3848 3848 3849 3849 3850 3850 3848 3848 3850 3850 3851 3851 3848 3848 3851 3851 3852 3852 3848 3848 3852 3852 3853 3853 3848 3848 3853 3853 3854 3854 3848 3848 3854 3854 3855 3855 3847 3847 3848 3848 3855 3855 3846 3846 3847 3847 3855 3855 3845 3845 3846 3846 3855 3855 3843 3843 3845 3845 3855 3855 3844 3844 3843 3843 3855 3855 3858 3858 3859 3859 3860 3860 3857 3857 3858 3858 3860 3860 3856 3856 3857 3857 3860 3860 3867 3867 3860 3860 3861 3861 3867 3867 3861 3861 3862 3862 3867 3867 3862 3862 3863 3863 3867 3867 3863 3863 3864 3864 3867 3867 3864 3864 3865 3865 3867 3867 3865 3865 3866 3866 3867 3867 3856 3856 3860 3860 3874 3874 3875 3875 3876 3876 3873 3873 3874 3874 3876 3876 3872 3872 3873 3873 3876 3876 3871 3871 3868 3868 3869 3869 3871 3871 3869 3869 3870 3870 3871 3871 3876 3876 3877 3877 3871 3871 3877 3877 3868 3868 3871 3871 3872 3872 3876 3876 3881 3881 3882 3882 3883 3883 3880 3880 3881 3881 3883 3883 3879 3879 3880 3880 3883 3883 3878 3878 3879 3879 3883 3883 3893 3893 3878 3878 3883 3883 3892 3892 3893 3893 3883 3883 3891 3891 3883 3883 3884 3884 3891 3891 3884 3884 3885 3885 3891 3891 3885 3885 3886 3886 3891 3891 3886 3886 3887 3887 3891 3891 3887 3887 3888 3888 3891 3891 3888 3888 3889 3889 3891 3891 3889 3889 3890 3890 3891 3891 3892 3892 3883 3883 3902 3902 3894 3894 3895 3895 3902 3902 3895 3895 3896 3896 3902 3902 3896 3896 3897 3897 3902 3902 3903 3903 3904 3904 3902 3902 3904 3904 3894 3894 3901 3901 3902 3902 3897 3897 3900 3900 3901 3901 3897 3897 3899 3899 3900 3900 3897 3897 3898 3898 3899 3899 3897 3897 3910 3910 3907 3907 3908 3908 3910 3910 3908 3908 3909 3909 3911 3911 3906 3906 3907 3907 3911 3911 3907 3907 3910 3910 3912 3912 3905 3905 3906 3906 3912 3912 3906 3906 3911 3911 3913 3913 3914 3914 3905 3905 3913 3913 3905 3905 3912 3912 3926 3926 3915 3915 3916 3916 3926 3926 3916 3916 3917 3917 3926 3926 3917 3917 3918 3918 3926 3926 3927 3927 3915 3915 3925 3925 3926 3926 3918 3918 3924 3924 3925 3925 3918 3918 3923 3923 3924 3924 3918 3918 3922 3922 3923 3923 3918 3918 3921 3921 3922 3922 3918 3918 3920 3920 3921 3921 3918 3918 3919 3919 3920 3920 3918 3918 3932 3932 3929 3929 3930 3930 3932 3932 3930 3930 3931 3931 3933 3933 3928 3928 3929 3929 3933 3933 3929 3929 3932 3932 3934 3934 3937 3937 3928 3928 3934 3934 3928 3928 3933 3933 3935 3935 3936 3936 3937 3937 3935 3935 3937 3937 3934 3934 3940 3940 3941 3941 3942 3942 3939 3939 3940 3940 3942 3942 3938 3938 3939 3939 3942 3942 3948 3948 3938 3938 3942 3942 3947 3947 3942 3942 3943 3943 3947 3947 3943 3943 3944 3944 3947 3947 3944 3944 3945 3945 3947 3947 3945 3945 3946 3946 3947 3947 3948 3948 3942 3942 3961 3961 3949 3949 3950 3950 3960 3960 3961 3961 3950 3950 3959 3959 3960 3960 3950 3950 3958 3958 3950 3950 3951 3951 3958 3958 3951 3951 3952 3952 3958 3958 3952 3952 3953 3953 3958 3958 3953 3953 3954 3954 3958 3958 3954 3954 3955 3955 3958 3958 3955 3955 3956 3956 3958 3958 3956 3956 3957 3957 3958 3958 3959 3959 3950 3950 3964 3964 3962 3962 3963 3963 3965 3965 3966 3966 3967 3967 3969 3969 3970 3970 3968 3968 3972 3972 3971 3971 3973 3973 3974 3974 3975 3975 3976 3976 3977 3977 3978 3978 3979 3979 3982 3982 3980 3980 3981 3981 3984 3984 3983 3983 3985 3985 3987 3987 3986 3986 3988 3988 3991 3991 3990 3990 3989 3989 3993 3993 3992 3992 3994 3994 3997 3997 3995 3995 3996 3996 3999 3999 3998 3998 4000 4000 4001 4001 4003 4003 4002 4002 4004 4004 4006 4006 4005 4005 4009 4009 4008 4008 4007 4007 4019 4019 4020 4020 4010 4010 4018 4018 4019 4019 4010 4010 4017 4017 4018 4018 4010 4010 4016 4016 4017 4017 4010 4010 4015 4015 4010 4010 4011 4011 4015 4015 4011 4011 4012 4012 4015 4015 4012 4012 4013 4013 4015 4015 4013 4013 4014 4014 4015 4015 4016 4016 4010 4010 4026 4026 4027 4027 4028 4028 4026 4026 4028 4028 4029 4029 4026 4026 4029 4029 4030 4030 4026 4026 4030 4030 4031 4031 4026 4026 4031 4031 4032 4032 4026 4026 4032 4032 4033 4033 4026 4026 4033 4033 4034 4034 4025 4025 4026 4026 4034 4034 4024 4024 4025 4025 4034 4034 4023 4023 4024 4024 4034 4034 4021 4021 4023 4023 4034 4034 4022 4022 4021 4021 4034 4034 4037 4037 4038 4038 4039 4039 4037 4037 4039 4039 4040 4040 4037 4037 4040 4040 4041 4041 4037 4037 4041 4041 4042 4042 4037 4037 4042 4042 4043 4043 4036 4036 4037 4037 4043 4043 4035 4035 4036 4036 4043 4043 4045 4045 4035 4035 4043 4043 4044 4044 4045 4045 4043 4043 4047 4047 4046 4046 4048 4048 4051 4051 4049 4049 4050 4050 4054 4054 4052 4052 4053 4053 4057 4057 4055 4055 4056 4056 4059 4059 4060 4060 4058 4058 4062 4062 4061 4061 4063 4063 4064 4064 4065 4065 4066 4066 4068 4068 4067 4067 4069 4069 4070 4070 4072 4072 4071 4071 4073 4073 4075 4075 4074 4074 4076 4076 4078 4078 4077 4077 4080 4080 4079 4079 4081 4081 4084 4084 4083 4083 4082 4082 4086 4086 4085 4085 4087 4087 4088 4088 4089 4089 4090 4090 4093 4093 4091 4091 4092 4092 4103 4103 4094 4094 4095 4095 4103 4103 4095 4095 4096 4096 4103 4103 4096 4096 4097 4097 4103 4103 4104 4104 4094 4094 4102 4102 4103 4103 4097 4097 4101 4101 4102 4102 4097 4097 4100 4100 4101 4101 4097 4097 4099 4099 4100 4100 4097 4097 4098 4098 4099 4099 4097 4097 4109 4109 4110 4110 4111 4111 4109 4109 4111 4111 4112 4112 4109 4109 4112 4112 4113 4113 4109 4109 4113 4113 4114 4114 4109 4109 4114 4114 4115 4115 4108 4108 4109 4109 4115 4115 4107 4107 4108 4108 4115 4115 4105 4105 4107 4107 4115 4115 4106 4106 4105 4105 4115 4115 4118 4118 4119 4119 4120 4120 4117 4117 4118 4118 4120 4120 4116 4116 4117 4117 4120 4120 4126 4126 4120 4120 4121 4121 4126 4126 4121 4121 4122 4122 4126 4126 4122 4122 4123 4123 4126 4126 4123 4123 4124 4124 4126 4126 4124 4124 4125 4125 4126 4126 4116 4116 4120 4120 4135 4135 4136 4136 4137 4137 4134 4134 4135 4135 4137 4137 4133 4133 4134 4134 4137 4137 4132 4132 4133 4133 4137 4137 4131 4131 4132 4132 4137 4137 4130 4130 4131 4131 4137 4137 4129 4129 4127 4127 4128 4128 4129 4129 4137 4137 4138 4138 4129 4129 4138 4138 4139 4139 4129 4129 4139 4139 4127 4127 4129 4129 4130 4130 4137 4137 4163 4163 4140 4140 4141 4141 4162 4162 4141 4141 4142 4142 4162 4162 4163 4163 4141 4141 4145 4145 4143 4143 4144 4144 4146 4146 4142 4142 4143 4143 4146 4146 4143 4143 4145 4145 4159 4159 4160 4160 4161 4161 4159 4159 4161 4161 4162 4162 4158 4158 4162 4162 4142 4142 4158 4158 4159 4159 4162 4162 4149 4149 4147 4147 4148 4148 4150 4150 4146 4146 4147 4147 4150 4150 4147 4147 4149 4149 4155 4155 4156 4156 4157 4157 4154 4154 4157 4157 4158 4158 4154 4154 4142 4142 4146 4146 4154 4154 4158 4158 4142 4142 4154 4154 4146 4146 4150 4150 4154 4154 4155 4155 4157 4157 4153 4153 4150 4150 4151 4151 4153 4153 4154 4154 4150 4150 4152 4152 4153 4153 4151 4151 4166 4166 4167 4167 4168 4168 4165 4165 4166 4166 4168 4168 4164 4164 4165 4165 4168 4168 4174 4174 4168 4168 4169 4169 4174 4174 4169 4169 4170 4170 4174 4174 4170 4170 4171 4171 4174 4174 4171 4171 4172 4172 4174 4174 4172 4172 4173 4173 4174 4174 4164 4164 4168 4168 4183 4183 4175 4175 4176 4176 4183 4183 4176 4176 4177 4177 4183 4183 4177 4177 4178 4178 4183 4183 4184 4184 4175 4175 4182 4182 4183 4183 4178 4178 4181 4181 4182 4182 4178 4178 4180 4180 4181 4181 4178 4178 4179 4179 4180 4180 4178 4178 4185 4185 4192 4192 4193 4193 4185 4185 4193 4193 4194 4194 4186 4186 4191 4191 4192 4192 4186 4186 4192 4192 4185 4185 4187 4187 4190 4190 4191 4191 4187 4187 4191 4191 4186 4186 4188 4188 4189 4189 4190 4190 4188 4188 4190 4190 4187 4187 4204 4204 4196 4196 4195 4195 4204 4204 4195 4195 4197 4197 4204 4204 4197 4197 4198 4198 4204 4204 4198 4198 4199 4199 4203 4203 4204 4204 4199 4199 4202 4202 4203 4203 4199 4199 4201 4201 4202 4202 4199 4199 4200 4200 4201 4201 4199 4199 4214 4214 4211 4211 4212 4212 4214 4214 4212 4212 4213 4213 4205 4205 4210 4210 4211 4211 4205 4205 4211 4211 4214 4214 4206 4206 4209 4209 4210 4210 4206 4206 4210 4210 4205 4205 4207 4207 4208 4208 4209 4209 4207 4207 4209 4209 4206 4206 4216 4216 4217 4217 4218 4218 4215 4215 4216 4216 4218 4218 4227 4227 4215 4215 4218 4218 4226 4226 4218 4218 4219 4219 4226 4226 4219 4219 4220 4220 4226 4226 4220 4220 4221 4221 4226 4226 4221 4221 4222 4222 4226 4226 4222 4222 4223 4223 4226 4226 4223 4223 4224 4224 4226 4226 4224 4224 4225 4225 4226 4226 4227 4227 4218 4218 4248 4248 4249 4249 4250 4250 4247 4247 4250 4250 4251 4251 4247 4247 4248 4248 4250 4250 4230 4230 4228 4228 4229 4229 4230 4230 4251 4251 4228 4228 4231 4231 4251 4251 4230 4230 4244 4244 4245 4245 4246 4246 4244 4244 4246 4246 4247 4247 4243 4243 4247 4247 4251 4251 4243 4243 4244 4244 4247 4247 4243 4243 4251 4251 4231 4231 4234 4234 4232 4232 4233 4233 4235 4235 4231 4231 4232 4232 4235 4235 4232 4232 4234 4234 4240 4240 4241 4241 4242 4242 4240 4240 4242 4242 4243 4243 4239 4239 4243 4243 4231 4231 4239 4239 4231 4231 4235 4235 4239 4239 4240 4240 4243 4243 4238 4238 4235 4235 4236 4236 4238 4238 4239 4239 4235 4235 4237 4237 4238 4238 4236 4236 4254 4254 4255 4255 4256 4256 4253 4253 4254 4254 4256 4256 4252 4252 4253 4253 4256 4256 4264 4264 4256 4256 4257 4257 4264 4264 4257 4257 4258 4258 4264 4264 4258 4258 4259 4259 4264 4264 4259 4259 4260 4260 4264 4264 4260 4260 4261 4261 4264 4264 4261 4261 4262 4262 4264 4264 4262 4262 4263 4263 4264 4264 4252 4252 4256 4256 4268 4268 4269 4269 4270 4270 4268 4268 4270 4270 4271 4271 4268 4268 4271 4271 4272 4272 4268 4268 4272 4272 4273 4273 4267 4267 4268 4268 4273 4273 4266 4266 4267 4267 4273 4273 4265 4265 4266 4266 4273 4273 4274 4274 4265 4265 4273 4273 4280 4280 4277 4277 4278 4278 4280 4280 4278 4278 4279 4279 4281 4281 4276 4276 4277 4277 4281 4281 4277 4277 4280 4280 4282 4282 4275 4275 4276 4276 4282 4282 4276 4276 4281 4281 4283 4283 4284 4284 4275 4275 4283 4283 4275 4275 4282 4282 4288 4288 4289 4289 4290 4290 4288 4288 4290 4290 4291 4291 4288 4288 4291 4291 4292 4292 4288 4288 4292 4292 4293 4293 4288 4288 4293 4293 4294 4294 4288 4288 4294 4294 4295 4295 4288 4288 4295 4295 4296 4296 4287 4287 4288 4288 4296 4296 4286 4286 4287 4287 4296 4296 4285 4285 4286 4286 4296 4296 4297 4297 4285 4285 4296 4296 4302 4302 4299 4299 4300 4300 4302 4302 4300 4300 4301 4301 4303 4303 4298 4298 4299 4299 4303 4303 4299 4299 4302 4302 4304 4304 4307 4307 4298 4298 4304 4304 4298 4298 4303 4303 4305 4305 4306 4306 4307 4307 4305 4305 4307 4307 4304 4304 4311 4311 4312 4312 4313 4313 4310 4310 4311 4311 4313 4313 4309 4309 4310 4310 4313 4313 4308 4308 4313 4313 4314 4314 4308 4308 4314 4314 4315 4315 4308 4308 4315 4315 4316 4316 4308 4308 4316 4316 4317 4317 4308 4308 4317 4317 4318 4318 4308 4308 4318 4318 4319 4319 4308 4308 4319 4319 4320 4320 4308 4308 4309 4309 4313 4313 4334 4334 4322 4322 4321 4321 4333 4333 4334 4334 4321 4321 4332 4332 4333 4333 4321 4321 4331 4331 4332 4332 4321 4321 4330 4330 4331 4331 4321 4321 4329 4329 4330 4330 4321 4321 4328 4328 4321 4321 4323 4323 4328 4328 4323 4323 4324 4324 4328 4328 4324 4324 4325 4325 4328 4328 4325 4325 4326 4326 4328 4328 4326 4326 4327 4327 4328 4328 4329 4329 4321 4321 4336 4336 4337 4337 4335 4335 4340 4340 4338 4338 4339 4339 4342 4342 4343 4343 4341 4341 4346 4346 4345 4345 4344 4344 4347 4347 4348 4348 4349 4349 4352 4352 4350 4350 4351 4351 4355 4355 4353 4353 4354 4354 4357 4357 4356 4356 4358 4358 4360 4360 4359 4359 4361 4361 4362 4362 4364 4364 4363 4363 4366 4366 4365 4365 4367 4367 4369 4369 4370 4370 4368 4368 4373 4373 4372 4372 4371 4371 4375 4375 4374 4374 4376 4376 4378 4378 4377 4377 4379 4379 4380 4380 4382 4382 4381 4381 4386 4386 4387 4387 4388 4388 4385 4385 4386 4386 4388 4388 4384 4384 4385 4385 4388 4388 4383 4383 4388 4388 4389 4389 4383 4383 4389 4389 4390 4390 4383 4383 4390 4390 4391 4391 4383 4383 4391 4391 4392 4392 4383 4383 4392 4392 4393 4393 4383 4383 4384 4384 4388 4388 4394 4394 4395 4395 4396 4396 4398 4398 4399 4399 4397 4397 4400 4400 4402 4402 4401 4401 4403 4403 4405 4405 4404 4404 4406 4406 4408 4408 4407 4407 4411 4411 4409 4409 4410 4410 4414 4414 4413 4413 4412 4412 4416 4416 4415 4415 4417 4417 4419 4419 4420 4420 4418 4418 4422 4422 4421 4421 4423 4423 4424 4424 4425 4425 4426 4426 4427 4427 4429 4429 4428 4428 4430 4430 4431 4431 4432 4432 4435 4435 4434 4434 4433 4433 4438 4438 4437 4437 4436 4436 4439 4439 4440 4440 4441 4441 4449 4449 4450 4450 4451 4451 4449 4449 4451 4451 4452 4452 4449 4449 4452 4452 4453 4453 4449 4449 4453 4453 4454 4454 4449 4449 4454 4454 4455 4455 4449 4449 4455 4455 4456 4456 4449 4449 4456 4456 4457 4457 4448 4448 4449 4449 4457 4457 4447 4447 4448 4448 4457 4457 4446 4446 4447 4447 4457 4457 4445 4445 4446 4446 4457 4457 4444 4444 4445 4445 4457 4457 4443 4443 4444 4444 4457 4457 4442 4442 4443 4443 4457 4457 4463 4463 4464 4464 4465 4465 4463 4463 4465 4465 4466 4466 4463 4463 4466 4466 4467 4467 4463 4463 4467 4467 4468 4468 4462 4462 4463 4463 4468 4468 4461 4461 4462 4462 4468 4468 4460 4460 4461 4461 4468 4468 4459 4459 4460 4460 4468 4468 4458 4458 4459 4459 4468 4468 4470 4470 4458 4458 4468 4468 4469 4469 4470 4470 4468 4468 4484 4484 4471 4471 4472 4472 4484 4484 4472 4472 4473 4473 4484 4484 4473 4473 4474 4474 4484 4484 4474 4474 4475 4475 4484 4484 4475 4475 4476 4476 4483 4483 4484 4484 4476 4476 4482 4482 4483 4483 4476 4476 4481 4481 4482 4482 4476 4476 4480 4480 4481 4481 4476 4476 4479 4479 4480 4480 4476 4476 4478 4478 4479 4479 4476 4476 4477 4477 4478 4478 4476 4476 4490 4490 4491 4491 4492 4492 4490 4490 4492 4492 4493 4493 4490 4490 4493 4493 4494 4494 4490 4490 4494 4494 4495 4495 4490 4490 4495 4495 4496 4496 4489 4489 4490 4490 4496 4496 4488 4488 4489 4489 4496 4496 4487 4487 4488 4488 4496 4496 4485 4485 4487 4487 4496 4496 4486 4486 4485 4485 4496 4496 4499 4499 4500 4500 4501 4501 4498 4498 4499 4499 4501 4501 4497 4497 4498 4498 4501 4501 4510 4510 4497 4497 4501 4501 4509 4509 4501 4501 4502 4502 4509 4509 4502 4502 4503 4503 4509 4509 4503 4503 4504 4504 4509 4509 4504 4504 4505 4505 4509 4509 4505 4505 4506 4506 4509 4509 4506 4506 4507 4507 4509 4509 4507 4507 4508 4508 4509 4509 4510 4510 4501 4501 4519 4519 4520 4520 4521 4521 4518 4518 4519 4519 4521 4521 4517 4517 4518 4518 4521 4521 4516 4516 4517 4517 4521 4521 4515 4515 4516 4516 4521 4521 4514 4514 4515 4515 4521 4521 4513 4513 4511 4511 4512 4512 4513 4513 4521 4521 4522 4522 4513 4513 4522 4522 4523 4523 4513 4513 4523 4523 4511 4511 4513 4513 4514 4514 4521 4521 4533 4533 4530 4530 4531 4531 4533 4533 4531 4531 4532 4532 4524 4524 4529 4529 4530 4530 4524 4524 4530 4530 4533 4533 4525 4525 4528 4528 4529 4529 4525 4525 4529 4529 4524 4524 4526 4526 4527 4527 4528 4528 4526 4526 4528 4528 4525 4525 4542 4542 4534 4534 4535 4535 4542 4542 4535 4535 4536 4536 4542 4542 4536 4536 4537 4537 4542 4542 4543 4543 4544 4544 4542 4542 4544 4544 4534 4534 4541 4541 4542 4542 4537 4537 4540 4540 4541 4541 4537 4537 4539 4539 4540 4540 4537 4537 4538 4538 4539 4539 4537 4537 4556 4556 4557 4557 4558 4558 4555 4555 4556 4556 4558 4558 4554 4554 4555 4555 4558 4558 4553 4553 4554 4554 4558 4558 4552 4552 4553 4553 4558 4558 4551 4551 4552 4552 4558 4558 4550 4550 4545 4545 4546 4546 4550 4550 4546 4546 4547 4547 4550 4550 4547 4547 4548 4548 4550 4550 4548 4548 4549 4549 4550 4550 4558 4558 4559 4559 4550 4550 4559 4559 4560 4560 4550 4550 4560 4560 4545 4545 4550 4550 4551 4551 4558 4558 4561 4561 4562 4562 4563 4563 4561 4561 4563 4563 4564 4564 4561 4561 4564 4564 4565 4565 4561 4561 4565 4565 4566 4566 4561 4561 4566 4566 4567 4567 4574 4574 4561 4561 4567 4567 4573 4573 4574 4574 4567 4567 4572 4572 4573 4573 4567 4567 4571 4571 4572 4572 4567 4567 4570 4570 4571 4571 4567 4567 4569 4569 4570 4570 4567 4567 4568 4568 4569 4569 4567 4567 4580 4580 4577 4577 4578 4578 4580 4580 4578 4578 4579 4579 4581 4581 4576 4576 4577 4577 4581 4581 4577 4577 4580 4580 4582 4582 4575 4575 4576 4576 4582 4582 4576 4576 4581 4581 4583 4583 4584 4584 4575 4575 4583 4583 4575 4575 4582 4582 4595 4595 4596 4596 4597 4597 4594 4594 4595 4595 4597 4597 4593 4593 4594 4594 4597 4597 4592 4592 4593 4593 4597 4597 4591 4591 4592 4592 4597 4597 4590 4590 4591 4591 4597 4597 4589 4589 4585 4585 4586 4586 4589 4589 4586 4586 4587 4587 4589 4589 4587 4587 4588 4588 4589 4589 4597 4597 4598 4598 4589 4589 4598 4598 4599 4599 4589 4589 4599 4599 4600 4600 4589 4589 4600 4600 4585 4585 4589 4589 4590 4590 4597 4597 4606 4606 4607 4607 4608 4608 4605 4605 4606 4606 4608 4608 4604 4604 4605 4605 4608 4608 4603 4603 4604 4604 4608 4608 4601 4601 4608 4608 4609 4609 4601 4601 4609 4609 4610 4610 4601 4601 4610 4610 4611 4611 4601 4601 4611 4611 4612 4612 4601 4601 4612 4612 4613 4613 4601 4601 4613 4613 4614 4614 4601 4601 4614 4614 4602 4602 4601 4601 4603 4603 4608 4608 4616 4616 4615 4615 4617 4617 4618 4618 4619 4619 4620 4620 4623 4623 4621 4621 4622 4622 4625 4625 4624 4624 4626 4626 4627 4627 4628 4628 4629 4629 4630 4630 4631 4631 4632 4632 4633 4633 4634 4634 4635 4635 4637 4637 4636 4636 4638 4638 4640 4640 4639 4639 4641 4641 4642 4642 4644 4644 4643 4643 4645 4645 4647 4647 4646 4646 4649 4649 4650 4650 4648 4648 4653 4653 4652 4652 4651 4651 4654 4654 4656 4656 4655 4655 4659 4659 4657 4657 4658 4658 4661 4661 4660 4660 4662 4662 4672 4672 4673 4673 4663 4663 4671 4671 4672 4672 4663 4663 4670 4670 4671 4671 4663 4663 4669 4669 4670 4670 4663 4663 4668 4668 4663 4663 4664 4664 4668 4668 4664 4664 4665 4665 4668 4668 4665 4665 4666 4666 4668 4668 4666 4666 4667 4667 4668 4668 4669 4669 4663 4663 4676 4676 4674 4674 4675 4675 4677 4677 4678 4678 4679 4679 4681 4681 4680 4680 4682 4682 4683 4683 4685 4685 4684 4684 4687 4687 4686 4686 4688 4688 4691 4691 4689 4689 4690 4690 4692 4692 4694 4694 4693 4693 4697 4697 4696 4696 4695 4695 4699 4699 4700 4700 4698 4698 4703 4703 4702 4702 4701 4701 4706 4706 4704 4704 4705 4705 4709 4709 4708 4708 4707 4707 4712 4712 4710 4710 4711 4711 4713 4713 4714 4714 4715 4715 4717 4717 4716 4716 4718 4718 4719 4719 4721 4721 4720 4720 4727 4727 4728 4728 4729 4729 4727 4727 4729 4729 4730 4730 4727 4727 4730 4730 4731 4731 4727 4727 4731 4731 4732 4732 4727 4727 4732 4732 4733 4733 4727 4727 4733 4733 4734 4734 4727 4727 4734 4734 4735 4735 4726 4726 4727 4727 4735 4735 4725 4725 4726 4726 4735 4735 4724 4724 4725 4725 4735 4735 4722 4722 4724 4724 4735 4735 4723 4723 4722 4722 4735 4735 4741 4741 4742 4742 4743 4743 4741 4741 4743 4743 4744 4744 4741 4741 4744 4744 4745 4745 4741 4741 4745 4745 4746 4746 4741 4741 4746 4746 4747 4747 4741 4741 4747 4747 4748 4748 4741 4741 4748 4748 4749 4749 4740 4740 4741 4741 4749 4749 4739 4739 4740 4740 4749 4749 4738 4738 4739 4739 4749 4749 4737 4737 4738 4738 4749 4749 4736 4736 4737 4737 4749 4749 4751 4751 4736 4736 4749 4749 4750 4750 4751 4751 4749 4749 4752 4752 4753 4753 4754 4754 4752 4752 4754 4754 4755 4755 4752 4752 4755 4755 4756 4756 4752 4752 4756 4756 4757 4757 4752 4752 4757 4757 4758 4758 4763 4763 4752 4752 4758 4758 4762 4762 4763 4763 4758 4758 4761 4761 4762 4762 4758 4758 4760 4760 4761 4761 4758 4758 4759 4759 4760 4760 4758 4758 4769 4769 4770 4770 4771 4771 4769 4769 4771 4771 4772 4772 4769 4769 4772 4772 4773 4773 4769 4769 4773 4773 4774 4774 4769 4769 4774 4774 4775 4775 4768 4768 4769 4769 4775 4775 4767 4767 4768 4768 4775 4775 4766 4766 4767 4767 4775 4775 4764 4764 4766 4766 4775 4775 4765 4765 4764 4764 4775 4775 4778 4778 4779 4779 4780 4780 4777 4777 4778 4778 4780 4780 4776 4776 4777 4777 4780 4780 4788 4788 4780 4780 4781 4781 4788 4788 4781 4781 4782 4782 4788 4788 4782 4782 4783 4783 4788 4788 4783 4783 4784 4784 4788 4788 4784 4784 4785 4785 4788 4788 4785 4785 4786 4786 4788 4788 4786 4786 4787 4787 4788 4788 4776 4776 4780 4780 4797 4797 4798 4798 4799 4799 4796 4796 4797 4797 4799 4799 4795 4795 4796 4796 4799 4799 4794 4794 4795 4795 4799 4799 4793 4793 4794 4794 4799 4799 4792 4792 4793 4793 4799 4799 4791 4791 4789 4789 4790 4790 4791 4791 4799 4799 4800 4800 4791 4791 4800 4800 4801 4801 4791 4791 4801 4801 4802 4802 4791 4791 4802 4802 4789 4789 4791 4791 4792 4792 4799 4799 4826 4826 4803 4803 4804 4804 4825 4825 4804 4804 4805 4805 4825 4825 4826 4826 4804 4804 4808 4808 4805 4805 4806 4806 4808 4808 4806 4806 4807 4807 4809 4809 4805 4805 4808 4808 4822 4822 4823 4823 4824 4824 4822 4822 4824 4824 4825 4825 4821 4821 4825 4825 4805 4805 4821 4821 4822 4822 4825 4825 4821 4821 4805 4805 4809 4809 4812 4812 4810 4810 4811 4811 4813 4813 4809 4809 4810 4810 4813 4813 4810 4810 4812 4812 4818 4818 4819 4819 4820 4820 4818 4818 4820 4820 4821 4821 4817 4817 4821 4821 4809 4809 4817 4817 4809 4809 4813 4813 4817 4817 4818 4818 4821 4821 4816 4816 4813 4813 4814 4814 4816 4816 4817 4817 4813 4813 4815 4815 4816 4816 4814 4814 4831 4831 4828 4828 4829 4829 4831 4831 4829 4829 4830 4830 4832 4832 4827 4827 4828 4828 4832 4832 4828 4828 4831 4831 4833 4833 4836 4836 4827 4827 4833 4833 4827 4827 4832 4832 4834 4834 4835 4835 4836 4836 4834 4834 4836 4836 4833 4833 4845 4845 4837 4837 4838 4838 4845 4845 4838 4838 4839 4839 4845 4845 4839 4839 4840 4840 4845 4845 4846 4846 4847 4847 4845 4845 4847 4847 4837 4837 4844 4844 4845 4845 4840 4840 4843 4843 4844 4844 4840 4840 4842 4842 4843 4843 4840 4840 4841 4841 4842 4842 4840 4840 4850 4850 4851 4851 4852 4852 4849 4849 4850 4850 4852 4852 4848 4848 4849 4849 4852 4852 4858 4858 4852 4852 4853 4853 4858 4858 4853 4853 4854 4854 4858 4858 4854 4854 4855 4855 4858 4858 4855 4855 4856 4856 4858 4858 4856 4856 4857 4857 4858 4858 4848 4848 4852 4852 4859 4859 4860 4860 4861 4861 4859 4859 4861 4861 4862 4862 4859 4859 4862 4862 4863 4863 4859 4859 4863 4863 4864 4864 4868 4868 4859 4859 4864 4864 4867 4867 4868 4868 4864 4864 4866 4866 4867 4867 4864 4864 4865 4865 4866 4866 4864 4864 4878 4878 4875 4875 4876 4876 4878 4878 4876 4876 4877 4877 4869 4869 4873 4873 4874 4874 4869 4869 4874 4874 4875 4875 4869 4869 4875 4875 4878 4878 4870 4870 4873 4873 4869 4869 4871 4871 4872 4872 4873 4873 4871 4871 4873 4873 4870 4870 4879 4879 4880 4880 4881 4881 4891 4891 4879 4879 4881 4881 4890 4890 4891 4891 4881 4881 4889 4889 4881 4881 4882 4882 4889 4889 4882 4882 4883 4883 4889 4889 4883 4883 4884 4884 4889 4889 4884 4884 4885 4885 4889 4889 4885 4885 4886 4886 4889 4889 4886 4886 4887 4887 4889 4889 4887 4887 4888 4888 4889 4889 4890 4890 4881 4881</p>
        </triangles>
      </mesh>
    </geometry>
  </library_geometries>
  <library_visual_scenes>
    <visual_scene id="IfcOpenShell">
      <node id="product-23f27b65-2a18-4efe-9dcd-efa1bad83607-body" name="product-23f27b65-2a18-4efe-9dcd-efa1bad83607-body" type="NODE">
        <matrix>1 0 0 -1.546195272235921 0 1 0 -2.193887500000001 0 0 1 -2.122381855713334 0 0 0 1</matrix>
        <instance_geometry url="#representation-1073660-material-3732">
          <bind_material>
            <technique_common>
              <instance_material symbol="IfcMaterial-3732" target="#IfcMaterial-3732"/>
            </technique_common>
          </bind_material>
        </instance_geometry>
      </node>
    </visual_scene>
  </library_visual_scenes>
  <scene>
    <instance_visual_scene url="#IfcOpenShell"/>
  </scene>
</COLLADA>