<?xml version="1.0" encoding="utf-8"?>
<COLLADA xmlns="http://www.collada.org/2005/11/COLLADASchema" version="1.4.1" xmlns:xsi="http://www.w3.org/2001/XMLSchema-instance">
  <asset>
    <contributor>
      <authoring_tool>IfcOpenShell 0.8.1-c49ca69</authoring_tool>
    </contributor>
    <created>2025-04-23T00:07:09</created>
    <modified>2025-04-23T00:07:09</modified>
    <unit name="METER" meter="1"/>
    <up_axis>Z_UP</up_axis>
  </asset>
  <library_effects>
    <effect id="IfcMaterial-3732-fx">
      <profile_COMMON>
        <technique sid="common">
          <lambert/>
        </technique>
      </profile_COMMON>
    </effect>
  </library_effects>
  <library_materials>
    <material id="IfcMaterial-3732">
      <instance_effect url="#IfcMaterial-3732-fx"/>
    </material>
  </library_materials>
  <library_geometries>
    <geometry id="representation-1069485-material-3732">
      <mesh>
        <source id="representation-1069485-material-3732-positions">
          <float_array id="representation-1069485-material-3732-positions-array" count="9798">1.159895272235922 2.416987499999998 4.105051034141882 1.169613760561468 2.404800901097725 4.111794606656974 1.159895272235922 2.416987499999998 3.195652173913044 1.172395272235922 2.404487499999997 3.195652173913044 1.169613760561468 2.404800901097725 4.111794606656974 1.159895272235922 2.416987499999998 3.195652173913044 1.184895272235922 2.416987499999998 4.105051034141882 1.184895272235922 2.416987499999998 3.195652173913044 1.172395272235922 2.404487499999997 3.195652173913044 1.172395272235922 2.404487499999997 3.195652173913044 1.169613760561468 2.404800901097725 4.111794606656974 1.184895272235922 2.416987499999998 4.105051034141882 1.175176783910376 2.429174098902271 4.09830746162679 1.184895272235922 2.416987499999998 4.105051034141882 1.184895272235922 2.416987499999998 3.195652173913044 1.172395272235922 2.429487499999998 3.195652173913044 1.175176783910376 2.429174098902271 4.09830746162679 1.184895272235922 2.416987499999998 3.195652173913044 1.159895272235922 2.416987499999998 4.105051034141882 1.159895272235922 2.416987499999998 3.195652173913044 1.172395272235922 2.429487499999998 3.195652173913044 1.175176783910376 2.429174098902271 4.09830746162679 1.159895272235922 2.416987499999998 4.105051034141882 1.172395272235922 2.429487499999998 3.195652173913044 1.175176783910376 2.429174098902271 4.09830746162679 1.159895272235922 2.416987499999998 4.105051034141882 1.169613760561468 2.404800901097725 4.111794606656974 1.184895272235922 2.416987499999998 4.105051034141882 1.184895272235922 2.416987499999998 3.195652173913044 1.172395272235922 2.404487499999997 3.195652173913044 1.159895272235922 2.416987499999998 3.195652173913044 1.172395272235922 2.429487499999998 3.195652173913044 1.021595272235922 3.404487499999997 3.371849453114213 1.033781871138195 3.414205988325544 3.378593025629304 1.021595272235922 3.404487499999997 2.434782608695652 1.034095272235922 3.416987499999998 2.434782608695652 1.033781871138195 3.414205988325544 3.378593025629304 1.021595272235922 3.404487499999997 2.434782608695652 1.021595272235922 3.429487499999997 3.371849453114213 1.021595272235922 3.429487499999997 2.434782608695652 1.034095272235922 3.416987499999998 2.434782608695652 1.034095272235922 3.416987499999998 2.434782608695652 1.033781871138195 3.414205988325544 3.378593025629304 1.021595272235922 3.429487499999997 3.371849453114213 1.009408673333649 3.419769011674453 3.36510588059912 1.021595272235922 3.429487499999997 3.371849453114213 1.021595272235922 3.429487499999997 2.434782608695652 1.009095272235922 3.416987499999998 2.434782608695652 1.009408673333649 3.419769011674453 3.36510588059912 1.021595272235922 3.429487499999997 2.434782608695652 1.021595272235922 3.404487499999997 3.371849453114213 1.021595272235922 3.404487499999997 2.434782608695652 1.009095272235922 3.416987499999998 2.434782608695652 1.009408673333649 3.419769011674453 3.36510588059912 1.021595272235922 3.404487499999997 3.371849453114213 1.009095272235922 3.416987499999998 2.434782608695652 1.009408673333649 3.419769011674453 3.36510588059912 1.021595272235922 3.404487499999997 3.371849453114213 1.033781871138195 3.414205988325544 3.378593025629304 1.021595272235922 3.429487499999997 3.371849453114213 1.021595272235922 3.429487499999997 2.434782608695652 1.034095272235922 3.416987499999998 2.434782608695652 1.021595272235922 3.404487499999997 2.434782608695652 1.009095272235922 3.416987499999998 2.434782608695652 0.03409527223592068 3.001587500000001 2.514363287106307 0.02437678391037501 3.013774098902273 2.521106859621399 0.03409527223592068 3.001587500000001 1.521739130434783 0.02159527223592105 3.0140875 1.521739130434783 0.02437678391037501 3.013774098902273 2.521106859621399 0.03409527223592068 3.001587500000001 1.521739130434783 0.009095272235921103 3.001587500000001 2.514363287106307 0.009095272235921103 3.001587500000001 1.521739130434783 0.02159527223592105 3.0140875 1.521739130434783 0.02159527223592105 3.0140875 1.521739130434783 0.02437678391037501 3.013774098902273 2.521106859621399 0.009095272235921103 3.001587500000001 2.514363287106307 0.01881376056146677 2.989400901097727 2.507619714591216 0.009095272235921103 3.001587500000001 2.514363287106307 0.009095272235921103 3.001587500000001 1.521739130434783 0.02159527223592083 2.9890875 1.521739130434783 0.01881376056146677 2.989400901097727 2.507619714591216 0.009095272235921103 3.001587500000001 1.521739130434783 0.03409527223592068 3.001587500000001 2.514363287106307 0.03409527223592068 3.001587500000001 1.521739130434783 0.02159527223592083 2.9890875 1.521739130434783 0.01881376056146677 2.989400901097727 2.507619714591216 0.03409527223592068 3.001587500000001 2.514363287106307 0.02159527223592083 2.9890875 1.521739130434783 0.01881376056146677 2.989400901097727 2.507619714591216 0.03409527223592068 3.001587500000001 2.514363287106307 0.02437678391037501 3.013774098902273 2.521106859621399 0.009095272235921103 3.001587500000001 2.514363287106307 0.02159527223592105 3.0140875 1.521739130434783 0.03409527223592068 3.001587500000001 1.521739130434783 0.02159527223592083 2.9890875 1.521739130434783 0.009095272235921103 3.001587500000001 1.521739130434783 0.03409527223591901 2.001587500000001 1.961003603311841 0.02437678391037312 2.013774098902273 1.967747175826932 0.03409527223591901 2.001587500000001 1.065217391304348 0.0215952722359195 2.0140875 1.065217391304348 0.02437678391037312 2.013774098902273 1.967747175826932 0.03409527223591901 2.001587500000001 1.065217391304348 0.009095272235919216 2.001587500000001 1.961003603311841 0.009095272235919216 2.001587500000001 1.065217391304348 0.0215952722359195 2.0140875 1.065217391304348 0.0215952722359195 2.0140875 1.065217391304348 0.02437678391037312 2.013774098902273 1.967747175826932 0.009095272235919216 2.001587500000001 1.961003603311841 0.0188137605614651 1.989400901097727 1.954260030796749 0.009095272235919216 2.001587500000001 1.961003603311841 0.009095272235919216 2.001587500000001 1.065217391304348 0.02159527223591928 1.9890875 1.065217391304348 0.0188137605614651 1.989400901097727 1.954260030796749 0.009095272235919216 2.001587500000001 1.065217391304348 0.03409527223591901 2.001587500000001 1.961003603311841 0.03409527223591901 2.001587500000001 1.065217391304348 0.02159527223591928 1.9890875 1.065217391304348 0.0188137605614651 1.989400901097727 1.954260030796749 0.03409527223591901 2.001587500000001 1.961003603311841 0.02159527223591928 1.9890875 1.065217391304348 0.0188137605614651 1.989400901097727 1.954260030796749 0.03409527223591901 2.001587500000001 1.961003603311841 0.02437678391037312 2.013774098902273 1.967747175826932 0.009095272235919216 2.001587500000001 1.961003603311841 0.009095272235919216 2.001587500000001 1.065217391304348 0.0215952722359195 2.0140875 1.065217391304348 0.03409527223591901 2.001587500000001 1.065217391304348 0.02159527223591928 1.9890875 1.065217391304348 0.03409527223591746 1.0015875 1.407643919517374 0.02437678391037156 1.013774098902273 1.414387492032466 0.03409527223591746 1.0015875 0.4565217391304351 0.02159527223591795 1.0140875 0.4565217391304351 0.02437678391037156 1.013774098902273 1.414387492032466 0.03409527223591746 1.0015875 0.4565217391304351 0.009095272235917661 1.0015875 1.407643919517374 0.009095272235917661 1.0015875 0.4565217391304351 0.02159527223591795 1.0140875 0.4565217391304351 0.02159527223591795 1.0140875 0.4565217391304351 0.02437678391037156 1.013774098902273 1.414387492032466 0.009095272235917661 1.0015875 1.407643919517374 0.01881376056146355 0.989400901097727 1.400900347002283 0.009095272235917661 1.0015875 1.407643919517374 0.009095272235917661 1.0015875 0.4565217391304351 0.02159527223591761 0.9890874999999996 0.4565217391304351 0.01881376056146355 0.989400901097727 1.400900347002283 0.009095272235917661 1.0015875 0.4565217391304351 0.03409527223591746 1.0015875 1.407643919517374 0.03409527223591746 1.0015875 0.4565217391304351 0.02159527223591761 0.9890874999999996 0.4565217391304351 0.01881376056146355 0.989400901097727 1.400900347002283 0.03409527223591746 1.0015875 1.407643919517374 0.02159527223591761 0.9890874999999996 0.4565217391304351 0.01881376056146355 0.989400901097727 1.400900347002283 0.03409527223591746 1.0015875 1.407643919517374 0.02437678391037156 1.013774098902273 1.414387492032466 0.009095272235917661 1.0015875 1.407643919517374 0.02159527223591795 1.0140875 0.4565217391304351 0.03409527223591746 1.0015875 0.4565217391304351 0.02159527223591761 0.9890874999999996 0.4565217391304351 0.009095272235917661 1.0015875 0.4565217391304351 1.159895272235924 3.416987499999998 3.461011857707511 1.159895272235924 3.416987499999998 2.58695652173913 1.172395272235924 3.404487499999997 2.58695652173913 1.172395272235924 3.404487499999997 3.461011857707511 1.184895272235924 3.416987499999998 3.461011857707511 1.172395272235924 3.404487499999997 3.461011857707511 1.172395272235924 3.404487499999997 2.58695652173913 1.184895272235924 3.416987499999998 2.58695652173913 1.172395272235924 3.429487499999997 2.58695652173913 1.172395272235924 3.429487499999997 3.461011857707511 1.184895272235924 3.416987499999998 3.461011857707511 1.184895272235924 3.416987499999998 2.58695652173913 1.172395272235924 3.429487499999997 3.461011857707511 1.159895272235924 3.416987499999998 3.461011857707511 1.172395272235924 3.429487499999997 2.58695652173913 1.159895272235924 3.416987499999998 2.58695652173913 1.159895272235924 3.416987499999998 3.461011857707511 1.172395272235924 3.404487499999997 3.461011857707511 1.184895272235924 3.416987499999998 3.461011857707511 1.172395272235924 3.429487499999997 3.461011857707511 1.184895272235924 3.416987499999998 2.58695652173913 1.172395272235924 3.404487499999997 2.58695652173913 1.159895272235924 3.416987499999998 2.58695652173913 1.172395272235924 3.429487499999997 2.58695652173913 0.02159527223592216 3.404487500000001 2.686086956521739 0.02159527223592216 3.404487500000001 1.826086956521739 0.03409527223592201 3.416987500000001 1.826086956521739 0.03409527223592201 3.416987500000001 2.686086956521739 0.02159527223592239 3.429487500000001 2.686086956521739 0.03409527223592201 3.416987500000001 2.686086956521739 0.03409527223592201 3.416987500000001 1.826086956521739 0.02159527223592216 3.429487500000001 1.826086956521739 0.009095272235922435 3.416987500000001 1.826086956521739 0.009095272235922435 3.416987500000001 2.686086956521739 0.02159527223592239 3.429487500000001 2.686086956521739 0.02159527223592216 3.429487500000001 1.826086956521739 0.009095272235922435 3.416987500000001 2.686086956521739 0.02159527223592216 3.404487500000001 2.686086956521739 0.009095272235922435 3.416987500000001 1.826086956521739 0.02159527223592216 3.404487500000001 1.826086956521739 0.009095272235922435 3.416987500000001 2.686086956521739 0.02159527223592216 3.404487500000001 2.686086956521739 0.03409527223592201 3.416987500000001 2.686086956521739 0.02159527223592239 3.429487500000001 2.686086956521739 0.02159527223592216 3.429487500000001 1.826086956521739 0.03409527223592201 3.416987500000001 1.826086956521739 0.02159527223592216 3.404487500000001 1.826086956521739 0.009095272235922435 3.416987500000001 1.826086956521739 0.03409527223592134 3.301587500000001 2.680371192244648 0.02437678391037545 3.313774098902273 2.687114764759739 0.03409527223592134 3.301587500000001 1.826086956521739 0.02159527223592172 3.314087500000001 1.826086956521739 0.02437678391037545 3.313774098902273 2.687114764759739 0.03409527223592134 3.301587500000001 1.826086956521739 0.009095272235921547 3.301587500000001 2.680371192244648 0.009095272235921547 3.301587500000001 1.826086956521739 0.02159527223592172 3.314087500000001 1.826086956521739 0.02159527223592172 3.314087500000001 1.826086956521739 0.02437678391037545 3.313774098902273 2.687114764759739 0.009095272235921547 3.301587500000001 2.680371192244648 0.01881376056146744 3.289400901097727 2.673627619729556 0.009095272235921547 3.301587500000001 2.680371192244648 0.009095272235921547 3.301587500000001 1.826086956521739 0.02159527223592128 3.289087499999999 1.826086956521739 0.01881376056146744 3.289400901097727 2.673627619729556 0.009095272235921547 3.301587500000001 1.826086956521739 0.03409527223592134 3.301587500000001 2.680371192244648 0.03409527223592134 3.301587500000001 1.826086956521739 0.02159527223592128 3.289087499999999 1.826086956521739 0.01881376056146744 3.289400901097727 2.673627619729556 0.03409527223592134 3.301587500000001 2.680371192244648 0.02159527223592128 3.289087499999999 1.826086956521739 0.01881376056146744 3.289400901097727 2.673627619729556 0.03409527223592134 3.301587500000001 2.680371192244648 0.02437678391037545 3.313774098902273 2.687114764759739 0.009095272235921547 3.301587500000001 2.680371192244648 0.009095272235921547 3.301587500000001 1.826086956521739 0.02159527223592172 3.314087500000001 1.826086956521739 0.03409527223592134 3.301587500000001 1.826086956521739 0.02159527223592128 3.289087499999999 1.826086956521739 1.159895272235922 2.254087499999998 4.195193326632001 1.169613760561468 2.241900901097725 4.201936899147092 1.159895272235922 2.254087499999998 3.195652173913043 1.172395272235922 2.241587499999998 3.195652173913043 1.169613760561468 2.241900901097725 4.201936899147092 1.159895272235922 2.254087499999998 3.195652173913043 1.184895272235922 2.254087499999998 4.195193326632001 1.184895272235922 2.254087499999998 3.195652173913043 1.172395272235922 2.241587499999998 3.195652173913043 1.172395272235922 2.241587499999998 3.195652173913043 1.169613760561468 2.241900901097725 4.201936899147092 1.184895272235922 2.254087499999998 4.195193326632001 1.175176783910376 2.26627409890227 4.188449754116909 1.184895272235922 2.254087499999998 4.195193326632001 1.184895272235922 2.254087499999998 3.195652173913043 1.172395272235922 2.266587499999999 3.195652173913043 1.175176783910376 2.26627409890227 4.188449754116909 1.184895272235922 2.254087499999998 3.195652173913043 1.159895272235922 2.254087499999998 4.195193326632001 1.159895272235922 2.254087499999998 3.195652173913043 1.172395272235922 2.266587499999999 3.195652173913043 1.175176783910376 2.26627409890227 4.188449754116909 1.159895272235922 2.254087499999998 4.195193326632001 1.172395272235922 2.266587499999999 3.195652173913043 1.175176783910376 2.26627409890227 4.188449754116909 1.159895272235922 2.254087499999998 4.195193326632001 1.169613760561468 2.241900901097725 4.201936899147092 1.184895272235922 2.254087499999998 4.195193326632001 1.184895272235922 2.254087499999998 3.195652173913043 1.172395272235922 2.241587499999998 3.195652173913043 1.159895272235922 2.254087499999998 3.195652173913043 1.172395272235922 2.266587499999999 3.195652173913043 0.0340952722359159 0.01408749999999958 0.8612012317703382 0.02437678391037023 0.02627409890227216 0.8679448042854297 0.0340952722359159 0.01408749999999958 0 0.02159527223591628 0.02658749999999954 0 0.02437678391037023 0.02627409890227216 0.8679448042854297 0.0340952722359159 0.01408749999999958 0 0.009095272235916107 0.01408750000000047 0.8612012317703383 0.009095272235916107 0.01408749999999958 0 0.02159527223591628 0.02658749999999954 0 0.02159527223591628 0.02658749999999954 0 0.02437678391037023 0.02627409890227216 0.8679448042854297 0.009095272235916107 0.01408750000000047 0.8612012317703383 0.018813760561462 0.001900901097726892 0.8544576592552465 0.009095272235916107 0.01408750000000047 0.8612012317703383 0.009095272235916107 0.01408749999999958 0 0.02159527223591606 0.00158749999999963 0 0.018813760561462 0.001900901097726892 0.8544576592552465 0.009095272235916107 0.01408749999999958 0 0.0340952722359159 0.01408749999999958 0.8612012317703382 0.0340952722359159 0.01408749999999958 0 0.02159527223591606 0.00158749999999963 0 0.018813760561462 0.001900901097726892 0.8544576592552465 0.0340952722359159 0.01408749999999958 0.8612012317703382 0.02159527223591606 0.00158749999999963 0 0.018813760561462 0.001900901097726892 0.8544576592552465 0.0340952722359159 0.01408749999999958 0.8612012317703382 0.02437678391037023 0.02627409890227216 0.8679448042854297 0.009095272235916107 0.01408750000000047 0.8612012317703383 0.009095272235916107 0.01408749999999958 0 0.02159527223591628 0.02658749999999954 0 0.0340952722359159 0.01408749999999958 0 0.02159527223591606 0.00158749999999963 0 0.008026366813129182 0.00158749999999963 0.760689512612179 0.006595272235915827 0.00158749999999963 0.7578565883960902 0.00847027223591612 0.00158749999999963 0.7541449309069606 0.01034527223591608 0.00158749999999963 0.7504332734178309 0.01222027223591626 0.00158749999999963 0.7467216159287013 0.01409527223591611 0.00158749999999963 0.7430099584395716 0.01784527223591603 0.00158749999999963 0.7430099584395718 0.02159527223591628 0.00158749999999963 0.7430099584395718 0.02534527223591631 0.00158749999999963 0.7430099584395719 0.02909527223591612 0.00158749999999963 0.7430099584395719 0.03097027223591608 0.00158749999999963 0.7467216159287015 0.03284527223591604 0.00158749999999963 0.7504332734178309 0.03472027223591611 0.00158749999999963 0.7541449309069605 0.03659527223591607 0.00158749999999963 0.7578565883960901 0.03516417765870272 0.00158749999999963 0.7606895126121788 0.03373308308148958 0.00158749999999963 0.7635224368282677 0.03141417765870269 0.00158749999999963 0.768112827590438 0.0290952722359159 0.00158749999999963 0.7727032183526083 0.02534527223591587 0.00158749999999963 0.7727032183526083 0.02159527223591628 0.00158749999999963 0.7727032183526083 0.01784527223591603 0.00158749999999963 0.7727032183526084 0.01409527223591611 0.00158749999999963 0.7727032183526083 0.01222027223591581 0.00158749999999963 0.7689915608634789 0.01034527223591608 0.00158749999999963 0.7652799033743493 0.01409527223591611 0.00158749999999963 0.7430099584395716 0.01222027223591626 0.00158749999999963 0.7467216159287013 0.01034527223591608 0.00158749999999963 0.7504332734178309 0.00847027223591612 0.00158749999999963 0.7541449309069606 0.006595272235915827 0.00158749999999963 0.7578565883960902 0.006595272235921267 3.305460950969922 2.58608695652174 0.008024692907201536 3.306100284511572 2.583611127293694 0.008346397455045395 3.306244172530032 2.583053918671801 0.009454113578482026 3.30673961805322 2.581135298065646 0.01009752267416974 3.307027394090142 2.580020880821863 0.01177469290720156 3.307777537981705 2.57711593676531 0.01209639745504564 3.307921426000164 2.576558728143418 0.01409527223592088 3.308815457910188 2.573096575464974 0.02159527223592105 3.308815457910188 2.573096575464973 0.02534527223592086 3.308815457910188 2.573096575464973 0.02909527223592112 3.308815457910188 2.573096575464973 0.02909527223591612 0.00158749999999963 0.7430099584395719 0.02534527223591631 0.00158749999999963 0.7430099584395719 0.02159527223591628 0.00158749999999963 0.7430099584395718 0.01784527223591603 0.00158749999999963 0.7430099584395718 0.01409527223591611 0.00158749999999963 0.7430099584395716 0.01409527223592088 3.308815457910188 2.573096575464974 0.01784527223592102 3.308815457910188 2.573096575464973 0.03659527223591607 0.00158749999999963 0.7578565883960901 0.03472027223591611 0.00158749999999963 0.7541449309069605 0.03284527223591604 0.00158749999999963 0.7504332734178309 0.03097027223591608 0.00158749999999963 0.7467216159287015 0.02909527223591612 0.00158749999999963 0.7430099584395719 0.02909527223592112 3.308815457910188 2.573096575464973 0.03097027223592108 3.307976831175121 2.576344170729165 0.03284527223592126 3.307138204440055 2.579591765993356 0.03484414701680405 3.306244172530028 2.583053918671814 0.03516585156464224 3.306100284511571 2.583611127293695 0.03659527223592151 3.305460950969922 2.58608695652174 0.02909527223592112 3.302106444029657 2.599077337578507 0.0290952722359159 0.00158749999999963 0.7727032183526083 0.03141417765870269 0.00158749999999963 0.768112827590438 0.03373308308148958 0.00158749999999963 0.7635224368282677 0.03516417765870272 0.00158749999999963 0.7606895126121788 0.03659527223591607 0.00158749999999963 0.7578565883960901 0.03659527223592151 3.305460950969922 2.58608695652174 0.03472027223592133 3.304622324234856 2.589334551785932 0.03284527223592126 3.30378369749979 2.592582147050123 0.03097027223592108 3.302945070764723 2.595829742314315 0.008026366813129182 0.00158749999999963 0.760689512612179 0.01034527223591608 0.00158749999999963 0.7652799033743493 0.01222027223591581 0.00158749999999963 0.7689915608634789 0.01409527223591611 0.00158749999999963 0.7727032183526083 0.01409527223592155 3.302106444029657 2.599077337578507 0.01222027223592125 3.302945070764723 2.595829742314316 0.01034527223592152 3.30378369749979 2.592582147050124 0.008470272235921338 3.304622324234856 2.589334551785933 0.006595272235921267 3.305460950969922 2.58608695652174 0.006595272235915827 0.00158749999999963 0.7578565883960902 0.01784527223591603 0.00158749999999963 0.7727032183526084 0.02159527223591628 0.00158749999999963 0.7727032183526083 0.02534527223591587 0.00158749999999963 0.7727032183526083 0.0290952722359159 0.00158749999999963 0.7727032183526083 0.02909527223592112 3.302106444029657 2.599077337578507 0.02534527223592109 3.302106444029657 2.599077337578507 0.02159527223592105 3.302106444029657 2.599077337578507 0.01784527223592158 3.302106444029657 2.599077337578507 0.01409527223592155 3.302106444029657 2.599077337578507 0.01409527223591611 0.00158749999999963 0.7727032183526083 0.02534527223592197 3.401987500000001 2.599077337578507 0.02909527223592156 3.401987500000001 2.599077337578507 0.03116159273991314 3.401987499999999 2.595498365480872 0.0332279132439045 3.401987500000001 2.591919393383238 0.03491159273991317 3.401987500000001 2.589003174952488 0.03659527223592173 3.401987500000001 2.58608695652174 0.034720272235922 3.401987500000001 2.582839361257548 0.03284527223592181 3.401987500000001 2.579591765993356 0.03097027223592174 3.401987500000001 2.576344170729165 0.02909527223592156 3.401987500000001 2.573096575464974 0.02534527223592197 3.401987500000001 2.573096575464974 0.02159527223592172 3.401987500000001 2.573096575464974 0.01784527223592158 3.401987500000001 2.573096575464974 0.01409527223592177 3.401987500000001 2.573096575464974 0.01222027223592148 3.401987499999999 2.576344170729166 0.01034527223592174 3.401987500000001 2.579591765993356 0.008470272235922005 3.401987500000001 2.582839361257548 0.006595272235921489 3.401987500000001 2.58608695652174 0.008278951668991285 3.401987500000001 2.589003174843475 0.009962631102060637 3.401987500000001 2.59191939316521 0.01202895166899109 3.401987500000003 2.595498365371859 0.01409527223592177 3.401987500000001 2.599077337578507 0.0178452722359218 3.401987500000001 2.599077337578507 0.02159527223592172 3.401987500000001 2.599077337578507 0.008470272235922005 3.401987500000001 2.582839361257548 0.01034527223592174 3.401987500000001 2.579591765993356 0.01222027223592148 3.401987499999999 2.576344170729166 0.01409527223592177 3.401987500000001 2.573096575464974 0.01409527223592088 3.308815457910188 2.573096575464974 0.01209639745504564 3.307921426000164 2.576558728143418 0.01177469290720156 3.307777537981705 2.57711593676531 0.01009752267416974 3.307027394090142 2.580020880821863 0.009454113578482026 3.30673961805322 2.581135298065646 0.008346397455045395 3.306244172530032 2.583053918671801 0.008024692907201536 3.306100284511572 2.583611127293694 0.006595272235921267 3.305460950969922 2.58608695652174 0.006595272235921489 3.401987500000001 2.58608695652174 0.034720272235922 3.401987500000001 2.582839361257548 0.03659527223592173 3.401987500000001 2.58608695652174 0.03659527223592151 3.305460950969922 2.58608695652174 0.03516585156464224 3.306100284511571 2.583611127293695 0.03484414701680405 3.306244172530028 2.583053918671814 0.03284527223592126 3.307138204440055 2.579591765993356 0.03097027223592108 3.307976831175121 2.576344170729165 0.02909527223592112 3.308815457910188 2.573096575464973 0.02909527223592156 3.401987500000001 2.573096575464974 0.03097027223592174 3.401987500000001 2.576344170729165 0.03284527223592181 3.401987500000001 2.579591765993356 0.02159527223592105 3.308815457910188 2.573096575464973 0.02534527223592086 3.308815457910188 2.573096575464973 0.01784527223592102 3.308815457910188 2.573096575464973 0.01409527223592088 3.308815457910188 2.573096575464974 0.01409527223592177 3.401987500000001 2.573096575464974 0.01784527223592158 3.401987500000001 2.573096575464974 0.02159527223592172 3.401987500000001 2.573096575464974 0.02534527223592197 3.401987500000001 2.573096575464974 0.02909527223592156 3.401987500000001 2.573096575464974 0.02909527223592112 3.308815457910188 2.573096575464973 0.03097027223592108 3.302945070764723 2.595829742314315 0.03284527223592126 3.30378369749979 2.592582147050123 0.03472027223592133 3.304622324234856 2.589334551785932 0.03659527223592151 3.305460950969922 2.58608695652174 0.03659527223592173 3.401987500000001 2.58608695652174 0.03491159273991317 3.401987500000001 2.589003174952488 0.0332279132439045 3.401987500000001 2.591919393383238 0.03116159273991314 3.401987499999999 2.595498365480872 0.02909527223592156 3.401987500000001 2.599077337578507 0.02909527223592112 3.302106444029657 2.599077337578507 0.01034527223592152 3.30378369749979 2.592582147050124 0.01222027223592125 3.302945070764723 2.595829742314316 0.01409527223592155 3.302106444029657 2.599077337578507 0.01409527223592177 3.401987500000001 2.599077337578507 0.01202895166899109 3.401987500000003 2.595498365371859 0.009962631102060637 3.401987500000001 2.59191939316521 0.008278951668991285 3.401987500000001 2.589003174843475 0.006595272235921489 3.401987500000001 2.58608695652174 0.006595272235921267 3.305460950969922 2.58608695652174 0.008470272235921338 3.304622324234856 2.589334551785933 0.02534527223592197 3.401987500000001 2.599077337578507 0.02159527223592172 3.401987500000001 2.599077337578507 0.0178452722359218 3.401987500000001 2.599077337578507 0.01409527223592177 3.401987500000001 2.599077337578507 0.01409527223592155 3.302106444029657 2.599077337578507 0.01784527223592158 3.302106444029657 2.599077337578507 0.02159527223592105 3.302106444029657 2.599077337578507 0.02534527223592109 3.302106444029657 2.599077337578507 0.02909527223592112 3.302106444029657 2.599077337578507 0.02909527223592156 3.401987500000001 2.599077337578507 0.006595272235921711 3.42994400134197 2.717806935855001 0.006595272235921711 3.431987500000001 2.713761726736013 0.006595272235921711 3.42994400134197 2.709716517617024 0.006595272235921711 3.428237500000001 2.706338411757753 0.006595272235921711 3.426362500000001 2.702626754268624 0.006595272235921711 3.424487500000001 2.698915096779494 0.006595272235921267 3.420737500000001 2.698915096779495 0.006595272235921489 3.416987500000001 2.698915096779495 0.006595272235921711 3.413237500000001 2.698915096779495 0.006595272235921711 3.409487500000001 2.698915096779494 0.006595272235921489 3.407612499999999 2.702626754268624 0.006595272235921711 3.405737500000001 2.706338411757753 0.006595272235921489 3.403862500000001 2.710050069246883 0.006595272235921711 3.401987500000001 2.713761726736013 0.006595272235921711 3.404030998658031 2.717806935855001 0.006595272235921711 3.406074497316062 2.72185214497399 0.006595272235921934 3.407780998658031 2.72523025083326 0.006595272235921711 3.409487500000001 2.728608356692531 0.006595272235921934 3.413237499999999 2.728608356692531 0.006595272235921711 3.416987500000001 2.728608356692531 0.006595272235921711 3.420737500000003 2.728608356692531 0.006595272235921711 3.424487500000001 2.728608356692531 0.006595272235921711 3.426362500000003 2.724896699203402 0.006595272235921711 3.428237500000001 2.721185041714272 1.157395272235924 3.429944001341961 3.346522841727681 1.157395272235924 3.431987499999997 3.350568050846686 1.157395272235924 3.430112499999998 3.354279708335815 1.157395272235924 3.428237499999998 3.357991365824944 1.157395272235924 3.426362499999999 3.361703023314075 1.157395272235924 3.424487499999997 3.365414680803204 1.157395272235924 3.420737499999997 3.365414680803204 1.157395272235924 3.416987499999998 3.365414680803204 1.157395272235924 3.413237499999997 3.365414680803205 1.157395272235924 3.409487499999997 3.365414680803204 1.157395272235924 3.407612499999998 3.361703023314075 1.157395272235924 3.405737499999998 3.357991365824944 1.157395272235924 3.404030998658029 3.354613259965677 1.157395272235924 3.401987499999997 3.350568050846686 1.157395272235924 3.404030998658029 3.346522841727693 1.157395272235924 3.405737499999998 3.343144735868427 1.157395272235924 3.407612499999998 3.339433078379296 1.157395272235924 3.409487499999997 3.335721420890167 1.157395272235924 3.413237499999997 3.335721420890167 1.157395272235924 3.416987499999998 3.335721420890167 1.157395272235924 3.420737499999997 3.335721420890167 1.157395272235924 3.424487499999997 3.335721420890167 1.157395272235924 3.426194001341961 3.339099526749422 1.157395272235924 3.427900502683922 3.342477632608676 1.157395272235924 3.424487499999997 3.335721420890167 0.006595272235921711 3.424487500000001 2.698915096779494 0.006595272235921711 3.426362500000001 2.702626754268624 0.006595272235921711 3.428237500000001 2.706338411757753 0.006595272235921711 3.42994400134197 2.709716517617024 0.006595272235921711 3.431987500000001 2.713761726736013 1.157395272235924 3.431987499999997 3.350568050846686 1.157395272235924 3.429944001341961 3.346522841727681 1.157395272235924 3.427900502683922 3.342477632608676 1.157395272235924 3.426194001341961 3.339099526749422 1.157395272235924 3.416987499999998 3.335721420890167 1.157395272235924 3.413237499999997 3.335721420890167 1.157395272235924 3.409487499999997 3.335721420890167 0.006595272235921711 3.409487500000001 2.698915096779494 0.006595272235921711 3.413237500000001 2.698915096779495 0.006595272235921489 3.416987500000001 2.698915096779495 0.006595272235921267 3.420737500000001 2.698915096779495 0.006595272235921711 3.424487500000001 2.698915096779494 1.157395272235924 3.424487499999997 3.335721420890167 1.157395272235924 3.420737499999997 3.335721420890167 1.157395272235924 3.404030998658029 3.346522841727693 1.157395272235924 3.401987499999997 3.350568050846686 0.006595272235921711 3.401987500000001 2.713761726736013 0.006595272235921489 3.403862500000001 2.710050069246883 0.006595272235921711 3.405737500000001 2.706338411757753 0.006595272235921489 3.407612499999999 2.702626754268624 0.006595272235921711 3.409487500000001 2.698915096779494 1.157395272235924 3.409487499999997 3.335721420890167 1.157395272235924 3.407612499999998 3.339433078379296 1.157395272235924 3.405737499999998 3.343144735868427 1.157395272235924 3.416987499999998 3.365414680803204 1.157395272235924 3.420737499999997 3.365414680803204 1.157395272235924 3.424487499999997 3.365414680803204 0.006595272235921711 3.424487500000001 2.728608356692531 0.006595272235921711 3.420737500000003 2.728608356692531 0.006595272235921711 3.416987500000001 2.728608356692531 0.006595272235921934 3.413237499999999 2.728608356692531 0.006595272235921711 3.409487500000001 2.728608356692531 1.157395272235924 3.409487499999997 3.365414680803204 1.157395272235924 3.413237499999997 3.365414680803205 0.006595272235921711 3.42994400134197 2.717806935855001 0.006595272235921711 3.428237500000001 2.721185041714272 0.006595272235921711 3.426362500000003 2.724896699203402 0.006595272235921711 3.424487500000001 2.728608356692531 1.157395272235924 3.424487499999997 3.365414680803204 1.157395272235924 3.426362499999999 3.361703023314075 1.157395272235924 3.428237499999998 3.357991365824944 1.157395272235924 3.430112499999998 3.354279708335815 1.157395272235924 3.431987499999997 3.350568050846686 0.006595272235921711 3.431987500000001 2.713761726736013 1.157395272235924 3.404030998658029 3.354613259965677 1.157395272235924 3.405737499999998 3.357991365824944 1.157395272235924 3.407612499999998 3.361703023314075 1.157395272235924 3.409487499999997 3.365414680803204 0.006595272235921711 3.409487500000001 2.728608356692531 0.006595272235921934 3.407780998658031 2.72523025083326 0.006595272235921711 3.406074497316062 2.72185214497399 0.006595272235921711 3.404030998658031 2.717806935855001 0.006595272235921711 3.401987500000001 2.713761726736013 1.157395272235924 3.401987499999997 3.350568050846686 1.176145272235924 3.431987499999997 3.461809937720198 1.179895272235924 3.431987499999997 3.461809937720198 1.181770272235924 3.431987499999997 3.458098280231069 1.183645272235924 3.431987499999997 3.454386622741939 1.185419340431786 3.431987499999997 3.450874764872394 1.187395272235924 3.431987499999997 3.44696330776368 1.185419340431786 3.431987499999997 3.443051850654966 1.183645272235924 3.431987499999997 3.439539992785421 1.181770272235924 3.431987499999997 3.435828335296291 1.179895272235924 3.431987499999997 3.432116677807162 1.176145272235924 3.431987499999997 3.432116677807162 1.172395272235924 3.431987499999997 3.432116677807162 1.168645272235924 3.431987499999997 3.432116677807162 1.164895272235924 3.431987499999997 3.432116677807162 1.163020272235924 3.431987499999997 3.435828335296291 1.161145272235924 3.431987499999997 3.439539992785421 1.159270272235924 3.431987499999997 3.443251650274551 1.157395272235924 3.431987499999997 3.44696330776368 1.159371204040062 3.431987499999997 3.450874764872394 1.161347135844201 3.431987499999997 3.454786221981109 1.163121204040062 3.431987499999997 3.458298079850653 1.164895272235924 3.431987499999997 3.461809937720198 1.168645272235924 3.431987499999997 3.461809937720198 1.172395272235924 3.431987499999997 3.461809937720198 1.164895272235922 2.241587499999998 4.120529305309132 1.163020272235922 2.241587499999998 4.116817647820003 1.161145272235922 2.241587499999998 4.113105990330873 1.159371204040061 2.241587499999998 4.10959413246133 1.157395272235922 2.241587499999998 4.105682675352613 1.159371204040062 2.241587499999998 4.101771218243896 1.161145272235922 2.241587499999998 4.098259360374355 1.163020272235922 2.241587499999998 4.094547702885225 1.164895272235922 2.241587499999998 4.090836045396096 1.168645272235922 2.241587499999998 4.090836045396097 1.172395272235922 2.241587499999998 4.090836045396097 1.176145272235922 2.241587499999998 4.090836045396097 1.179895272235922 2.241587499999998 4.090836045396096 1.181669340431777 2.241587499999998 4.094347903265626 1.183443408627631 2.241587499999998 4.097859761135156 1.185419340431776 2.241587499999998 4.101771218243885 1.187395272235922 2.241587499999998 4.105682675352613 1.185520272235922 2.241587499999998 4.109394332841744 1.183645272235922 2.241587499999998 4.113105990330874 1.181770272235922 2.241587499999998 4.116817647820003 1.179895272235922 2.241587499999998 4.120529305309132 1.176145272235922 2.241587499999998 4.120529305309132 1.172395272235922 2.241587499999998 4.120529305309132 1.168645272235922 2.241587499999998 4.120529305309132 1.179895272235922 2.241587499999998 4.090836045396096 1.179895272235924 3.431987499999997 3.432116677807162 1.181770272235924 3.431987499999997 3.435828335296291 1.183645272235924 3.431987499999997 3.439539992785421 1.185419340431786 3.431987499999997 3.443051850654966 1.187395272235924 3.431987499999997 3.44696330776368 1.187395272235922 2.241587499999998 4.105682675352613 1.185419340431776 2.241587499999998 4.101771218243885 1.183443408627631 2.241587499999998 4.097859761135156 1.181669340431777 2.241587499999998 4.094347903265626 1.172395272235922 2.241587499999998 4.090836045396097 1.168645272235922 2.241587499999998 4.090836045396097 1.164895272235922 2.241587499999998 4.090836045396096 1.164895272235924 3.431987499999997 3.432116677807162 1.168645272235924 3.431987499999997 3.432116677807162 1.172395272235924 3.431987499999997 3.432116677807162 1.176145272235924 3.431987499999997 3.432116677807162 1.179895272235924 3.431987499999997 3.432116677807162 1.179895272235922 2.241587499999998 4.090836045396096 1.176145272235922 2.241587499999998 4.090836045396097 1.159371204040062 2.241587499999998 4.101771218243896 1.157395272235922 2.241587499999998 4.105682675352613 1.157395272235924 3.431987499999997 3.44696330776368 1.159270272235924 3.431987499999997 3.443251650274551 1.161145272235924 3.431987499999997 3.439539992785421 1.163020272235924 3.431987499999997 3.435828335296291 1.164895272235924 3.431987499999997 3.432116677807162 1.164895272235922 2.241587499999998 4.090836045396096 1.163020272235922 2.241587499999998 4.094547702885225 1.161145272235922 2.241587499999998 4.098259360374355 1.172395272235922 2.241587499999998 4.120529305309132 1.176145272235922 2.241587499999998 4.120529305309132 1.179895272235922 2.241587499999998 4.120529305309132 1.179895272235924 3.431987499999997 3.461809937720198 1.176145272235924 3.431987499999997 3.461809937720198 1.172395272235924 3.431987499999997 3.461809937720198 1.168645272235924 3.431987499999997 3.461809937720198 1.164895272235924 3.431987499999997 3.461809937720198 1.164895272235922 2.241587499999998 4.120529305309132 1.168645272235922 2.241587499999998 4.120529305309132 1.185419340431786 3.431987499999997 3.450874764872394 1.183645272235924 3.431987499999997 3.454386622741939 1.181770272235924 3.431987499999997 3.458098280231069 1.179895272235924 3.431987499999997 3.461809937720198 1.179895272235922 2.241587499999998 4.120529305309132 1.181770272235922 2.241587499999998 4.116817647820003 1.183645272235922 2.241587499999998 4.113105990330874 1.185520272235922 2.241587499999998 4.109394332841744 1.187395272235922 2.241587499999998 4.105682675352613 1.187395272235924 3.431987499999997 3.44696330776368 1.159371204040061 2.241587499999998 4.10959413246133 1.161145272235922 2.241587499999998 4.113105990330873 1.163020272235922 2.241587499999998 4.116817647820003 1.164895272235922 2.241587499999998 4.120529305309132 1.164895272235924 3.431987499999997 3.461809937720198 1.163121204040062 3.431987499999997 3.458298079850653 1.161347135844201 3.431987499999997 3.454786221981109 1.159371204040062 3.431987499999997 3.450874764872394 1.157395272235924 3.431987499999997 3.44696330776368 1.157395272235922 2.241587499999998 4.105682675352613 0.008026366813129182 0.00158749999999963 0.635689512612179 0.006595272235915827 0.00158749999999963 0.6328565883960902 0.00847027223591612 0.00158749999999963 0.6291449309069606 0.01034527223591585 0.00158749999999963 0.6254332734178309 0.01222027223591581 0.00158749999999963 0.6217216159287014 0.01409527223591611 0.00158749999999963 0.6180099584395716 0.01784527223591603 0.00158749999999963 0.6180099584395718 0.02159527223591628 0.00158749999999963 0.6180099584395718 0.02534527223591631 0.00158749999999963 0.6180099584395718 0.02909527223591612 0.00158749999999963 0.6180099584395719 0.0309702722359163 0.00158749999999963 0.6217216159287015 0.03284527223591604 0.00158749999999963 0.6254332734178309 0.03472027223591633 0.00158749999999963 0.6291449309069605 0.03659527223591607 0.00158749999999963 0.6328565883960901 0.03516417765870272 0.00158749999999963 0.6356895126121788 0.03373308308148958 0.00158749999999963 0.6385224368282677 0.03141417765870269 0.00158749999999963 0.6431128275904379 0.0290952722359159 0.00158749999999963 0.6477032183526083 0.02534527223591587 0.00158749999999963 0.6477032183526083 0.02159527223591628 0.00158749999999963 0.6477032183526083 0.01784527223591603 0.00158749999999963 0.6477032183526084 0.01409527223591611 0.00158749999999963 0.6477032183526083 0.01222027223591581 0.00158749999999963 0.6439915608634789 0.01034527223591608 0.00158749999999963 0.6402799033743493 0.01409527223591611 0.00158749999999963 0.6180099584395716 0.01222027223591581 0.00158749999999963 0.6217216159287014 0.01034527223591585 0.00158749999999963 0.6254332734178309 0.00847027223591612 0.00158749999999963 0.6291449309069606 0.006595272235915827 0.00158749999999963 0.6328565883960902 0.006595272235921267 3.305460950969922 2.46108695652174 0.008024692907201758 3.306100284511572 2.458611127293693 0.008346397455045617 3.306244172530032 2.4580539186718 0.009454113578482026 3.306739618053221 2.456135298065647 0.01009752267416996 3.307027394090142 2.455020880821862 0.01177469290720156 3.307777537981705 2.45211593676531 0.01209639745504564 3.307921426000164 2.451558728143417 0.01409527223592133 3.308815457910188 2.448096575464973 0.02159527223592105 3.308815457910188 2.448096575464973 0.02534527223592131 3.308815457910188 2.448096575464973 0.02909527223592134 3.308815457910188 2.448096575464973 0.02909527223591612 0.00158749999999963 0.6180099584395719 0.02534527223591631 0.00158749999999963 0.6180099584395718 0.02159527223591628 0.00158749999999963 0.6180099584395718 0.01784527223591603 0.00158749999999963 0.6180099584395718 0.01409527223591611 0.00158749999999963 0.6180099584395716 0.01409527223592133 3.308815457910188 2.448096575464973 0.01784527223592102 3.308815457910188 2.448096575464973 0.03659527223591607 0.00158749999999963 0.6328565883960901 0.03472027223591633 0.00158749999999963 0.6291449309069605 0.03284527223591604 0.00158749999999963 0.6254332734178309 0.0309702722359163 0.00158749999999963 0.6217216159287015 0.02909527223591612 0.00158749999999963 0.6180099584395719 0.02909527223592134 3.308815457910188 2.448096575464973 0.03097027223592152 3.307976831175122 2.451344170729165 0.03284527223592126 3.307138204440055 2.454591765993356 0.03484414701680449 3.306244172530028 2.458053918671813 0.03516585156464224 3.306100284511572 2.458611127293695 0.03659527223592151 3.305460950969922 2.46108695652174 0.02909527223592156 3.302106444029657 2.474077337578506 0.0290952722359159 0.00158749999999963 0.6477032183526083 0.03141417765870269 0.00158749999999963 0.6431128275904379 0.03373308308148958 0.00158749999999963 0.6385224368282677 0.03516417765870272 0.00158749999999963 0.6356895126121788 0.03659527223591607 0.00158749999999963 0.6328565883960901 0.03659527223592151 3.305460950969922 2.46108695652174 0.03472027223592177 3.304622324234855 2.464334551785931 0.03284527223592148 3.30378369749979 2.467582147050123 0.03097027223592174 3.302945070764724 2.470829742314315 0.008026366813129182 0.00158749999999963 0.635689512612179 0.01034527223591608 0.00158749999999963 0.6402799033743493 0.01222027223591581 0.00158749999999963 0.6439915608634789 0.01409527223591611 0.00158749999999963 0.6477032183526083 0.01409527223592133 3.302106444029657 2.474077337578506 0.01222027223592103 3.302945070764723 2.470829742314315 0.01034527223592129 3.30378369749979 2.467582147050123 0.008470272235921338 3.304622324234855 2.464334551785932 0.006595272235921267 3.305460950969922 2.46108695652174 0.006595272235915827 0.00158749999999963 0.6328565883960902 0.01784527223591603 0.00158749999999963 0.6477032183526084 0.02159527223591628 0.00158749999999963 0.6477032183526083 0.02534527223591587 0.00158749999999963 0.6477032183526083 0.0290952722359159 0.00158749999999963 0.6477032183526083 0.02909527223592156 3.302106444029657 2.474077337578506 0.02534527223592153 3.302106444029657 2.474077337578506 0.02159527223592128 3.302106444029657 2.474077337578506 0.01784527223592102 3.302106444029657 2.474077337578506 0.01409527223592133 3.302106444029657 2.474077337578506 0.01409527223591611 0.00158749999999963 0.6477032183526083 0.0253452722359222 3.401987500000001 2.474077337578506 0.02909527223592178 3.401987500000001 2.474077337578506 0.03116159273991314 3.401987499999999 2.470498365480871 0.03322791324390472 3.401987500000001 2.466919393383237 0.03491159273991339 3.401987500000001 2.464003174952488 0.03659527223592196 3.401987500000001 2.461086956521739 0.03472027223592222 3.401987500000001 2.457839361257547 0.03284527223592181 3.401987500000001 2.454591765993356 0.03097027223592174 3.401987500000001 2.451344170729164 0.02909527223592178 3.401987500000001 2.448096575464973 0.02534527223592197 3.401987500000001 2.448096575464973 0.02159527223592194 3.401987500000001 2.448096575464973 0.01784527223592202 3.401987500000001 2.448096575464973 0.01409527223592199 3.401987500000001 2.448096575464973 0.01222027223592225 3.401987499999999 2.451344170729164 0.01034527223592196 3.401987500000001 2.454591765993356 0.008470272235922005 3.401987500000001 2.457839361257547 0.006595272235921711 3.401987500000001 2.461086956521739 0.008278951668991507 3.401987500000001 2.464003174843474 0.009962631102060637 3.401987500000001 2.466919393165209 0.01202895166899109 3.401987500000003 2.470498365371858 0.01409527223592199 3.401987500000001 2.474077337578506 0.01784527223592202 3.401987500000001 2.474077337578506 0.02159527223592216 3.401987500000001 2.474077337578506 0.008470272235922005 3.401987500000001 2.457839361257547 0.01034527223592196 3.401987500000001 2.454591765993356 0.01222027223592225 3.401987499999999 2.451344170729164 0.01409527223592199 3.401987500000001 2.448096575464973 0.01409527223592133 3.308815457910188 2.448096575464973 0.01209639745504564 3.307921426000164 2.451558728143417 0.01177469290720156 3.307777537981705 2.45211593676531 0.01009752267416996 3.307027394090142 2.455020880821862 0.009454113578482026 3.306739618053221 2.456135298065647 0.008346397455045617 3.306244172530032 2.4580539186718 0.008024692907201758 3.306100284511572 2.458611127293693 0.006595272235921267 3.305460950969922 2.46108695652174 0.006595272235921711 3.401987500000001 2.461086956521739 0.03472027223592222 3.401987500000001 2.457839361257547 0.03659527223592196 3.401987500000001 2.461086956521739 0.03659527223592151 3.305460950969922 2.46108695652174 0.03516585156464224 3.306100284511572 2.458611127293695 0.03484414701680449 3.306244172530028 2.458053918671813 0.03284527223592126 3.307138204440055 2.454591765993356 0.03097027223592152 3.307976831175122 2.451344170729165 0.02909527223592134 3.308815457910188 2.448096575464973 0.02909527223592178 3.401987500000001 2.448096575464973 0.03097027223592174 3.401987500000001 2.451344170729164 0.03284527223592181 3.401987500000001 2.454591765993356 0.02159527223592105 3.308815457910188 2.448096575464973 0.02534527223592131 3.308815457910188 2.448096575464973 0.01784527223592102 3.308815457910188 2.448096575464973 0.01409527223592133 3.308815457910188 2.448096575464973 0.01409527223592199 3.401987500000001 2.448096575464973 0.01784527223592202 3.401987500000001 2.448096575464973 0.02159527223592194 3.401987500000001 2.448096575464973 0.02534527223592197 3.401987500000001 2.448096575464973 0.02909527223592178 3.401987500000001 2.448096575464973 0.02909527223592134 3.308815457910188 2.448096575464973 0.03097027223592174 3.302945070764724 2.470829742314315 0.03284527223592148 3.30378369749979 2.467582147050123 0.03472027223592177 3.304622324234855 2.464334551785931 0.03659527223592151 3.305460950969922 2.46108695652174 0.03659527223592196 3.401987500000001 2.461086956521739 0.03491159273991339 3.401987500000001 2.464003174952488 0.03322791324390472 3.401987500000001 2.466919393383237 0.03116159273991314 3.401987499999999 2.470498365480871 0.02909527223592178 3.401987500000001 2.474077337578506 0.02909527223592156 3.302106444029657 2.474077337578506 0.01034527223592129 3.30378369749979 2.467582147050123 0.01222027223592103 3.302945070764723 2.470829742314315 0.01409527223592133 3.302106444029657 2.474077337578506 0.01409527223592199 3.401987500000001 2.474077337578506 0.01202895166899109 3.401987500000003 2.470498365371858 0.009962631102060637 3.401987500000001 2.466919393165209 0.008278951668991507 3.401987500000001 2.464003174843474 0.006595272235921711 3.401987500000001 2.461086956521739 0.006595272235921267 3.305460950969922 2.46108695652174 0.008470272235921338 3.304622324234855 2.464334551785932 0.0253452722359222 3.401987500000001 2.474077337578506 0.02159527223592216 3.401987500000001 2.474077337578506 0.01784527223592202 3.401987500000001 2.474077337578506 0.01409527223592199 3.401987500000001 2.474077337578506 0.01409527223592133 3.302106444029657 2.474077337578506 0.01784527223592102 3.302106444029657 2.474077337578506 0.02159527223592128 3.302106444029657 2.474077337578506 0.02534527223592153 3.302106444029657 2.474077337578506 0.02909527223592156 3.302106444029657 2.474077337578506 0.02909527223592178 3.401987500000001 2.474077337578506 0.006595272235921711 3.42994400134197 2.592806935855 0.006595272235921711 3.431987500000001 2.588761726736013 0.006595272235921711 3.42994400134197 2.584716517617023 0.006595272235921711 3.428237500000001 2.581338411757753 0.006595272235921711 3.426362500000001 2.577626754268623 0.006595272235921711 3.424487500000001 2.573915096779494 0.006595272235921267 3.420737500000001 2.573915096779494 0.006595272235921489 3.416987500000001 2.573915096779494 0.006595272235921711 3.413237500000001 2.573915096779494 0.006595272235921711 3.409487500000001 2.573915096779494 0.006595272235921489 3.407612499999999 2.577626754268623 0.006595272235921711 3.405737500000001 2.581338411757753 0.006595272235921489 3.403862500000001 2.585050069246883 0.006595272235921711 3.401987500000001 2.588761726736013 0.006595272235921711 3.404030998658031 2.592806935855 0.006595272235921711 3.40607449731606 2.596852144973989 0.006595272235921711 3.407780998658032 2.60023025083326 0.006595272235921711 3.409487500000001 2.603608356692531 0.006595272235921934 3.413237499999999 2.60360835669253 0.006595272235921711 3.416987500000001 2.60360835669253 0.006595272235921711 3.420737500000003 2.603608356692531 0.006595272235921711 3.424487500000001 2.603608356692531 0.006595272235921711 3.426362500000001 2.599896699203401 0.006595272235921711 3.428237500000001 2.596185041714272 1.157395272235924 3.409487499999997 3.240414680803205 1.157395272235924 3.407612499999998 3.236703023314075 1.157395272235924 3.405737499999998 3.232991365824945 1.157395272235924 3.404030998658029 3.229613259965677 1.157395272235924 3.401987499999997 3.225568050846686 1.157395272235924 3.404030998658029 3.221522841727693 1.157395272235924 3.405737499999998 3.218144735868427 1.157395272235924 3.407612499999998 3.214433078379297 1.157395272235924 3.409487499999997 3.210721420890168 1.157395272235924 3.413237499999997 3.210721420890168 1.157395272235924 3.416987499999998 3.210721420890168 1.157395272235924 3.420737499999997 3.210721420890167 1.157395272235924 3.424487499999997 3.210721420890168 1.157395272235924 3.426194001341959 3.214099526749422 1.157395272235924 3.427900502683922 3.217477632608677 1.157395272235924 3.429944001341961 3.221522841727681 1.157395272235924 3.431987499999997 3.225568050846686 1.157395272235924 3.430112499999998 3.229279708335815 1.157395272235924 3.428237499999999 3.232991365824945 1.157395272235924 3.426362499999997 3.236703023314075 1.157395272235924 3.424487499999997 3.240414680803205 1.157395272235924 3.420737499999997 3.240414680803205 1.157395272235924 3.416987499999998 3.240414680803204 1.157395272235924 3.413237499999997 3.240414680803204 1.157395272235924 3.424487499999997 3.210721420890168 0.006595272235921711 3.424487500000001 2.573915096779494 0.006595272235921711 3.426362500000001 2.577626754268623 0.006595272235921711 3.428237500000001 2.581338411757753 0.006595272235921711 3.42994400134197 2.584716517617023 0.006595272235921711 3.431987500000001 2.588761726736013 1.157395272235924 3.431987499999997 3.225568050846686 1.157395272235924 3.429944001341961 3.221522841727681 1.157395272235924 3.427900502683922 3.217477632608677 1.157395272235924 3.426194001341959 3.214099526749422 1.157395272235924 3.416987499999998 3.210721420890168 1.157395272235924 3.413237499999997 3.210721420890168 1.157395272235924 3.409487499999997 3.210721420890168 0.006595272235921711 3.409487500000001 2.573915096779494 0.006595272235921711 3.413237500000001 2.573915096779494 0.006595272235921489 3.416987500000001 2.573915096779494 0.006595272235921267 3.420737500000001 2.573915096779494 0.006595272235921711 3.424487500000001 2.573915096779494 1.157395272235924 3.424487499999997 3.210721420890168 1.157395272235924 3.420737499999997 3.210721420890167 1.157395272235924 3.404030998658029 3.221522841727693 1.157395272235924 3.401987499999997 3.225568050846686 0.006595272235921711 3.401987500000001 2.588761726736013 0.006595272235921489 3.403862500000001 2.585050069246883 0.006595272235921711 3.405737500000001 2.581338411757753 0.006595272235921489 3.407612499999999 2.577626754268623 0.006595272235921711 3.409487500000001 2.573915096779494 1.157395272235924 3.409487499999997 3.210721420890168 1.157395272235924 3.407612499999998 3.214433078379297 1.157395272235924 3.405737499999998 3.218144735868427 1.157395272235924 3.416987499999998 3.240414680803204 1.157395272235924 3.420737499999997 3.240414680803205 1.157395272235924 3.424487499999997 3.240414680803205 0.006595272235921711 3.424487500000001 2.603608356692531 0.006595272235921711 3.420737500000003 2.603608356692531 0.006595272235921711 3.416987500000001 2.60360835669253 0.006595272235921934 3.413237499999999 2.60360835669253 0.006595272235921711 3.409487500000001 2.603608356692531 1.157395272235924 3.409487499999997 3.240414680803205 1.157395272235924 3.413237499999997 3.240414680803204 0.006595272235921711 3.42994400134197 2.592806935855 0.006595272235921711 3.428237500000001 2.596185041714272 0.006595272235921711 3.426362500000001 2.599896699203401 0.006595272235921711 3.424487500000001 2.603608356692531 1.157395272235924 3.424487499999997 3.240414680803205 1.157395272235924 3.426362499999997 3.236703023314075 1.157395272235924 3.428237499999999 3.232991365824945 1.157395272235924 3.430112499999998 3.229279708335815 1.157395272235924 3.431987499999997 3.225568050846686 0.006595272235921711 3.431987500000001 2.588761726736013 1.157395272235924 3.404030998658029 3.229613259965677 1.157395272235924 3.405737499999998 3.232991365824945 1.157395272235924 3.407612499999998 3.236703023314075 1.157395272235924 3.409487499999997 3.240414680803205 0.006595272235921711 3.409487500000001 2.603608356692531 0.006595272235921711 3.407780998658032 2.60023025083326 0.006595272235921711 3.40607449731606 2.596852144973989 0.006595272235921711 3.404030998658031 2.592806935855 0.006595272235921711 3.401987500000001 2.588761726736013 1.157395272235924 3.401987499999997 3.225568050846686 1.176145272235924 3.431987499999997 3.336809937720198 1.179895272235924 3.431987499999997 3.336809937720198 1.181770272235924 3.431987499999997 3.333098280231069 1.183645272235924 3.431987499999997 3.329386622741939 1.185419340431786 3.431987499999997 3.325874764872394 1.187395272235924 3.431987499999997 3.32196330776368 1.185419340431786 3.431987499999997 3.318051850654966 1.183645272235924 3.431987499999997 3.314539992785421 1.181770272235924 3.431987499999997 3.310828335296291 1.179895272235924 3.431987499999997 3.307116677807162 1.176145272235924 3.431987499999997 3.307116677807162 1.172395272235924 3.431987499999997 3.307116677807162 1.168645272235924 3.431987499999997 3.307116677807162 1.164895272235924 3.431987499999997 3.307116677807162 1.163020272235924 3.431987499999997 3.310828335296291 1.161145272235924 3.431987499999997 3.314539992785421 1.159270272235924 3.431987499999997 3.318251650274551 1.157395272235924 3.431987499999997 3.32196330776368 1.159371204040062 3.431987499999997 3.325874764872395 1.161347135844201 3.431987499999997 3.329786221981109 1.163121204040062 3.431987499999997 3.333298079850654 1.164895272235924 3.431987499999997 3.336809937720198 1.168645272235924 3.431987499999997 3.336809937720198 1.172395272235924 3.431987499999997 3.336809937720198 1.164895272235922 2.241587499999998 3.995529305309132 1.163020272235922 2.241587499999998 3.991817647820002 1.161145272235922 2.241587499999998 3.988105990330872 1.159371204040061 2.241587499999998 3.984594132461329 1.157395272235922 2.241587499999998 3.980682675352614 1.159371204040062 2.241587499999998 3.976771218243897 1.161145272235922 2.241587499999998 3.973259360374354 1.163020272235922 2.241587499999998 3.969547702885225 1.164895272235922 2.241587499999998 3.965836045396095 1.168645272235922 2.241587499999998 3.965836045396096 1.172395272235922 2.241587499999998 3.965836045396096 1.176145272235922 2.241587499999998 3.965836045396096 1.179895272235922 2.241587499999998 3.965836045396095 1.181669340431777 2.241587499999998 3.969347903265625 1.183443408627631 2.241587499999998 3.972859761135156 1.185419340431776 2.241587499999998 3.976771218243885 1.187395272235922 2.241587499999998 3.980682675352614 1.185520272235922 2.241587499999998 3.984394332841743 1.183645272235922 2.241587499999998 3.988105990330873 1.181770272235922 2.241587499999998 3.991817647820002 1.179895272235922 2.241587499999998 3.995529305309132 1.176145272235922 2.241587499999998 3.995529305309132 1.172395272235922 2.241587499999998 3.995529305309132 1.168645272235922 2.241587499999998 3.995529305309132 1.179895272235922 2.241587499999998 3.965836045396095 1.179895272235924 3.431987499999997 3.307116677807162 1.181770272235924 3.431987499999997 3.310828335296291 1.183645272235924 3.431987499999997 3.314539992785421 1.185419340431786 3.431987499999997 3.318051850654966 1.187395272235924 3.431987499999997 3.32196330776368 1.187395272235922 2.241587499999998 3.980682675352614 1.185419340431776 2.241587499999998 3.976771218243885 1.183443408627631 2.241587499999998 3.972859761135156 1.181669340431777 2.241587499999998 3.969347903265625 1.172395272235922 2.241587499999998 3.965836045396096 1.168645272235922 2.241587499999998 3.965836045396096 1.164895272235922 2.241587499999998 3.965836045396095 1.164895272235924 3.431987499999997 3.307116677807162 1.168645272235924 3.431987499999997 3.307116677807162 1.172395272235924 3.431987499999997 3.307116677807162 1.176145272235924 3.431987499999997 3.307116677807162 1.179895272235924 3.431987499999997 3.307116677807162 1.179895272235922 2.241587499999998 3.965836045396095 1.176145272235922 2.241587499999998 3.965836045396096 1.159371204040062 2.241587499999998 3.976771218243897 1.157395272235922 2.241587499999998 3.980682675352614 1.157395272235924 3.431987499999997 3.32196330776368 1.159270272235924 3.431987499999997 3.318251650274551 1.161145272235924 3.431987499999997 3.314539992785421 1.163020272235924 3.431987499999997 3.310828335296291 1.164895272235924 3.431987499999997 3.307116677807162 1.164895272235922 2.241587499999998 3.965836045396095 1.163020272235922 2.241587499999998 3.969547702885225 1.161145272235922 2.241587499999998 3.973259360374354 1.172395272235922 2.241587499999998 3.995529305309132 1.176145272235922 2.241587499999998 3.995529305309132 1.179895272235922 2.241587499999998 3.995529305309132 1.179895272235924 3.431987499999997 3.336809937720198 1.176145272235924 3.431987499999997 3.336809937720198 1.172395272235924 3.431987499999997 3.336809937720198 1.168645272235924 3.431987499999997 3.336809937720198 1.164895272235924 3.431987499999997 3.336809937720198 1.164895272235922 2.241587499999998 3.995529305309132 1.168645272235922 2.241587499999998 3.995529305309132 1.185419340431786 3.431987499999997 3.325874764872394 1.183645272235924 3.431987499999997 3.329386622741939 1.181770272235924 3.431987499999997 3.333098280231069 1.179895272235924 3.431987499999997 3.336809937720198 1.179895272235922 2.241587499999998 3.995529305309132 1.181770272235922 2.241587499999998 3.991817647820002 1.183645272235922 2.241587499999998 3.988105990330873 1.185520272235922 2.241587499999998 3.984394332841743 1.187395272235922 2.241587499999998 3.980682675352614 1.187395272235924 3.431987499999997 3.32196330776368 1.159371204040061 2.241587499999998 3.984594132461329 1.161145272235922 2.241587499999998 3.988105990330872 1.163020272235922 2.241587499999998 3.991817647820002 1.164895272235922 2.241587499999998 3.995529305309132 1.164895272235924 3.431987499999997 3.336809937720198 1.163121204040062 3.431987499999997 3.333298079850654 1.161347135844201 3.431987499999997 3.329786221981109 1.159371204040062 3.431987499999997 3.325874764872395 1.157395272235924 3.431987499999997 3.32196330776368 1.157395272235922 2.241587499999998 3.980682675352614 0.008026366813129182 0.00158749999999963 0.510689512612179 0.006595272235915827 0.00158749999999963 0.5078565883960902 0.00847027223591612 0.00158749999999963 0.5041449309069606 0.01034527223591585 0.00158749999999963 0.5004332734178309 0.01222027223591581 0.00158749999999963 0.4967216159287014 0.01409527223591611 0.00158749999999963 0.4930099584395716 0.01784527223591603 0.00158749999999963 0.4930099584395718 0.02159527223591628 0.00158749999999963 0.4930099584395718 0.02534527223591631 0.00158749999999963 0.4930099584395718 0.02909527223591612 0.00158749999999963 0.4930099584395719 0.0309702722359163 0.00158749999999963 0.4967216159287015 0.03284527223591604 0.00158749999999963 0.5004332734178309 0.03472027223591633 0.00158749999999963 0.5041449309069605 0.03659527223591607 0.00158749999999963 0.50785658839609 0.03516417765870272 0.00158749999999963 0.5106895126121788 0.03373308308148958 0.00158749999999963 0.5135224368282677 0.03141417765870269 0.00158749999999963 0.5181128275904379 0.0290952722359159 0.00158749999999963 0.5227032183526083 0.02534527223591587 0.00158749999999963 0.5227032183526083 0.02159527223591628 0.00158749999999963 0.5227032183526083 0.01784527223591603 0.00158749999999963 0.5227032183526084 0.01409527223591611 0.00158749999999963 0.5227032183526083 0.01222027223591581 0.00158749999999963 0.5189915608634789 0.01034527223591608 0.00158749999999963 0.5152799033743494 0.01409527223591611 0.00158749999999963 0.4930099584395716 0.01222027223591581 0.00158749999999963 0.4967216159287014 0.01034527223591585 0.00158749999999963 0.5004332734178309 0.00847027223591612 0.00158749999999963 0.5041449309069606 0.006595272235915827 0.00158749999999963 0.5078565883960902 0.006595272235921267 3.305460950969921 2.336086956521739 0.008024692907201536 3.306100284511571 2.333611127293692 0.008346397455045839 3.306244172530032 2.3330539186718 0.009454113578482248 3.30673961805322 2.331135298065645 0.01009752267417018 3.307027394090142 2.330020880821862 0.01177469290720178 3.307777537981703 2.327115936765308 0.01209639745504587 3.307921426000164 2.326558728143417 0.01409527223592155 3.308815457910188 2.323096575464973 0.02159527223592172 3.308815457910188 2.323096575464973 0.02534527223592153 3.308815457910188 2.323096575464973 0.02909527223592156 3.308815457910188 2.323096575464973 0.02909527223591612 0.00158749999999963 0.4930099584395719 0.02534527223591631 0.00158749999999963 0.4930099584395718 0.02159527223591628 0.00158749999999963 0.4930099584395718 0.01784527223591603 0.00158749999999963 0.4930099584395718 0.01409527223591611 0.00158749999999963 0.4930099584395716 0.01409527223592155 3.308815457910188 2.323096575464973 0.01784527223592158 3.308815457910188 2.323096575464973 0.03659527223591607 0.00158749999999963 0.50785658839609 0.03472027223591633 0.00158749999999963 0.5041449309069605 0.03284527223591604 0.00158749999999963 0.5004332734178309 0.0309702722359163 0.00158749999999963 0.4967216159287015 0.02909527223591612 0.00158749999999963 0.4930099584395719 0.02909527223592156 3.308815457910188 2.323096575464973 0.03097027223592174 3.30797683117512 2.326344170729164 0.03284527223592148 3.307138204440055 2.329591765993356 0.03484414701680449 3.306244172530028 2.333053918671812 0.03516585156464224 3.306100284511571 2.333611127293695 0.03659527223592151 3.305460950969922 2.336086956521739 0.02909527223592223 3.302106444029655 2.349077337578505 0.0290952722359159 0.00158749999999963 0.5227032183526083 0.03141417765870269 0.00158749999999963 0.5181128275904379 0.03373308308148958 0.00158749999999963 0.5135224368282677 0.03516417765870272 0.00158749999999963 0.5106895126121788 0.03659527223591607 0.00158749999999963 0.50785658839609 0.03659527223592151 3.305460950969922 2.336086956521739 0.03472027223592177 3.304622324234855 2.339334551785931 0.03284527223592181 3.303783697499788 2.342582147050122 0.03097027223592196 3.302945070764722 2.345829742314314 0.008026366813129182 0.00158749999999963 0.510689512612179 0.01034527223591608 0.00158749999999963 0.5152799033743494 0.01222027223591581 0.00158749999999963 0.5189915608634789 0.01409527223591611 0.00158749999999963 0.5227032183526083 0.01409527223592133 3.302106444029655 2.349077337578505 0.01222027223592125 3.302945070764723 2.345829742314314 0.01034527223592129 3.303783697499789 2.342582147050122 0.008470272235921116 3.304622324234856 2.339334551785931 0.006595272235921267 3.305460950969921 2.336086956521739 0.006595272235915827 0.00158749999999963 0.5078565883960902 0.01784527223591603 0.00158749999999963 0.5227032183526084 0.02159527223591628 0.00158749999999963 0.5227032183526083 0.02534527223591587 0.00158749999999963 0.5227032183526083 0.0290952722359159 0.00158749999999963 0.5227032183526083 0.02909527223592223 3.302106444029655 2.349077337578505 0.02534527223592197 3.302106444029655 2.349077337578505 0.02159527223592172 3.302106444029655 2.349077337578505 0.01784527223592158 3.302106444029655 2.349077337578505 0.01409527223592133 3.302106444029655 2.349077337578505 0.01409527223591611 0.00158749999999963 0.5227032183526083 0.02534527223592242 3.401987500000001 2.349077337578505 0.02909527223592223 3.401987500000001 2.349077337578505 0.03116159273991381 3.401987499999999 2.34549836548087 0.03322791324390472 3.401987500000001 2.341919393383236 0.03491159273991384 3.401987500000001 2.339003174952487 0.03659527223592218 3.401987500000001 2.336086956521739 0.03472027223592222 3.401987500000001 2.332839361257547 0.03284527223592248 3.401987500000001 2.329591765993356 0.03097027223592219 3.401987500000001 2.326344170729164 0.02909527223592223 3.401987500000001 2.323096575464973 0.0253452722359222 3.401987500000001 2.323096575464973 0.02159527223592216 3.401987500000001 2.323096575464973 0.01784527223592224 3.401987500000001 2.323096575464973 0.01409527223592221 3.401987500000001 2.323096575464973 0.01222027223592248 3.401987499999999 2.326344170729164 0.01034527223592218 3.401987500000001 2.329591765993356 0.008470272235922227 3.401987500000001 2.332839361257548 0.006595272235921934 3.401987500000001 2.336086956521739 0.008278951668991951 3.401987500000001 2.339003174843474 0.009962631102061081 3.401987500000001 2.341919393165209 0.01202895166899176 3.401987500000003 2.345498365371857 0.01409527223592221 3.401987500000001 2.349077337578505 0.01784527223592224 3.401987500000001 2.349077337578505 0.02159527223592216 3.401987500000001 2.349077337578505 0.008470272235922227 3.401987500000001 2.332839361257548 0.01034527223592218 3.401987500000001 2.329591765993356 0.01222027223592248 3.401987499999999 2.326344170729164 0.01409527223592221 3.401987500000001 2.323096575464973 0.01409527223592155 3.308815457910188 2.323096575464973 0.01209639745504587 3.307921426000164 2.326558728143417 0.01177469290720178 3.307777537981703 2.327115936765308 0.01009752267417018 3.307027394090142 2.330020880821862 0.009454113578482248 3.30673961805322 2.331135298065645 0.008346397455045839 3.306244172530032 2.3330539186718 0.008024692907201536 3.306100284511571 2.333611127293692 0.006595272235921267 3.305460950969921 2.336086956521739 0.006595272235921934 3.401987500000001 2.336086956521739 0.03472027223592222 3.401987500000001 2.332839361257547 0.03659527223592218 3.401987500000001 2.336086956521739 0.03659527223592151 3.305460950969922 2.336086956521739 0.03516585156464224 3.306100284511571 2.333611127293695 0.03484414701680449 3.306244172530028 2.333053918671812 0.03284527223592148 3.307138204440055 2.329591765993356 0.03097027223592174 3.30797683117512 2.326344170729164 0.02909527223592156 3.308815457910188 2.323096575464973 0.02909527223592223 3.401987500000001 2.323096575464973 0.03097027223592219 3.401987500000001 2.326344170729164 0.03284527223592248 3.401987500000001 2.329591765993356 0.02159527223592172 3.308815457910188 2.323096575464973 0.02534527223592153 3.308815457910188 2.323096575464973 0.01784527223592158 3.308815457910188 2.323096575464973 0.01409527223592155 3.308815457910188 2.323096575464973 0.01409527223592221 3.401987500000001 2.323096575464973 0.01784527223592224 3.401987500000001 2.323096575464973 0.02159527223592216 3.401987500000001 2.323096575464973 0.0253452722359222 3.401987500000001 2.323096575464973 0.02909527223592223 3.401987500000001 2.323096575464973 0.02909527223592156 3.308815457910188 2.323096575464973 0.03097027223592196 3.302945070764722 2.345829742314314 0.03284527223592181 3.303783697499788 2.342582147050122 0.03472027223592177 3.304622324234855 2.339334551785931 0.03659527223592151 3.305460950969922 2.336086956521739 0.03659527223592218 3.401987500000001 2.336086956521739 0.03491159273991384 3.401987500000001 2.339003174952487 0.03322791324390472 3.401987500000001 2.341919393383236 0.03116159273991381 3.401987499999999 2.34549836548087 0.02909527223592223 3.401987500000001 2.349077337578505 0.02909527223592223 3.302106444029655 2.349077337578505 0.01034527223592129 3.303783697499789 2.342582147050122 0.01222027223592125 3.302945070764723 2.345829742314314 0.01409527223592133 3.302106444029655 2.349077337578505 0.01409527223592221 3.401987500000001 2.349077337578505 0.01202895166899176 3.401987500000003 2.345498365371857 0.009962631102061081 3.401987500000001 2.341919393165209 0.008278951668991951 3.401987500000001 2.339003174843474 0.006595272235921934 3.401987500000001 2.336086956521739 0.006595272235921267 3.305460950969921 2.336086956521739 0.008470272235921116 3.304622324234856 2.339334551785931 0.02534527223592242 3.401987500000001 2.349077337578505 0.02159527223592216 3.401987500000001 2.349077337578505 0.01784527223592224 3.401987500000001 2.349077337578505 0.01409527223592221 3.401987500000001 2.349077337578505 0.01409527223592133 3.302106444029655 2.349077337578505 0.01784527223592158 3.302106444029655 2.349077337578505 0.02159527223592172 3.302106444029655 2.349077337578505 0.02534527223592197 3.302106444029655 2.349077337578505 0.02909527223592223 3.302106444029655 2.349077337578505 0.02909527223592223 3.401987500000001 2.349077337578505 0.006595272235921711 3.42994400134197 2.467806935855001 0.006595272235921711 3.431987500000001 2.463761726736013 0.006595272235921711 3.42994400134197 2.459716517617024 0.006595272235921711 3.428237500000001 2.456338411757754 0.006595272235921711 3.426362500000001 2.452626754268623 0.006595272235921711 3.424487500000001 2.448915096779494 0.006595272235921267 3.420737500000001 2.448915096779495 0.006595272235921489 3.416987500000001 2.448915096779495 0.006595272235921711 3.413237500000001 2.448915096779495 0.006595272235921711 3.409487500000001 2.448915096779494 0.006595272235921489 3.407612499999999 2.452626754268623 0.006595272235921711 3.405737500000001 2.456338411757754 0.006595272235921489 3.403862500000001 2.460050069246883 0.006595272235921711 3.401987500000001 2.463761726736013 0.006595272235921711 3.404030998658031 2.467806935855001 0.006595272235921711 3.40607449731606 2.47185214497399 0.006595272235921711 3.407780998658032 2.47523025083326 0.006595272235921711 3.409487500000001 2.478608356692531 0.006595272235921934 3.413237499999999 2.47860835669253 0.006595272235921711 3.416987500000001 2.47860835669253 0.006595272235921711 3.420737500000003 2.478608356692531 0.006595272235921711 3.424487500000001 2.478608356692531 0.006595272235921711 3.426362500000001 2.474896699203402 0.006595272235921711 3.428237500000001 2.471185041714271 1.157395272235924 3.409487499999997 3.115414680803205 1.157395272235924 3.407612499999998 3.111703023314075 1.157395272235924 3.405737499999998 3.107991365824945 1.157395272235924 3.404030998658029 3.104613259965677 1.157395272235924 3.401987499999997 3.100568050846686 1.157395272235924 3.404030998658029 3.096522841727694 1.157395272235924 3.405737499999998 3.093144735868427 1.157395272235924 3.407612499999998 3.089433078379298 1.157395272235924 3.409487499999997 3.085721420890168 1.157395272235924 3.413237499999997 3.085721420890168 1.157395272235924 3.416987499999998 3.085721420890168 1.157395272235924 3.420737499999997 3.085721420890167 1.157395272235924 3.424487499999997 3.085721420890168 1.157395272235924 3.426194001341959 3.089099526749423 1.157395272235924 3.427900502683922 3.092477632608678 1.157395272235924 3.429944001341961 3.096522841727681 1.157395272235924 3.431987499999997 3.100568050846686 1.157395272235924 3.430112499999998 3.104279708335815 1.157395272235924 3.428237499999999 3.107991365824945 1.157395272235924 3.426362499999997 3.111703023314075 1.157395272235924 3.424487499999997 3.115414680803205 1.157395272235924 3.420737499999997 3.115414680803204 1.157395272235924 3.416987499999998 3.115414680803204 1.157395272235924 3.413237499999997 3.115414680803204 1.157395272235924 3.424487499999997 3.085721420890168 0.006595272235921711 3.424487500000001 2.448915096779494 0.006595272235921711 3.426362500000001 2.452626754268623 0.006595272235921711 3.428237500000001 2.456338411757754 0.006595272235921711 3.42994400134197 2.459716517617024 0.006595272235921711 3.431987500000001 2.463761726736013 1.157395272235924 3.431987499999997 3.100568050846686 1.157395272235924 3.429944001341961 3.096522841727681 1.157395272235924 3.427900502683922 3.092477632608678 1.157395272235924 3.426194001341959 3.089099526749423 1.157395272235924 3.416987499999998 3.085721420890168 1.157395272235924 3.413237499999997 3.085721420890168 1.157395272235924 3.409487499999997 3.085721420890168 0.006595272235921711 3.409487500000001 2.448915096779494 0.006595272235921711 3.413237500000001 2.448915096779495 0.006595272235921489 3.416987500000001 2.448915096779495 0.006595272235921267 3.420737500000001 2.448915096779495 0.006595272235921711 3.424487500000001 2.448915096779494 1.157395272235924 3.424487499999997 3.085721420890168 1.157395272235924 3.420737499999997 3.085721420890167 1.157395272235924 3.404030998658029 3.096522841727694 1.157395272235924 3.401987499999997 3.100568050846686 0.006595272235921711 3.401987500000001 2.463761726736013 0.006595272235921489 3.403862500000001 2.460050069246883 0.006595272235921711 3.405737500000001 2.456338411757754 0.006595272235921489 3.407612499999999 2.452626754268623 0.006595272235921711 3.409487500000001 2.448915096779494 1.157395272235924 3.409487499999997 3.085721420890168 1.157395272235924 3.407612499999998 3.089433078379298 1.157395272235924 3.405737499999998 3.093144735868427 1.157395272235924 3.416987499999998 3.115414680803204 1.157395272235924 3.420737499999997 3.115414680803204 1.157395272235924 3.424487499999997 3.115414680803205 0.006595272235921711 3.424487500000001 2.478608356692531 0.006595272235921711 3.420737500000003 2.478608356692531 0.006595272235921711 3.416987500000001 2.47860835669253 0.006595272235921934 3.413237499999999 2.47860835669253 0.006595272235921711 3.409487500000001 2.478608356692531 1.157395272235924 3.409487499999997 3.115414680803205 1.157395272235924 3.413237499999997 3.115414680803204 0.006595272235921711 3.42994400134197 2.467806935855001 0.006595272235921711 3.428237500000001 2.471185041714271 0.006595272235921711 3.426362500000001 2.474896699203402 0.006595272235921711 3.424487500000001 2.478608356692531 1.157395272235924 3.424487499999997 3.115414680803205 1.157395272235924 3.426362499999997 3.111703023314075 1.157395272235924 3.428237499999999 3.107991365824945 1.157395272235924 3.430112499999998 3.104279708335815 1.157395272235924 3.431987499999997 3.100568050846686 0.006595272235921711 3.431987500000001 2.463761726736013 1.157395272235924 3.404030998658029 3.104613259965677 1.157395272235924 3.405737499999998 3.107991365824945 1.157395272235924 3.407612499999998 3.111703023314075 1.157395272235924 3.409487499999997 3.115414680803205 0.006595272235921711 3.409487500000001 2.478608356692531 0.006595272235921711 3.407780998658032 2.47523025083326 0.006595272235921711 3.40607449731606 2.47185214497399 0.006595272235921711 3.404030998658031 2.467806935855001 0.006595272235921711 3.401987500000001 2.463761726736013 1.157395272235924 3.401987499999997 3.100568050846686 1.176145272235924 3.431987499999997 3.211809937720199 1.179895272235924 3.431987499999997 3.211809937720199 1.181770272235924 3.431987499999997 3.208098280231069 1.183645272235924 3.431987499999997 3.204386622741939 1.185419340431786 3.431987499999997 3.200874764872395 1.187395272235924 3.431987499999997 3.19696330776368 1.185419340431786 3.431987499999997 3.193051850654966 1.183645272235924 3.431987499999997 3.189539992785421 1.181770272235924 3.431987499999997 3.185828335296292 1.179895272235924 3.431987499999997 3.182116677807162 1.176145272235924 3.431987499999997 3.182116677807162 1.172395272235924 3.431987499999997 3.182116677807162 1.168645272235924 3.431987499999997 3.182116677807162 1.164895272235924 3.431987499999997 3.182116677807162 1.163020272235924 3.431987499999997 3.185828335296292 1.161145272235924 3.431987499999997 3.189539992785421 1.159270272235924 3.431987499999997 3.193251650274551 1.157395272235924 3.431987499999997 3.19696330776368 1.159371204040062 3.431987499999997 3.200874764872395 1.161347135844201 3.431987499999997 3.204786221981109 1.163121204040062 3.431987499999997 3.208298079850654 1.164895272235924 3.431987499999997 3.211809937720199 1.168645272235924 3.431987499999997 3.211809937720199 1.172395272235924 3.431987499999997 3.211809937720199 1.164895272235922 2.241587499999998 3.870529305309132 1.163020272235922 2.241587499999998 3.866817647820003 1.161145272235922 2.241587499999998 3.863105990330873 1.159371204040061 2.241587499999998 3.85959413246133 1.157395272235922 2.241587499999998 3.855682675352614 1.159371204040062 2.241587499999998 3.851771218243897 1.161145272235922 2.241587499999998 3.848259360374355 1.163020272235922 2.241587499999998 3.844547702885225 1.164895272235922 2.241587499999998 3.840836045396096 1.168645272235922 2.241587499999998 3.840836045396096 1.172395272235922 2.241587499999998 3.840836045396096 1.176145272235922 2.241587499999998 3.840836045396096 1.179895272235922 2.241587499999998 3.840836045396096 1.181669340431777 2.241587499999998 3.844347903265627 1.183443408627631 2.241587499999998 3.847859761135156 1.185419340431776 2.241587499999998 3.851771218243885 1.187395272235922 2.241587499999998 3.855682675352614 1.185520272235922 2.241587499999998 3.859394332841743 1.183645272235922 2.241587499999998 3.863105990330874 1.181770272235922 2.241587499999998 3.866817647820003 1.179895272235922 2.241587499999998 3.870529305309132 1.176145272235922 2.241587499999998 3.870529305309132 1.172395272235922 2.241587499999998 3.870529305309132 1.168645272235922 2.241587499999998 3.870529305309132 1.179895272235922 2.241587499999998 3.840836045396096 1.179895272235924 3.431987499999997 3.182116677807162 1.181770272235924 3.431987499999997 3.185828335296292 1.183645272235924 3.431987499999997 3.189539992785421 1.185419340431786 3.431987499999997 3.193051850654966 1.187395272235924 3.431987499999997 3.19696330776368 1.187395272235922 2.241587499999998 3.855682675352614 1.185419340431776 2.241587499999998 3.851771218243885 1.183443408627631 2.241587499999998 3.847859761135156 1.181669340431777 2.241587499999998 3.844347903265627 1.172395272235922 2.241587499999998 3.840836045396096 1.168645272235922 2.241587499999998 3.840836045396096 1.164895272235922 2.241587499999998 3.840836045396096 1.164895272235924 3.431987499999997 3.182116677807162 1.168645272235924 3.431987499999997 3.182116677807162 1.172395272235924 3.431987499999997 3.182116677807162 1.176145272235924 3.431987499999997 3.182116677807162 1.179895272235924 3.431987499999997 3.182116677807162 1.179895272235922 2.241587499999998 3.840836045396096 1.176145272235922 2.241587499999998 3.840836045396096 1.159371204040062 2.241587499999998 3.851771218243897 1.157395272235922 2.241587499999998 3.855682675352614 1.157395272235924 3.431987499999997 3.19696330776368 1.159270272235924 3.431987499999997 3.193251650274551 1.161145272235924 3.431987499999997 3.189539992785421 1.163020272235924 3.431987499999997 3.185828335296292 1.164895272235924 3.431987499999997 3.182116677807162 1.164895272235922 2.241587499999998 3.840836045396096 1.163020272235922 2.241587499999998 3.844547702885225 1.161145272235922 2.241587499999998 3.848259360374355 1.172395272235922 2.241587499999998 3.870529305309132 1.176145272235922 2.241587499999998 3.870529305309132 1.179895272235922 2.241587499999998 3.870529305309132 1.179895272235924 3.431987499999997 3.211809937720199 1.176145272235924 3.431987499999997 3.211809937720199 1.172395272235924 3.431987499999997 3.211809937720199 1.168645272235924 3.431987499999997 3.211809937720199 1.164895272235924 3.431987499999997 3.211809937720199 1.164895272235922 2.241587499999998 3.870529305309132 1.168645272235922 2.241587499999998 3.870529305309132 1.185419340431786 3.431987499999997 3.200874764872395 1.183645272235924 3.431987499999997 3.204386622741939 1.181770272235924 3.431987499999997 3.208098280231069 1.179895272235924 3.431987499999997 3.211809937720199 1.179895272235922 2.241587499999998 3.870529305309132 1.181770272235922 2.241587499999998 3.866817647820003 1.183645272235922 2.241587499999998 3.863105990330874 1.185520272235922 2.241587499999998 3.859394332841743 1.187395272235922 2.241587499999998 3.855682675352614 1.187395272235924 3.431987499999997 3.19696330776368 1.159371204040061 2.241587499999998 3.85959413246133 1.161145272235922 2.241587499999998 3.863105990330873 1.163020272235922 2.241587499999998 3.866817647820003 1.164895272235922 2.241587499999998 3.870529305309132 1.164895272235924 3.431987499999997 3.211809937720199 1.163121204040062 3.431987499999997 3.208298079850654 1.161347135844201 3.431987499999997 3.204786221981109 1.159371204040062 3.431987499999997 3.200874764872395 1.157395272235924 3.431987499999997 3.19696330776368 1.157395272235922 2.241587499999998 3.855682675352614 0.02534527223591587 0.00158749999999963 0.3680099584395719 0.02909527223591612 0.00158749999999963 0.368009958439572 0.0309702722359163 0.00158749999999963 0.3717216159287015 0.03284527223591604 0.00158749999999963 0.375433273417831 0.03472027223591611 0.00158749999999963 0.3791449309069606 0.03659527223591607 0.00158749999999963 0.3828565883960902 0.03516417765870272 0.00158749999999963 0.3856895126121789 0.03373308308148958 0.00158749999999963 0.3885224368282679 0.03141417765870269 0.00158749999999963 0.3931128275904381 0.0290952722359159 0.00158749999999963 0.3977032183526084 0.02534527223591631 0.00158749999999963 0.3977032183526084 0.02159527223591628 0.00158749999999963 0.3977032183526085 0.01784527223591603 0.00158749999999963 0.3977032183526085 0.01409527223591611 0.00158749999999963 0.3977032183526084 0.01222027223591581 0.00158749999999963 0.393991560863479 0.01034527223591608 0.00158749999999963 0.3902799033743494 0.008026366813129182 0.00158749999999963 0.3856895126121792 0.006595272235915827 0.00158749999999963 0.3828565883960901 0.00847027223591612 0.00158749999999963 0.3791449309069606 0.01034527223591585 0.00158749999999963 0.375433273417831 0.01222027223591581 0.00158749999999963 0.3717216159287014 0.01409527223591611 0.00158749999999963 0.3680099584395717 0.01784527223591603 0.00158749999999963 0.3680099584395718 0.02159527223591628 0.00158749999999963 0.3680099584395719 0.01409527223591611 0.00158749999999963 0.3680099584395717 0.01222027223591581 0.00158749999999963 0.3717216159287014 0.01034527223591585 0.00158749999999963 0.375433273417831 0.00847027223591612 0.00158749999999963 0.3791449309069606 0.006595272235915827 0.00158749999999963 0.3828565883960901 0.006595272235921267 3.305460950969922 2.211086956521739 0.008024692907201758 3.306100284511571 2.208611127293692 0.008346397455045839 3.306244172530033 2.2080539186718 0.00945411357848247 3.30673961805322 2.206135298065645 0.01009752267417018 3.307027394090142 2.205020880821861 0.01177469290720178 3.307777537981703 2.202115936765309 0.01209639745504564 3.307921426000166 2.201558728143417 0.01409527223592155 3.308815457910188 2.198096575464973 0.02159527223592105 3.308815457910188 2.198096575464973 0.02534527223592131 3.308815457910188 2.198096575464973 0.02909527223592112 3.308815457910188 2.198096575464973 0.02909527223591612 0.00158749999999963 0.368009958439572 0.02534527223591587 0.00158749999999963 0.3680099584395719 0.02159527223591628 0.00158749999999963 0.3680099584395719 0.01784527223591603 0.00158749999999963 0.3680099584395718 0.01409527223591611 0.00158749999999963 0.3680099584395717 0.01409527223592155 3.308815457910188 2.198096575464973 0.01784527223592158 3.308815457910188 2.198096575464973 0.03659527223591607 0.00158749999999963 0.3828565883960902 0.03472027223591611 0.00158749999999963 0.3791449309069606 0.03284527223591604 0.00158749999999963 0.375433273417831 0.0309702722359163 0.00158749999999963 0.3717216159287015 0.02909527223591612 0.00158749999999963 0.368009958439572 0.02909527223592112 3.308815457910188 2.198096575464973 0.03097027223592108 3.307976831175122 2.201344170729164 0.03284527223592126 3.307138204440055 2.204591765993356 0.03484414701680427 3.306244172530029 2.208053918671813 0.03516585156464224 3.306100284511571 2.208611127293695 0.03659527223592151 3.305460950969922 2.211086956521739 0.02909527223592156 3.302106444029657 2.224077337578506 0.0290952722359159 0.00158749999999963 0.3977032183526084 0.03141417765870269 0.00158749999999963 0.3931128275904381 0.03373308308148958 0.00158749999999963 0.3885224368282679 0.03516417765870272 0.00158749999999963 0.3856895126121789 0.03659527223591607 0.00158749999999963 0.3828565883960902 0.03659527223592151 3.305460950969922 2.211086956521739 0.03472027223592133 3.304622324234855 2.214334551785931 0.03284527223592148 3.30378369749979 2.217582147050122 0.03097027223592174 3.302945070764723 2.220829742314315 0.008026366813129182 0.00158749999999963 0.3856895126121792 0.01034527223591608 0.00158749999999963 0.3902799033743494 0.01222027223591581 0.00158749999999963 0.393991560863479 0.01409527223591611 0.00158749999999963 0.3977032183526084 0.01409527223592133 3.302106444029657 2.224077337578506 0.01222027223592103 3.302945070764723 2.220829742314315 0.01034527223592129 3.30378369749979 2.217582147050123 0.008470272235921338 3.304622324234855 2.214334551785932 0.006595272235921267 3.305460950969922 2.211086956521739 0.006595272235915827 0.00158749999999963 0.3828565883960901 0.01784527223591603 0.00158749999999963 0.3977032183526085 0.02159527223591628 0.00158749999999963 0.3977032183526085 0.02534527223591631 0.00158749999999963 0.3977032183526084 0.0290952722359159 0.00158749999999963 0.3977032183526084 0.02909527223592156 3.302106444029657 2.224077337578506 0.02534527223592153 3.302106444029657 2.224077337578506 0.02159527223592128 3.302106444029657 2.224077337578506 0.01784527223592102 3.302106444029657 2.224077337578506 0.01409527223592133 3.302106444029657 2.224077337578506 0.01409527223591611 0.00158749999999963 0.3977032183526084 0.02534527223592197 3.401987500000003 2.224077337578506 0.02909527223592178 3.401987500000001 2.224077337578506 0.03116159273991314 3.401987500000001 2.220498365480871 0.0332279132439045 3.401987500000001 2.216919393383236 0.03491159273991317 3.401987500000001 2.214003174952488 0.03659527223592196 3.401987500000001 2.211086956521739 0.03472027223592222 3.401987500000001 2.207839361257547 0.03284527223592181 3.401987500000001 2.204591765993356 0.03097027223592174 3.401987500000001 2.201344170729163 0.02909527223592178 3.401987500000001 2.198096575464973 0.02534527223592197 3.401987500000001 2.198096575464973 0.02159527223592172 3.401987500000003 2.198096575464973 0.01784527223592202 3.401987500000001 2.198096575464973 0.01409527223592199 3.401987500000001 2.198096575464973 0.01222027223592225 3.401987499999999 2.201344170729163 0.01034527223592196 3.401987500000001 2.204591765993356 0.008470272235922005 3.401987500000001 2.207839361257547 0.006595272235921711 3.401987500000001 2.211086956521739 0.008278951668991507 3.401987499999999 2.214003174843474 0.009962631102060637 3.401987500000001 2.216919393165209 0.01202895166899153 3.401987499999999 2.220498365371857 0.01409527223592199 3.401987500000001 2.224077337578506 0.01784527223592202 3.401987500000003 2.224077337578506 0.02159527223592194 3.401987500000001 2.224077337578506 0.008470272235922005 3.401987500000001 2.207839361257547 0.01034527223592196 3.401987500000001 2.204591765993356 0.01222027223592225 3.401987499999999 2.201344170729163 0.01409527223592199 3.401987500000001 2.198096575464973 0.01409527223592155 3.308815457910188 2.198096575464973 0.01209639745504564 3.307921426000166 2.201558728143417 0.01177469290720178 3.307777537981703 2.202115936765309 0.01009752267417018 3.307027394090142 2.205020880821861 0.00945411357848247 3.30673961805322 2.206135298065645 0.008346397455045839 3.306244172530033 2.2080539186718 0.008024692907201758 3.306100284511571 2.208611127293692 0.006595272235921267 3.305460950969922 2.211086956521739 0.006595272235921711 3.401987500000001 2.211086956521739 0.03472027223592222 3.401987500000001 2.207839361257547 0.03659527223592196 3.401987500000001 2.211086956521739 0.03659527223592151 3.305460950969922 2.211086956521739 0.03516585156464224 3.306100284511571 2.208611127293695 0.03484414701680427 3.306244172530029 2.208053918671813 0.03284527223592126 3.307138204440055 2.204591765993356 0.03097027223592108 3.307976831175122 2.201344170729164 0.02909527223592112 3.308815457910188 2.198096575464973 0.02909527223592178 3.401987500000001 2.198096575464973 0.03097027223592174 3.401987500000001 2.201344170729163 0.03284527223592181 3.401987500000001 2.204591765993356 0.02159527223592105 3.308815457910188 2.198096575464973 0.02534527223592131 3.308815457910188 2.198096575464973 0.01784527223592158 3.308815457910188 2.198096575464973 0.01409527223592155 3.308815457910188 2.198096575464973 0.01409527223592199 3.401987500000001 2.198096575464973 0.01784527223592202 3.401987500000001 2.198096575464973 0.02159527223592172 3.401987500000003 2.198096575464973 0.02534527223592197 3.401987500000001 2.198096575464973 0.02909527223592178 3.401987500000001 2.198096575464973 0.02909527223592112 3.308815457910188 2.198096575464973 0.03097027223592174 3.302945070764723 2.220829742314315 0.03284527223592148 3.30378369749979 2.217582147050122 0.03472027223592133 3.304622324234855 2.214334551785931 0.03659527223592151 3.305460950969922 2.211086956521739 0.03659527223592196 3.401987500000001 2.211086956521739 0.03491159273991317 3.401987500000001 2.214003174952488 0.0332279132439045 3.401987500000001 2.216919393383236 0.03116159273991314 3.401987500000001 2.220498365480871 0.02909527223592178 3.401987500000001 2.224077337578506 0.02909527223592156 3.302106444029657 2.224077337578506 0.01034527223592129 3.30378369749979 2.217582147050123 0.01222027223592103 3.302945070764723 2.220829742314315 0.01409527223592133 3.302106444029657 2.224077337578506 0.01409527223592199 3.401987500000001 2.224077337578506 0.01202895166899153 3.401987499999999 2.220498365371857 0.009962631102060637 3.401987500000001 2.216919393165209 0.008278951668991507 3.401987499999999 2.214003174843474 0.006595272235921711 3.401987500000001 2.211086956521739 0.006595272235921267 3.305460950969922 2.211086956521739 0.008470272235921338 3.304622324234855 2.214334551785932 0.02534527223592197 3.401987500000003 2.224077337578506 0.02159527223592194 3.401987500000001 2.224077337578506 0.01784527223592202 3.401987500000003 2.224077337578506 0.01409527223592199 3.401987500000001 2.224077337578506 0.01409527223592133 3.302106444029657 2.224077337578506 0.01784527223592102 3.302106444029657 2.224077337578506 0.02159527223592128 3.302106444029657 2.224077337578506 0.02534527223592153 3.302106444029657 2.224077337578506 0.02909527223592156 3.302106444029657 2.224077337578506 0.02909527223592178 3.401987500000001 2.224077337578506 0.006595272235921711 3.42994400134197 2.342806935855001 0.006595272235921711 3.431987500000001 2.338761726736013 0.006595272235921711 3.42994400134197 2.334716517617024 0.006595272235921711 3.428237500000001 2.331338411757754 0.006595272235921711 3.426362500000001 2.327626754268624 0.006595272235921711 3.424487500000001 2.323915096779494 0.006595272235921267 3.420737500000001 2.323915096779495 0.006595272235921489 3.416987500000001 2.323915096779495 0.006595272235921711 3.413237500000001 2.323915096779495 0.006595272235921711 3.409487500000001 2.323915096779494 0.006595272235921489 3.407612499999999 2.327626754268624 0.006595272235921711 3.405737500000001 2.331338411757754 0.006595272235921489 3.403862500000001 2.335050069246884 0.006595272235921711 3.401987500000001 2.338761726736013 0.006595272235921711 3.404030998658031 2.342806935855001 0.006595272235921711 3.406074497316062 2.34685214497399 0.006595272235921934 3.407780998658031 2.35023025083326 0.006595272235921711 3.409487500000001 2.353608356692531 0.006595272235921934 3.413237499999999 2.35360835669253 0.006595272235921711 3.416987500000001 2.35360835669253 0.006595272235921711 3.420737500000003 2.353608356692531 0.006595272235921711 3.424487500000001 2.353608356692531 0.006595272235921711 3.426362500000003 2.349896699203402 0.006595272235921711 3.428237500000001 2.346185041714272 1.157395272235924 3.429944001341961 2.971522841727681 1.157395272235924 3.431987499999997 2.975568050846686 1.157395272235924 3.430112499999998 2.979279708335816 1.157395272235924 3.428237499999998 2.982991365824945 1.157395272235924 3.426362499999999 2.986703023314075 1.157395272235924 3.424487499999997 2.990414680803204 1.157395272235924 3.420737499999997 2.990414680803204 1.157395272235924 3.416987499999998 2.990414680803204 1.157395272235924 3.413237499999997 2.990414680803204 1.157395272235924 3.409487499999997 2.990414680803204 1.157395272235924 3.407612499999998 2.986703023314074 1.157395272235924 3.405737499999998 2.982991365824945 1.157395272235924 3.404030998658029 2.979613259965677 1.157395272235924 3.401987499999997 2.975568050846686 1.157395272235924 3.404030998658031 2.971522841727693 1.157395272235924 3.405737499999998 2.968144735868426 1.157395272235924 3.407612499999998 2.964433078379297 1.157395272235924 3.409487499999997 2.960721420890168 1.157395272235924 3.413237499999997 2.960721420890168 1.157395272235924 3.416987499999998 2.960721420890168 1.157395272235924 3.420737499999997 2.960721420890168 1.157395272235924 3.424487499999997 2.960721420890168 1.157395272235924 3.426194001341959 2.964099526749422 1.157395272235924 3.427900502683922 2.967477632608677 1.157395272235924 3.424487499999997 2.960721420890168 0.006595272235921711 3.424487500000001 2.323915096779494 0.006595272235921711 3.426362500000001 2.327626754268624 0.006595272235921711 3.428237500000001 2.331338411757754 0.006595272235921711 3.42994400134197 2.334716517617024 0.006595272235921711 3.431987500000001 2.338761726736013 1.157395272235924 3.431987499999997 2.975568050846686 1.157395272235924 3.429944001341961 2.971522841727681 1.157395272235924 3.427900502683922 2.967477632608677 1.157395272235924 3.426194001341959 2.964099526749422 1.157395272235924 3.416987499999998 2.960721420890168 1.157395272235924 3.413237499999997 2.960721420890168 1.157395272235924 3.409487499999997 2.960721420890168 0.006595272235921711 3.409487500000001 2.323915096779494 0.006595272235921711 3.413237500000001 2.323915096779495 0.006595272235921489 3.416987500000001 2.323915096779495 0.006595272235921267 3.420737500000001 2.323915096779495 0.006595272235921711 3.424487500000001 2.323915096779494 1.157395272235924 3.424487499999997 2.960721420890168 1.157395272235924 3.420737499999997 2.960721420890168 1.157395272235924 3.404030998658031 2.971522841727693 1.157395272235924 3.401987499999997 2.975568050846686 0.006595272235921711 3.401987500000001 2.338761726736013 0.006595272235921489 3.403862500000001 2.335050069246884 0.006595272235921711 3.405737500000001 2.331338411757754 0.006595272235921489 3.407612499999999 2.327626754268624 0.006595272235921711 3.409487500000001 2.323915096779494 1.157395272235924 3.409487499999997 2.960721420890168 1.157395272235924 3.407612499999998 2.964433078379297 1.157395272235924 3.405737499999998 2.968144735868426 1.157395272235924 3.416987499999998 2.990414680803204 1.157395272235924 3.420737499999997 2.990414680803204 1.157395272235924 3.424487499999997 2.990414680803204 0.006595272235921711 3.424487500000001 2.353608356692531 0.006595272235921711 3.420737500000003 2.353608356692531 0.006595272235921711 3.416987500000001 2.35360835669253 0.006595272235921934 3.413237499999999 2.35360835669253 0.006595272235921711 3.409487500000001 2.353608356692531 1.157395272235924 3.409487499999997 2.990414680803204 1.157395272235924 3.413237499999997 2.990414680803204 0.006595272235921711 3.42994400134197 2.342806935855001 0.006595272235921711 3.428237500000001 2.346185041714272 0.006595272235921711 3.426362500000003 2.349896699203402 0.006595272235921711 3.424487500000001 2.353608356692531 1.157395272235924 3.424487499999997 2.990414680803204 1.157395272235924 3.426362499999999 2.986703023314075 1.157395272235924 3.428237499999998 2.982991365824945 1.157395272235924 3.430112499999998 2.979279708335816 1.157395272235924 3.431987499999997 2.975568050846686 0.006595272235921711 3.431987500000001 2.338761726736013 1.157395272235924 3.404030998658029 2.979613259965677 1.157395272235924 3.405737499999998 2.982991365824945 1.157395272235924 3.407612499999998 2.986703023314074 1.157395272235924 3.409487499999997 2.990414680803204 0.006595272235921711 3.409487500000001 2.353608356692531 0.006595272235921934 3.407780998658031 2.35023025083326 0.006595272235921711 3.406074497316062 2.34685214497399 0.006595272235921711 3.404030998658031 2.342806935855001 0.006595272235921711 3.401987500000001 2.338761726736013 1.157395272235924 3.401987499999997 2.975568050846686 1.176145272235924 3.431987499999997 3.086809937720198 1.179895272235924 3.431987499999997 3.086809937720198 1.181770272235924 3.431987499999997 3.083098280231069 1.183645272235924 3.431987499999997 3.079386622741939 1.185419340431786 3.431987499999997 3.075874764872395 1.187395272235924 3.431987499999997 3.07196330776368 1.185419340431786 3.431987499999997 3.068051850654966 1.183645272235924 3.431987499999997 3.064539992785421 1.181770272235924 3.431987499999997 3.060828335296291 1.179895272235924 3.431987499999997 3.057116677807162 1.176145272235924 3.431987499999997 3.057116677807162 1.172395272235924 3.431987499999997 3.057116677807162 1.168645272235924 3.431987499999997 3.057116677807162 1.164895272235924 3.431987499999997 3.057116677807162 1.163020272235924 3.431987499999997 3.060828335296291 1.161145272235924 3.431987499999997 3.064539992785421 1.159270272235924 3.431987499999997 3.068251650274551 1.157395272235924 3.431987499999997 3.07196330776368 1.159371204040062 3.431987499999997 3.075874764872395 1.161347135844201 3.431987499999997 3.079786221981108 1.163121204040062 3.431987499999997 3.083298079850654 1.164895272235924 3.431987499999997 3.086809937720198 1.168645272235924 3.431987499999997 3.086809937720198 1.172395272235924 3.431987499999997 3.086809937720198 1.164895272235922 2.241587499999998 3.745529305309132 1.163020272235922 2.241587499999998 3.741817647820003 1.161145272235922 2.241587499999998 3.738105990330873 1.159371204040061 2.241587499999998 3.73459413246133 1.157395272235922 2.241587499999998 3.730682675352614 1.159371204040062 2.241587499999998 3.726771218243897 1.161145272235922 2.241587499999998 3.723259360374354 1.163020272235922 2.241587499999998 3.719547702885225 1.164895272235922 2.241587499999998 3.715836045396095 1.168645272235922 2.241587499999998 3.715836045396095 1.172395272235922 2.241587499999998 3.715836045396095 1.176145272235922 2.241587499999998 3.715836045396095 1.179895272235922 2.241587499999998 3.715836045396095 1.181669340431777 2.241587499999998 3.719347903265626 1.183443408627631 2.241587499999998 3.722859761135155 1.185419340431776 2.241587499999998 3.726771218243885 1.187395272235922 2.241587499999998 3.730682675352614 1.185520272235922 2.241587499999998 3.734394332841743 1.183645272235922 2.241587499999998 3.738105990330873 1.181770272235922 2.241587499999998 3.741817647820003 1.179895272235922 2.241587499999998 3.745529305309132 1.176145272235922 2.241587499999998 3.745529305309132 1.172395272235922 2.241587499999998 3.745529305309132 1.168645272235922 2.241587499999998 3.745529305309132 1.179895272235922 2.241587499999998 3.715836045396095 1.179895272235924 3.431987499999997 3.057116677807162 1.181770272235924 3.431987499999997 3.060828335296291 1.183645272235924 3.431987499999997 3.064539992785421 1.185419340431786 3.431987499999997 3.068051850654966 1.187395272235924 3.431987499999997 3.07196330776368 1.187395272235922 2.241587499999998 3.730682675352614 1.185419340431776 2.241587499999998 3.726771218243885 1.183443408627631 2.241587499999998 3.722859761135155 1.181669340431777 2.241587499999998 3.719347903265626 1.172395272235922 2.241587499999998 3.715836045396095 1.168645272235922 2.241587499999998 3.715836045396095 1.164895272235922 2.241587499999998 3.715836045396095 1.164895272235924 3.431987499999997 3.057116677807162 1.168645272235924 3.431987499999997 3.057116677807162 1.172395272235924 3.431987499999997 3.057116677807162 1.176145272235924 3.431987499999997 3.057116677807162 1.179895272235924 3.431987499999997 3.057116677807162 1.179895272235922 2.241587499999998 3.715836045396095 1.176145272235922 2.241587499999998 3.715836045396095 1.159371204040062 2.241587499999998 3.726771218243897 1.157395272235922 2.241587499999998 3.730682675352614 1.157395272235924 3.431987499999997 3.07196330776368 1.159270272235924 3.431987499999997 3.068251650274551 1.161145272235924 3.431987499999997 3.064539992785421 1.163020272235924 3.431987499999997 3.060828335296291 1.164895272235924 3.431987499999997 3.057116677807162 1.164895272235922 2.241587499999998 3.715836045396095 1.163020272235922 2.241587499999998 3.719547702885225 1.161145272235922 2.241587499999998 3.723259360374354 1.172395272235922 2.241587499999998 3.745529305309132 1.176145272235922 2.241587499999998 3.745529305309132 1.179895272235922 2.241587499999998 3.745529305309132 1.179895272235924 3.431987499999997 3.086809937720198 1.176145272235924 3.431987499999997 3.086809937720198 1.172395272235924 3.431987499999997 3.086809937720198 1.168645272235924 3.431987499999997 3.086809937720198 1.164895272235924 3.431987499999997 3.086809937720198 1.164895272235922 2.241587499999998 3.745529305309132 1.168645272235922 2.241587499999998 3.745529305309132 1.185419340431786 3.431987499999997 3.075874764872395 1.183645272235924 3.431987499999997 3.079386622741939 1.181770272235924 3.431987499999997 3.083098280231069 1.179895272235924 3.431987499999997 3.086809937720198 1.179895272235922 2.241587499999998 3.745529305309132 1.181770272235922 2.241587499999998 3.741817647820003 1.183645272235922 2.241587499999998 3.738105990330873 1.185520272235922 2.241587499999998 3.734394332841743 1.187395272235922 2.241587499999998 3.730682675352614 1.187395272235924 3.431987499999997 3.07196330776368 1.159371204040061 2.241587499999998 3.73459413246133 1.161145272235922 2.241587499999998 3.738105990330873 1.163020272235922 2.241587499999998 3.741817647820003 1.164895272235922 2.241587499999998 3.745529305309132 1.164895272235924 3.431987499999997 3.086809937720198 1.163121204040062 3.431987499999997 3.083298079850654 1.161347135844201 3.431987499999997 3.079786221981108 1.159371204040062 3.431987499999997 3.075874764872395 1.157395272235924 3.431987499999997 3.07196330776368 1.157395272235922 2.241587499999998 3.730682675352614 0.02534527223591587 0.00158749999999963 0.2430099584395719 0.02909527223591612 0.00158749999999963 0.243009958439572 0.0309702722359163 0.00158749999999963 0.2467216159287015 0.03284527223591604 0.00158749999999963 0.2504332734178311 0.03472027223591611 0.00158749999999963 0.2541449309069607 0.03659527223591607 0.00158749999999963 0.2578565883960902 0.03516417765870272 0.00158749999999963 0.260689512612179 0.03373308308148958 0.00158749999999963 0.2635224368282678 0.03141417765870269 0.00158749999999963 0.2681128275904381 0.0290952722359159 0.00158749999999963 0.2727032183526084 0.02534527223591631 0.00158749999999963 0.2727032183526085 0.02159527223591628 0.00158749999999963 0.2727032183526085 0.01784527223591603 0.00158749999999963 0.2727032183526085 0.01409527223591611 0.00158749999999963 0.2727032183526084 0.01222027223591581 0.00158749999999963 0.268991560863479 0.01034527223591608 0.00158749999999963 0.2652799033743494 0.008026366813129182 0.00158749999999963 0.2606895126121792 0.006595272235915827 0.00158749999999963 0.2578565883960901 0.00847027223591612 0.00158749999999963 0.2541449309069607 0.01034527223591585 0.00158749999999963 0.2504332734178311 0.01222027223591581 0.00158749999999963 0.2467216159287014 0.01409527223591611 0.00158749999999963 0.2430099584395717 0.01784527223591603 0.00158749999999963 0.2430099584395719 0.02159527223591628 0.00158749999999963 0.2430099584395719 0.01409527223591611 0.00158749999999963 0.2430099584395717 0.01222027223591581 0.00158749999999963 0.2467216159287014 0.01034527223591585 0.00158749999999963 0.2504332734178311 0.00847027223591612 0.00158749999999963 0.2541449309069607 0.006595272235915827 0.00158749999999963 0.2578565883960901 0.006595272235921267 3.305460950969922 2.08608695652174 0.008024692907201536 3.306100284511571 2.083611127293693 0.008346397455045839 3.306244172530032 2.083053918671801 0.009454113578482026 3.306739618053221 2.081135298065647 0.01009752267417041 3.307027394090142 2.080020880821863 0.01177469290720178 3.307777537981703 2.077115936765309 0.01209639745504609 3.307921426000166 2.076558728143418 0.01409527223592155 3.308815457910188 2.073096575464973 0.02159527223592172 3.308815457910188 2.073096575464973 0.02534527223592153 3.308815457910188 2.073096575464973 0.02909527223592156 3.308815457910188 2.073096575464973 0.02909527223591612 0.00158749999999963 0.243009958439572 0.02534527223591587 0.00158749999999963 0.2430099584395719 0.02159527223591628 0.00158749999999963 0.2430099584395719 0.01784527223591603 0.00158749999999963 0.2430099584395719 0.01409527223591611 0.00158749999999963 0.2430099584395717 0.01409527223592155 3.308815457910188 2.073096575464973 0.01784527223592158 3.308815457910188 2.073096575464973 0.03659527223591607 0.00158749999999963 0.2578565883960902 0.03472027223591611 0.00158749999999963 0.2541449309069607 0.03284527223591604 0.00158749999999963 0.2504332734178311 0.0309702722359163 0.00158749999999963 0.2467216159287015 0.02909527223591612 0.00158749999999963 0.243009958439572 0.02909527223592156 3.308815457910188 2.073096575464973 0.03097027223592174 3.307976831175121 2.076344170729165 0.03284527223592148 3.307138204440055 2.079591765993356 0.03484414701680449 3.306244172530029 2.083053918671814 0.03516585156464246 3.306100284511571 2.083611127293695 0.03659527223592151 3.305460950969922 2.086086956521739 0.02909527223592134 3.302106444029657 2.099077337578506 0.0290952722359159 0.00158749999999963 0.2727032183526084 0.03141417765870269 0.00158749999999963 0.2681128275904381 0.03373308308148958 0.00158749999999963 0.2635224368282678 0.03516417765870272 0.00158749999999963 0.260689512612179 0.03659527223591607 0.00158749999999963 0.2578565883960902 0.03659527223592151 3.305460950969922 2.086086956521739 0.03472027223592133 3.304622324234856 2.089334551785932 0.03284527223592126 3.30378369749979 2.092582147050123 0.03097027223592152 3.302945070764723 2.095829742314315 0.008026366813129182 0.00158749999999963 0.2606895126121792 0.01034527223591608 0.00158749999999963 0.2652799033743494 0.01222027223591581 0.00158749999999963 0.268991560863479 0.01409527223591611 0.00158749999999963 0.2727032183526084 0.01409527223592221 3.302106444029657 2.099077337578507 0.01222027223592225 3.302945070764723 2.095829742314315 0.01034527223592174 3.30378369749979 2.092582147050123 0.008470272235921338 3.304622324234856 2.089334551785932 0.006595272235921267 3.305460950969922 2.08608695652174 0.006595272235915827 0.00158749999999963 0.2578565883960901 0.01784527223591603 0.00158749999999963 0.2727032183526085 0.02159527223591628 0.00158749999999963 0.2727032183526085 0.02534527223591631 0.00158749999999963 0.2727032183526085 0.0290952722359159 0.00158749999999963 0.2727032183526084 0.02909527223592134 3.302106444029657 2.099077337578506 0.02534527223592131 3.302106444029657 2.099077337578506 0.02159527223592172 3.302106444029657 2.099077337578506 0.01784527223592202 3.302106444029657 2.099077337578507 0.01409527223592221 3.302106444029657 2.099077337578507 0.01409527223591611 0.00158749999999963 0.2727032183526084 0.0253452722359222 3.401987500000003 2.099077337578507 0.02909527223592223 3.401987500000001 2.099077337578507 0.03116159273991381 3.401987500000001 2.095498365480873 0.03322791324390472 3.401987500000001 2.091919393383238 0.03491159273991339 3.401987500000001 2.089003174952489 0.03659527223592218 3.401987500000001 2.08608695652174 0.03472027223592222 3.401987500000001 2.082839361257549 0.03284527223592248 3.401987500000001 2.079591765993357 0.03097027223592219 3.401987500000001 2.076344170729166 0.02909527223592223 3.401987500000001 2.073096575464974 0.0253452722359222 3.401987500000001 2.073096575464974 0.02159527223592216 3.401987500000001 2.073096575464974 0.01784527223592224 3.401987500000001 2.073096575464974 0.01409527223592221 3.401987500000001 2.073096575464974 0.01222027223592225 3.401987500000001 2.076344170729166 0.01034527223592218 3.401987500000001 2.079591765993357 0.008470272235922449 3.401987500000001 2.082839361257549 0.006595272235921934 3.401987500000001 2.08608695652174 0.008278951668991729 3.401987499999999 2.089003174843475 0.009962631102061081 3.401987500000001 2.09191939316521 0.01202895166899176 3.401987499999999 2.095498365371858 0.01409527223592221 3.401987500000001 2.099077337578507 0.01784527223592224 3.401987500000003 2.099077337578507 0.02159527223592216 3.401987500000001 2.099077337578507 0.008470272235922449 3.401987500000001 2.082839361257549 0.01034527223592218 3.401987500000001 2.079591765993357 0.01222027223592225 3.401987500000001 2.076344170729166 0.01409527223592221 3.401987500000001 2.073096575464974 0.01409527223592155 3.308815457910188 2.073096575464973 0.01209639745504609 3.307921426000166 2.076558728143418 0.01177469290720178 3.307777537981703 2.077115936765309 0.01009752267417041 3.307027394090142 2.080020880821863 0.009454113578482026 3.306739618053221 2.081135298065647 0.008346397455045839 3.306244172530032 2.083053918671801 0.008024692907201536 3.306100284511571 2.083611127293693 0.006595272235921267 3.305460950969922 2.08608695652174 0.006595272235921934 3.401987500000001 2.08608695652174 0.03472027223592222 3.401987500000001 2.082839361257549 0.03659527223592218 3.401987500000001 2.08608695652174 0.03659527223592151 3.305460950969922 2.086086956521739 0.03516585156464246 3.306100284511571 2.083611127293695 0.03484414701680449 3.306244172530029 2.083053918671814 0.03284527223592148 3.307138204440055 2.079591765993356 0.03097027223592174 3.307976831175121 2.076344170729165 0.02909527223592156 3.308815457910188 2.073096575464973 0.02909527223592223 3.401987500000001 2.073096575464974 0.03097027223592219 3.401987500000001 2.076344170729166 0.03284527223592248 3.401987500000001 2.079591765993357 0.02159527223592172 3.308815457910188 2.073096575464973 0.02534527223592153 3.308815457910188 2.073096575464973 0.01784527223592158 3.308815457910188 2.073096575464973 0.01409527223592155 3.308815457910188 2.073096575464973 0.01409527223592221 3.401987500000001 2.073096575464974 0.01784527223592224 3.401987500000001 2.073096575464974 0.02159527223592216 3.401987500000001 2.073096575464974 0.0253452722359222 3.401987500000001 2.073096575464974 0.02909527223592223 3.401987500000001 2.073096575464974 0.02909527223592156 3.308815457910188 2.073096575464973 0.03097027223592152 3.302945070764723 2.095829742314315 0.03284527223592126 3.30378369749979 2.092582147050123 0.03472027223592133 3.304622324234856 2.089334551785932 0.03659527223592151 3.305460950969922 2.086086956521739 0.03659527223592218 3.401987500000001 2.08608695652174 0.03491159273991339 3.401987500000001 2.089003174952489 0.03322791324390472 3.401987500000001 2.091919393383238 0.03116159273991381 3.401987500000001 2.095498365480873 0.02909527223592223 3.401987500000001 2.099077337578507 0.02909527223592134 3.302106444029657 2.099077337578506 0.01034527223592174 3.30378369749979 2.092582147050123 0.01222027223592225 3.302945070764723 2.095829742314315 0.01409527223592221 3.302106444029657 2.099077337578507 0.01409527223592221 3.401987500000001 2.099077337578507 0.01202895166899176 3.401987499999999 2.095498365371858 0.009962631102061081 3.401987500000001 2.09191939316521 0.008278951668991729 3.401987499999999 2.089003174843475 0.006595272235921934 3.401987500000001 2.08608695652174 0.006595272235921267 3.305460950969922 2.08608695652174 0.008470272235921338 3.304622324234856 2.089334551785932 0.0253452722359222 3.401987500000003 2.099077337578507 0.02159527223592216 3.401987500000001 2.099077337578507 0.01784527223592224 3.401987500000003 2.099077337578507 0.01409527223592221 3.401987500000001 2.099077337578507 0.01409527223592221 3.302106444029657 2.099077337578507 0.01784527223592202 3.302106444029657 2.099077337578507 0.02159527223592172 3.302106444029657 2.099077337578506 0.02534527223592131 3.302106444029657 2.099077337578506 0.02909527223592134 3.302106444029657 2.099077337578506 0.02909527223592223 3.401987500000001 2.099077337578507 0.006595272235921711 3.42994400134197 2.217806935855 0.006595272235921711 3.431987500000001 2.213761726736012 0.006595272235921711 3.42994400134197 2.209716517617023 0.006595272235921711 3.428237500000001 2.206338411757752 0.006595272235921711 3.426362500000001 2.202626754268623 0.006595272235921711 3.424487500000001 2.198915096779494 0.006595272235921711 3.420737500000001 2.198915096779494 0.006595272235921711 3.416987500000001 2.198915096779494 0.006595272235921711 3.413237500000001 2.198915096779494 0.006595272235921711 3.409487500000001 2.198915096779494 0.006595272235921711 3.407612499999999 2.202626754268623 0.006595272235921711 3.405737500000001 2.206338411757752 0.006595272235921711 3.403862500000001 2.210050069246882 0.006595272235921711 3.401987500000001 2.213761726736012 0.006595272235921711 3.404030998658031 2.217806935855 0.006595272235921711 3.406074497316062 2.22185214497399 0.006595272235921934 3.407780998658031 2.22523025083326 0.006595272235921711 3.409487500000001 2.22860835669253 0.006595272235921934 3.413237499999999 2.22860835669253 0.006595272235921711 3.416987500000001 2.22860835669253 0.006595272235921711 3.420737500000003 2.22860835669253 0.006595272235921711 3.424487500000001 2.22860835669253 0.006595272235921711 3.426362500000001 2.224896699203401 0.006595272235921711 3.428237500000001 2.221185041714271 1.157395272235924 3.429944001341961 2.84652284172768 1.157395272235924 3.431987499999997 2.850568050846685 1.157395272235924 3.430112499999998 2.854279708335815 1.157395272235924 3.428237499999998 2.857991365824944 1.157395272235924 3.426362499999999 2.861703023314074 1.157395272235924 3.424487499999997 2.865414680803203 1.157395272235924 3.420737499999997 2.865414680803203 1.157395272235924 3.416987499999998 2.865414680803203 1.157395272235924 3.413237499999997 2.865414680803203 1.157395272235924 3.409487499999997 2.865414680803203 1.157395272235924 3.407612499999998 2.861703023314074 1.157395272235924 3.405737499999998 2.857991365824944 1.157395272235924 3.404030998658029 2.854613259965676 1.157395272235924 3.401987499999997 2.850568050846685 1.157395272235924 3.404030998658031 2.846522841727693 1.157395272235924 3.405737499999998 2.843144735868426 1.157395272235924 3.407612499999998 2.839433078379296 1.157395272235924 3.409487499999997 2.835721420890167 1.157395272235924 3.413237499999997 2.835721420890167 1.157395272235924 3.416987499999998 2.835721420890167 1.157395272235924 3.420737499999997 2.835721420890167 1.157395272235924 3.424487499999997 2.835721420890167 1.157395272235924 3.426194001341959 2.839099526749421 1.157395272235924 3.427900502683922 2.842477632608676 1.157395272235924 3.424487499999997 2.835721420890167 0.006595272235921711 3.424487500000001 2.198915096779494 0.006595272235921711 3.426362500000001 2.202626754268623 0.006595272235921711 3.428237500000001 2.206338411757752 0.006595272235921711 3.42994400134197 2.209716517617023 0.006595272235921711 3.431987500000001 2.213761726736012 1.157395272235924 3.431987499999997 2.850568050846685 1.157395272235924 3.429944001341961 2.84652284172768 1.157395272235924 3.427900502683922 2.842477632608676 1.157395272235924 3.426194001341959 2.839099526749421 1.157395272235924 3.416987499999998 2.835721420890167 1.157395272235924 3.413237499999997 2.835721420890167 1.157395272235924 3.409487499999997 2.835721420890167 0.006595272235921711 3.409487500000001 2.198915096779494 0.006595272235921711 3.413237500000001 2.198915096779494 0.006595272235921711 3.416987500000001 2.198915096779494 0.006595272235921711 3.420737500000001 2.198915096779494 0.006595272235921711 3.424487500000001 2.198915096779494 1.157395272235924 3.424487499999997 2.835721420890167 1.157395272235924 3.420737499999997 2.835721420890167 1.157395272235924 3.404030998658031 2.846522841727693 1.157395272235924 3.401987499999997 2.850568050846685 0.006595272235921711 3.401987500000001 2.213761726736012 0.006595272235921711 3.403862500000001 2.210050069246882 0.006595272235921711 3.405737500000001 2.206338411757752 0.006595272235921711 3.407612499999999 2.202626754268623 0.006595272235921711 3.409487500000001 2.198915096779494 1.157395272235924 3.409487499999997 2.835721420890167 1.157395272235924 3.407612499999998 2.839433078379296 1.157395272235924 3.405737499999998 2.843144735868426 1.157395272235924 3.416987499999998 2.865414680803203 1.157395272235924 3.420737499999997 2.865414680803203 1.157395272235924 3.424487499999997 2.865414680803203 0.006595272235921711 3.424487500000001 2.22860835669253 0.006595272235921711 3.420737500000003 2.22860835669253 0.006595272235921711 3.416987500000001 2.22860835669253 0.006595272235921934 3.413237499999999 2.22860835669253 0.006595272235921711 3.409487500000001 2.22860835669253 1.157395272235924 3.409487499999997 2.865414680803203 1.157395272235924 3.413237499999997 2.865414680803203 0.006595272235921711 3.42994400134197 2.217806935855 0.006595272235921711 3.428237500000001 2.221185041714271 0.006595272235921711 3.426362500000001 2.224896699203401 0.006595272235921711 3.424487500000001 2.22860835669253 1.157395272235924 3.424487499999997 2.865414680803203 1.157395272235924 3.426362499999999 2.861703023314074 1.157395272235924 3.428237499999998 2.857991365824944 1.157395272235924 3.430112499999998 2.854279708335815 1.157395272235924 3.431987499999997 2.850568050846685 0.006595272235921711 3.431987500000001 2.213761726736012 1.157395272235924 3.404030998658029 2.854613259965676 1.157395272235924 3.405737499999998 2.857991365824944 1.157395272235924 3.407612499999998 2.861703023314074 1.157395272235924 3.409487499999997 2.865414680803203 0.006595272235921711 3.409487500000001 2.22860835669253 0.006595272235921934 3.407780998658031 2.22523025083326 0.006595272235921711 3.406074497316062 2.22185214497399 0.006595272235921711 3.404030998658031 2.217806935855 0.006595272235921711 3.401987500000001 2.213761726736012 1.157395272235924 3.401987499999997 2.850568050846685 1.176145272235924 3.431987499999997 2.961809937720198 1.179895272235924 3.431987499999997 2.961809937720198 1.181770272235924 3.431987499999997 2.958098280231069 1.183645272235924 3.431987499999997 2.954386622741939 1.185419340431786 3.431987499999997 2.950874764872394 1.187395272235924 3.431987499999997 2.94696330776368 1.185419340431786 3.431987499999997 2.943051850654966 1.183645272235924 3.431987499999997 2.939539992785421 1.181770272235924 3.431987499999997 2.935828335296291 1.179895272235924 3.431987499999997 2.932116677807162 1.176145272235924 3.431987499999997 2.932116677807162 1.172395272235924 3.431987499999997 2.932116677807162 1.168645272235924 3.431987499999997 2.932116677807162 1.164895272235924 3.431987499999997 2.932116677807162 1.163020272235924 3.431987499999997 2.935828335296291 1.161145272235924 3.431987499999997 2.939539992785421 1.159270272235924 3.431987499999997 2.943251650274551 1.157395272235924 3.431987499999997 2.94696330776368 1.159371204040062 3.431987499999997 2.950874764872394 1.161347135844201 3.431987499999997 2.954786221981109 1.163121204040062 3.431987499999997 2.958298079850653 1.164895272235924 3.431987499999997 2.961809937720198 1.168645272235924 3.431987499999997 2.961809937720198 1.172395272235924 3.431987499999997 2.961809937720198 1.164895272235922 2.241587499999998 3.620529305309132 1.163020272235922 2.241587499999998 3.616817647820003 1.161145272235922 2.241587499999998 3.613105990330872 1.159371204040061 2.241587499999998 3.609594132461329 1.157395272235922 2.241587499999998 3.605682675352613 1.159371204040062 2.241587499999998 3.601771218243896 1.161145272235922 2.241587499999998 3.598259360374354 1.163020272235922 2.241587499999998 3.594547702885225 1.164895272235922 2.241587499999998 3.590836045396095 1.168645272235922 2.241587499999998 3.590836045396096 1.172395272235922 2.241587499999998 3.590836045396096 1.176145272235922 2.241587499999998 3.590836045396096 1.179895272235922 2.241587499999998 3.590836045396095 1.181669340431777 2.241587499999998 3.594347903265626 1.183443408627631 2.241587499999998 3.597859761135155 1.185419340431776 2.241587499999998 3.601771218243884 1.187395272235922 2.241587499999998 3.605682675352613 1.185520272235922 2.241587499999998 3.609394332841743 1.183645272235922 2.241587499999998 3.613105990330873 1.181770272235922 2.241587499999998 3.616817647820003 1.179895272235922 2.241587499999998 3.620529305309132 1.176145272235922 2.241587499999998 3.620529305309132 1.172395272235922 2.241587499999998 3.620529305309132 1.168645272235922 2.241587499999998 3.620529305309132 1.179895272235922 2.241587499999998 3.590836045396095 1.179895272235924 3.431987499999997 2.932116677807162 1.181770272235924 3.431987499999997 2.935828335296291 1.183645272235924 3.431987499999997 2.939539992785421 1.185419340431786 3.431987499999997 2.943051850654966 1.187395272235924 3.431987499999997 2.94696330776368 1.187395272235922 2.241587499999998 3.605682675352613 1.185419340431776 2.241587499999998 3.601771218243884 1.183443408627631 2.241587499999998 3.597859761135155 1.181669340431777 2.241587499999998 3.594347903265626 1.172395272235922 2.241587499999998 3.590836045396096 1.168645272235922 2.241587499999998 3.590836045396096 1.164895272235922 2.241587499999998 3.590836045396095 1.164895272235924 3.431987499999997 2.932116677807162 1.168645272235924 3.431987499999997 2.932116677807162 1.172395272235924 3.431987499999997 2.932116677807162 1.176145272235924 3.431987499999997 2.932116677807162 1.179895272235924 3.431987499999997 2.932116677807162 1.179895272235922 2.241587499999998 3.590836045396095 1.176145272235922 2.241587499999998 3.590836045396096 1.159371204040062 2.241587499999998 3.601771218243896 1.157395272235922 2.241587499999998 3.605682675352613 1.157395272235924 3.431987499999997 2.94696330776368 1.159270272235924 3.431987499999997 2.943251650274551 1.161145272235924 3.431987499999997 2.939539992785421 1.163020272235924 3.431987499999997 2.935828335296291 1.164895272235924 3.431987499999997 2.932116677807162 1.164895272235922 2.241587499999998 3.590836045396095 1.163020272235922 2.241587499999998 3.594547702885225 1.161145272235922 2.241587499999998 3.598259360374354 1.172395272235922 2.241587499999998 3.620529305309132 1.176145272235922 2.241587499999998 3.620529305309132 1.179895272235922 2.241587499999998 3.620529305309132 1.179895272235924 3.431987499999997 2.961809937720198 1.176145272235924 3.431987499999997 2.961809937720198 1.172395272235924 3.431987499999997 2.961809937720198 1.168645272235924 3.431987499999997 2.961809937720198 1.164895272235924 3.431987499999997 2.961809937720198 1.164895272235922 2.241587499999998 3.620529305309132 1.168645272235922 2.241587499999998 3.620529305309132 1.185419340431786 3.431987499999997 2.950874764872394 1.183645272235924 3.431987499999997 2.954386622741939 1.181770272235924 3.431987499999997 2.958098280231069 1.179895272235924 3.431987499999997 2.961809937720198 1.179895272235922 2.241587499999998 3.620529305309132 1.181770272235922 2.241587499999998 3.616817647820003 1.183645272235922 2.241587499999998 3.613105990330873 1.185520272235922 2.241587499999998 3.609394332841743 1.187395272235922 2.241587499999998 3.605682675352613 1.187395272235924 3.431987499999997 2.94696330776368 1.159371204040061 2.241587499999998 3.609594132461329 1.161145272235922 2.241587499999998 3.613105990330872 1.163020272235922 2.241587499999998 3.616817647820003 1.164895272235922 2.241587499999998 3.620529305309132 1.164895272235924 3.431987499999997 2.961809937720198 1.163121204040062 3.431987499999997 2.958298079850653 1.161347135844201 3.431987499999997 2.954786221981109 1.159371204040062 3.431987499999997 2.950874764872394 1.157395272235924 3.431987499999997 2.94696330776368 1.157395272235922 2.241587499999998 3.605682675352613 0.02534527223591631 0.00158749999999963 0.1180099584395719 0.02909527223591612 0.00158749999999963 0.118009958439572 0.0309702722359163 0.00158749999999963 0.1217216159287015 0.03284527223591604 0.00158749999999963 0.1254332734178311 0.03472027223591633 0.00158749999999963 0.1291449309069606 0.03659527223591607 0.00158749999999963 0.1328565883960902 0.03516417765870272 0.00158749999999963 0.1356895126121789 0.03373308308148958 0.00158749999999963 0.1385224368282678 0.03141417765870246 0.00158749999999963 0.1431128275904381 0.0290952722359159 0.00158749999999963 0.1477032183526084 0.02534527223591587 0.00158749999999963 0.1477032183526085 0.02159527223591628 0.00158749999999963 0.1477032183526085 0.01784527223591603 0.00158749999999963 0.1477032183526085 0.01409527223591611 0.00158749999999963 0.1477032183526084 0.01222027223591581 0.00158749999999963 0.1439915608634789 0.01034527223591608 0.00158749999999963 0.1402799033743494 0.008026366813129182 0.00158749999999963 0.1356895126121792 0.006595272235915827 0.00158749999999963 0.1328565883960902 0.00847027223591612 0.00158749999999963 0.1291449309069606 0.01034527223591585 0.00158749999999963 0.125433273417831 0.01222027223591581 0.00158749999999963 0.1217216159287014 0.01409527223591611 0.00158749999999963 0.1180099584395717 0.01784527223591603 0.00158749999999963 0.1180099584395718 0.02159527223591628 0.00158749999999963 0.1180099584395719 0.01409527223591611 0.00158749999999963 0.1180099584395717 0.01222027223591581 0.00158749999999963 0.1217216159287014 0.01034527223591585 0.00158749999999963 0.125433273417831 0.00847027223591612 0.00158749999999963 0.1291449309069606 0.006595272235915827 0.00158749999999963 0.1328565883960902 0.006595272235921267 3.305460950969921 1.96108695652174 0.008024692907201758 3.306100284511571 1.958611127293693 0.008346397455045617 3.306244172530032 1.958053918671801 0.009454113578482026 3.30673961805322 1.956135298065646 0.01009752267416996 3.307027394090142 1.955020880821863 0.01177469290720178 3.307777537981703 1.95211593676531 0.01209639745504587 3.307921426000166 1.951558728143418 0.01409527223592155 3.308815457910188 1.948096575464973 0.02159527223592128 3.308815457910188 1.948096575464973 0.02534527223592131 3.308815457910188 1.948096575464973 0.02909527223592134 3.308815457910188 1.948096575464973 0.02909527223591612 0.00158749999999963 0.118009958439572 0.02534527223591631 0.00158749999999963 0.1180099584395719 0.02159527223591628 0.00158749999999963 0.1180099584395719 0.01784527223591603 0.00158749999999963 0.1180099584395718 0.01409527223591611 0.00158749999999963 0.1180099584395717 0.01409527223592155 3.308815457910188 1.948096575464973 0.01784527223592102 3.308815457910188 1.948096575464973 0.03659527223591607 0.00158749999999963 0.1328565883960902 0.03472027223591633 0.00158749999999963 0.1291449309069606 0.03284527223591604 0.00158749999999963 0.1254332734178311 0.0309702722359163 0.00158749999999963 0.1217216159287015 0.02909527223591612 0.00158749999999963 0.118009958439572 0.02909527223592134 3.308815457910188 1.948096575464973 0.03097027223592152 3.307976831175122 1.951344170729164 0.03284527223592126 3.307138204440055 1.954591765993356 0.03484414701680427 3.306244172530029 1.958053918671813 0.03516585156464224 3.306100284511572 1.958611127293695 0.03659527223592151 3.305460950969922 1.961086956521739 0.02909527223592134 3.302106444029657 1.974077337578506 0.0290952722359159 0.00158749999999963 0.1477032183526084 0.03141417765870246 0.00158749999999963 0.1431128275904381 0.03373308308148958 0.00158749999999963 0.1385224368282678 0.03516417765870272 0.00158749999999963 0.1356895126121789 0.03659527223591607 0.00158749999999963 0.1328565883960902 0.03659527223592151 3.305460950969922 1.961086956521739 0.03472027223592133 3.304622324234855 1.964334551785932 0.03284527223592126 3.303783697499789 1.967582147050123 0.03097027223592152 3.302945070764723 1.970829742314315 0.008026366813129182 0.00158749999999963 0.1356895126121792 0.01034527223591608 0.00158749999999963 0.1402799033743494 0.01222027223591581 0.00158749999999963 0.1439915608634789 0.01409527223591611 0.00158749999999963 0.1477032183526084 0.01409527223592177 3.302106444029657 1.974077337578506 0.01222027223592148 3.302945070764723 1.970829742314314 0.01034527223592152 3.30378369749979 1.967582147050123 0.008470272235921338 3.304622324234856 1.964334551785932 0.006595272235921267 3.305460950969921 1.96108695652174 0.006595272235915827 0.00158749999999963 0.1328565883960902 0.01784527223591603 0.00158749999999963 0.1477032183526085 0.02159527223591628 0.00158749999999963 0.1477032183526085 0.02534527223591587 0.00158749999999963 0.1477032183526085 0.0290952722359159 0.00158749999999963 0.1477032183526084 0.02909527223592134 3.302106444029657 1.974077337578506 0.02534527223592131 3.302106444029657 1.974077337578506 0.02159527223592172 3.302106444029657 1.974077337578506 0.01784527223592158 3.302106444029657 1.974077337578506 0.01409527223592177 3.302106444029657 1.974077337578506 0.01409527223591611 0.00158749999999963 0.1477032183526084 0.02534527223592197 3.401987500000003 1.974077337578507 0.02909527223592178 3.401987500000001 1.974077337578506 0.03116159273991314 3.401987500000001 1.970498365480872 0.0332279132439045 3.401987500000001 1.966919393383238 0.03491159273991317 3.401987500000001 1.964003174952489 0.03659527223592196 3.401987500000001 1.961086956521739 0.03472027223592222 3.401987500000001 1.957839361257548 0.03284527223592181 3.401987500000001 1.954591765993356 0.03097027223592174 3.401987500000001 1.951344170729165 0.02909527223592178 3.401987500000001 1.948096575464973 0.02534527223592197 3.401987500000001 1.948096575464973 0.02159527223592194 3.401987500000001 1.948096575464973 0.01784527223592202 3.401987500000001 1.948096575464973 0.01409527223592199 3.401987500000001 1.948096575464973 0.01222027223592225 3.401987500000001 1.951344170729165 0.01034527223592196 3.401987500000001 1.954591765993356 0.008470272235922005 3.401987500000001 1.957839361257548 0.006595272235921711 3.401987500000001 1.961086956521739 0.008278951668991507 3.401987499999999 1.964003174843474 0.009962631102060637 3.401987500000001 1.966919393165209 0.01202895166899153 3.401987499999999 1.970498365371858 0.01409527223592199 3.401987500000001 1.974077337578506 0.01784527223592202 3.401987500000003 1.974077337578507 0.02159527223592194 3.401987500000001 1.974077337578506 0.008470272235922005 3.401987500000001 1.957839361257548 0.01034527223592196 3.401987500000001 1.954591765993356 0.01222027223592225 3.401987500000001 1.951344170729165 0.01409527223592199 3.401987500000001 1.948096575464973 0.01409527223592155 3.308815457910188 1.948096575464973 0.01209639745504587 3.307921426000166 1.951558728143418 0.01177469290720178 3.307777537981703 1.95211593676531 0.01009752267416996 3.307027394090142 1.955020880821863 0.009454113578482026 3.30673961805322 1.956135298065646 0.008346397455045617 3.306244172530032 1.958053918671801 0.008024692907201758 3.306100284511571 1.958611127293693 0.006595272235921267 3.305460950969921 1.96108695652174 0.006595272235921711 3.401987500000001 1.961086956521739 0.03472027223592222 3.401987500000001 1.957839361257548 0.03659527223592196 3.401987500000001 1.961086956521739 0.03659527223592151 3.305460950969922 1.961086956521739 0.03516585156464224 3.306100284511572 1.958611127293695 0.03484414701680427 3.306244172530029 1.958053918671813 0.03284527223592126 3.307138204440055 1.954591765993356 0.03097027223592152 3.307976831175122 1.951344170729164 0.02909527223592134 3.308815457910188 1.948096575464973 0.02909527223592178 3.401987500000001 1.948096575464973 0.03097027223592174 3.401987500000001 1.951344170729165 0.03284527223592181 3.401987500000001 1.954591765993356 0.02159527223592128 3.308815457910188 1.948096575464973 0.02534527223592131 3.308815457910188 1.948096575464973 0.01784527223592102 3.308815457910188 1.948096575464973 0.01409527223592155 3.308815457910188 1.948096575464973 0.01409527223592199 3.401987500000001 1.948096575464973 0.01784527223592202 3.401987500000001 1.948096575464973 0.02159527223592194 3.401987500000001 1.948096575464973 0.02534527223592197 3.401987500000001 1.948096575464973 0.02909527223592178 3.401987500000001 1.948096575464973 0.02909527223592134 3.308815457910188 1.948096575464973 0.03097027223592152 3.302945070764723 1.970829742314315 0.03284527223592126 3.303783697499789 1.967582147050123 0.03472027223592133 3.304622324234855 1.964334551785932 0.03659527223592151 3.305460950969922 1.961086956521739 0.03659527223592196 3.401987500000001 1.961086956521739 0.03491159273991317 3.401987500000001 1.964003174952489 0.0332279132439045 3.401987500000001 1.966919393383238 0.03116159273991314 3.401987500000001 1.970498365480872 0.02909527223592178 3.401987500000001 1.974077337578506 0.02909527223592134 3.302106444029657 1.974077337578506 0.01034527223592152 3.30378369749979 1.967582147050123 0.01222027223592148 3.302945070764723 1.970829742314314 0.01409527223592177 3.302106444029657 1.974077337578506 0.01409527223592199 3.401987500000001 1.974077337578506 0.01202895166899153 3.401987499999999 1.970498365371858 0.009962631102060637 3.401987500000001 1.966919393165209 0.008278951668991507 3.401987499999999 1.964003174843474 0.006595272235921711 3.401987500000001 1.961086956521739 0.006595272235921267 3.305460950969921 1.96108695652174 0.008470272235921338 3.304622324234856 1.964334551785932 0.02534527223592197 3.401987500000003 1.974077337578507 0.02159527223592194 3.401987500000001 1.974077337578506 0.01784527223592202 3.401987500000003 1.974077337578507 0.01409527223592199 3.401987500000001 1.974077337578506 0.01409527223592177 3.302106444029657 1.974077337578506 0.01784527223592158 3.302106444029657 1.974077337578506 0.02159527223592172 3.302106444029657 1.974077337578506 0.02534527223592131 3.302106444029657 1.974077337578506 0.02909527223592134 3.302106444029657 1.974077337578506 0.02909527223592178 3.401987500000001 1.974077337578506 0.006595272235921711 3.42994400134197 2.092806935855 0.006595272235921711 3.431987500000001 2.088761726736012 0.006595272235921711 3.42994400134197 2.084716517617023 0.006595272235921711 3.428237500000001 2.081338411757753 0.006595272235921711 3.426362500000003 2.077626754268623 0.006595272235921711 3.424487500000001 2.073915096779494 0.006595272235921711 3.420737500000001 2.073915096779494 0.006595272235921711 3.416987500000001 2.073915096779494 0.006595272235921711 3.413237500000001 2.073915096779494 0.006595272235921711 3.409487500000001 2.073915096779494 0.006595272235921711 3.407612499999999 2.077626754268623 0.006595272235921711 3.405737500000001 2.081338411757752 0.006595272235921711 3.403862500000001 2.085050069246882 0.006595272235921711 3.401987500000001 2.088761726736012 0.006595272235921711 3.404030998658031 2.092806935855 0.006595272235921711 3.40607449731606 2.096852144973989 0.006595272235921711 3.407780998658032 2.10023025083326 0.006595272235921711 3.409487500000001 2.10360835669253 0.006595272235921934 3.413237499999999 2.10360835669253 0.006595272235921711 3.416987500000001 2.10360835669253 0.006595272235921711 3.420737500000003 2.10360835669253 0.006595272235921711 3.424487500000001 2.10360835669253 0.006595272235921711 3.426362500000001 2.099896699203401 0.006595272235921711 3.428237500000001 2.096185041714271 1.157395272235924 3.429944001341961 2.721522841727681 1.157395272235924 3.431987499999997 2.725568050846685 1.157395272235924 3.430112499999998 2.729279708335815 1.157395272235924 3.428237499999999 2.732991365824945 1.157395272235924 3.426362499999997 2.736703023314074 1.157395272235924 3.424487499999997 2.740414680803204 1.157395272235924 3.420737499999997 2.740414680803204 1.157395272235924 3.416987499999998 2.740414680803204 1.157395272235924 3.413237499999997 2.740414680803204 1.157395272235924 3.409487499999997 2.740414680803204 1.157395272235924 3.407612499999998 2.736703023314074 1.157395272235924 3.405737499999998 2.732991365824945 1.157395272235924 3.404030998658029 2.729613259965676 1.157395272235924 3.401987499999997 2.725568050846685 1.157395272235924 3.404030998658029 2.721522841727693 1.157395272235924 3.405737499999998 2.718144735868426 1.157395272235924 3.407612499999998 2.714433078379297 1.157395272235924 3.409487499999997 2.710721420890167 1.157395272235924 3.413237499999997 2.710721420890167 1.157395272235924 3.416987499999998 2.710721420890167 1.157395272235924 3.420737499999997 2.710721420890167 1.157395272235924 3.424487499999997 2.710721420890167 1.157395272235924 3.426194001341959 2.714099526749422 1.157395272235924 3.427900502683922 2.717477632608677 1.157395272235924 3.424487499999997 2.710721420890167 0.006595272235921711 3.424487500000001 2.073915096779494 0.006595272235921711 3.426362500000003 2.077626754268623 0.006595272235921711 3.428237500000001 2.081338411757753 0.006595272235921711 3.42994400134197 2.084716517617023 0.006595272235921711 3.431987500000001 2.088761726736012 1.157395272235924 3.431987499999997 2.725568050846685 1.157395272235924 3.429944001341961 2.721522841727681 1.157395272235924 3.427900502683922 2.717477632608677 1.157395272235924 3.426194001341959 2.714099526749422 1.157395272235924 3.416987499999998 2.710721420890167 1.157395272235924 3.413237499999997 2.710721420890167 1.157395272235924 3.409487499999997 2.710721420890167 0.006595272235921711 3.409487500000001 2.073915096779494 0.006595272235921711 3.413237500000001 2.073915096779494 0.006595272235921711 3.416987500000001 2.073915096779494 0.006595272235921711 3.420737500000001 2.073915096779494 0.006595272235921711 3.424487500000001 2.073915096779494 1.157395272235924 3.424487499999997 2.710721420890167 1.157395272235924 3.420737499999997 2.710721420890167 1.157395272235924 3.404030998658029 2.721522841727693 1.157395272235924 3.401987499999997 2.725568050846685 0.006595272235921711 3.401987500000001 2.088761726736012 0.006595272235921711 3.403862500000001 2.085050069246882 0.006595272235921711 3.405737500000001 2.081338411757752 0.006595272235921711 3.407612499999999 2.077626754268623 0.006595272235921711 3.409487500000001 2.073915096779494 1.157395272235924 3.409487499999997 2.710721420890167 1.157395272235924 3.407612499999998 2.714433078379297 1.157395272235924 3.405737499999998 2.718144735868426 1.157395272235924 3.416987499999998 2.740414680803204 1.157395272235924 3.420737499999997 2.740414680803204 1.157395272235924 3.424487499999997 2.740414680803204 0.006595272235921711 3.424487500000001 2.10360835669253 0.006595272235921711 3.420737500000003 2.10360835669253 0.006595272235921711 3.416987500000001 2.10360835669253 0.006595272235921934 3.413237499999999 2.10360835669253 0.006595272235921711 3.409487500000001 2.10360835669253 1.157395272235924 3.409487499999997 2.740414680803204 1.157395272235924 3.413237499999997 2.740414680803204 0.006595272235921711 3.42994400134197 2.092806935855 0.006595272235921711 3.428237500000001 2.096185041714271 0.006595272235921711 3.426362500000001 2.099896699203401 0.006595272235921711 3.424487500000001 2.10360835669253 1.157395272235924 3.424487499999997 2.740414680803204 1.157395272235924 3.426362499999997 2.736703023314074 1.157395272235924 3.428237499999999 2.732991365824945 1.157395272235924 3.430112499999998 2.729279708335815 1.157395272235924 3.431987499999997 2.725568050846685 0.006595272235921711 3.431987500000001 2.088761726736012 1.157395272235924 3.404030998658029 2.729613259965676 1.157395272235924 3.405737499999998 2.732991365824945 1.157395272235924 3.407612499999998 2.736703023314074 1.157395272235924 3.409487499999997 2.740414680803204 0.006595272235921711 3.409487500000001 2.10360835669253 0.006595272235921711 3.407780998658032 2.10023025083326 0.006595272235921711 3.40607449731606 2.096852144973989 0.006595272235921711 3.404030998658031 2.092806935855 0.006595272235921711 3.401987500000001 2.088761726736012 1.157395272235924 3.401987499999997 2.725568050846685 1.176145272235924 3.431987499999997 2.836809937720198 1.179895272235924 3.431987499999997 2.836809937720198 1.181770272235924 3.431987499999997 2.833098280231069 1.183645272235924 3.431987499999997 2.829386622741939 1.185419340431786 3.431987499999997 2.825874764872395 1.187395272235924 3.431987499999997 2.82196330776368 1.185419340431786 3.431987499999997 2.818051850654966 1.183645272235924 3.431987499999997 2.814539992785421 1.181770272235924 3.431987499999997 2.810828335296291 1.179895272235924 3.431987499999997 2.807116677807162 1.176145272235924 3.431987499999997 2.807116677807162 1.172395272235924 3.431987499999997 2.807116677807162 1.168645272235924 3.431987499999997 2.807116677807162 1.164895272235924 3.431987499999997 2.807116677807162 1.163020272235924 3.431987499999997 2.810828335296291 1.161145272235924 3.431987499999997 2.814539992785421 1.159270272235924 3.431987499999997 2.818251650274551 1.157395272235924 3.431987499999997 2.82196330776368 1.159371204040062 3.431987499999997 2.825874764872395 1.161347135844201 3.431987499999997 2.829786221981109 1.163121204040062 3.431987499999997 2.833298079850654 1.164895272235924 3.431987499999997 2.836809937720198 1.168645272235924 3.431987499999997 2.836809937720198 1.172395272235924 3.431987499999997 2.836809937720198 1.164895272235922 2.241587499999998 3.495529305309132 1.163020272235922 2.241587499999998 3.491817647820002 1.161145272235922 2.241587499999998 3.488105990330873 1.159371204040061 2.241587499999998 3.484594132461329 1.157395272235922 2.241587499999998 3.480682675352614 1.159371204040062 2.241587499999998 3.476771218243897 1.161145272235922 2.241587499999998 3.473259360374354 1.163020272235922 2.241587499999998 3.469547702885225 1.164895272235922 2.241587499999998 3.465836045396095 1.168645272235922 2.241587499999998 3.465836045396096 1.172395272235922 2.241587499999998 3.465836045396096 1.176145272235922 2.241587499999998 3.465836045396096 1.179895272235922 2.241587499999998 3.465836045396095 1.181669340431777 2.241587499999998 3.469347903265626 1.183443408627631 2.241587499999998 3.472859761135155 1.185419340431776 2.241587499999998 3.476771218243885 1.187395272235922 2.241587499999998 3.480682675352614 1.185520272235922 2.241587499999998 3.484394332841743 1.183645272235922 2.241587499999998 3.488105990330873 1.181770272235922 2.241587499999998 3.491817647820002 1.179895272235922 2.241587499999998 3.495529305309132 1.176145272235922 2.241587499999998 3.495529305309132 1.172395272235922 2.241587499999998 3.495529305309132 1.168645272235922 2.241587499999998 3.495529305309132 1.179895272235922 2.241587499999998 3.465836045396095 1.179895272235924 3.431987499999997 2.807116677807162 1.181770272235924 3.431987499999997 2.810828335296291 1.183645272235924 3.431987499999997 2.814539992785421 1.185419340431786 3.431987499999997 2.818051850654966 1.187395272235924 3.431987499999997 2.82196330776368 1.187395272235922 2.241587499999998 3.480682675352614 1.185419340431776 2.241587499999998 3.476771218243885 1.183443408627631 2.241587499999998 3.472859761135155 1.181669340431777 2.241587499999998 3.469347903265626 1.172395272235922 2.241587499999998 3.465836045396096 1.168645272235922 2.241587499999998 3.465836045396096 1.164895272235922 2.241587499999998 3.465836045396095 1.164895272235924 3.431987499999997 2.807116677807162 1.168645272235924 3.431987499999997 2.807116677807162 1.172395272235924 3.431987499999997 2.807116677807162 1.176145272235924 3.431987499999997 2.807116677807162 1.179895272235924 3.431987499999997 2.807116677807162 1.179895272235922 2.241587499999998 3.465836045396095 1.176145272235922 2.241587499999998 3.465836045396096 1.159371204040062 2.241587499999998 3.476771218243897 1.157395272235922 2.241587499999998 3.480682675352614 1.157395272235924 3.431987499999997 2.82196330776368 1.159270272235924 3.431987499999997 2.818251650274551 1.161145272235924 3.431987499999997 2.814539992785421 1.163020272235924 3.431987499999997 2.810828335296291 1.164895272235924 3.431987499999997 2.807116677807162 1.164895272235922 2.241587499999998 3.465836045396095 1.163020272235922 2.241587499999998 3.469547702885225 1.161145272235922 2.241587499999998 3.473259360374354 1.172395272235922 2.241587499999998 3.495529305309132 1.176145272235922 2.241587499999998 3.495529305309132 1.179895272235922 2.241587499999998 3.495529305309132 1.179895272235924 3.431987499999997 2.836809937720198 1.176145272235924 3.431987499999997 2.836809937720198 1.172395272235924 3.431987499999997 2.836809937720198 1.168645272235924 3.431987499999997 2.836809937720198 1.164895272235924 3.431987499999997 2.836809937720198 1.164895272235922 2.241587499999998 3.495529305309132 1.168645272235922 2.241587499999998 3.495529305309132 1.185419340431786 3.431987499999997 2.825874764872395 1.183645272235924 3.431987499999997 2.829386622741939 1.181770272235924 3.431987499999997 2.833098280231069 1.179895272235924 3.431987499999997 2.836809937720198 1.179895272235922 2.241587499999998 3.495529305309132 1.181770272235922 2.241587499999998 3.491817647820002 1.183645272235922 2.241587499999998 3.488105990330873 1.185520272235922 2.241587499999998 3.484394332841743 1.187395272235922 2.241587499999998 3.480682675352614 1.187395272235924 3.431987499999997 2.82196330776368 1.159371204040061 2.241587499999998 3.484594132461329 1.161145272235922 2.241587499999998 3.488105990330873 1.163020272235922 2.241587499999998 3.491817647820002 1.164895272235922 2.241587499999998 3.495529305309132 1.164895272235924 3.431987499999997 2.836809937720198 1.163121204040062 3.431987499999997 2.833298079850654 1.161347135844201 3.431987499999997 2.829786221981109 1.159371204040062 3.431987499999997 2.825874764872395 1.157395272235924 3.431987499999997 2.82196330776368 1.157395272235922 2.241587499999998 3.480682675352614 0.03159527223591584 0.00158749999999963 0.8573466112527626 0.03409527223591557 0.00158749999999963 0.8622954879049353 0.03659527223591585 0.00158749999999963 0.8672443645571081 0.03909527223591613 0.00158749999999963 0.8721932412092808 0.04159527223591608 0.00158749999999963 0.8771421178614536 0.03939356995621978 0.00158749999999963 0.8815004990642633 0.03719186767652371 0.00158749999999963 0.8858588802670731 0.03439356995622 0.00158749999999963 0.8913982523686088 0.03159527223591607 0.00158749999999963 0.8969376244701448 0.02659527223591606 0.00158749999999963 0.8969376244701445 0.02159527223591628 0.00158749999999963 0.8969376244701448 0.01659527223591605 0.00158749999999963 0.896937624470145 0.01159527223591605 0.00158749999999963 0.8969376244701448 0.009095272235916107 0.00158749999999963 0.8919887478179721 0.006595272235915827 0.00158749999999963 0.8870398711657995 0.003796974515612117 0.00158749999999963 0.8815004990642633 0.001595272235915823 0.00158749999999963 0.8771421178614541 0.004095272235915881 0.00158749999999963 0.8721932412092813 0.006595272235915605 0.00158749999999963 0.8672443645571085 0.009095272235915663 0.00158749999999963 0.8622954879049355 0.01159527223591583 0.00158749999999963 0.8573466112527629 0.01659527223591583 0.00158749999999963 0.8573466112527627 0.02159527223591561 0.00158749999999963 0.8573466112527627 0.02659527223591562 0.00158749999999963 0.8573466112527627 0.03439356995622 0.00158749999999963 0.8913982523686088 0.03719186767652371 0.00158749999999963 0.8858588802670731 0.03939356995621978 0.00158749999999963 0.8815004990642633 0.04159527223591608 0.00158749999999963 0.8771421178614536 0.04159527223592152 3.306752101293229 2.70608695652174 0.03909527223592157 3.305633932313141 2.710417083540662 0.03659527223592173 3.304515763333052 2.714747210559584 0.03409527223592201 3.303397594352963 2.719077337578506 0.03159527223592195 3.302279425372875 2.723407464597428 0.03159527223591607 0.00158749999999963 0.8969376244701448 0.003796974515612117 0.00158749999999963 0.8815004990642633 0.006595272235915827 0.00158749999999963 0.8870398711657995 0.009095272235916107 0.00158749999999963 0.8919887478179721 0.01159527223591605 0.00158749999999963 0.8969376244701448 0.01159527223592227 3.302279425372875 2.723407464597429 0.009095272235921991 3.303397594352964 2.719077337578506 0.006595272235921711 3.304515763333052 2.714747210559584 0.004095272235921321 3.30563393231314 2.710417083540662 0.001595272235921263 3.306752101293229 2.70608695652174 0.001595272235915823 0.00158749999999963 0.8771421178614541 0.01659527223591605 0.00158749999999963 0.896937624470145 0.02159527223591628 0.00158749999999963 0.8969376244701448 0.02659527223591606 0.00158749999999963 0.8969376244701445 0.03159527223591607 0.00158749999999963 0.8969376244701448 0.03159527223592195 3.302279425372875 2.723407464597428 0.02659527223592217 3.302279425372875 2.723407464597428 0.02159527223592216 3.302279425372875 2.723407464597429 0.01659527223592216 3.302279425372875 2.723407464597429 0.01159527223592227 3.302279425372875 2.723407464597429 0.01159527223591605 0.00158749999999963 0.8969376244701448 0.009095272235915663 0.00158749999999963 0.8622954879049355 0.006595272235915605 0.00158749999999963 0.8672443645571085 0.004095272235915881 0.00158749999999963 0.8721932412092813 0.001595272235915823 0.00158749999999963 0.8771421178614541 0.001595272235921263 3.306752101293229 2.70608695652174 0.003593494186494794 3.307645841213413 2.702625934578549 0.003793544832175865 3.307735317383993 2.702279436696141 0.005991817428430468 3.308718533474757 2.698471916870541 0.006595272235921489 3.308988439253406 2.697426702483896 0.00879354483217587 3.30997165534417 2.693619182658296 0.009095272235921547 3.310106608233495 2.693096575464974 0.01159527223592127 3.311224777213583 2.688766448446051 0.01159527223591583 0.00158749999999963 0.8573466112527629 0.02159527223592105 3.311224777213583 2.688766448446051 0.02659527223592128 3.311224777213583 2.688766448446051 0.03159527223592129 3.311224777213583 2.688766448446051 0.03159527223591584 0.00158749999999963 0.8573466112527626 0.02659527223591562 0.00158749999999963 0.8573466112527627 0.02159527223591561 0.00158749999999963 0.8573466112527627 0.01659527223591583 0.00158749999999963 0.8573466112527627 0.01159527223591583 0.00158749999999963 0.8573466112527629 0.01159527223592127 3.311224777213583 2.688766448446051 0.01659527223592105 3.311224777213583 2.688766448446051 0.04159527223591608 0.00158749999999963 0.8771421178614536 0.03909527223591613 0.00158749999999963 0.8721932412092808 0.03659527223591585 0.00158749999999963 0.8672443645571081 0.03409527223591557 0.00158749999999963 0.8622954879049353 0.03159527223591584 0.00158749999999963 0.8573466112527626 0.03159527223592129 3.311224777213583 2.688766448446051 0.03409527223592112 3.310106608233494 2.693096575464973 0.03659527223592151 3.308988439253406 2.697426702483896 0.03909527223592157 3.307870270273318 2.701756829502817 0.03939699963966714 3.307735317383993 2.702279436696141 0.04159527223592152 3.306752101293229 2.70608695652174 0.03934283567831031 3.413086165441393 2.709988291080349 0.0415952722359224 3.416987500000001 2.70608695652174 0.03909527223592224 3.421317627018923 2.701756829502818 0.03659527223592196 3.425647754037844 2.697426702483895 0.03409527223592201 3.429977881056768 2.693096575464973 0.0315952722359224 3.43430800807569 2.688766448446051 0.02659527223592217 3.43430800807569 2.688766448446051 0.02159527223592216 3.43430800807569 2.688766448446051 0.01659527223592194 3.43430800807569 2.688766448446051 0.01159527223592227 3.43430800807569 2.688766448446051 0.009095272235922435 3.429977881056768 2.693096575464973 0.006595272235922489 3.425647754037846 2.697426702483896 0.004095272235922431 3.421317627018923 2.701756829502818 0.001595272235922484 3.416987500000001 2.70608695652174 0.003847708792974469 3.41308616544236 2.70998829107938 0.006100145350026342 3.409184830884722 2.713889625637019 0.008847708792974695 3.404425911404518 2.718648545117224 0.01159527223592227 3.399666991924312 2.723407464597429 0.01659527223592249 3.399666991924312 2.723407464597429 0.02159527223592272 3.399666991924312 2.723407464597428 0.02659527223592261 3.399666991924312 2.723407464597428 0.0315952722359224 3.399666991924312 2.723407464597428 0.03409527223592268 3.403997118943234 2.719077337578506 0.03659527223592262 3.408327245962157 2.714747210559584 0.02159527223592272 3.399666991924312 2.723407464597428 0.01659527223592249 3.399666991924312 2.723407464597429 0.01159527223592227 3.399666991924312 2.723407464597429 0.01159527223592227 3.302279425372875 2.723407464597429 0.01659527223592216 3.302279425372875 2.723407464597429 0.02159527223592216 3.302279425372875 2.723407464597429 0.02659527223592217 3.302279425372875 2.723407464597428 0.03159527223592195 3.302279425372875 2.723407464597428 0.0315952722359224 3.399666991924312 2.723407464597428 0.02659527223592261 3.399666991924312 2.723407464597428 0.03659527223592173 3.304515763333052 2.714747210559584 0.03909527223592157 3.305633932313141 2.710417083540662 0.04159527223592152 3.306752101293229 2.70608695652174 0.0415952722359224 3.416987500000001 2.70608695652174 0.03934283567831031 3.413086165441393 2.709988291080349 0.03659527223592262 3.408327245962157 2.714747210559584 0.03409527223592268 3.403997118943234 2.719077337578506 0.0315952722359224 3.399666991924312 2.723407464597428 0.03159527223592195 3.302279425372875 2.723407464597428 0.03409527223592201 3.303397594352963 2.719077337578506 0.006595272235921711 3.304515763333052 2.714747210559584 0.009095272235921991 3.303397594352964 2.719077337578506 0.01159527223592227 3.302279425372875 2.723407464597429 0.01159527223592227 3.399666991924312 2.723407464597429 0.008847708792974695 3.404425911404518 2.718648545117224 0.006100145350026342 3.409184830884722 2.713889625637019 0.003847708792974469 3.41308616544236 2.70998829107938 0.001595272235922484 3.416987500000001 2.70608695652174 0.001595272235921263 3.306752101293229 2.70608695652174 0.004095272235921321 3.30563393231314 2.710417083540662 0.01159527223592227 3.43430800807569 2.688766448446051 0.01159527223592127 3.311224777213583 2.688766448446051 0.009095272235921547 3.310106608233495 2.693096575464974 0.00879354483217587 3.30997165534417 2.693619182658296 0.006595272235921489 3.308988439253406 2.697426702483896 0.005991817428430468 3.308718533474757 2.698471916870541 0.003793544832175865 3.307735317383993 2.702279436696141 0.003593494186494794 3.307645841213413 2.702625934578549 0.001595272235921263 3.306752101293229 2.70608695652174 0.001595272235922484 3.416987500000001 2.70608695652174 0.004095272235922431 3.421317627018923 2.701756829502818 0.006595272235922489 3.425647754037846 2.697426702483896 0.009095272235922435 3.429977881056768 2.693096575464973 0.01659527223592194 3.43430800807569 2.688766448446051 0.02159527223592216 3.43430800807569 2.688766448446051 0.02659527223592217 3.43430800807569 2.688766448446051 0.0315952722359224 3.43430800807569 2.688766448446051 0.03159527223592129 3.311224777213583 2.688766448446051 0.02659527223592128 3.311224777213583 2.688766448446051 0.02159527223592105 3.311224777213583 2.688766448446051 0.01659527223592105 3.311224777213583 2.688766448446051 0.01159527223592127 3.311224777213583 2.688766448446051 0.01159527223592227 3.43430800807569 2.688766448446051 0.03939699963966714 3.307735317383993 2.702279436696141 0.03909527223592157 3.307870270273318 2.701756829502817 0.03659527223592151 3.308988439253406 2.697426702483896 0.03409527223592112 3.310106608233494 2.693096575464973 0.03159527223592129 3.311224777213583 2.688766448446051 0.0315952722359224 3.43430800807569 2.688766448446051 0.03409527223592201 3.429977881056768 2.693096575464973 0.03659527223592196 3.425647754037844 2.697426702483895 0.03909527223592224 3.421317627018923 2.701756829502818 0.0415952722359224 3.416987500000001 2.70608695652174 0.04159527223592152 3.306752101293229 2.70608695652174 0.02659527223592172 3.43430800807569 2.688766448446051 0.03159527223592195 3.43430800807569 2.688766448446051 0.03409527223592201 3.429977881056768 2.693096575464973 0.03659527223592196 3.425647754037846 2.697426702483896 0.03909527223592201 3.421317627018923 2.701756829502818 0.04159527223592218 3.416987500000001 2.70608695652174 0.03982680247787717 3.413924420527417 2.709150035994323 0.03805833271983238 3.410861341054835 2.712213115466906 0.03644256759885455 3.408062753772205 2.715011702749537 0.03482680247787717 3.405264166489573 2.717810290032167 0.03159527223592195 3.399666991924312 2.723407464597428 0.02659527223592239 3.399666991924312 2.723407464597428 0.02159527223592216 3.399666991924312 2.723407464597428 0.01659527223592249 3.399666991924312 2.723407464597428 0.01159527223592227 3.399666991924312 2.723407464597428 0.008363741993946405 3.405264166489609 2.717810290032131 0.005132211751970983 3.410861341054908 2.712213115466834 0.0033637419939464 3.413924420527453 2.709150035994287 0.001595272235922262 3.416987500000001 2.70608695652174 0.004095272235921765 3.421317627018923 2.701756829502818 0.006595272235921711 3.425647754037846 2.697426702483896 0.009095272235921769 3.429977881056768 2.693096575464973 0.01159527223592193 3.43430800807569 2.688766448446051 0.01659527223592172 3.43430800807569 2.688766448446051 0.02159527223592194 3.43430800807569 2.688766448446051 0.001595272235922262 3.416987500000001 2.853138339920949 0.004095272235922209 3.412657372981079 2.851664503863117 0.006595272235922489 3.408327245962157 2.850190667805285 0.009095272235922435 3.403997118943234 2.848716831747453 0.01159527223592227 3.399666991924312 2.847242995689621 0.01659527223592216 3.399666991924312 2.844295323573956 0.02159527223592216 3.399666991924312 2.841347651458292 0.02659527223592217 3.399666991924312 2.838399979342629 0.03159527223592195 3.399666991924312 2.835452307226965 0.03409527223592245 3.403997118943234 2.833978471169133 0.03659527223592218 3.408327245962157 2.8325046351113 0.03909527223592224 3.412657372981079 2.831030799053468 0.04159527223592218 3.416987500000001 2.829556962995636 0.03847960478929002 3.422383994317057 2.83139375620646 0.03536393734265763 3.427780488634111 2.833230549417284 0.03347960478928979 3.431044248354901 2.834341428322125 0.03159527223592195 3.43430800807569 2.835452307226965 0.02659527223592217 3.43430800807569 2.838399979342629 0.02159527223592194 3.43430800807569 2.841347651458293 0.01659527223592172 3.43430800807569 2.844295323573958 0.01159527223592193 3.43430800807569 2.847242995689621 0.009095272235921769 3.429977881056768 2.848716831747453 0.006595272235921711 3.425647754037846 2.850190667805285 0.004095272235922209 3.421317627018923 2.851664503863117 0.03159527223592195 3.399666991924312 2.835452307226965 0.03159527223592195 3.399666991924312 2.723407464597428 0.03482680247787717 3.405264166489573 2.717810290032167 0.03644256759885455 3.408062753772205 2.715011702749537 0.03805833271983238 3.410861341054835 2.712213115466906 0.03982680247787717 3.413924420527417 2.709150035994323 0.04159527223592218 3.416987500000001 2.70608695652174 0.04159527223592218 3.416987500000001 2.829556962995636 0.03909527223592224 3.412657372981079 2.831030799053468 0.03659527223592218 3.408327245962157 2.8325046351113 0.03409527223592245 3.403997118943234 2.833978471169133 0.01659527223592249 3.399666991924312 2.723407464597428 0.02159527223592216 3.399666991924312 2.723407464597428 0.02659527223592239 3.399666991924312 2.723407464597428 0.03159527223592195 3.399666991924312 2.723407464597428 0.03159527223592195 3.399666991924312 2.835452307226965 0.02659527223592217 3.399666991924312 2.838399979342629 0.02159527223592216 3.399666991924312 2.841347651458292 0.01659527223592216 3.399666991924312 2.844295323573956 0.01159527223592227 3.399666991924312 2.847242995689621 0.01159527223592227 3.399666991924312 2.723407464597428 0.001595272235922262 3.416987500000001 2.853138339920949 0.004095272235922209 3.412657372981079 2.851664503863117 0.001595272235922262 3.416987500000001 2.70608695652174 0.0033637419939464 3.413924420527453 2.709150035994287 0.005132211751970983 3.410861341054908 2.712213115466834 0.008363741993946405 3.405264166489609 2.717810290032131 0.01159527223592227 3.399666991924312 2.723407464597428 0.01159527223592227 3.399666991924312 2.847242995689621 0.009095272235922435 3.403997118943234 2.848716831747453 0.006595272235922489 3.408327245962157 2.850190667805285 0.02659527223592217 3.43430800807569 2.838399979342629 0.03159527223592195 3.43430800807569 2.835452307226965 0.03159527223592195 3.43430800807569 2.688766448446051 0.02659527223592172 3.43430800807569 2.688766448446051 0.02159527223592194 3.43430800807569 2.688766448446051 0.01659527223592172 3.43430800807569 2.688766448446051 0.01159527223592193 3.43430800807569 2.688766448446051 0.01159527223592193 3.43430800807569 2.847242995689621 0.01659527223592172 3.43430800807569 2.844295323573958 0.02159527223592194 3.43430800807569 2.841347651458293 0.03409527223592201 3.429977881056768 2.693096575464973 0.03159527223592195 3.43430800807569 2.688766448446051 0.03159527223592195 3.43430800807569 2.835452307226965 0.03347960478928979 3.431044248354901 2.834341428322125 0.03536393734265763 3.427780488634111 2.833230549417284 0.03847960478929002 3.422383994317057 2.83139375620646 0.04159527223592218 3.416987500000001 2.829556962995636 0.04159527223592218 3.416987500000001 2.70608695652174 0.03909527223592201 3.421317627018923 2.701756829502818 0.03659527223592196 3.425647754037846 2.697426702483896 0.001595272235922262 3.416987500000001 2.853138339920949 0.004095272235922209 3.421317627018923 2.851664503863117 0.006595272235921711 3.425647754037846 2.850190667805285 0.009095272235921769 3.429977881056768 2.848716831747453 0.01159527223592193 3.43430800807569 2.847242995689621 0.01159527223592193 3.43430800807569 2.688766448446051 0.009095272235921769 3.429977881056768 2.693096575464973 0.006595272235921711 3.425647754037846 2.697426702483896 0.004095272235921765 3.421317627018923 2.701756829502818 0.001595272235922262 3.416987500000001 2.70608695652174 0.004274764160233313 3.421987500000003 2.851558687195062 0.004274764160233313 3.426987500000001 2.851558687195062 0.008604891179155527 3.429487500000001 2.849005928260869 0.01293501819807807 3.431987500000001 2.846453169326677 0.01726514521699995 3.434487500000001 2.843900410392485 0.02159527223592216 3.436987500000001 2.841347651458292 0.02703026047856715 3.433849608075068 2.838143538799931 0.0324652487212117 3.430711716150134 2.83493942614157 0.03569051451641136 3.428849608075068 2.833038020931548 0.03891578031161124 3.426987500000001 2.831136615721524 0.03891578031161124 3.421987500000001 2.831136615721524 0.03891578031161124 3.416987500000001 2.831136615721524 0.03891578031161124 3.411987500000001 2.831136615721524 0.03891578031161124 3.406987500000001 2.831136615721524 0.03458565329268903 3.404487500000001 2.833689374655716 0.03025552627376659 3.401987500000001 2.836242133589908 0.02703026047856715 3.400125391924934 2.838143538799931 0.02159527223592216 3.396987500000001 2.841347651458292 0.01616028399327729 3.400125391924934 2.844551764116654 0.01293501819807807 3.401987499999999 2.846453169326676 0.008604891179155749 3.404487500000001 2.849005928260869 0.004274764160233313 3.406987500000001 2.851558687195062 0.004274764160233313 3.411987499999999 2.851558687195062 0.004274764160233313 3.416987500000001 2.851558687195062 1.155074764160235 3.406987499999997 3.488365011305735 1.15830002995541 3.405125391924947 3.486463606095727 1.161525295750585 3.403263283849894 3.484562200885718 1.166960283993254 3.400125391924945 3.481358088227342 1.172395272235924 3.396987499999998 3.478153975568966 1.176725399254846 3.399487499999999 3.475601216634774 1.181055526273768 3.401987499999997 3.473048457700582 1.185385653292691 3.404487499999997 3.47049569876639 1.189715780311613 3.406987499999997 3.467942939832198 1.189715780311613 3.411987499999998 3.467942939832198 1.189715780311613 3.416987499999998 3.467942939832198 1.189715780311613 3.421987499999997 3.467942939832198 1.189715780311613 3.426987499999997 3.467942939832198 1.185385653292691 3.429487499999997 3.47049569876639 1.181055526273768 3.431987499999997 3.473048457700582 1.176725399254846 3.434487499999998 3.475601216634774 1.172395272235924 3.436987499999998 3.478153975568966 1.166960283993274 3.433849608075061 3.48135808822733 1.16373501819808 3.431987499999997 3.48325949343735 1.159404891179157 3.429487499999997 3.485812252371542 1.155074764160235 3.426987499999997 3.488365011305735 1.155074764160235 3.421987499999997 3.488365011305735 1.155074764160235 3.416987499999998 3.488365011305735 1.155074764160235 3.411987499999998 3.488365011305735 1.155074764160235 3.406987499999997 3.488365011305735 0.004274764160233313 3.406987500000001 2.851558687195062 0.008604891179155749 3.404487500000001 2.849005928260869 0.01293501819807807 3.401987499999999 2.846453169326676 0.01616028399327729 3.400125391924934 2.844551764116654 0.02159527223592216 3.396987500000001 2.841347651458292 1.172395272235924 3.396987499999998 3.478153975568966 1.166960283993254 3.400125391924945 3.481358088227342 1.161525295750585 3.403263283849894 3.484562200885718 1.15830002995541 3.405125391924947 3.486463606095727 1.155074764160235 3.416987499999998 3.488365011305735 1.155074764160235 3.421987499999997 3.488365011305735 1.155074764160235 3.426987499999997 3.488365011305735 0.004274764160233313 3.426987500000001 2.851558687195062 0.004274764160233313 3.421987500000003 2.851558687195062 0.004274764160233313 3.416987500000001 2.851558687195062 0.004274764160233313 3.411987499999999 2.851558687195062 0.004274764160233313 3.406987500000001 2.851558687195062 1.155074764160235 3.406987499999997 3.488365011305735 1.155074764160235 3.411987499999998 3.488365011305735 1.166960283993274 3.433849608075061 3.48135808822733 1.172395272235924 3.436987499999998 3.478153975568966 0.02159527223592216 3.436987500000001 2.841347651458292 0.01726514521699995 3.434487500000001 2.843900410392485 0.01293501819807807 3.431987500000001 2.846453169326677 0.008604891179155527 3.429487500000001 2.849005928260869 0.004274764160233313 3.426987500000001 2.851558687195062 1.155074764160235 3.426987499999997 3.488365011305735 1.159404891179157 3.429487499999997 3.485812252371542 1.16373501819808 3.431987499999997 3.48325949343735 1.189715780311613 3.416987499999998 3.467942939832198 1.189715780311613 3.411987499999998 3.467942939832198 1.189715780311613 3.406987499999997 3.467942939832198 0.03891578031161124 3.406987500000001 2.831136615721524 0.03891578031161124 3.411987500000001 2.831136615721524 0.03891578031161124 3.416987500000001 2.831136615721524 0.03891578031161124 3.421987500000001 2.831136615721524 0.03891578031161124 3.426987500000001 2.831136615721524 1.189715780311613 3.426987499999997 3.467942939832198 1.189715780311613 3.421987499999997 3.467942939832198 0.02703026047856715 3.400125391924934 2.838143538799931 0.03025552627376659 3.401987500000001 2.836242133589908 0.03458565329268903 3.404487500000001 2.833689374655716 0.03891578031161124 3.406987500000001 2.831136615721524 1.189715780311613 3.406987499999997 3.467942939832198 1.185385653292691 3.404487499999997 3.47049569876639 1.181055526273768 3.401987499999997 3.473048457700582 1.176725399254846 3.399487499999999 3.475601216634774 1.172395272235924 3.396987499999998 3.478153975568966 0.02159527223592216 3.396987500000001 2.841347651458292 1.185385653292691 3.429487499999997 3.47049569876639 1.189715780311613 3.426987499999997 3.467942939832198 0.03891578031161124 3.426987500000001 2.831136615721524 0.03569051451641136 3.428849608075068 2.833038020931548 0.0324652487212117 3.430711716150134 2.83493942614157 0.02703026047856715 3.433849608075068 2.838143538799931 0.02159527223592216 3.436987500000001 2.841347651458292 1.172395272235924 3.436987499999998 3.478153975568966 1.176725399254846 3.434487499999998 3.475601216634774 1.181055526273768 3.431987499999997 3.473048457700582 1.157575330154253 3.426987499999997 3.486890841574946 1.161905457173175 3.429487499999997 3.484338082640754 1.166235584192097 3.431987499999997 3.481785323706562 1.170787141761415 3.434615342987874 3.479102023840578 1.174895838229941 3.436987499999998 3.476679805838178 1.179225965248863 3.434487499999998 3.474127046903986 1.183556092267786 3.431987499999997 3.471574287969794 1.187886219286708 3.429487499999997 3.469021529035601 1.19221634630563 3.426987499999997 3.466468770101409 1.19221634630563 3.421987499999997 3.46646877010141 1.19221634630563 3.416987499999998 3.466468770101409 1.19221634630563 3.411987499999998 3.466468770101409 1.19221634630563 3.406987499999997 3.466468770101409 1.187886219286708 3.404487499999997 3.469021529035601 1.183556092267786 3.401987499999997 3.471574287969794 1.179225965248864 3.399487499999999 3.474127046903986 1.174895838229941 3.396987499999998 3.476679805838178 1.170787141761342 3.399359657012163 3.479102023840621 1.166678445292743 3.401731814024328 3.481524241843065 1.162126887723498 3.404359657012163 3.484207541709006 1.157575330154253 3.406987499999997 3.486890841574946 1.157575330154253 3.411987499999998 3.486890841574946 1.157575330154253 3.416987499999998 3.486890841574946 1.157575330154253 3.421987499999997 3.486890841574946 1.19221634630563 3.421987499999997 3.577496904601625 1.19221634630563 3.426987499999997 3.580444576717288 1.187267209013494 3.429844885747867 3.582129103975828 1.182318071721358 3.43270227149574 3.583813631234367 1.178606954975649 3.434844885747869 3.585076776091491 1.174895838229941 3.436987499999998 3.586339920948617 1.170565711211019 3.434487499999998 3.584866084890785 1.166235584192097 3.431987499999997 3.583392248832953 1.161905457173175 3.429487499999997 3.581918412775121 1.157575330154253 3.426987499999997 3.580444576717288 1.157575330154253 3.421987499999997 3.577496904601625 1.157575330154253 3.416987499999998 3.57454923248596 1.157575330154253 3.411987499999998 3.571601560370297 1.157575330154253 3.406987499999997 3.568653888254632 1.161905457173175 3.404487499999997 3.567180052196801 1.166235584192097 3.401987499999997 3.565706216138968 1.170565711211019 3.399487499999999 3.564232380081136 1.174895838229941 3.396987499999998 3.562758544023304 1.178606954975595 3.399130114252093 3.564021688880411 1.182318071721248 3.401272728504191 3.565284833737516 1.187267209013439 3.404130114252095 3.566969360996075 1.19221634630563 3.406987499999997 3.568653888254632 1.19221634630563 3.411987499999998 3.571601560370297 1.19221634630563 3.416987499999998 3.57454923248596 1.157575330154253 3.406987499999997 3.568653888254632 1.157575330154253 3.406987499999997 3.486890841574946 1.162126887723498 3.404359657012163 3.484207541709006 1.166678445292743 3.401731814024328 3.481524241843065 1.170787141761342 3.399359657012163 3.479102023840621 1.174895838229941 3.396987499999998 3.476679805838178 1.174895838229941 3.396987499999998 3.562758544023304 1.170565711211019 3.399487499999999 3.564232380081136 1.166235584192097 3.401987499999997 3.565706216138968 1.161905457173175 3.404487499999997 3.567180052196801 1.157575330154253 3.406987499999997 3.568653888254632 1.157575330154253 3.406987499999997 3.486890841574946 1.157575330154253 3.411987499999998 3.571601560370297 1.157575330154253 3.416987499999998 3.57454923248596 1.157575330154253 3.421987499999997 3.577496904601625 1.157575330154253 3.426987499999997 3.580444576717288 1.157575330154253 3.426987499999997 3.486890841574946 1.157575330154253 3.421987499999997 3.486890841574946 1.157575330154253 3.416987499999998 3.486890841574946 1.157575330154253 3.411987499999998 3.486890841574946 1.170565711211019 3.434487499999998 3.584866084890785 1.174895838229941 3.436987499999998 3.586339920948617 1.174895838229941 3.436987499999998 3.476679805838178 1.170787141761415 3.434615342987874 3.479102023840578 1.166235584192097 3.431987499999997 3.481785323706562 1.161905457173175 3.429487499999997 3.484338082640754 1.157575330154253 3.426987499999997 3.486890841574946 1.157575330154253 3.426987499999997 3.580444576717288 1.161905457173175 3.429487499999997 3.581918412775121 1.166235584192097 3.431987499999997 3.583392248832953 1.187886219286708 3.429487499999997 3.469021529035601 1.183556092267786 3.431987499999997 3.471574287969794 1.179225965248863 3.434487499999998 3.474127046903986 1.174895838229941 3.436987499999998 3.476679805838178 1.174895838229941 3.436987499999998 3.586339920948617 1.178606954975649 3.434844885747869 3.585076776091491 1.182318071721358 3.43270227149574 3.583813631234367 1.187267209013494 3.429844885747867 3.582129103975828 1.19221634630563 3.426987499999997 3.580444576717288 1.19221634630563 3.426987499999997 3.466468770101409 1.19221634630563 3.421987499999997 3.577496904601625 1.19221634630563 3.416987499999998 3.57454923248596 1.19221634630563 3.411987499999998 3.571601560370297 1.19221634630563 3.406987499999997 3.568653888254632 1.19221634630563 3.406987499999997 3.466468770101409 1.19221634630563 3.411987499999998 3.466468770101409 1.19221634630563 3.416987499999998 3.466468770101409 1.19221634630563 3.421987499999997 3.46646877010141 1.19221634630563 3.426987499999997 3.466468770101409 1.19221634630563 3.426987499999997 3.580444576717288 1.183556092267786 3.401987499999997 3.471574287969794 1.187886219286708 3.404487499999997 3.469021529035601 1.19221634630563 3.406987499999997 3.466468770101409 1.19221634630563 3.406987499999997 3.568653888254632 1.187267209013439 3.404130114252095 3.566969360996075 1.182318071721248 3.401272728504191 3.565284833737516 1.178606954975595 3.399130114252093 3.564021688880411 1.174895838229941 3.396987499999998 3.562758544023304 1.174895838229941 3.396987499999998 3.476679805838178 1.179225965248864 3.399487499999999 3.474127046903986 1.177395272235924 3.434308008075688 3.584760268222729 1.182395272235924 3.434308008075686 3.584760268222729 1.184895272235924 3.429977881056764 3.582207509288537 1.187395272235924 3.425647754037842 3.579654750354345 1.189895272235924 3.42131762701892 3.577101991420152 1.192395272235924 3.416987499999998 3.57454923248596 1.189295511782007 3.41161855740252 3.571384056008923 1.187395272235924 3.408327245962153 3.569443714617576 1.184895272235924 3.403997118943231 3.566890955683384 1.182395272235924 3.399666991924309 3.564338196749192 1.177395272235924 3.399666991924309 3.564338196749192 1.172395272235924 3.399666991924309 3.564338196749192 1.167395272235924 3.399666991924309 3.564338196749192 1.162395272235924 3.399666991924309 3.564338196749192 1.159895272235924 3.403997118943231 3.566890955683384 1.157395272235924 3.408327245962153 3.569443714617576 1.155495032689841 3.411618557402522 3.571384056008924 1.152395272235924 3.416987499999998 3.57454923248596 1.155443171537906 3.422266616447383 3.577661453355421 1.157395272235924 3.425647754037842 3.579654750354345 1.159895272235924 3.429977881056764 3.582207509288537 1.162395272235924 3.434308008075686 3.584760268222729 1.167395272235924 3.434308008075688 3.584760268222729 1.172395272235924 3.434308008075686 3.584760268222729 1.162395272235922 2.241587499999998 4.24476371142667 1.16044317266309 2.241587499999998 4.240899431427187 1.158491073090258 2.241587499999998 4.237035151427704 1.15544317266309 2.241587499999999 4.231001678122842 1.152395272235922 2.241587499999998 4.224968204817978 1.154895272235922 2.241587499999998 4.220019328165804 1.157395272235922 2.241587499999998 4.215070451513632 1.159895272235922 2.241587499999998 4.210121574861458 1.162395272235922 2.241587499999998 4.205172698209286 1.167395272235922 2.241587499999998 4.205172698209286 1.172395272235922 2.241587499999998 4.205172698209286 1.177395272235922 2.241587499999998 4.205172698209286 1.182395272235922 2.241587499999998 4.205172698209286 1.184895272235922 2.241587499999998 4.21012157486146 1.187395272235922 2.241587499999998 4.215070451513633 1.189895272235922 2.241587499999998 4.220019328165805 1.192395272235922 2.241587499999998 4.224968204817978 1.189347371808763 2.241587499999998 4.231001678122825 1.186299471381603 2.241587499999998 4.23703515142767 1.184347371808762 2.241587499999998 4.24089943142717 1.182395272235922 2.241587499999998 4.24476371142667 1.177395272235922 2.241587499999998 4.24476371142667 1.172395272235922 2.241587499999998 4.24476371142667 1.167395272235922 2.241587499999998 4.244763711426669 1.157395272235924 3.425647754037842 3.579654750354345 1.155443171537906 3.422266616447383 3.577661453355421 1.152395272235924 3.416987499999998 3.57454923248596 1.152395272235922 2.241587499999998 4.224968204817978 1.15544317266309 2.241587499999999 4.231001678122842 1.158491073090258 2.241587499999998 4.237035151427704 1.16044317266309 2.241587499999998 4.240899431427187 1.162395272235922 2.241587499999998 4.24476371142667 1.162395272235924 3.434308008075686 3.584760268222729 1.159895272235924 3.429977881056764 3.582207509288537 1.186299471381603 2.241587499999998 4.23703515142767 1.189347371808763 2.241587499999998 4.231001678122825 1.192395272235922 2.241587499999998 4.224968204817978 1.192395272235924 3.416987499999998 3.57454923248596 1.189895272235924 3.42131762701892 3.577101991420152 1.187395272235924 3.425647754037842 3.579654750354345 1.184895272235924 3.429977881056764 3.582207509288537 1.182395272235924 3.434308008075686 3.584760268222729 1.182395272235922 2.241587499999998 4.24476371142667 1.184347371808762 2.241587499999998 4.24089943142717 1.177395272235924 3.434308008075688 3.584760268222729 1.172395272235924 3.434308008075686 3.584760268222729 1.167395272235924 3.434308008075688 3.584760268222729 1.162395272235924 3.434308008075686 3.584760268222729 1.162395272235922 2.241587499999998 4.24476371142667 1.167395272235922 2.241587499999998 4.244763711426669 1.172395272235922 2.241587499999998 4.24476371142667 1.177395272235922 2.241587499999998 4.24476371142667 1.182395272235922 2.241587499999998 4.24476371142667 1.182395272235924 3.434308008075686 3.584760268222729 1.172395272235922 2.241587499999998 4.205172698209286 1.167395272235922 2.241587499999998 4.205172698209286 1.162395272235922 2.241587499999998 4.205172698209286 1.162395272235924 3.399666991924309 3.564338196749192 1.167395272235924 3.399666991924309 3.564338196749192 1.172395272235924 3.399666991924309 3.564338196749192 1.177395272235924 3.399666991924309 3.564338196749192 1.182395272235924 3.399666991924309 3.564338196749192 1.182395272235922 2.241587499999998 4.205172698209286 1.177395272235922 2.241587499999998 4.205172698209286 1.187395272235924 3.408327245962153 3.569443714617576 1.189295511782007 3.41161855740252 3.571384056008923 1.192395272235924 3.416987499999998 3.57454923248596 1.192395272235922 2.241587499999998 4.224968204817978 1.189895272235922 2.241587499999998 4.220019328165805 1.187395272235922 2.241587499999998 4.215070451513633 1.184895272235922 2.241587499999998 4.21012157486146 1.182395272235922 2.241587499999998 4.205172698209286 1.182395272235924 3.399666991924309 3.564338196749192 1.184895272235924 3.403997118943231 3.566890955683384 1.162395272235922 2.241587499999998 4.205172698209286 1.159895272235922 2.241587499999998 4.210121574861458 1.157395272235922 2.241587499999998 4.215070451513632 1.154895272235922 2.241587499999998 4.220019328165804 1.152395272235922 2.241587499999998 4.224968204817978 1.152395272235924 3.416987499999998 3.57454923248596 1.155495032689841 3.411618557402522 3.571384056008924 1.157395272235924 3.408327245962153 3.569443714617576 1.159895272235924 3.403997118943231 3.566890955683384 1.162395272235924 3.399666991924309 3.564338196749192</float_array>
          <technique_common>
            <accessor source="#representation-1069485-material-3732-positions-array" count="3266" stride="3">
              <param name="X" type="float"/>
              <param name="Y" type="float"/>
              <param name="Z" type="float"/>
            </accessor>
          </technique_common>
        </source>
        <source id="representation-1069485-material-3732-normals">
          <float_array id="representation-1069485-material-3732-normals-array" count="9798">-0.7818314824680453 -0.6234898018587141 0 -0.7818314824680453 -0.6234898018587141 0 -0.7818314824680453 -0.6234898018587141 0 -0.7071054981853683 -0.7071054981853557 -0.001904959858377019 -0.7071054981853683 -0.7071054981853557 -0.001904959858377019 -0.7071054981853683 -0.7071054981853557 -0.001904959858377019 0.7071067811865475 -0.7071067811865475 0 0.7071067811865475 -0.7071067811865475 0 0.7071067811865475 -0.7071067811865475 0 0.6240713677673032 -0.7813643538640534 0.002162046173792897 0.6240713677673032 -0.7813643538640534 0.002162046173792897 0.6240713677673032 -0.7813643538640534 0.002162046173792897 0.7818314824680425 0.6234898018587177 0 0.7818314824680425 0.6234898018587177 0 0.7818314824680425 0.6234898018587177 0 0.7071054595587876 0.70710545955875 -0.001933422965945785 0.7071054595587876 0.70710545955875 -0.001933422965945785 0.7071054595587876 0.70710545955875 -0.001933422965945785 -0.7071067811865601 0.7071067811865349 0 -0.7071067811865601 0.7071067811865349 0 -0.7071067811865601 0.7071067811865349 0 -0.6228971049497655 0.7823007068340472 0.002191057313457034 -0.6228971049497655 0.7823007068340472 0.002191057313457034 -0.6228971049497655 0.7823007068340472 0.002191057313457034 1.992790883160758e-14 0.4841740634066188 0.8749717002991145 1.992790883160758e-14 0.4841740634066188 0.8749717002991145 1.992790883160758e-14 0.4841740634066188 0.8749717002991145 1.992790883160758e-14 0.4841740634066188 0.8749717002991145 0 0 -1 0 0 -1 0 0 -1 0 0 -1 0.6234898018587663 -0.7818314824680037 0 0.6234898018587663 -0.7818314824680037 0 0.6234898018587663 -0.7818314824680037 0 0.7071055723054394 -0.7071055723054395 -0.001849115786980659 0.7071055723054394 -0.7071055723054395 -0.001849115786980659 0.7071055723054394 -0.7071055723054395 -0.001849115786980659 0.7071067811865475 0.7071067811865475 0 0.7071067811865475 0.7071067811865475 0 0.7071067811865475 0.7071067811865475 0 0.7813781159036968 0.6240543532271243 0.00209861979982584 0.7813781159036968 0.6240543532271243 0.00209861979982584 0.7813781159036968 0.6240543532271243 0.00209861979982584 -0.6234898018586793 0.7818314824680731 0 -0.6234898018586793 0.7818314824680731 0 -0.6234898018586793 0.7818314824680731 0 -0.707105537000504 0.707105537000529 -0.001875922818917463 -0.707105537000504 0.707105537000529 -0.001875922818917463 -0.707105537000504 0.707105537000529 -0.001875922818917463 -0.7071067811865601 -0.7071067811865349 0 -0.7071067811865601 -0.7071067811865349 0 -0.7071067811865601 -0.7071067811865349 0 -0.782286822878787 -0.6229147671363888 0.002125942998245422 -0.782286822878787 -0.6229147671363888 0.002125942998245422 -0.782286822878787 -0.6229147671363888 0.002125942998245422 -0.4841740634066387 7.472965811852919e-15 0.8749717002991035 -0.4841740634066387 7.472965811852919e-15 0.8749717002991035 -0.4841740634066387 7.472965811852919e-15 0.8749717002991035 -0.4841740634066387 7.472965811852919e-15 0.8749717002991035 0 0 -1 0 0 -1 0 0 -1 0 0 -1 0.7818314824680349 0.6234898018587271 0 0.7818314824680349 0.6234898018587271 0 0.7818314824680349 0.6234898018587271 0 0.707105702978426 0.7071057029784153 -0.001746319211052727 0.707105702978426 0.7071057029784153 -0.001746319211052727 0.707105702978426 0.7071057029784153 -0.001746319211052727 -0.70710678118654 0.7071067811865551 0 -0.70710678118654 0.7071067811865551 0 -0.70710678118654 0.7071067811865551 0 -0.624023027825666 0.7814034380025809 0.001981873112787968 -0.624023027825666 0.7814034380025809 0.001981873112787968 -0.624023027825666 0.7814034380025809 0.001981873112787968 -0.7818314824680681 -0.6234898018586855 0 -0.7818314824680681 -0.6234898018586855 0 -0.7818314824680681 -0.6234898018586855 0 -0.7071056732763122 -0.707105673276239 -0.001770209312490056 -0.7071056732763122 -0.707105673276239 -0.001770209312490056 -0.7071056732763122 -0.707105673276239 -0.001770209312490056 0.707106781186584 -0.7071067811865109 0 0.707106781186584 -0.7071067811865109 0 0.707106781186584 -0.7071067811865109 0 0.6229472332680038 -0.7822612860368449 0.002006223247970395 0.6229472332680038 -0.7822612860368449 0.002006223247970395 0.6229472332680038 -0.7822612860368449 0.002006223247970395 9.96395441580425e-15 -0.4841740634065995 0.8749717002991251 9.96395441580425e-15 -0.4841740634065995 0.8749717002991251 9.96395441580425e-15 -0.4841740634065995 0.8749717002991251 9.96395441580425e-15 -0.4841740634065995 0.8749717002991251 0 0 -1 0 0 -1 0 0 -1 0 0 -1 0.7818314824680276 0.6234898018587361 0 0.7818314824680276 0.6234898018587361 0 0.7818314824680276 0.6234898018587361 0 0.7071054591911859 0.7071054591911754 -0.00193369182116676 0.7071054591911859 0.7071054591911754 -0.00193369182116676 0.7071054591911859 0.7071054591911754 -0.00193369182116676 -0.7071067811865335 0.7071067811865615 0 -0.7071067811865335 0.7071067811865615 0 -0.7071067811865335 0.7071067811865615 0 -0.624080121000911 0.7813572716432088 0.002194680334074883 -0.624080121000911 0.7813572716432088 0.002194680334074883 -0.624080121000911 0.7813572716432088 0.002194680334074883 -0.781831482468061 -0.6234898018586945 0 -0.781831482468061 -0.6234898018586945 0 -0.781831482468061 -0.6234898018586945 0 -0.7071054187766471 -0.7071054187765868 -0.00196302661471881 -0.7071054187766471 -0.7071054187765868 -0.00196302661471881 -0.7071054187766471 -0.7071054187765868 -0.00196302661471881 0.707106781186584 -0.707106781186511 0 0.707106781186584 -0.707106781186511 0 0.707106781186584 -0.707106781186511 0 0.622888010822877 -0.782307853224834 0.002224579931365044 0.622888010822877 -0.782307853224834 0.002224579931365044 0.622888010822877 -0.782307853224834 0.002224579931365044 9.963954415804316e-15 -0.4841740634066071 0.8749717002991209 9.963954415804316e-15 -0.4841740634066071 0.8749717002991209 9.963954415804316e-15 -0.4841740634066071 0.8749717002991209 9.963954415804316e-15 -0.4841740634066071 0.8749717002991209 0 0 -1 0 0 -1 0 0 -1 0 0 -1 0.7818314824680555 0.6234898018587012 0 0.7818314824680555 0.6234898018587012 0 0.7818314824680555 0.6234898018587012 0 0.7071056075223672 0.7071056075222936 -0.00182198269799394 0.7071056075223672 0.7071056075222936 -0.00182198269799394 0.7071056075223672 0.7071056075222936 -0.00182198269799394 -0.707106781186565 0.7071067811865301 0 -0.707106781186565 0.7071067811865301 0 -0.707106781186565 0.7071067811865301 0 -0.6240460855874818 0.7813848010109299 0.002067803677960111 -0.6240460855874818 0.7813848010109299 0.002067803677960111 -0.6240460855874818 0.7813848010109299 0.002067803677960111 -0.7818314824680305 -0.6234898018587327 0 -0.7818314824680305 -0.6234898018587327 0 -0.7818314824680305 -0.6234898018587327 0 -0.7071055737596578 -0.7071055737596603 -0.00184800325940404 -0.7071055737596578 -0.7071055737596603 -0.00184800325940404 -0.7071055737596578 -0.7071055737596603 -0.00184800325940404 0.7071067811865527 -0.7071067811865423 0 0.7071067811865527 -0.7071067811865423 0 0.7071067811865527 -0.7071067811865423 0 0.6229233423430838 -0.7822800798727888 0.00209432527197606 0.6229233423430838 -0.7822800798727888 0.00209432527197606 0.6229233423430838 -0.7822800798727888 0.00209432527197606 0 -0.4841740634066028 0.8749717002991233 0 -0.4841740634066028 0.8749717002991233 0 -0.4841740634066028 0.8749717002991233 0 -0.4841740634066028 0.8749717002991233 0 0 -1 0 0 -1 0 0 -1 0 0 -1 -0.7071067811865592 -0.7071067811865358 4.490826822034803e-16 -0.7071067811865592 -0.7071067811865358 4.490826822034803e-16 -0.7071067811865592 -0.7071067811865358 4.490826822034803e-16 -0.7071067811865592 -0.7071067811865358 4.490826822034803e-16 0.707106781186552 -0.707106781186543 0 0.707106781186552 -0.707106781186543 0 0.707106781186552 -0.707106781186543 0 0.707106781186552 -0.707106781186543 0 0.7071067811865394 0.7071067811865555 0 0.7071067811865394 0.7071067811865555 0 0.7071067811865394 0.7071067811865555 0 0.7071067811865394 0.7071067811865555 0 -0.7071067811865466 0.7071067811865484 0 -0.7071067811865466 0.7071067811865484 0 -0.7071067811865466 0.7071067811865484 0 -0.7071067811865466 0.7071067811865484 0 0 0 1 0 0 1 0 0 1 0 0 1 0 0 -1 0 0 -1 0 0 -1 0 0 -1 0.7071067811865587 -0.7071067811865362 0 0.7071067811865587 -0.7071067811865362 0 0.7071067811865587 -0.7071067811865362 0 0.7071067811865587 -0.7071067811865362 0 0.707106781186562 0.707106781186533 0 0.707106781186562 0.707106781186533 0 0.707106781186562 0.707106781186533 0 0.707106781186562 0.707106781186533 0 -0.7071067811865556 0.7071067811865394 0 -0.7071067811865556 0.7071067811865394 0 -0.7071067811865556 0.7071067811865394 0 -0.7071067811865556 0.7071067811865394 0 -0.7071067811865587 -0.7071067811865362 0 -0.7071067811865587 -0.7071067811865362 0 -0.7071067811865587 -0.7071067811865362 0 -0.7071067811865587 -0.7071067811865362 0 0 0 1 0 0 1 0 0 1 0 0 1 0 0 -1 0 0 -1 0 0 -1 0 0 -1 0.7818314824680278 0.623489801858736 0 0.7818314824680278 0.623489801858736 0 0.7818314824680278 0.623489801858736 0 0.7071053286785315 0.7071053286784957 -0.002026896371839725 0.7071053286785315 0.7071053286784957 -0.002026896371839725 0.7071053286785315 0.7071053286784957 -0.002026896371839725 -0.7071067811865461 0.707106781186549 0 -0.7071067811865461 0.707106781186549 0 -0.7071067811865461 0.707106781186549 0 -0.6241085121368377 0.7813342898884284 0.002300548388595502 -0.6241085121368377 0.7813342898884284 0.002300548388595502 -0.6241085121368377 0.7813342898884284 0.002300548388595502 -0.78183148246805 -0.6234898018587083 0 -0.78183148246805 -0.6234898018587083 0 -0.78183148246805 -0.6234898018587083 0 -0.707105282082566 -0.7071052820824929 -0.002059150789251229 -0.707105282082566 -0.7071052820824929 -0.002059150789251229 -0.707105282082566 -0.7071052820824929 -0.002059150789251229 0.7071067811865777 -0.7071067811865173 0 0.7071067811865777 -0.7071067811865173 0 0.7071067811865777 -0.7071067811865173 0 0.6228584778971694 -0.7823310499047616 0.00233342377950918 0.6228584778971694 -0.7823310499047616 0.00233342377950918 0.6228584778971694 -0.7823310499047616 0.00233342377950918 0 -0.4841740634066072 0.8749717002991209 0 -0.4841740634066072 0.8749717002991209 0 -0.4841740634066072 0.8749717002991209 0 -0.4841740634066072 0.8749717002991209 0 0 -1 0 0 -1 0 0 -1 0 0 -1 -0.7818314824680383 -0.6234898018587228 0 -0.7818314824680383 -0.6234898018587228 0 -0.7818314824680383 -0.6234898018587228 0 -0.707105717750215 -0.7071057177502024 -0.00173431540505331 -0.707105717750215 -0.7071057177502024 -0.00173431540505331 -0.707105717750215 -0.7071057177502024 -0.00173431540505331 0.7071067811865475 -0.7071067811865475 0 0.7071067811865475 -0.7071067811865475 0 0.7071067811865475 -0.7071067811865475 0 0.6240193694263075 -0.7814063940155837 0.001968240929364761 0.6240193694263075 -0.7814063940155837 0.001968240929364761 0.6240193694263075 -0.7814063940155837 0.001968240929364761 0.7818314824680133 0.6234898018587541 0 0.7818314824680133 0.6234898018587541 0 0.7818314824680133 0.6234898018587541 0 0.707105688660492 0.7071056886604544 -0.001757875989874313 0.707105688660492 0.7071056886604544 -0.001757875989874313 0.707105688660492 0.7071056886604544 -0.001757875989874313 -0.7071067811865601 0.7071067811865349 0 -0.7071067811865601 0.7071067811865349 0 -0.7071067811865601 0.7071067811865349 0 -0.622951020531866 0.7822583057644704 0.001992255206292425 -0.622951020531866 0.7822583057644704 0.001992255206292425 -0.622951020531866 0.7822583057644704 0.001992255206292425 -1.992790883160844e-14 0.4841740634066048 0.8749717002991223 -1.992790883160844e-14 0.4841740634066048 0.8749717002991223 -1.992790883160844e-14 0.4841740634066048 0.8749717002991223 -1.992790883160844e-14 0.4841740634066048 0.8749717002991223 0 0 -1 0 0 -1 0 0 -1 0 0 -1 0.781831482468039 0.623489801858722 0 0.781831482468039 0.623489801858722 0 0.781831482468039 0.623489801858722 0 0.7071053517374302 0.7071053517374045 -0.002010743297115369 0.7071053517374302 0.7071053517374045 -0.002010743297115369 0.7071053517374302 0.7071053517374045 -0.002010743297115369 -0.707106781186541 0.707106781186554 -7.478233152336058e-16 -0.707106781186541 0.707106781186554 -7.478233152336058e-16 -0.707106781186541 0.707106781186554 -7.478233152336058e-16 -0.6241035921440216 0.7813382736278388 0.002282200078263407 -0.6241035921440216 0.7813382736278388 0.002282200078263407 -0.6241035921440216 0.7813382736278388 0.002282200078263407 -0.7818314824680543 -0.6234898018587028 6.580914596519555e-16 -0.7818314824680543 -0.6234898018587028 6.580914596519555e-16 -0.7818314824680543 -0.6234898018587028 6.580914596519555e-16 -0.7071053062552744 -0.7071053062552747 -0.002042481644730531 -0.7071053062552744 -0.7071053062552747 -0.002042481644730531 -0.7071053062552744 -0.7071053062552747 -0.002042481644730531 0.707106781186554 -0.7071067811865411 0 0.707106781186554 -0.7071067811865411 0 0.707106781186554 -0.7071067811865411 0 0.6228635997118 -0.7823270281760708 0.002314549471446936 0.6228635997118 -0.7823270281760708 0.002314549471446936 0.6228635997118 -0.7823270281760708 0.002314549471446936 -1.494593162370668e-14 -0.4841740634066227 0.8749717002991124 -1.494593162370668e-14 -0.4841740634066227 0.8749717002991124 -1.494593162370668e-14 -0.4841740634066227 0.8749717002991124 -1.494593162370668e-14 -0.4841740634066227 0.8749717002991124 0 0 -1 0 0 -1 0 0 -1 0 0 -1 0 -1 0 0 -1 0 0 -1 0 0 -1 0 0 -1 0 0 -1 0 0 -1 0 0 -1 0 0 -1 0 0 -1 0 0 -1 0 0 -1 0 0 -1 0 0 -1 0 0 -1 0 0 -1 0 0 -1 0 0 -1 0 0 -1 0 0 -1 0 0 -1 0 0 -1 0 0 -1 0 0 -1 0 -0.8660254037844447 0.2420870317033078 -0.4374858501495462 -0.8660254037844447 0.2420870317033078 -0.4374858501495462 -0.8660254037844447 0.2420870317033078 -0.4374858501495462 -0.8660254037844447 0.2420870317033078 -0.4374858501495462 -0.8660254037844447 0.2420870317033078 -0.4374858501495462 -0.8660254037844447 0.2420870317033078 -0.4374858501495462 -0.8660254037844447 0.2420870317033078 -0.4374858501495462 -0.8660254037844447 0.2420870317033078 -0.4374858501495462 -0.8660254037844447 0.2420870317033078 -0.4374858501495462 -0.8660254037844447 0.2420870317033078 -0.4374858501495462 -0.8660254037844447 0.2420870317033078 -0.4374858501495462 -0.8660254037844447 0.2420870317033078 -0.4374858501495462 -0.8660254037844447 0.2420870317033078 -0.4374858501495462 -1.566530423553575e-14 0.4841740634066236 -0.8749717002991118 -1.566530423553575e-14 0.4841740634066236 -0.8749717002991118 -1.566530423553575e-14 0.4841740634066236 -0.8749717002991118 -1.566530423553575e-14 0.4841740634066236 -0.8749717002991118 -1.566530423553575e-14 0.4841740634066236 -0.8749717002991118 -1.566530423553575e-14 0.4841740634066236 -0.8749717002991118 -1.566530423553575e-14 0.4841740634066236 -0.8749717002991118 -1.566530423553575e-14 0.4841740634066236 -0.8749717002991118 -1.566530423553575e-14 0.4841740634066236 -0.8749717002991118 -1.566530423553575e-14 0.4841740634066236 -0.8749717002991118 0.8660254037844314 0.2420870317033165 -0.4374858501495676 0.8660254037844314 0.2420870317033165 -0.4374858501495676 0.8660254037844314 0.2420870317033165 -0.4374858501495676 0.8660254037844314 0.2420870317033165 -0.4374858501495676 0.8660254037844314 0.2420870317033165 -0.4374858501495676 0.8660254037844314 0.2420870317033165 -0.4374858501495676 0.8660254037844314 0.2420870317033165 -0.4374858501495676 0.8660254037844314 0.2420870317033165 -0.4374858501495676 0.8660254037844314 0.2420870317033165 -0.4374858501495676 0.8660254037844314 0.2420870317033165 -0.4374858501495676 0.8660254037844314 0.2420870317033165 -0.4374858501495676 0.8660254037844292 -0.2420870317033204 0.4374858501495695 0.8660254037844292 -0.2420870317033204 0.4374858501495695 0.8660254037844292 -0.2420870317033204 0.4374858501495695 0.8660254037844292 -0.2420870317033204 0.4374858501495695 0.8660254037844292 -0.2420870317033204 0.4374858501495695 0.8660254037844292 -0.2420870317033204 0.4374858501495695 0.8660254037844292 -0.2420870317033204 0.4374858501495695 0.8660254037844292 -0.2420870317033204 0.4374858501495695 0.8660254037844292 -0.2420870317033204 0.4374858501495695 0.8660254037844292 -0.2420870317033204 0.4374858501495695 -0.86602540378443 -0.242087031703318 0.4374858501495697 -0.86602540378443 -0.242087031703318 0.4374858501495697 -0.86602540378443 -0.242087031703318 0.4374858501495697 -0.86602540378443 -0.242087031703318 0.4374858501495697 -0.86602540378443 -0.242087031703318 0.4374858501495697 -0.86602540378443 -0.242087031703318 0.4374858501495697 -0.86602540378443 -0.242087031703318 0.4374858501495697 -0.86602540378443 -0.242087031703318 0.4374858501495697 -0.86602540378443 -0.242087031703318 0.4374858501495697 -0.86602540378443 -0.242087031703318 0.4374858501495697 0 -0.4841740634066236 0.8749717002991118 0 -0.4841740634066236 0.8749717002991118 0 -0.4841740634066236 0.8749717002991118 0 -0.4841740634066236 0.8749717002991118 0 -0.4841740634066236 0.8749717002991118 0 -0.4841740634066236 0.8749717002991118 0 -0.4841740634066236 0.8749717002991118 0 -0.4841740634066236 0.8749717002991118 0 -0.4841740634066236 0.8749717002991118 0 -0.4841740634066236 0.8749717002991118 1.188259602146214e-14 1 -4.451302514776797e-14 1.188259602146214e-14 1 -4.451302514776797e-14 1.188259602146214e-14 1 -4.451302514776797e-14 1.188259602146214e-14 1 -4.451302514776797e-14 1.188259602146214e-14 1 -4.451302514776797e-14 1.188259602146214e-14 1 -4.451302514776797e-14 1.188259602146214e-14 1 -4.451302514776797e-14 1.188259602146214e-14 1 -4.451302514776797e-14 1.188259602146214e-14 1 -4.451302514776797e-14 1.188259602146214e-14 1 -4.451302514776797e-14 1.188259602146214e-14 1 -4.451302514776797e-14 1.188259602146214e-14 1 -4.451302514776797e-14 1.188259602146214e-14 1 -4.451302514776797e-14 1.188259602146214e-14 1 -4.451302514776797e-14 1.188259602146214e-14 1 -4.451302514776797e-14 1.188259602146214e-14 1 -4.451302514776797e-14 1.188259602146214e-14 1 -4.451302514776797e-14 1.188259602146214e-14 1 -4.451302514776797e-14 1.188259602146214e-14 1 -4.451302514776797e-14 1.188259602146214e-14 1 -4.451302514776797e-14 1.188259602146214e-14 1 -4.451302514776797e-14 1.188259602146214e-14 1 -4.451302514776797e-14 1.188259602146214e-14 1 -4.451302514776797e-14 1.188259602146214e-14 1 -4.451302514776797e-14 -0.866025403784427 5.231966842084915e-15 -0.5000000000000202 -0.866025403784427 5.231966842084915e-15 -0.5000000000000202 -0.866025403784427 5.231966842084915e-15 -0.5000000000000202 -0.866025403784427 5.231966842084915e-15 -0.5000000000000202 -0.866025403784427 5.231966842084915e-15 -0.5000000000000202 -0.866025403784427 5.231966842084915e-15 -0.5000000000000202 -0.866025403784427 5.231966842084915e-15 -0.5000000000000202 -0.866025403784427 5.231966842084915e-15 -0.5000000000000202 -0.866025403784427 5.231966842084915e-15 -0.5000000000000202 -0.866025403784427 5.231966842084915e-15 -0.5000000000000202 -0.866025403784427 5.231966842084915e-15 -0.5000000000000202 -0.866025403784427 5.231966842084915e-15 -0.5000000000000202 -0.866025403784427 5.231966842084915e-15 -0.5000000000000202 0.8660254037844173 -5.000969671542082e-15 -0.5000000000000369 0.8660254037844173 -5.000969671542082e-15 -0.5000000000000369 0.8660254037844173 -5.000969671542082e-15 -0.5000000000000369 0.8660254037844173 -5.000969671542082e-15 -0.5000000000000369 0.8660254037844173 -5.000969671542082e-15 -0.5000000000000369 0.8660254037844173 -5.000969671542082e-15 -0.5000000000000369 0.8660254037844173 -5.000969671542082e-15 -0.5000000000000369 0.8660254037844173 -5.000969671542082e-15 -0.5000000000000369 0.8660254037844173 -5.000969671542082e-15 -0.5000000000000369 0.8660254037844173 -5.000969671542082e-15 -0.5000000000000369 0.8660254037844173 -5.000969671542082e-15 -0.5000000000000369 0 4.170543543998388e-15 -1 0 4.170543543998388e-15 -1 0 4.170543543998388e-15 -1 0 4.170543543998388e-15 -1 0 4.170543543998388e-15 -1 0 4.170543543998388e-15 -1 0 4.170543543998388e-15 -1 0 4.170543543998388e-15 -1 0 4.170543543998388e-15 -1 0 4.170543543998388e-15 -1 0.8660254037844336 -3.082091515599691e-15 0.5000000000000087 0.8660254037844336 -3.082091515599691e-15 0.5000000000000087 0.8660254037844336 -3.082091515599691e-15 0.5000000000000087 0.8660254037844336 -3.082091515599691e-15 0.5000000000000087 0.8660254037844336 -3.082091515599691e-15 0.5000000000000087 0.8660254037844336 -3.082091515599691e-15 0.5000000000000087 0.8660254037844336 -3.082091515599691e-15 0.5000000000000087 0.8660254037844336 -3.082091515599691e-15 0.5000000000000087 0.8660254037844336 -3.082091515599691e-15 0.5000000000000087 0.8660254037844336 -3.082091515599691e-15 0.5000000000000087 -0.8660254037844327 6.937005978394592e-15 0.5000000000000103 -0.8660254037844327 6.937005978394592e-15 0.5000000000000103 -0.8660254037844327 6.937005978394592e-15 0.5000000000000103 -0.8660254037844327 6.937005978394592e-15 0.5000000000000103 -0.8660254037844327 6.937005978394592e-15 0.5000000000000103 -0.8660254037844327 6.937005978394592e-15 0.5000000000000103 -0.8660254037844327 6.937005978394592e-15 0.5000000000000103 -0.8660254037844327 6.937005978394592e-15 0.5000000000000103 -0.8660254037844327 6.937005978394592e-15 0.5000000000000103 -0.8660254037844327 6.937005978394592e-15 0.5000000000000103 0 4.446180564830182e-15 1 0 4.446180564830182e-15 1 0 4.446180564830182e-15 1 0 4.446180564830182e-15 1 0 4.446180564830182e-15 1 0 4.446180564830182e-15 1 0 4.446180564830182e-15 1 0 4.446180564830182e-15 1 0 4.446180564830182e-15 1 0 4.446180564830182e-15 1 -1 1.348967646033022e-15 6.958129580148864e-15 -1 1.348967646033022e-15 6.958129580148864e-15 -1 1.348967646033022e-15 6.958129580148864e-15 -1 1.348967646033022e-15 6.958129580148864e-15 -1 1.348967646033022e-15 6.958129580148864e-15 -1 1.348967646033022e-15 6.958129580148864e-15 -1 1.348967646033022e-15 6.958129580148864e-15 -1 1.348967646033022e-15 6.958129580148864e-15 -1 1.348967646033022e-15 6.958129580148864e-15 -1 1.348967646033022e-15 6.958129580148864e-15 -1 1.348967646033022e-15 6.958129580148864e-15 -1 1.348967646033022e-15 6.958129580148864e-15 -1 1.348967646033022e-15 6.958129580148864e-15 -1 1.348967646033022e-15 6.958129580148864e-15 -1 1.348967646033022e-15 6.958129580148864e-15 -1 1.348967646033022e-15 6.958129580148864e-15 -1 1.348967646033022e-15 6.958129580148864e-15 -1 1.348967646033022e-15 6.958129580148864e-15 -1 1.348967646033022e-15 6.958129580148864e-15 -1 1.348967646033022e-15 6.958129580148864e-15 -1 1.348967646033022e-15 6.958129580148864e-15 -1 1.348967646033022e-15 6.958129580148864e-15 -1 1.348967646033022e-15 6.958129580148864e-15 -1 1.348967646033022e-15 6.958129580148864e-15 1 2.596509153266565e-15 0 1 2.596509153266565e-15 0 1 2.596509153266565e-15 0 1 2.596509153266565e-15 0 1 2.596509153266565e-15 0 1 2.596509153266565e-15 0 1 2.596509153266565e-15 0 1 2.596509153266565e-15 0 1 2.596509153266565e-15 0 1 2.596509153266565e-15 0 1 2.596509153266565e-15 0 1 2.596509153266565e-15 0 1 2.596509153266565e-15 0 1 2.596509153266565e-15 0 1 2.596509153266565e-15 0 1 2.596509153266565e-15 0 1 2.596509153266565e-15 0 1 2.596509153266565e-15 0 1 2.596509153266565e-15 0 1 2.596509153266565e-15 0 1 2.596509153266565e-15 0 1 2.596509153266565e-15 0 1 2.596509153266565e-15 0 1 2.596509153266565e-15 0 0.2420870317033119 0.8660254037844465 -0.4374858501495402 0.2420870317033119 0.8660254037844465 -0.4374858501495402 0.2420870317033119 0.8660254037844465 -0.4374858501495402 0.2420870317033119 0.8660254037844465 -0.4374858501495402 0.2420870317033119 0.8660254037844465 -0.4374858501495402 0.2420870317033119 0.8660254037844465 -0.4374858501495402 0.2420870317033119 0.8660254037844465 -0.4374858501495402 0.2420870317033119 0.8660254037844465 -0.4374858501495402 0.2420870317033119 0.8660254037844465 -0.4374858501495402 0.2420870317033119 0.8660254037844465 -0.4374858501495402 0.4841740634066192 0 -0.8749717002991144 0.4841740634066192 0 -0.8749717002991144 0.4841740634066192 0 -0.8749717002991144 0.4841740634066192 0 -0.8749717002991144 0.4841740634066192 0 -0.8749717002991144 0.4841740634066192 0 -0.8749717002991144 0.4841740634066192 0 -0.8749717002991144 0.4841740634066192 0 -0.8749717002991144 0.4841740634066192 0 -0.8749717002991144 0.4841740634066192 0 -0.8749717002991144 0.2420870317033069 -0.8660254037844486 -0.4374858501495393 0.2420870317033069 -0.8660254037844486 -0.4374858501495393 0.2420870317033069 -0.8660254037844486 -0.4374858501495393 0.2420870317033069 -0.8660254037844486 -0.4374858501495393 0.2420870317033069 -0.8660254037844486 -0.4374858501495393 0.2420870317033069 -0.8660254037844486 -0.4374858501495393 0.2420870317033069 -0.8660254037844486 -0.4374858501495393 0.2420870317033069 -0.8660254037844486 -0.4374858501495393 0.2420870317033069 -0.8660254037844486 -0.4374858501495393 0.2420870317033069 -0.8660254037844486 -0.4374858501495393 -0.4841740634066192 0 0.8749717002991144 -0.4841740634066192 0 0.8749717002991144 -0.4841740634066192 0 0.8749717002991144 -0.4841740634066192 0 0.8749717002991144 -0.4841740634066192 0 0.8749717002991144 -0.4841740634066192 0 0.8749717002991144 -0.4841740634066192 0 0.8749717002991144 -0.4841740634066192 0 0.8749717002991144 -0.4841740634066192 0 0.8749717002991144 -0.4841740634066192 0 0.8749717002991144 -0.2420870317033173 0.8660254037844362 0.4374858501495582 -0.2420870317033173 0.8660254037844362 0.4374858501495582 -0.2420870317033173 0.8660254037844362 0.4374858501495582 -0.2420870317033173 0.8660254037844362 0.4374858501495582 -0.2420870317033173 0.8660254037844362 0.4374858501495582 -0.2420870317033173 0.8660254037844362 0.4374858501495582 -0.2420870317033173 0.8660254037844362 0.4374858501495582 -0.2420870317033173 0.8660254037844362 0.4374858501495582 -0.2420870317033173 0.8660254037844362 0.4374858501495582 -0.2420870317033173 0.8660254037844362 0.4374858501495582 -0.2420870317033216 -0.8660254037844353 0.4374858501495568 -0.2420870317033216 -0.8660254037844353 0.4374858501495568 -0.2420870317033216 -0.8660254037844353 0.4374858501495568 -0.2420870317033216 -0.8660254037844353 0.4374858501495568 -0.2420870317033216 -0.8660254037844353 0.4374858501495568 -0.2420870317033216 -0.8660254037844353 0.4374858501495568 -0.2420870317033216 -0.8660254037844353 0.4374858501495568 -0.2420870317033216 -0.8660254037844353 0.4374858501495568 -0.2420870317033216 -0.8660254037844353 0.4374858501495568 -0.2420870317033216 -0.8660254037844353 0.4374858501495568 0 1 -7.789527459799858e-15 0 1 -7.789527459799858e-15 0 1 -7.789527459799858e-15 0 1 -7.789527459799858e-15 0 1 -7.789527459799858e-15 0 1 -7.789527459799858e-15 0 1 -7.789527459799858e-15 0 1 -7.789527459799858e-15 0 1 -7.789527459799858e-15 0 1 -7.789527459799858e-15 0 1 -7.789527459799858e-15 0 1 -7.789527459799858e-15 0 1 -7.789527459799858e-15 0 1 -7.789527459799858e-15 0 1 -7.789527459799858e-15 0 1 -7.789527459799858e-15 0 1 -7.789527459799858e-15 0 1 -7.789527459799858e-15 0 1 -7.789527459799858e-15 0 1 -7.789527459799858e-15 0 1 -7.789527459799858e-15 0 1 -7.789527459799858e-15 0 1 -7.789527459799858e-15 0 1 -7.789527459799858e-15 0 -1 -1.038603661306679e-14 0 -1 -1.038603661306679e-14 0 -1 -1.038603661306679e-14 0 -1 -1.038603661306679e-14 0 -1 -1.038603661306679e-14 0 -1 -1.038603661306679e-14 0 -1 -1.038603661306679e-14 0 -1 -1.038603661306679e-14 0 -1 -1.038603661306679e-14 0 -1 -1.038603661306679e-14 0 -1 -1.038603661306679e-14 0 -1 -1.038603661306679e-14 0 -1 -1.038603661306679e-14 0 -1 -1.038603661306679e-14 0 -1 -1.038603661306679e-14 0 -1 -1.038603661306679e-14 0 -1 -1.038603661306679e-14 0 -1 -1.038603661306679e-14 0 -1 -1.038603661306679e-14 0 -1 -1.038603661306679e-14 0 -1 -1.038603661306679e-14 0 -1 -1.038603661306679e-14 0 -1 -1.038603661306679e-14 0 -1 -1.038603661306679e-14 0.8660254037844272 -0.242087031703314 -0.4374858501495773 0.8660254037844272 -0.242087031703314 -0.4374858501495773 0.8660254037844272 -0.242087031703314 -0.4374858501495773 0.8660254037844272 -0.242087031703314 -0.4374858501495773 0.8660254037844272 -0.242087031703314 -0.4374858501495773 0.8660254037844272 -0.242087031703314 -0.4374858501495773 0.8660254037844272 -0.242087031703314 -0.4374858501495773 0.8660254037844272 -0.242087031703314 -0.4374858501495773 0.8660254037844272 -0.242087031703314 -0.4374858501495773 0.8660254037844272 -0.242087031703314 -0.4374858501495773 0 -0.4841740634066276 -0.8749717002991096 0 -0.4841740634066276 -0.8749717002991096 0 -0.4841740634066276 -0.8749717002991096 0 -0.4841740634066276 -0.8749717002991096 0 -0.4841740634066276 -0.8749717002991096 0 -0.4841740634066276 -0.8749717002991096 0 -0.4841740634066276 -0.8749717002991096 0 -0.4841740634066276 -0.8749717002991096 0 -0.4841740634066276 -0.8749717002991096 0 -0.4841740634066276 -0.8749717002991096 -0.8660254037844209 -0.2420870317033309 -0.4374858501495806 -0.8660254037844209 -0.2420870317033309 -0.4374858501495806 -0.8660254037844209 -0.2420870317033309 -0.4374858501495806 -0.8660254037844209 -0.2420870317033309 -0.4374858501495806 -0.8660254037844209 -0.2420870317033309 -0.4374858501495806 -0.8660254037844209 -0.2420870317033309 -0.4374858501495806 -0.8660254037844209 -0.2420870317033309 -0.4374858501495806 -0.8660254037844209 -0.2420870317033309 -0.4374858501495806 -0.8660254037844209 -0.2420870317033309 -0.4374858501495806 -0.8660254037844209 -0.2420870317033309 -0.4374858501495806 0 0.4841740634066257 0.8749717002991107 0 0.4841740634066257 0.8749717002991107 0 0.4841740634066257 0.8749717002991107 0 0.4841740634066257 0.8749717002991107 0 0.4841740634066257 0.8749717002991107 0 0.4841740634066257 0.8749717002991107 0 0.4841740634066257 0.8749717002991107 0 0.4841740634066257 0.8749717002991107 0 0.4841740634066257 0.8749717002991107 0 0.4841740634066257 0.8749717002991107 0.8660254037844592 0.2420870317032912 0.4374858501495273 0.8660254037844592 0.2420870317032912 0.4374858501495273 0.8660254037844592 0.2420870317032912 0.4374858501495273 0.8660254037844592 0.2420870317032912 0.4374858501495273 0.8660254037844592 0.2420870317032912 0.4374858501495273 0.8660254037844592 0.2420870317032912 0.4374858501495273 0.8660254037844592 0.2420870317032912 0.4374858501495273 0.8660254037844592 0.2420870317032912 0.4374858501495273 0.8660254037844592 0.2420870317032912 0.4374858501495273 0.8660254037844592 0.2420870317032912 0.4374858501495273 -0.866025403784453 0.242087031703306 0.4374858501495308 -0.866025403784453 0.242087031703306 0.4374858501495308 -0.866025403784453 0.242087031703306 0.4374858501495308 -0.866025403784453 0.242087031703306 0.4374858501495308 -0.866025403784453 0.242087031703306 0.4374858501495308 -0.866025403784453 0.242087031703306 0.4374858501495308 -0.866025403784453 0.242087031703306 0.4374858501495308 -0.866025403784453 0.242087031703306 0.4374858501495308 -0.866025403784453 0.242087031703306 0.4374858501495308 -0.866025403784453 0.242087031703306 0.4374858501495308 0 -1 0 0 -1 0 0 -1 0 0 -1 0 0 -1 0 0 -1 0 0 -1 0 0 -1 0 0 -1 0 0 -1 0 0 -1 0 0 -1 0 0 -1 0 0 -1 0 0 -1 0 0 -1 0 0 -1 0 0 -1 0 0 -1 0 0 -1 0 0 -1 0 0 -1 0 0 -1 0 0 -1 0 -0.8660254037844459 0.2420870317033066 -0.4374858501495444 -0.8660254037844459 0.2420870317033066 -0.4374858501495444 -0.8660254037844459 0.2420870317033066 -0.4374858501495444 -0.8660254037844459 0.2420870317033066 -0.4374858501495444 -0.8660254037844459 0.2420870317033066 -0.4374858501495444 -0.8660254037844459 0.2420870317033066 -0.4374858501495444 -0.8660254037844459 0.2420870317033066 -0.4374858501495444 -0.8660254037844459 0.2420870317033066 -0.4374858501495444 -0.8660254037844459 0.2420870317033066 -0.4374858501495444 -0.8660254037844459 0.2420870317033066 -0.4374858501495444 -0.8660254037844459 0.2420870317033066 -0.4374858501495444 -0.8660254037844459 0.2420870317033066 -0.4374858501495444 -0.8660254037844459 0.2420870317033066 -0.4374858501495444 1.566530423553587e-14 0.4841740634066235 -0.8749717002991119 1.566530423553587e-14 0.4841740634066235 -0.8749717002991119 1.566530423553587e-14 0.4841740634066235 -0.8749717002991119 1.566530423553587e-14 0.4841740634066235 -0.8749717002991119 1.566530423553587e-14 0.4841740634066235 -0.8749717002991119 1.566530423553587e-14 0.4841740634066235 -0.8749717002991119 1.566530423553587e-14 0.4841740634066235 -0.8749717002991119 1.566530423553587e-14 0.4841740634066235 -0.8749717002991119 1.566530423553587e-14 0.4841740634066235 -0.8749717002991119 1.566530423553587e-14 0.4841740634066235 -0.8749717002991119 0.8660254037844385 0.2420870317033106 -0.4374858501495567 0.8660254037844385 0.2420870317033106 -0.4374858501495567 0.8660254037844385 0.2420870317033106 -0.4374858501495567 0.8660254037844385 0.2420870317033106 -0.4374858501495567 0.8660254037844385 0.2420870317033106 -0.4374858501495567 0.8660254037844385 0.2420870317033106 -0.4374858501495567 0.8660254037844385 0.2420870317033106 -0.4374858501495567 0.8660254037844385 0.2420870317033106 -0.4374858501495567 0.8660254037844385 0.2420870317033106 -0.4374858501495567 0.8660254037844385 0.2420870317033106 -0.4374858501495567 0.8660254037844385 0.2420870317033106 -0.4374858501495567 0.8660254037844303 -0.2420870317033197 0.437485850149568 0.8660254037844303 -0.2420870317033197 0.437485850149568 0.8660254037844303 -0.2420870317033197 0.437485850149568 0.8660254037844303 -0.2420870317033197 0.437485850149568 0.8660254037844303 -0.2420870317033197 0.437485850149568 0.8660254037844303 -0.2420870317033197 0.437485850149568 0.8660254037844303 -0.2420870317033197 0.437485850149568 0.8660254037844303 -0.2420870317033197 0.437485850149568 0.8660254037844303 -0.2420870317033197 0.437485850149568 0.8660254037844303 -0.2420870317033197 0.437485850149568 -0.8660254037844293 -0.2420870317033184 0.4374858501495707 -0.8660254037844293 -0.2420870317033184 0.4374858501495707 -0.8660254037844293 -0.2420870317033184 0.4374858501495707 -0.8660254037844293 -0.2420870317033184 0.4374858501495707 -0.8660254037844293 -0.2420870317033184 0.4374858501495707 -0.8660254037844293 -0.2420870317033184 0.4374858501495707 -0.8660254037844293 -0.2420870317033184 0.4374858501495707 -0.8660254037844293 -0.2420870317033184 0.4374858501495707 -0.8660254037844293 -0.2420870317033184 0.4374858501495707 -0.8660254037844293 -0.2420870317033184 0.4374858501495707 0 -0.4841740634066235 0.8749717002991118 0 -0.4841740634066235 0.8749717002991118 0 -0.4841740634066235 0.8749717002991118 0 -0.4841740634066235 0.8749717002991118 0 -0.4841740634066235 0.8749717002991118 0 -0.4841740634066235 0.8749717002991118 0 -0.4841740634066235 0.8749717002991118 0 -0.4841740634066235 0.8749717002991118 0 -0.4841740634066235 0.8749717002991118 0 -0.4841740634066235 0.8749717002991118 1.188259602146351e-14 1 2.967535009851203e-15 1.188259602146351e-14 1 2.967535009851203e-15 1.188259602146351e-14 1 2.967535009851203e-15 1.188259602146351e-14 1 2.967535009851203e-15 1.188259602146351e-14 1 2.967535009851203e-15 1.188259602146351e-14 1 2.967535009851203e-15 1.188259602146351e-14 1 2.967535009851203e-15 1.188259602146351e-14 1 2.967535009851203e-15 1.188259602146351e-14 1 2.967535009851203e-15 1.188259602146351e-14 1 2.967535009851203e-15 1.188259602146351e-14 1 2.967535009851203e-15 1.188259602146351e-14 1 2.967535009851203e-15 1.188259602146351e-14 1 2.967535009851203e-15 1.188259602146351e-14 1 2.967535009851203e-15 1.188259602146351e-14 1 2.967535009851203e-15 1.188259602146351e-14 1 2.967535009851203e-15 1.188259602146351e-14 1 2.967535009851203e-15 1.188259602146351e-14 1 2.967535009851203e-15 1.188259602146351e-14 1 2.967535009851203e-15 1.188259602146351e-14 1 2.967535009851203e-15 1.188259602146351e-14 1 2.967535009851203e-15 1.188259602146351e-14 1 2.967535009851203e-15 1.188259602146351e-14 1 2.967535009851203e-15 1.188259602146351e-14 1 2.967535009851203e-15 -0.866025403784434 3.386370891872693e-15 -0.5000000000000081 -0.866025403784434 3.386370891872693e-15 -0.5000000000000081 -0.866025403784434 3.386370891872693e-15 -0.5000000000000081 -0.866025403784434 3.386370891872693e-15 -0.5000000000000081 -0.866025403784434 3.386370891872693e-15 -0.5000000000000081 -0.866025403784434 3.386370891872693e-15 -0.5000000000000081 -0.866025403784434 3.386370891872693e-15 -0.5000000000000081 -0.866025403784434 3.386370891872693e-15 -0.5000000000000081 -0.866025403784434 3.386370891872693e-15 -0.5000000000000081 -0.866025403784434 3.386370891872693e-15 -0.5000000000000081 -0.866025403784434 3.386370891872693e-15 -0.5000000000000081 -0.866025403784434 3.386370891872693e-15 -0.5000000000000081 -0.866025403784434 3.386370891872693e-15 -0.5000000000000081 0.8660254037844208 -7.191870670503402e-15 -0.5000000000000309 0.8660254037844208 -7.191870670503402e-15 -0.5000000000000309 0.8660254037844208 -7.191870670503402e-15 -0.5000000000000309 0.8660254037844208 -7.191870670503402e-15 -0.5000000000000309 0.8660254037844208 -7.191870670503402e-15 -0.5000000000000309 0.8660254037844208 -7.191870670503402e-15 -0.5000000000000309 0.8660254037844208 -7.191870670503402e-15 -0.5000000000000309 0.8660254037844208 -7.191870670503402e-15 -0.5000000000000309 0.8660254037844208 -7.191870670503402e-15 -0.5000000000000309 0.8660254037844208 -7.191870670503402e-15 -0.5000000000000309 0.8660254037844208 -7.191870670503402e-15 -0.5000000000000309 0 -4.766335478855147e-15 -1 0 -4.766335478855147e-15 -1 0 -4.766335478855147e-15 -1 0 -4.766335478855147e-15 -1 0 -4.766335478855147e-15 -1 0 -4.766335478855147e-15 -1 0 -4.766335478855147e-15 -1 0 -4.766335478855147e-15 -1 0 -4.766335478855147e-15 -1 0 -4.766335478855147e-15 -1 0.8660254037844329 0 0.5000000000000099 0.8660254037844329 0 0.5000000000000099 0.8660254037844329 0 0.5000000000000099 0.8660254037844329 0 0.5000000000000099 0.8660254037844329 0 0.5000000000000099 0.8660254037844329 0 0.5000000000000099 0.8660254037844329 0 0.5000000000000099 0.8660254037844329 0 0.5000000000000099 0.8660254037844329 0 0.5000000000000099 0.8660254037844329 0 0.5000000000000099 -0.8660254037844262 9.655686703349283e-15 0.5000000000000214 -0.8660254037844262 9.655686703349283e-15 0.5000000000000214 -0.8660254037844262 9.655686703349283e-15 0.5000000000000214 -0.8660254037844262 9.655686703349283e-15 0.5000000000000214 -0.8660254037844262 9.655686703349283e-15 0.5000000000000214 -0.8660254037844262 9.655686703349283e-15 0.5000000000000214 -0.8660254037844262 9.655686703349283e-15 0.5000000000000214 -0.8660254037844262 9.655686703349283e-15 0.5000000000000214 -0.8660254037844262 9.655686703349283e-15 0.5000000000000214 -0.8660254037844262 9.655686703349283e-15 0.5000000000000214 0 4.4461805648302e-15 1 0 4.4461805648302e-15 1 0 4.4461805648302e-15 1 0 4.4461805648302e-15 1 0 4.4461805648302e-15 1 0 4.4461805648302e-15 1 0 4.4461805648302e-15 1 0 4.4461805648302e-15 1 0 4.4461805648302e-15 1 0 4.4461805648302e-15 1 -1 2.510296935287073e-15 6.377675607711188e-15 -1 2.510296935287073e-15 6.377675607711188e-15 -1 2.510296935287073e-15 6.377675607711188e-15 -1 2.510296935287073e-15 6.377675607711188e-15 -1 2.510296935287073e-15 6.377675607711188e-15 -1 2.510296935287073e-15 6.377675607711188e-15 -1 2.510296935287073e-15 6.377675607711188e-15 -1 2.510296935287073e-15 6.377675607711188e-15 -1 2.510296935287073e-15 6.377675607711188e-15 -1 2.510296935287073e-15 6.377675607711188e-15 -1 2.510296935287073e-15 6.377675607711188e-15 -1 2.510296935287073e-15 6.377675607711188e-15 -1 2.510296935287073e-15 6.377675607711188e-15 -1 2.510296935287073e-15 6.377675607711188e-15 -1 2.510296935287073e-15 6.377675607711188e-15 -1 2.510296935287073e-15 6.377675607711188e-15 -1 2.510296935287073e-15 6.377675607711188e-15 -1 2.510296935287073e-15 6.377675607711188e-15 -1 2.510296935287073e-15 6.377675607711188e-15 -1 2.510296935287073e-15 6.377675607711188e-15 -1 2.510296935287073e-15 6.377675607711188e-15 -1 2.510296935287073e-15 6.377675607711188e-15 -1 2.510296935287073e-15 6.377675607711188e-15 -1 2.510296935287073e-15 6.377675607711188e-15 1 -6.491272883166283e-15 -8.724270754976307e-15 1 -6.491272883166283e-15 -8.724270754976307e-15 1 -6.491272883166283e-15 -8.724270754976307e-15 1 -6.491272883166283e-15 -8.724270754976307e-15 1 -6.491272883166283e-15 -8.724270754976307e-15 1 -6.491272883166283e-15 -8.724270754976307e-15 1 -6.491272883166283e-15 -8.724270754976307e-15 1 -6.491272883166283e-15 -8.724270754976307e-15 1 -6.491272883166283e-15 -8.724270754976307e-15 1 -6.491272883166283e-15 -8.724270754976307e-15 1 -6.491272883166283e-15 -8.724270754976307e-15 1 -6.491272883166283e-15 -8.724270754976307e-15 1 -6.491272883166283e-15 -8.724270754976307e-15 1 -6.491272883166283e-15 -8.724270754976307e-15 1 -6.491272883166283e-15 -8.724270754976307e-15 1 -6.491272883166283e-15 -8.724270754976307e-15 1 -6.491272883166283e-15 -8.724270754976307e-15 1 -6.491272883166283e-15 -8.724270754976307e-15 1 -6.491272883166283e-15 -8.724270754976307e-15 1 -6.491272883166283e-15 -8.724270754976307e-15 1 -6.491272883166283e-15 -8.724270754976307e-15 1 -6.491272883166283e-15 -8.724270754976307e-15 1 -6.491272883166283e-15 -8.724270754976307e-15 1 -6.491272883166283e-15 -8.724270754976307e-15 0.2420870317033154 0.866025403784443 -0.4374858501495457 0.2420870317033154 0.866025403784443 -0.4374858501495457 0.2420870317033154 0.866025403784443 -0.4374858501495457 0.2420870317033154 0.866025403784443 -0.4374858501495457 0.2420870317033154 0.866025403784443 -0.4374858501495457 0.2420870317033154 0.866025403784443 -0.4374858501495457 0.2420870317033154 0.866025403784443 -0.4374858501495457 0.2420870317033154 0.866025403784443 -0.4374858501495457 0.2420870317033154 0.866025403784443 -0.4374858501495457 0.2420870317033154 0.866025403784443 -0.4374858501495457 0.4841740634066195 0 -0.8749717002991141 0.4841740634066195 0 -0.8749717002991141 0.4841740634066195 0 -0.8749717002991141 0.4841740634066195 0 -0.8749717002991141 0.4841740634066195 0 -0.8749717002991141 0.4841740634066195 0 -0.8749717002991141 0.4841740634066195 0 -0.8749717002991141 0.4841740634066195 0 -0.8749717002991141 0.4841740634066195 0 -0.8749717002991141 0.4841740634066195 0 -0.8749717002991141 0.24208703170331 -0.8660254037844445 -0.4374858501495447 0.24208703170331 -0.8660254037844445 -0.4374858501495447 0.24208703170331 -0.8660254037844445 -0.4374858501495447 0.24208703170331 -0.8660254037844445 -0.4374858501495447 0.24208703170331 -0.8660254037844445 -0.4374858501495447 0.24208703170331 -0.8660254037844445 -0.4374858501495447 0.24208703170331 -0.8660254037844445 -0.4374858501495447 0.24208703170331 -0.8660254037844445 -0.4374858501495447 0.24208703170331 -0.8660254037844445 -0.4374858501495447 0.24208703170331 -0.8660254037844445 -0.4374858501495447 -0.4841740634066236 7.292135826268816e-16 0.8749717002991119 -0.4841740634066236 7.292135826268816e-16 0.8749717002991119 -0.4841740634066236 7.292135826268816e-16 0.8749717002991119 -0.4841740634066236 7.292135826268816e-16 0.8749717002991119 -0.4841740634066236 7.292135826268816e-16 0.8749717002991119 -0.4841740634066236 7.292135826268816e-16 0.8749717002991119 -0.4841740634066236 7.292135826268816e-16 0.8749717002991119 -0.4841740634066236 7.292135826268816e-16 0.8749717002991119 -0.4841740634066236 7.292135826268816e-16 0.8749717002991119 -0.4841740634066236 7.292135826268816e-16 0.8749717002991119 -0.2420870317033091 0.8660254037844464 0.4374858501495419 -0.2420870317033091 0.8660254037844464 0.4374858501495419 -0.2420870317033091 0.8660254037844464 0.4374858501495419 -0.2420870317033091 0.8660254037844464 0.4374858501495419 -0.2420870317033091 0.8660254037844464 0.4374858501495419 -0.2420870317033091 0.8660254037844464 0.4374858501495419 -0.2420870317033091 0.8660254037844464 0.4374858501495419 -0.2420870317033091 0.8660254037844464 0.4374858501495419 -0.2420870317033091 0.8660254037844464 0.4374858501495419 -0.2420870317033091 0.8660254037844464 0.4374858501495419 -0.2420870317033131 -0.8660254037844458 0.4374858501495407 -0.2420870317033131 -0.8660254037844458 0.4374858501495407 -0.2420870317033131 -0.8660254037844458 0.4374858501495407 -0.2420870317033131 -0.8660254037844458 0.4374858501495407 -0.2420870317033131 -0.8660254037844458 0.4374858501495407 -0.2420870317033131 -0.8660254037844458 0.4374858501495407 -0.2420870317033131 -0.8660254037844458 0.4374858501495407 -0.2420870317033131 -0.8660254037844458 0.4374858501495407 -0.2420870317033131 -0.8660254037844458 0.4374858501495407 -0.2420870317033131 -0.8660254037844458 0.4374858501495407 0 1 -7.789527459799917e-15 0 1 -7.789527459799917e-15 0 1 -7.789527459799917e-15 0 1 -7.789527459799917e-15 0 1 -7.789527459799917e-15 0 1 -7.789527459799917e-15 0 1 -7.789527459799917e-15 0 1 -7.789527459799917e-15 0 1 -7.789527459799917e-15 0 1 -7.789527459799917e-15 0 1 -7.789527459799917e-15 0 1 -7.789527459799917e-15 0 1 -7.789527459799917e-15 0 1 -7.789527459799917e-15 0 1 -7.789527459799917e-15 0 1 -7.789527459799917e-15 0 1 -7.789527459799917e-15 0 1 -7.789527459799917e-15 0 1 -7.789527459799917e-15 0 1 -7.789527459799917e-15 0 1 -7.789527459799917e-15 0 1 -7.789527459799917e-15 0 1 -7.789527459799917e-15 0 1 -7.789527459799917e-15 0 -1 -1.038603661306676e-14 0 -1 -1.038603661306676e-14 0 -1 -1.038603661306676e-14 0 -1 -1.038603661306676e-14 0 -1 -1.038603661306676e-14 0 -1 -1.038603661306676e-14 0 -1 -1.038603661306676e-14 0 -1 -1.038603661306676e-14 0 -1 -1.038603661306676e-14 0 -1 -1.038603661306676e-14 0 -1 -1.038603661306676e-14 0 -1 -1.038603661306676e-14 0 -1 -1.038603661306676e-14 0 -1 -1.038603661306676e-14 0 -1 -1.038603661306676e-14 0 -1 -1.038603661306676e-14 0 -1 -1.038603661306676e-14 0 -1 -1.038603661306676e-14 0 -1 -1.038603661306676e-14 0 -1 -1.038603661306676e-14 0 -1 -1.038603661306676e-14 0 -1 -1.038603661306676e-14 0 -1 -1.038603661306676e-14 0 -1 -1.038603661306676e-14 0.8660254037844361 -0.2420870317033139 -0.4374858501495597 0.8660254037844361 -0.2420870317033139 -0.4374858501495597 0.8660254037844361 -0.2420870317033139 -0.4374858501495597 0.8660254037844361 -0.2420870317033139 -0.4374858501495597 0.8660254037844361 -0.2420870317033139 -0.4374858501495597 0.8660254037844361 -0.2420870317033139 -0.4374858501495597 0.8660254037844361 -0.2420870317033139 -0.4374858501495597 0.8660254037844361 -0.2420870317033139 -0.4374858501495597 0.8660254037844361 -0.2420870317033139 -0.4374858501495597 0.8660254037844361 -0.2420870317033139 -0.4374858501495597 0 -0.4841740634066276 -0.8749717002991096 0 -0.4841740634066276 -0.8749717002991096 0 -0.4841740634066276 -0.8749717002991096 0 -0.4841740634066276 -0.8749717002991096 0 -0.4841740634066276 -0.8749717002991096 0 -0.4841740634066276 -0.8749717002991096 0 -0.4841740634066276 -0.8749717002991096 0 -0.4841740634066276 -0.8749717002991096 0 -0.4841740634066276 -0.8749717002991096 0 -0.4841740634066276 -0.8749717002991096 -0.8660254037844341 -0.242087031703311 -0.4374858501495653 -0.8660254037844341 -0.242087031703311 -0.4374858501495653 -0.8660254037844341 -0.242087031703311 -0.4374858501495653 -0.8660254037844341 -0.242087031703311 -0.4374858501495653 -0.8660254037844341 -0.242087031703311 -0.4374858501495653 -0.8660254037844341 -0.242087031703311 -0.4374858501495653 -0.8660254037844341 -0.242087031703311 -0.4374858501495653 -0.8660254037844341 -0.242087031703311 -0.4374858501495653 -0.8660254037844341 -0.242087031703311 -0.4374858501495653 -0.8660254037844341 -0.242087031703311 -0.4374858501495653 0 0.4841740634066257 0.8749717002991107 0 0.4841740634066257 0.8749717002991107 0 0.4841740634066257 0.8749717002991107 0 0.4841740634066257 0.8749717002991107 0 0.4841740634066257 0.8749717002991107 0 0.4841740634066257 0.8749717002991107 0 0.4841740634066257 0.8749717002991107 0 0.4841740634066257 0.8749717002991107 0 0.4841740634066257 0.8749717002991107 0 0.4841740634066257 0.8749717002991107 0.8660254037844471 0.2420870317033041 0.4374858501495432 0.8660254037844471 0.2420870317033041 0.4374858501495432 0.8660254037844471 0.2420870317033041 0.4374858501495432 0.8660254037844471 0.2420870317033041 0.4374858501495432 0.8660254037844471 0.2420870317033041 0.4374858501495432 0.8660254037844471 0.2420870317033041 0.4374858501495432 0.8660254037844471 0.2420870317033041 0.4374858501495432 0.8660254037844471 0.2420870317033041 0.4374858501495432 0.8660254037844471 0.2420870317033041 0.4374858501495432 0.8660254037844471 0.2420870317033041 0.4374858501495432 -0.8660254037844444 0.2420870317033043 0.4374858501495485 -0.8660254037844444 0.2420870317033043 0.4374858501495485 -0.8660254037844444 0.2420870317033043 0.4374858501495485 -0.8660254037844444 0.2420870317033043 0.4374858501495485 -0.8660254037844444 0.2420870317033043 0.4374858501495485 -0.8660254037844444 0.2420870317033043 0.4374858501495485 -0.8660254037844444 0.2420870317033043 0.4374858501495485 -0.8660254037844444 0.2420870317033043 0.4374858501495485 -0.8660254037844444 0.2420870317033043 0.4374858501495485 -0.8660254037844444 0.2420870317033043 0.4374858501495485 0 -1 0 0 -1 0 0 -1 0 0 -1 0 0 -1 0 0 -1 0 0 -1 0 0 -1 0 0 -1 0 0 -1 0 0 -1 0 0 -1 0 0 -1 0 0 -1 0 0 -1 0 0 -1 0 0 -1 0 0 -1 0 0 -1 0 0 -1 0 0 -1 0 0 -1 0 0 -1 0 0 -1 0 -0.8660254037844387 0.2420870317033126 -0.4374858501495552 -0.8660254037844387 0.2420870317033126 -0.4374858501495552 -0.8660254037844387 0.2420870317033126 -0.4374858501495552 -0.8660254037844387 0.2420870317033126 -0.4374858501495552 -0.8660254037844387 0.2420870317033126 -0.4374858501495552 -0.8660254037844387 0.2420870317033126 -0.4374858501495552 -0.8660254037844387 0.2420870317033126 -0.4374858501495552 -0.8660254037844387 0.2420870317033126 -0.4374858501495552 -0.8660254037844387 0.2420870317033126 -0.4374858501495552 -0.8660254037844387 0.2420870317033126 -0.4374858501495552 -0.8660254037844387 0.2420870317033126 -0.4374858501495552 -0.8660254037844387 0.2420870317033126 -0.4374858501495552 -0.8660254037844387 0.2420870317033126 -0.4374858501495552 1.566530423553587e-14 0.4841740634066233 -0.874971700299112 1.566530423553587e-14 0.4841740634066233 -0.874971700299112 1.566530423553587e-14 0.4841740634066233 -0.874971700299112 1.566530423553587e-14 0.4841740634066233 -0.874971700299112 1.566530423553587e-14 0.4841740634066233 -0.874971700299112 1.566530423553587e-14 0.4841740634066233 -0.874971700299112 1.566530423553587e-14 0.4841740634066233 -0.874971700299112 1.566530423553587e-14 0.4841740634066233 -0.874971700299112 1.566530423553587e-14 0.4841740634066233 -0.874971700299112 1.566530423553587e-14 0.4841740634066233 -0.874971700299112 0.866025403784438 0.2420870317033113 -0.4374858501495576 0.866025403784438 0.2420870317033113 -0.4374858501495576 0.866025403784438 0.2420870317033113 -0.4374858501495576 0.866025403784438 0.2420870317033113 -0.4374858501495576 0.866025403784438 0.2420870317033113 -0.4374858501495576 0.866025403784438 0.2420870317033113 -0.4374858501495576 0.866025403784438 0.2420870317033113 -0.4374858501495576 0.866025403784438 0.2420870317033113 -0.4374858501495576 0.866025403784438 0.2420870317033113 -0.4374858501495576 0.866025403784438 0.2420870317033113 -0.4374858501495576 0.866025403784438 0.2420870317033113 -0.4374858501495576 0.8660254037844451 -0.2420870317033078 0.4374858501495457 0.8660254037844451 -0.2420870317033078 0.4374858501495457 0.8660254037844451 -0.2420870317033078 0.4374858501495457 0.8660254037844451 -0.2420870317033078 0.4374858501495457 0.8660254037844451 -0.2420870317033078 0.4374858501495457 0.8660254037844451 -0.2420870317033078 0.4374858501495457 0.8660254037844451 -0.2420870317033078 0.4374858501495457 0.8660254037844451 -0.2420870317033078 0.4374858501495457 0.8660254037844451 -0.2420870317033078 0.4374858501495457 0.8660254037844451 -0.2420870317033078 0.4374858501495457 -0.8660254037844333 -0.242087031703315 0.4374858501495647 -0.8660254037844333 -0.242087031703315 0.4374858501495647 -0.8660254037844333 -0.242087031703315 0.4374858501495647 -0.8660254037844333 -0.242087031703315 0.4374858501495647 -0.8660254037844333 -0.242087031703315 0.4374858501495647 -0.8660254037844333 -0.242087031703315 0.4374858501495647 -0.8660254037844333 -0.242087031703315 0.4374858501495647 -0.8660254037844333 -0.242087031703315 0.4374858501495647 -0.8660254037844333 -0.242087031703315 0.4374858501495647 -0.8660254037844333 -0.242087031703315 0.4374858501495647 0 -0.4841740634066233 0.8749717002991119 0 -0.4841740634066233 0.8749717002991119 0 -0.4841740634066233 0.8749717002991119 0 -0.4841740634066233 0.8749717002991119 0 -0.4841740634066233 0.8749717002991119 0 -0.4841740634066233 0.8749717002991119 0 -0.4841740634066233 0.8749717002991119 0 -0.4841740634066233 0.8749717002991119 0 -0.4841740634066233 0.8749717002991119 0 -0.4841740634066233 0.8749717002991119 1.188259602146229e-14 1 -8.902605029553711e-15 1.188259602146229e-14 1 -8.902605029553711e-15 1.188259602146229e-14 1 -8.902605029553711e-15 1.188259602146229e-14 1 -8.902605029553711e-15 1.188259602146229e-14 1 -8.902605029553711e-15 1.188259602146229e-14 1 -8.902605029553711e-15 1.188259602146229e-14 1 -8.902605029553711e-15 1.188259602146229e-14 1 -8.902605029553711e-15 1.188259602146229e-14 1 -8.902605029553711e-15 1.188259602146229e-14 1 -8.902605029553711e-15 1.188259602146229e-14 1 -8.902605029553711e-15 1.188259602146229e-14 1 -8.902605029553711e-15 1.188259602146229e-14 1 -8.902605029553711e-15 1.188259602146229e-14 1 -8.902605029553711e-15 1.188259602146229e-14 1 -8.902605029553711e-15 1.188259602146229e-14 1 -8.902605029553711e-15 1.188259602146229e-14 1 -8.902605029553711e-15 1.188259602146229e-14 1 -8.902605029553711e-15 1.188259602146229e-14 1 -8.902605029553711e-15 1.188259602146229e-14 1 -8.902605029553711e-15 1.188259602146229e-14 1 -8.902605029553711e-15 1.188259602146229e-14 1 -8.902605029553711e-15 1.188259602146229e-14 1 -8.902605029553711e-15 1.188259602146229e-14 1 -8.902605029553711e-15 -0.8660254037844292 8.654058945896833e-15 -0.5000000000000163 -0.8660254037844292 8.654058945896833e-15 -0.5000000000000163 -0.8660254037844292 8.654058945896833e-15 -0.5000000000000163 -0.8660254037844292 8.654058945896833e-15 -0.5000000000000163 -0.8660254037844292 8.654058945896833e-15 -0.5000000000000163 -0.8660254037844292 8.654058945896833e-15 -0.5000000000000163 -0.8660254037844292 8.654058945896833e-15 -0.5000000000000163 -0.8660254037844292 8.654058945896833e-15 -0.5000000000000163 -0.8660254037844292 8.654058945896833e-15 -0.5000000000000163 -0.8660254037844292 8.654058945896833e-15 -0.5000000000000163 -0.8660254037844292 8.654058945896833e-15 -0.5000000000000163 -0.8660254037844292 8.654058945896833e-15 -0.5000000000000163 -0.8660254037844292 8.654058945896833e-15 -0.5000000000000163 0.8660254037844353 -6.344087240470373e-15 -0.5000000000000057 0.8660254037844353 -6.344087240470373e-15 -0.5000000000000057 0.8660254037844353 -6.344087240470373e-15 -0.5000000000000057 0.8660254037844353 -6.344087240470373e-15 -0.5000000000000057 0.8660254037844353 -6.344087240470373e-15 -0.5000000000000057 0.8660254037844353 -6.344087240470373e-15 -0.5000000000000057 0.8660254037844353 -6.344087240470373e-15 -0.5000000000000057 0.8660254037844353 -6.344087240470373e-15 -0.5000000000000057 0.8660254037844353 -6.344087240470373e-15 -0.5000000000000057 0.8660254037844353 -6.344087240470373e-15 -0.5000000000000057 0.8660254037844353 -6.344087240470373e-15 -0.5000000000000057 0 0 -1 0 0 -1 0 0 -1 0 0 -1 0 0 -1 0 0 -1 0 0 -1 0 0 -1 0 0 -1 0 0 -1 0.8660254037844509 -1.830854362998064e-15 0.4999999999999787 0.8660254037844509 -1.830854362998064e-15 0.4999999999999787 0.8660254037844509 -1.830854362998064e-15 0.4999999999999787 0.8660254037844509 -1.830854362998064e-15 0.4999999999999787 0.8660254037844509 -1.830854362998064e-15 0.4999999999999787 0.8660254037844509 -1.830854362998064e-15 0.4999999999999787 0.8660254037844509 -1.830854362998064e-15 0.4999999999999787 0.8660254037844509 -1.830854362998064e-15 0.4999999999999787 0.8660254037844509 -1.830854362998064e-15 0.4999999999999787 0.8660254037844509 -1.830854362998064e-15 0.4999999999999787 -0.8660254037844334 1.103112754389273e-14 0.5000000000000088 -0.8660254037844334 1.103112754389273e-14 0.5000000000000088 -0.8660254037844334 1.103112754389273e-14 0.5000000000000088 -0.8660254037844334 1.103112754389273e-14 0.5000000000000088 -0.8660254037844334 1.103112754389273e-14 0.5000000000000088 -0.8660254037844334 1.103112754389273e-14 0.5000000000000088 -0.8660254037844334 1.103112754389273e-14 0.5000000000000088 -0.8660254037844334 1.103112754389273e-14 0.5000000000000088 -0.8660254037844334 1.103112754389273e-14 0.5000000000000088 -0.8660254037844334 1.103112754389273e-14 0.5000000000000088 0 0 1 0 0 1 0 0 1 0 0 1 0 0 1 0 0 1 0 0 1 0 0 1 0 0 1 0 0 1 -1 2.505225628347119e-15 6.377675607711237e-15 -1 2.505225628347119e-15 6.377675607711237e-15 -1 2.505225628347119e-15 6.377675607711237e-15 -1 2.505225628347119e-15 6.377675607711237e-15 -1 2.505225628347119e-15 6.377675607711237e-15 -1 2.505225628347119e-15 6.377675607711237e-15 -1 2.505225628347119e-15 6.377675607711237e-15 -1 2.505225628347119e-15 6.377675607711237e-15 -1 2.505225628347119e-15 6.377675607711237e-15 -1 2.505225628347119e-15 6.377675607711237e-15 -1 2.505225628347119e-15 6.377675607711237e-15 -1 2.505225628347119e-15 6.377675607711237e-15 -1 2.505225628347119e-15 6.377675607711237e-15 -1 2.505225628347119e-15 6.377675607711237e-15 -1 2.505225628347119e-15 6.377675607711237e-15 -1 2.505225628347119e-15 6.377675607711237e-15 -1 2.505225628347119e-15 6.377675607711237e-15 -1 2.505225628347119e-15 6.377675607711237e-15 -1 2.505225628347119e-15 6.377675607711237e-15 -1 2.505225628347119e-15 6.377675607711237e-15 -1 2.505225628347119e-15 6.377675607711237e-15 -1 2.505225628347119e-15 6.377675607711237e-15 -1 2.505225628347119e-15 6.377675607711237e-15 -1 2.505225628347119e-15 6.377675607711237e-15 1 3.894763729900152e-15 -8.724270754976307e-15 1 3.894763729900152e-15 -8.724270754976307e-15 1 3.894763729900152e-15 -8.724270754976307e-15 1 3.894763729900152e-15 -8.724270754976307e-15 1 3.894763729900152e-15 -8.724270754976307e-15 1 3.894763729900152e-15 -8.724270754976307e-15 1 3.894763729900152e-15 -8.724270754976307e-15 1 3.894763729900152e-15 -8.724270754976307e-15 1 3.894763729900152e-15 -8.724270754976307e-15 1 3.894763729900152e-15 -8.724270754976307e-15 1 3.894763729900152e-15 -8.724270754976307e-15 1 3.894763729900152e-15 -8.724270754976307e-15 1 3.894763729900152e-15 -8.724270754976307e-15 1 3.894763729900152e-15 -8.724270754976307e-15 1 3.894763729900152e-15 -8.724270754976307e-15 1 3.894763729900152e-15 -8.724270754976307e-15 1 3.894763729900152e-15 -8.724270754976307e-15 1 3.894763729900152e-15 -8.724270754976307e-15 1 3.894763729900152e-15 -8.724270754976307e-15 1 3.894763729900152e-15 -8.724270754976307e-15 1 3.894763729900152e-15 -8.724270754976307e-15 1 3.894763729900152e-15 -8.724270754976307e-15 1 3.894763729900152e-15 -8.724270754976307e-15 1 3.894763729900152e-15 -8.724270754976307e-15 0.2420870317033159 0.8660254037844423 -0.4374858501495465 0.2420870317033159 0.8660254037844423 -0.4374858501495465 0.2420870317033159 0.8660254037844423 -0.4374858501495465 0.2420870317033159 0.8660254037844423 -0.4374858501495465 0.2420870317033159 0.8660254037844423 -0.4374858501495465 0.2420870317033159 0.8660254037844423 -0.4374858501495465 0.2420870317033159 0.8660254037844423 -0.4374858501495465 0.2420870317033159 0.8660254037844423 -0.4374858501495465 0.2420870317033159 0.8660254037844423 -0.4374858501495465 0.2420870317033159 0.8660254037844423 -0.4374858501495465 0.4841740634066193 0 -0.8749717002991143 0.4841740634066193 0 -0.8749717002991143 0.4841740634066193 0 -0.8749717002991143 0.4841740634066193 0 -0.8749717002991143 0.4841740634066193 0 -0.8749717002991143 0.4841740634066193 0 -0.8749717002991143 0.4841740634066193 0 -0.8749717002991143 0.4841740634066193 0 -0.8749717002991143 0.4841740634066193 0 -0.8749717002991143 0.4841740634066193 0 -0.8749717002991143 0.2420870317033102 -0.8660254037844448 -0.4374858501495445 0.2420870317033102 -0.8660254037844448 -0.4374858501495445 0.2420870317033102 -0.8660254037844448 -0.4374858501495445 0.2420870317033102 -0.8660254037844448 -0.4374858501495445 0.2420870317033102 -0.8660254037844448 -0.4374858501495445 0.2420870317033102 -0.8660254037844448 -0.4374858501495445 0.2420870317033102 -0.8660254037844448 -0.4374858501495445 0.2420870317033102 -0.8660254037844448 -0.4374858501495445 0.2420870317033102 -0.8660254037844448 -0.4374858501495445 0.2420870317033102 -0.8660254037844448 -0.4374858501495445 -0.4841740634066233 -1.355307418130265e-15 0.874971700299112 -0.4841740634066233 -1.355307418130265e-15 0.874971700299112 -0.4841740634066233 -1.355307418130265e-15 0.874971700299112 -0.4841740634066233 -1.355307418130265e-15 0.874971700299112 -0.4841740634066233 -1.355307418130265e-15 0.874971700299112 -0.4841740634066233 -1.355307418130265e-15 0.874971700299112 -0.4841740634066233 -1.355307418130265e-15 0.874971700299112 -0.4841740634066233 -1.355307418130265e-15 0.874971700299112 -0.4841740634066233 -1.355307418130265e-15 0.874971700299112 -0.4841740634066233 -1.355307418130265e-15 0.874971700299112 -0.2420870317033091 0.8660254037844464 0.4374858501495421 -0.2420870317033091 0.8660254037844464 0.4374858501495421 -0.2420870317033091 0.8660254037844464 0.4374858501495421 -0.2420870317033091 0.8660254037844464 0.4374858501495421 -0.2420870317033091 0.8660254037844464 0.4374858501495421 -0.2420870317033091 0.8660254037844464 0.4374858501495421 -0.2420870317033091 0.8660254037844464 0.4374858501495421 -0.2420870317033091 0.8660254037844464 0.4374858501495421 -0.2420870317033091 0.8660254037844464 0.4374858501495421 -0.2420870317033091 0.8660254037844464 0.4374858501495421 -0.242087031703314 -0.8660254037844451 0.4374858501495422 -0.242087031703314 -0.8660254037844451 0.4374858501495422 -0.242087031703314 -0.8660254037844451 0.4374858501495422 -0.242087031703314 -0.8660254037844451 0.4374858501495422 -0.242087031703314 -0.8660254037844451 0.4374858501495422 -0.242087031703314 -0.8660254037844451 0.4374858501495422 -0.242087031703314 -0.8660254037844451 0.4374858501495422 -0.242087031703314 -0.8660254037844451 0.4374858501495422 -0.242087031703314 -0.8660254037844451 0.4374858501495422 -0.242087031703314 -0.8660254037844451 0.4374858501495422 0 1 -7.789527459799848e-15 0 1 -7.789527459799848e-15 0 1 -7.789527459799848e-15 0 1 -7.789527459799848e-15 0 1 -7.789527459799848e-15 0 1 -7.789527459799848e-15 0 1 -7.789527459799848e-15 0 1 -7.789527459799848e-15 0 1 -7.789527459799848e-15 0 1 -7.789527459799848e-15 0 1 -7.789527459799848e-15 0 1 -7.789527459799848e-15 0 1 -7.789527459799848e-15 0 1 -7.789527459799848e-15 0 1 -7.789527459799848e-15 0 1 -7.789527459799848e-15 0 1 -7.789527459799848e-15 0 1 -7.789527459799848e-15 0 1 -7.789527459799848e-15 0 1 -7.789527459799848e-15 0 1 -7.789527459799848e-15 0 1 -7.789527459799848e-15 0 1 -7.789527459799848e-15 0 1 -7.789527459799848e-15 0 -1 -1.038603661306654e-14 0 -1 -1.038603661306654e-14 0 -1 -1.038603661306654e-14 0 -1 -1.038603661306654e-14 0 -1 -1.038603661306654e-14 0 -1 -1.038603661306654e-14 0 -1 -1.038603661306654e-14 0 -1 -1.038603661306654e-14 0 -1 -1.038603661306654e-14 0 -1 -1.038603661306654e-14 0 -1 -1.038603661306654e-14 0 -1 -1.038603661306654e-14 0 -1 -1.038603661306654e-14 0 -1 -1.038603661306654e-14 0 -1 -1.038603661306654e-14 0 -1 -1.038603661306654e-14 0 -1 -1.038603661306654e-14 0 -1 -1.038603661306654e-14 0 -1 -1.038603661306654e-14 0 -1 -1.038603661306654e-14 0 -1 -1.038603661306654e-14 0 -1 -1.038603661306654e-14 0 -1 -1.038603661306654e-14 0 -1 -1.038603661306654e-14 0.8660254037844484 -0.2420870317032983 -0.4374858501495441 0.8660254037844484 -0.2420870317032983 -0.4374858501495441 0.8660254037844484 -0.2420870317032983 -0.4374858501495441 0.8660254037844484 -0.2420870317032983 -0.4374858501495441 0.8660254037844484 -0.2420870317032983 -0.4374858501495441 0.8660254037844484 -0.2420870317032983 -0.4374858501495441 0.8660254037844484 -0.2420870317032983 -0.4374858501495441 0.8660254037844484 -0.2420870317032983 -0.4374858501495441 0.8660254037844484 -0.2420870317032983 -0.4374858501495441 0.8660254037844484 -0.2420870317032983 -0.4374858501495441 0 -0.4841740634066247 -0.8749717002991113 0 -0.4841740634066247 -0.8749717002991113 0 -0.4841740634066247 -0.8749717002991113 0 -0.4841740634066247 -0.8749717002991113 0 -0.4841740634066247 -0.8749717002991113 0 -0.4841740634066247 -0.8749717002991113 0 -0.4841740634066247 -0.8749717002991113 0 -0.4841740634066247 -0.8749717002991113 0 -0.4841740634066247 -0.8749717002991113 0 -0.4841740634066247 -0.8749717002991113 -0.8660254037844434 -0.2420870317033089 -0.4374858501495479 -0.8660254037844434 -0.2420870317033089 -0.4374858501495479 -0.8660254037844434 -0.2420870317033089 -0.4374858501495479 -0.8660254037844434 -0.2420870317033089 -0.4374858501495479 -0.8660254037844434 -0.2420870317033089 -0.4374858501495479 -0.8660254037844434 -0.2420870317033089 -0.4374858501495479 -0.8660254037844434 -0.2420870317033089 -0.4374858501495479 -0.8660254037844434 -0.2420870317033089 -0.4374858501495479 -0.8660254037844434 -0.2420870317033089 -0.4374858501495479 -0.8660254037844434 -0.2420870317033089 -0.4374858501495479 0 0.4841740634066257 0.8749717002991107 0 0.4841740634066257 0.8749717002991107 0 0.4841740634066257 0.8749717002991107 0 0.4841740634066257 0.8749717002991107 0 0.4841740634066257 0.8749717002991107 0 0.4841740634066257 0.8749717002991107 0 0.4841740634066257 0.8749717002991107 0 0.4841740634066257 0.8749717002991107 0 0.4841740634066257 0.8749717002991107 0 0.4841740634066257 0.8749717002991107 0.8660254037844372 0.2420870317033094 0.4374858501495602 0.8660254037844372 0.2420870317033094 0.4374858501495602 0.8660254037844372 0.2420870317033094 0.4374858501495602 0.8660254037844372 0.2420870317033094 0.4374858501495602 0.8660254037844372 0.2420870317033094 0.4374858501495602 0.8660254037844372 0.2420870317033094 0.4374858501495602 0.8660254037844372 0.2420870317033094 0.4374858501495602 0.8660254037844372 0.2420870317033094 0.4374858501495602 0.8660254037844372 0.2420870317033094 0.4374858501495602 0.8660254037844372 0.2420870317033094 0.4374858501495602 -0.8660254037844331 0.2420870317033154 0.4374858501495648 -0.8660254037844331 0.2420870317033154 0.4374858501495648 -0.8660254037844331 0.2420870317033154 0.4374858501495648 -0.8660254037844331 0.2420870317033154 0.4374858501495648 -0.8660254037844331 0.2420870317033154 0.4374858501495648 -0.8660254037844331 0.2420870317033154 0.4374858501495648 -0.8660254037844331 0.2420870317033154 0.4374858501495648 -0.8660254037844331 0.2420870317033154 0.4374858501495648 -0.8660254037844331 0.2420870317033154 0.4374858501495648 -0.8660254037844331 0.2420870317033154 0.4374858501495648 0 -1 0 0 -1 0 0 -1 0 0 -1 0 0 -1 0 0 -1 0 0 -1 0 0 -1 0 0 -1 0 0 -1 0 0 -1 0 0 -1 0 0 -1 0 0 -1 0 0 -1 0 0 -1 0 0 -1 0 0 -1 0 0 -1 0 0 -1 0 0 -1 0 0 -1 0 0 -1 0 0 -1 0 -0.8660254037844269 0.2420870317033224 -0.4374858501495729 -0.8660254037844269 0.2420870317033224 -0.4374858501495729 -0.8660254037844269 0.2420870317033224 -0.4374858501495729 -0.8660254037844269 0.2420870317033224 -0.4374858501495729 -0.8660254037844269 0.2420870317033224 -0.4374858501495729 -0.8660254037844269 0.2420870317033224 -0.4374858501495729 -0.8660254037844269 0.2420870317033224 -0.4374858501495729 -0.8660254037844269 0.2420870317033224 -0.4374858501495729 -0.8660254037844269 0.2420870317033224 -0.4374858501495729 -0.8660254037844269 0.2420870317033224 -0.4374858501495729 -0.8660254037844269 0.2420870317033224 -0.4374858501495729 -0.8660254037844269 0.2420870317033224 -0.4374858501495729 -0.8660254037844269 0.2420870317033224 -0.4374858501495729 0 0.4841740634066233 -0.8749717002991119 0 0.4841740634066233 -0.8749717002991119 0 0.4841740634066233 -0.8749717002991119 0 0.4841740634066233 -0.8749717002991119 0 0.4841740634066233 -0.8749717002991119 0 0.4841740634066233 -0.8749717002991119 0 0.4841740634066233 -0.8749717002991119 0 0.4841740634066233 -0.8749717002991119 0 0.4841740634066233 -0.8749717002991119 0 0.4841740634066233 -0.8749717002991119 0.8660254037844276 0.2420870317033195 -0.4374858501495737 0.8660254037844276 0.2420870317033195 -0.4374858501495737 0.8660254037844276 0.2420870317033195 -0.4374858501495737 0.8660254037844276 0.2420870317033195 -0.4374858501495737 0.8660254037844276 0.2420870317033195 -0.4374858501495737 0.8660254037844276 0.2420870317033195 -0.4374858501495737 0.8660254037844276 0.2420870317033195 -0.4374858501495737 0.8660254037844276 0.2420870317033195 -0.4374858501495737 0.8660254037844276 0.2420870317033195 -0.4374858501495737 0.8660254037844276 0.2420870317033195 -0.4374858501495737 0.8660254037844276 0.2420870317033195 -0.4374858501495737 0.8660254037844309 -0.2420870317033192 0.4374858501495674 0.8660254037844309 -0.2420870317033192 0.4374858501495674 0.8660254037844309 -0.2420870317033192 0.4374858501495674 0.8660254037844309 -0.2420870317033192 0.4374858501495674 0.8660254037844309 -0.2420870317033192 0.4374858501495674 0.8660254037844309 -0.2420870317033192 0.4374858501495674 0.8660254037844309 -0.2420870317033192 0.4374858501495674 0.8660254037844309 -0.2420870317033192 0.4374858501495674 0.8660254037844309 -0.2420870317033192 0.4374858501495674 0.8660254037844309 -0.2420870317033192 0.4374858501495674 -0.8660254037844332 -0.242087031703315 0.4374858501495646 -0.8660254037844332 -0.242087031703315 0.4374858501495646 -0.8660254037844332 -0.242087031703315 0.4374858501495646 -0.8660254037844332 -0.242087031703315 0.4374858501495646 -0.8660254037844332 -0.242087031703315 0.4374858501495646 -0.8660254037844332 -0.242087031703315 0.4374858501495646 -0.8660254037844332 -0.242087031703315 0.4374858501495646 -0.8660254037844332 -0.242087031703315 0.4374858501495646 -0.8660254037844332 -0.242087031703315 0.4374858501495646 -0.8660254037844332 -0.242087031703315 0.4374858501495646 0 -0.4841740634066235 0.8749717002991118 0 -0.4841740634066235 0.8749717002991118 0 -0.4841740634066235 0.8749717002991118 0 -0.4841740634066235 0.8749717002991118 0 -0.4841740634066235 0.8749717002991118 0 -0.4841740634066235 0.8749717002991118 0 -0.4841740634066235 0.8749717002991118 0 -0.4841740634066235 0.8749717002991118 0 -0.4841740634066235 0.8749717002991118 0 -0.4841740634066235 0.8749717002991118 -2.960594732333816e-14 1 -2.967535009851179e-15 -2.960594732333816e-14 1 -2.967535009851179e-15 -2.960594732333816e-14 1 -2.967535009851179e-15 -2.960594732333816e-14 1 -2.967535009851179e-15 -2.960594732333816e-14 1 -2.967535009851179e-15 -2.960594732333816e-14 1 -2.967535009851179e-15 -2.960594732333816e-14 1 -2.967535009851179e-15 -2.960594732333816e-14 1 -2.967535009851179e-15 -2.960594732333816e-14 1 -2.967535009851179e-15 -2.960594732333816e-14 1 -2.967535009851179e-15 -2.960594732333816e-14 1 -2.967535009851179e-15 -2.960594732333816e-14 1 -2.967535009851179e-15 -2.960594732333816e-14 1 -2.967535009851179e-15 -2.960594732333816e-14 1 -2.967535009851179e-15 -2.960594732333816e-14 1 -2.967535009851179e-15 -2.960594732333816e-14 1 -2.967535009851179e-15 -2.960594732333816e-14 1 -2.967535009851179e-15 -2.960594732333816e-14 1 -2.967535009851179e-15 -2.960594732333816e-14 1 -2.967535009851179e-15 -2.960594732333816e-14 1 -2.967535009851179e-15 -2.960594732333816e-14 1 -2.967535009851179e-15 -2.960594732333816e-14 1 -2.967535009851179e-15 -2.960594732333816e-14 1 -2.967535009851179e-15 -2.960594732333816e-14 1 -2.967535009851179e-15 -0.8660254037844213 4.712818561896108e-15 -0.50000000000003 -0.8660254037844213 4.712818561896108e-15 -0.50000000000003 -0.8660254037844213 4.712818561896108e-15 -0.50000000000003 -0.8660254037844213 4.712818561896108e-15 -0.50000000000003 -0.8660254037844213 4.712818561896108e-15 -0.50000000000003 -0.8660254037844213 4.712818561896108e-15 -0.50000000000003 -0.8660254037844213 4.712818561896108e-15 -0.50000000000003 -0.8660254037844213 4.712818561896108e-15 -0.50000000000003 -0.8660254037844213 4.712818561896108e-15 -0.50000000000003 -0.8660254037844213 4.712818561896108e-15 -0.50000000000003 -0.8660254037844213 4.712818561896108e-15 -0.50000000000003 -0.8660254037844213 4.712818561896108e-15 -0.50000000000003 -0.8660254037844213 4.712818561896108e-15 -0.50000000000003 0.8660254037844127 -8.858860561017552e-15 -0.5000000000000448 0.8660254037844127 -8.858860561017552e-15 -0.5000000000000448 0.8660254037844127 -8.858860561017552e-15 -0.5000000000000448 0.8660254037844127 -8.858860561017552e-15 -0.5000000000000448 0.8660254037844127 -8.858860561017552e-15 -0.5000000000000448 0.8660254037844127 -8.858860561017552e-15 -0.5000000000000448 0.8660254037844127 -8.858860561017552e-15 -0.5000000000000448 0.8660254037844127 -8.858860561017552e-15 -0.5000000000000448 0.8660254037844127 -8.858860561017552e-15 -0.5000000000000448 0.8660254037844127 -8.858860561017552e-15 -0.5000000000000448 0.8660254037844127 -8.858860561017552e-15 -0.5000000000000448 0 -4.766335478855126e-15 -1 0 -4.766335478855126e-15 -1 0 -4.766335478855126e-15 -1 0 -4.766335478855126e-15 -1 0 -4.766335478855126e-15 -1 0 -4.766335478855126e-15 -1 0 -4.766335478855126e-15 -1 0 -4.766335478855126e-15 -1 0 -4.766335478855126e-15 -1 0 -4.766335478855126e-15 -1 0.8660254037844438 -3.772112004166745e-16 0.4999999999999911 0.8660254037844438 -3.772112004166745e-16 0.4999999999999911 0.8660254037844438 -3.772112004166745e-16 0.4999999999999911 0.8660254037844438 -3.772112004166745e-16 0.4999999999999911 0.8660254037844438 -3.772112004166745e-16 0.4999999999999911 0.8660254037844438 -3.772112004166745e-16 0.4999999999999911 0.8660254037844438 -3.772112004166745e-16 0.4999999999999911 0.8660254037844438 -3.772112004166745e-16 0.4999999999999911 0.8660254037844438 -3.772112004166745e-16 0.4999999999999911 0.8660254037844438 -3.772112004166745e-16 0.4999999999999911 -0.8660254037844435 1.053891292871472e-14 0.4999999999999914 -0.8660254037844435 1.053891292871472e-14 0.4999999999999914 -0.8660254037844435 1.053891292871472e-14 0.4999999999999914 -0.8660254037844435 1.053891292871472e-14 0.4999999999999914 -0.8660254037844435 1.053891292871472e-14 0.4999999999999914 -0.8660254037844435 1.053891292871472e-14 0.4999999999999914 -0.8660254037844435 1.053891292871472e-14 0.4999999999999914 -0.8660254037844435 1.053891292871472e-14 0.4999999999999914 -0.8660254037844435 1.053891292871472e-14 0.4999999999999914 -0.8660254037844435 1.053891292871472e-14 0.4999999999999914 -6.316347947691306e-15 3.890407994226374e-15 1 -6.316347947691306e-15 3.890407994226374e-15 1 -6.316347947691306e-15 3.890407994226374e-15 1 -6.316347947691306e-15 3.890407994226374e-15 1 -6.316347947691306e-15 3.890407994226374e-15 1 -6.316347947691306e-15 3.890407994226374e-15 1 -6.316347947691306e-15 3.890407994226374e-15 1 -6.316347947691306e-15 3.890407994226374e-15 1 -6.316347947691306e-15 3.890407994226374e-15 1 -6.316347947691306e-15 3.890407994226374e-15 1 -1 1.35911025991301e-15 6.958129580149073e-15 -1 1.35911025991301e-15 6.958129580149073e-15 -1 1.35911025991301e-15 6.958129580149073e-15 -1 1.35911025991301e-15 6.958129580149073e-15 -1 1.35911025991301e-15 6.958129580149073e-15 -1 1.35911025991301e-15 6.958129580149073e-15 -1 1.35911025991301e-15 6.958129580149073e-15 -1 1.35911025991301e-15 6.958129580149073e-15 -1 1.35911025991301e-15 6.958129580149073e-15 -1 1.35911025991301e-15 6.958129580149073e-15 -1 1.35911025991301e-15 6.958129580149073e-15 -1 1.35911025991301e-15 6.958129580149073e-15 -1 1.35911025991301e-15 6.958129580149073e-15 -1 1.35911025991301e-15 6.958129580149073e-15 -1 1.35911025991301e-15 6.958129580149073e-15 -1 1.35911025991301e-15 6.958129580149073e-15 -1 1.35911025991301e-15 6.958129580149073e-15 -1 1.35911025991301e-15 6.958129580149073e-15 -1 1.35911025991301e-15 6.958129580149073e-15 -1 1.35911025991301e-15 6.958129580149073e-15 -1 1.35911025991301e-15 6.958129580149073e-15 -1 1.35911025991301e-15 6.958129580149073e-15 -1 1.35911025991301e-15 6.958129580149073e-15 -1 1.35911025991301e-15 6.958129580149073e-15 1 -1.298254576633299e-15 0 1 -1.298254576633299e-15 0 1 -1.298254576633299e-15 0 1 -1.298254576633299e-15 0 1 -1.298254576633299e-15 0 1 -1.298254576633299e-15 0 1 -1.298254576633299e-15 0 1 -1.298254576633299e-15 0 1 -1.298254576633299e-15 0 1 -1.298254576633299e-15 0 1 -1.298254576633299e-15 0 1 -1.298254576633299e-15 0 1 -1.298254576633299e-15 0 1 -1.298254576633299e-15 0 1 -1.298254576633299e-15 0 1 -1.298254576633299e-15 0 1 -1.298254576633299e-15 0 1 -1.298254576633299e-15 0 1 -1.298254576633299e-15 0 1 -1.298254576633299e-15 0 1 -1.298254576633299e-15 0 1 -1.298254576633299e-15 0 1 -1.298254576633299e-15 0 1 -1.298254576633299e-15 0 0.2420870317033158 0.8660254037844422 -0.4374858501495468 0.2420870317033158 0.8660254037844422 -0.4374858501495468 0.2420870317033158 0.8660254037844422 -0.4374858501495468 0.2420870317033158 0.8660254037844422 -0.4374858501495468 0.2420870317033158 0.8660254037844422 -0.4374858501495468 0.2420870317033158 0.8660254037844422 -0.4374858501495468 0.2420870317033158 0.8660254037844422 -0.4374858501495468 0.2420870317033158 0.8660254037844422 -0.4374858501495468 0.2420870317033158 0.8660254037844422 -0.4374858501495468 0.2420870317033158 0.8660254037844422 -0.4374858501495468 0.4841740634066195 0 -0.8749717002991141 0.4841740634066195 0 -0.8749717002991141 0.4841740634066195 0 -0.8749717002991141 0.4841740634066195 0 -0.8749717002991141 0.4841740634066195 0 -0.8749717002991141 0.4841740634066195 0 -0.8749717002991141 0.4841740634066195 0 -0.8749717002991141 0.4841740634066195 0 -0.8749717002991141 0.4841740634066195 0 -0.8749717002991141 0.4841740634066195 0 -0.8749717002991141 0.2420870317033102 -0.8660254037844447 -0.4374858501495447 0.2420870317033102 -0.8660254037844447 -0.4374858501495447 0.2420870317033102 -0.8660254037844447 -0.4374858501495447 0.2420870317033102 -0.8660254037844447 -0.4374858501495447 0.2420870317033102 -0.8660254037844447 -0.4374858501495447 0.2420870317033102 -0.8660254037844447 -0.4374858501495447 0.2420870317033102 -0.8660254037844447 -0.4374858501495447 0.2420870317033102 -0.8660254037844447 -0.4374858501495447 0.2420870317033102 -0.8660254037844447 -0.4374858501495447 0.2420870317033102 -0.8660254037844447 -0.4374858501495447 -0.4841740634066193 0 0.8749717002991143 -0.4841740634066193 0 0.8749717002991143 -0.4841740634066193 0 0.8749717002991143 -0.4841740634066193 0 0.8749717002991143 -0.4841740634066193 0 0.8749717002991143 -0.4841740634066193 0 0.8749717002991143 -0.4841740634066193 0 0.8749717002991143 -0.4841740634066193 0 0.8749717002991143 -0.4841740634066193 0 0.8749717002991143 -0.4841740634066193 0 0.8749717002991143 -0.2420870317033116 0.8660254037844431 0.4374858501495474 -0.2420870317033116 0.8660254037844431 0.4374858501495474 -0.2420870317033116 0.8660254037844431 0.4374858501495474 -0.2420870317033116 0.8660254037844431 0.4374858501495474 -0.2420870317033116 0.8660254037844431 0.4374858501495474 -0.2420870317033116 0.8660254037844431 0.4374858501495474 -0.2420870317033116 0.8660254037844431 0.4374858501495474 -0.2420870317033116 0.8660254037844431 0.4374858501495474 -0.2420870317033116 0.8660254037844431 0.4374858501495474 -0.2420870317033116 0.8660254037844431 0.4374858501495474 -0.2420870317033161 -0.8660254037844419 0.4374858501495469 -0.2420870317033161 -0.8660254037844419 0.4374858501495469 -0.2420870317033161 -0.8660254037844419 0.4374858501495469 -0.2420870317033161 -0.8660254037844419 0.4374858501495469 -0.2420870317033161 -0.8660254037844419 0.4374858501495469 -0.2420870317033161 -0.8660254037844419 0.4374858501495469 -0.2420870317033161 -0.8660254037844419 0.4374858501495469 -0.2420870317033161 -0.8660254037844419 0.4374858501495469 -0.2420870317033161 -0.8660254037844419 0.4374858501495469 -0.2420870317033161 -0.8660254037844419 0.4374858501495469 0 1 -7.789527459799908e-15 0 1 -7.789527459799908e-15 0 1 -7.789527459799908e-15 0 1 -7.789527459799908e-15 0 1 -7.789527459799908e-15 0 1 -7.789527459799908e-15 0 1 -7.789527459799908e-15 0 1 -7.789527459799908e-15 0 1 -7.789527459799908e-15 0 1 -7.789527459799908e-15 0 1 -7.789527459799908e-15 0 1 -7.789527459799908e-15 0 1 -7.789527459799908e-15 0 1 -7.789527459799908e-15 0 1 -7.789527459799908e-15 0 1 -7.789527459799908e-15 0 1 -7.789527459799908e-15 0 1 -7.789527459799908e-15 0 1 -7.789527459799908e-15 0 1 -7.789527459799908e-15 0 1 -7.789527459799908e-15 0 1 -7.789527459799908e-15 0 1 -7.789527459799908e-15 0 1 -7.789527459799908e-15 0 -1 -1.038603661306636e-14 0 -1 -1.038603661306636e-14 0 -1 -1.038603661306636e-14 0 -1 -1.038603661306636e-14 0 -1 -1.038603661306636e-14 0 -1 -1.038603661306636e-14 0 -1 -1.038603661306636e-14 0 -1 -1.038603661306636e-14 0 -1 -1.038603661306636e-14 0 -1 -1.038603661306636e-14 0 -1 -1.038603661306636e-14 0 -1 -1.038603661306636e-14 0 -1 -1.038603661306636e-14 0 -1 -1.038603661306636e-14 0 -1 -1.038603661306636e-14 0 -1 -1.038603661306636e-14 0 -1 -1.038603661306636e-14 0 -1 -1.038603661306636e-14 0 -1 -1.038603661306636e-14 0 -1 -1.038603661306636e-14 0 -1 -1.038603661306636e-14 0 -1 -1.038603661306636e-14 0 -1 -1.038603661306636e-14 0 -1 -1.038603661306636e-14 0.8660254037844361 -0.2420870317033139 -0.4374858501495597 0.8660254037844361 -0.2420870317033139 -0.4374858501495597 0.8660254037844361 -0.2420870317033139 -0.4374858501495597 0.8660254037844361 -0.2420870317033139 -0.4374858501495597 0.8660254037844361 -0.2420870317033139 -0.4374858501495597 0.8660254037844361 -0.2420870317033139 -0.4374858501495597 0.8660254037844361 -0.2420870317033139 -0.4374858501495597 0.8660254037844361 -0.2420870317033139 -0.4374858501495597 0.8660254037844361 -0.2420870317033139 -0.4374858501495597 0.8660254037844361 -0.2420870317033139 -0.4374858501495597 0 -0.4841740634066258 -0.8749717002991106 0 -0.4841740634066258 -0.8749717002991106 0 -0.4841740634066258 -0.8749717002991106 0 -0.4841740634066258 -0.8749717002991106 0 -0.4841740634066258 -0.8749717002991106 0 -0.4841740634066258 -0.8749717002991106 0 -0.4841740634066258 -0.8749717002991106 0 -0.4841740634066258 -0.8749717002991106 0 -0.4841740634066258 -0.8749717002991106 0 -0.4841740634066258 -0.8749717002991106 -0.8660254037844319 -0.2420870317033212 -0.4374858501495642 -0.8660254037844319 -0.2420870317033212 -0.4374858501495642 -0.8660254037844319 -0.2420870317033212 -0.4374858501495642 -0.8660254037844319 -0.2420870317033212 -0.4374858501495642 -0.8660254037844319 -0.2420870317033212 -0.4374858501495642 -0.8660254037844319 -0.2420870317033212 -0.4374858501495642 -0.8660254037844319 -0.2420870317033212 -0.4374858501495642 -0.8660254037844319 -0.2420870317033212 -0.4374858501495642 -0.8660254037844319 -0.2420870317033212 -0.4374858501495642 -0.8660254037844319 -0.2420870317033212 -0.4374858501495642 0 0.4841740634066299 0.8749717002991084 0 0.4841740634066299 0.8749717002991084 0 0.4841740634066299 0.8749717002991084 0 0.4841740634066299 0.8749717002991084 0 0.4841740634066299 0.8749717002991084 0 0.4841740634066299 0.8749717002991084 0 0.4841740634066299 0.8749717002991084 0 0.4841740634066299 0.8749717002991084 0 0.4841740634066299 0.8749717002991084 0 0.4841740634066299 0.8749717002991084 0.8660254037844468 0.2420870317033066 0.4374858501495429 0.8660254037844468 0.2420870317033066 0.4374858501495429 0.8660254037844468 0.2420870317033066 0.4374858501495429 0.8660254037844468 0.2420870317033066 0.4374858501495429 0.8660254037844468 0.2420870317033066 0.4374858501495429 0.8660254037844468 0.2420870317033066 0.4374858501495429 0.8660254037844468 0.2420870317033066 0.4374858501495429 0.8660254037844468 0.2420870317033066 0.4374858501495429 0.8660254037844468 0.2420870317033066 0.4374858501495429 0.8660254037844468 0.2420870317033066 0.4374858501495429 -0.8660254037844431 0.2420870317033114 0.4374858501495478 -0.8660254037844431 0.2420870317033114 0.4374858501495478 -0.8660254037844431 0.2420870317033114 0.4374858501495478 -0.8660254037844431 0.2420870317033114 0.4374858501495478 -0.8660254037844431 0.2420870317033114 0.4374858501495478 -0.8660254037844431 0.2420870317033114 0.4374858501495478 -0.8660254037844431 0.2420870317033114 0.4374858501495478 -0.8660254037844431 0.2420870317033114 0.4374858501495478 -0.8660254037844431 0.2420870317033114 0.4374858501495478 -0.8660254037844431 0.2420870317033114 0.4374858501495478 0 -1 0 0 -1 0 0 -1 0 0 -1 0 0 -1 0 0 -1 0 0 -1 0 0 -1 0 0 -1 0 0 -1 0 0 -1 0 0 -1 0 0 -1 0 0 -1 0 0 -1 0 0 -1 0 0 -1 0 0 -1 0 0 -1 0 0 -1 0 0 -1 0 0 -1 0 0 -1 0 0 -1 0 -0.8660254037844349 0.242087031703316 -0.4374858501495612 -0.8660254037844349 0.242087031703316 -0.4374858501495612 -0.8660254037844349 0.242087031703316 -0.4374858501495612 -0.8660254037844349 0.242087031703316 -0.4374858501495612 -0.8660254037844349 0.242087031703316 -0.4374858501495612 -0.8660254037844349 0.242087031703316 -0.4374858501495612 -0.8660254037844349 0.242087031703316 -0.4374858501495612 -0.8660254037844349 0.242087031703316 -0.4374858501495612 -0.8660254037844349 0.242087031703316 -0.4374858501495612 -0.8660254037844349 0.242087031703316 -0.4374858501495612 -0.8660254037844349 0.242087031703316 -0.4374858501495612 -0.8660254037844349 0.242087031703316 -0.4374858501495612 -0.8660254037844349 0.242087031703316 -0.4374858501495612 2.349795635330381e-14 0.4841740634066233 -0.8749717002991119 2.349795635330381e-14 0.4841740634066233 -0.8749717002991119 2.349795635330381e-14 0.4841740634066233 -0.8749717002991119 2.349795635330381e-14 0.4841740634066233 -0.8749717002991119 2.349795635330381e-14 0.4841740634066233 -0.8749717002991119 2.349795635330381e-14 0.4841740634066233 -0.8749717002991119 2.349795635330381e-14 0.4841740634066233 -0.8749717002991119 2.349795635330381e-14 0.4841740634066233 -0.8749717002991119 2.349795635330381e-14 0.4841740634066233 -0.8749717002991119 2.349795635330381e-14 0.4841740634066233 -0.8749717002991119 0.8660254037844341 0.2420870317033142 -0.4374858501495635 0.8660254037844341 0.2420870317033142 -0.4374858501495635 0.8660254037844341 0.2420870317033142 -0.4374858501495635 0.8660254037844341 0.2420870317033142 -0.4374858501495635 0.8660254037844341 0.2420870317033142 -0.4374858501495635 0.8660254037844341 0.2420870317033142 -0.4374858501495635 0.8660254037844341 0.2420870317033142 -0.4374858501495635 0.8660254037844341 0.2420870317033142 -0.4374858501495635 0.8660254037844341 0.2420870317033142 -0.4374858501495635 0.8660254037844341 0.2420870317033142 -0.4374858501495635 0.8660254037844341 0.2420870317033142 -0.4374858501495635 0.8660254037844279 -0.2420870317033216 0.437485850149572 0.8660254037844279 -0.2420870317033216 0.437485850149572 0.8660254037844279 -0.2420870317033216 0.437485850149572 0.8660254037844279 -0.2420870317033216 0.437485850149572 0.8660254037844279 -0.2420870317033216 0.437485850149572 0.8660254037844279 -0.2420870317033216 0.437485850149572 0.8660254037844279 -0.2420870317033216 0.437485850149572 0.8660254037844279 -0.2420870317033216 0.437485850149572 0.8660254037844279 -0.2420870317033216 0.437485850149572 0.8660254037844279 -0.2420870317033216 0.437485850149572 -0.8660254037844202 -0.242087031703326 0.4374858501495846 -0.8660254037844202 -0.242087031703326 0.4374858501495846 -0.8660254037844202 -0.242087031703326 0.4374858501495846 -0.8660254037844202 -0.242087031703326 0.4374858501495846 -0.8660254037844202 -0.242087031703326 0.4374858501495846 -0.8660254037844202 -0.242087031703326 0.4374858501495846 -0.8660254037844202 -0.242087031703326 0.4374858501495846 -0.8660254037844202 -0.242087031703326 0.4374858501495846 -0.8660254037844202 -0.242087031703326 0.4374858501495846 -0.8660254037844202 -0.242087031703326 0.4374858501495846 1.569714733213468e-14 -0.4841740634066236 0.8749717002991119 1.569714733213468e-14 -0.4841740634066236 0.8749717002991119 1.569714733213468e-14 -0.4841740634066236 0.8749717002991119 1.569714733213468e-14 -0.4841740634066236 0.8749717002991119 1.569714733213468e-14 -0.4841740634066236 0.8749717002991119 1.569714733213468e-14 -0.4841740634066236 0.8749717002991119 1.569714733213468e-14 -0.4841740634066236 0.8749717002991119 1.569714733213468e-14 -0.4841740634066236 0.8749717002991119 1.569714733213468e-14 -0.4841740634066236 0.8749717002991119 1.569714733213468e-14 -0.4841740634066236 0.8749717002991119 -1.973729821555743e-14 1 -1.780521005910707e-14 -1.973729821555743e-14 1 -1.780521005910707e-14 -1.973729821555743e-14 1 -1.780521005910707e-14 -1.973729821555743e-14 1 -1.780521005910707e-14 -1.973729821555743e-14 1 -1.780521005910707e-14 -1.973729821555743e-14 1 -1.780521005910707e-14 -1.973729821555743e-14 1 -1.780521005910707e-14 -1.973729821555743e-14 1 -1.780521005910707e-14 -1.973729821555743e-14 1 -1.780521005910707e-14 -1.973729821555743e-14 1 -1.780521005910707e-14 -1.973729821555743e-14 1 -1.780521005910707e-14 -1.973729821555743e-14 1 -1.780521005910707e-14 -1.973729821555743e-14 1 -1.780521005910707e-14 -1.973729821555743e-14 1 -1.780521005910707e-14 -1.973729821555743e-14 1 -1.780521005910707e-14 -1.973729821555743e-14 1 -1.780521005910707e-14 -1.973729821555743e-14 1 -1.780521005910707e-14 -1.973729821555743e-14 1 -1.780521005910707e-14 -1.973729821555743e-14 1 -1.780521005910707e-14 -1.973729821555743e-14 1 -1.780521005910707e-14 -1.973729821555743e-14 1 -1.780521005910707e-14 -1.973729821555743e-14 1 -1.780521005910707e-14 -1.973729821555743e-14 1 -1.780521005910707e-14 -1.973729821555743e-14 1 -1.780521005910707e-14 -0.8660254037844343 9.016033893551147e-15 -0.5000000000000074 -0.8660254037844343 9.016033893551147e-15 -0.5000000000000074 -0.8660254037844343 9.016033893551147e-15 -0.5000000000000074 -0.8660254037844343 9.016033893551147e-15 -0.5000000000000074 -0.8660254037844343 9.016033893551147e-15 -0.5000000000000074 -0.8660254037844343 9.016033893551147e-15 -0.5000000000000074 -0.8660254037844343 9.016033893551147e-15 -0.5000000000000074 -0.8660254037844343 9.016033893551147e-15 -0.5000000000000074 -0.8660254037844343 9.016033893551147e-15 -0.5000000000000074 -0.8660254037844343 9.016033893551147e-15 -0.5000000000000074 -0.8660254037844343 9.016033893551147e-15 -0.5000000000000074 -0.8660254037844343 9.016033893551147e-15 -0.5000000000000074 -0.8660254037844343 9.016033893551147e-15 -0.5000000000000074 0.8660254037844267 -3.143466650683628e-15 -0.5000000000000208 0.8660254037844267 -3.143466650683628e-15 -0.5000000000000208 0.8660254037844267 -3.143466650683628e-15 -0.5000000000000208 0.8660254037844267 -3.143466650683628e-15 -0.5000000000000208 0.8660254037844267 -3.143466650683628e-15 -0.5000000000000208 0.8660254037844267 -3.143466650683628e-15 -0.5000000000000208 0.8660254037844267 -3.143466650683628e-15 -0.5000000000000208 0.8660254037844267 -3.143466650683628e-15 -0.5000000000000208 0.8660254037844267 -3.143466650683628e-15 -0.5000000000000208 0.8660254037844267 -3.143466650683628e-15 -0.5000000000000208 0.8660254037844267 -3.143466650683628e-15 -0.5000000000000208 3.971946232379274e-14 7.745295153139512e-15 -1 3.971946232379274e-14 7.745295153139512e-15 -1 3.971946232379274e-14 7.745295153139512e-15 -1 3.971946232379274e-14 7.745295153139512e-15 -1 3.971946232379274e-14 7.745295153139512e-15 -1 3.971946232379274e-14 7.745295153139512e-15 -1 3.971946232379274e-14 7.745295153139512e-15 -1 3.971946232379274e-14 7.745295153139512e-15 -1 3.971946232379274e-14 7.745295153139512e-15 -1 3.971946232379274e-14 7.745295153139512e-15 -1 0.866025403784439 -8.758660068211712e-15 0.4999999999999994 0.866025403784439 -8.758660068211712e-15 0.4999999999999994 0.866025403784439 -8.758660068211712e-15 0.4999999999999994 0.866025403784439 -8.758660068211712e-15 0.4999999999999994 0.866025403784439 -8.758660068211712e-15 0.4999999999999994 0.866025403784439 -8.758660068211712e-15 0.4999999999999994 0.866025403784439 -8.758660068211712e-15 0.4999999999999994 0.866025403784439 -8.758660068211712e-15 0.4999999999999994 0.866025403784439 -8.758660068211712e-15 0.4999999999999994 0.866025403784439 -8.758660068211712e-15 0.4999999999999994 -0.8660254037844213 3.997518697098771e-15 0.5000000000000299 -0.8660254037844213 3.997518697098771e-15 0.5000000000000299 -0.8660254037844213 3.997518697098771e-15 0.5000000000000299 -0.8660254037844213 3.997518697098771e-15 0.5000000000000299 -0.8660254037844213 3.997518697098771e-15 0.5000000000000299 -0.8660254037844213 3.997518697098771e-15 0.5000000000000299 -0.8660254037844213 3.997518697098771e-15 0.5000000000000299 -0.8660254037844213 3.997518697098771e-15 0.5000000000000299 -0.8660254037844213 3.997518697098771e-15 0.5000000000000299 -0.8660254037844213 3.997518697098771e-15 0.5000000000000299 -6.316347947693039e-15 -7.22504341784905e-15 1 -6.316347947693039e-15 -7.22504341784905e-15 1 -6.316347947693039e-15 -7.22504341784905e-15 1 -6.316347947693039e-15 -7.22504341784905e-15 1 -6.316347947693039e-15 -7.22504341784905e-15 1 -6.316347947693039e-15 -7.22504341784905e-15 1 -6.316347947693039e-15 -7.22504341784905e-15 1 -6.316347947693039e-15 -7.22504341784905e-15 1 -6.316347947693039e-15 -7.22504341784905e-15 1 -6.316347947693039e-15 -7.22504341784905e-15 1 -1 -1.156257982314058e-15 1.855989093980184e-15 -1 -1.156257982314058e-15 1.855989093980184e-15 -1 -1.156257982314058e-15 1.855989093980184e-15 -1 -1.156257982314058e-15 1.855989093980184e-15 -1 -1.156257982314058e-15 1.855989093980184e-15 -1 -1.156257982314058e-15 1.855989093980184e-15 -1 -1.156257982314058e-15 1.855989093980184e-15 -1 -1.156257982314058e-15 1.855989093980184e-15 -1 -1.156257982314058e-15 1.855989093980184e-15 -1 -1.156257982314058e-15 1.855989093980184e-15 -1 -1.156257982314058e-15 1.855989093980184e-15 -1 -1.156257982314058e-15 1.855989093980184e-15 -1 -1.156257982314058e-15 1.855989093980184e-15 -1 -1.156257982314058e-15 1.855989093980184e-15 -1 -1.156257982314058e-15 1.855989093980184e-15 -1 -1.156257982314058e-15 1.855989093980184e-15 -1 -1.156257982314058e-15 1.855989093980184e-15 -1 -1.156257982314058e-15 1.855989093980184e-15 -1 -1.156257982314058e-15 1.855989093980184e-15 -1 -1.156257982314058e-15 1.855989093980184e-15 -1 -1.156257982314058e-15 1.855989093980184e-15 -1 -1.156257982314058e-15 1.855989093980184e-15 -1 -1.156257982314058e-15 1.855989093980184e-15 -1 -1.156257982314058e-15 1.855989093980184e-15 1 -1.29825457663331e-15 0 1 -1.29825457663331e-15 0 1 -1.29825457663331e-15 0 1 -1.29825457663331e-15 0 1 -1.29825457663331e-15 0 1 -1.29825457663331e-15 0 1 -1.29825457663331e-15 0 1 -1.29825457663331e-15 0 1 -1.29825457663331e-15 0 1 -1.29825457663331e-15 0 1 -1.29825457663331e-15 0 1 -1.29825457663331e-15 0 1 -1.29825457663331e-15 0 1 -1.29825457663331e-15 0 1 -1.29825457663331e-15 0 1 -1.29825457663331e-15 0 1 -1.29825457663331e-15 0 1 -1.29825457663331e-15 0 1 -1.29825457663331e-15 0 1 -1.29825457663331e-15 0 1 -1.29825457663331e-15 0 1 -1.29825457663331e-15 0 1 -1.29825457663331e-15 0 1 -1.29825457663331e-15 0 0.2420870317033176 0.86602540378444 -0.4374858501495499 0.2420870317033176 0.86602540378444 -0.4374858501495499 0.2420870317033176 0.86602540378444 -0.4374858501495499 0.2420870317033176 0.86602540378444 -0.4374858501495499 0.2420870317033176 0.86602540378444 -0.4374858501495499 0.2420870317033176 0.86602540378444 -0.4374858501495499 0.2420870317033176 0.86602540378444 -0.4374858501495499 0.2420870317033176 0.86602540378444 -0.4374858501495499 0.2420870317033176 0.86602540378444 -0.4374858501495499 0.2420870317033176 0.86602540378444 -0.4374858501495499 0.4841740634066192 0 -0.8749717002991141 0.4841740634066192 0 -0.8749717002991141 0.4841740634066192 0 -0.8749717002991141 0.4841740634066192 0 -0.8749717002991141 0.4841740634066192 0 -0.8749717002991141 0.4841740634066192 0 -0.8749717002991141 0.4841740634066192 0 -0.8749717002991141 0.4841740634066192 0 -0.8749717002991141 0.4841740634066192 0 -0.8749717002991141 0.4841740634066192 0 -0.8749717002991141 0.2420870317033132 -0.8660254037844414 -0.4374858501495499 0.2420870317033132 -0.8660254037844414 -0.4374858501495499 0.2420870317033132 -0.8660254037844414 -0.4374858501495499 0.2420870317033132 -0.8660254037844414 -0.4374858501495499 0.2420870317033132 -0.8660254037844414 -0.4374858501495499 0.2420870317033132 -0.8660254037844414 -0.4374858501495499 0.2420870317033132 -0.8660254037844414 -0.4374858501495499 0.2420870317033132 -0.8660254037844414 -0.4374858501495499 0.2420870317033132 -0.8660254037844414 -0.4374858501495499 0.2420870317033132 -0.8660254037844414 -0.4374858501495499 -0.4841740634066193 0 0.8749717002991143 -0.4841740634066193 0 0.8749717002991143 -0.4841740634066193 0 0.8749717002991143 -0.4841740634066193 0 0.8749717002991143 -0.4841740634066193 0 0.8749717002991143 -0.4841740634066193 0 0.8749717002991143 -0.4841740634066193 0 0.8749717002991143 -0.4841740634066193 0 0.8749717002991143 -0.4841740634066193 0 0.8749717002991143 -0.4841740634066193 0 0.8749717002991143 -0.242087031703312 0.8660254037844429 0.4374858501495473 -0.242087031703312 0.8660254037844429 0.4374858501495473 -0.242087031703312 0.8660254037844429 0.4374858501495473 -0.242087031703312 0.8660254037844429 0.4374858501495473 -0.242087031703312 0.8660254037844429 0.4374858501495473 -0.242087031703312 0.8660254037844429 0.4374858501495473 -0.242087031703312 0.8660254037844429 0.4374858501495473 -0.242087031703312 0.8660254037844429 0.4374858501495473 -0.242087031703312 0.8660254037844429 0.4374858501495473 -0.242087031703312 0.8660254037844429 0.4374858501495473 -0.2420870317033163 -0.8660254037844419 0.4374858501495469 -0.2420870317033163 -0.8660254037844419 0.4374858501495469 -0.2420870317033163 -0.8660254037844419 0.4374858501495469 -0.2420870317033163 -0.8660254037844419 0.4374858501495469 -0.2420870317033163 -0.8660254037844419 0.4374858501495469 -0.2420870317033163 -0.8660254037844419 0.4374858501495469 -0.2420870317033163 -0.8660254037844419 0.4374858501495469 -0.2420870317033163 -0.8660254037844419 0.4374858501495469 -0.2420870317033163 -0.8660254037844419 0.4374858501495469 -0.2420870317033163 -0.8660254037844419 0.4374858501495469 0 1 -7.789527459799848e-15 0 1 -7.789527459799848e-15 0 1 -7.789527459799848e-15 0 1 -7.789527459799848e-15 0 1 -7.789527459799848e-15 0 1 -7.789527459799848e-15 0 1 -7.789527459799848e-15 0 1 -7.789527459799848e-15 0 1 -7.789527459799848e-15 0 1 -7.789527459799848e-15 0 1 -7.789527459799848e-15 0 1 -7.789527459799848e-15 0 1 -7.789527459799848e-15 0 1 -7.789527459799848e-15 0 1 -7.789527459799848e-15 0 1 -7.789527459799848e-15 0 1 -7.789527459799848e-15 0 1 -7.789527459799848e-15 0 1 -7.789527459799848e-15 0 1 -7.789527459799848e-15 0 1 -7.789527459799848e-15 0 1 -7.789527459799848e-15 0 1 -7.789527459799848e-15 0 1 -7.789527459799848e-15 0 -1 -1.03860366130665e-14 0 -1 -1.03860366130665e-14 0 -1 -1.03860366130665e-14 0 -1 -1.03860366130665e-14 0 -1 -1.03860366130665e-14 0 -1 -1.03860366130665e-14 0 -1 -1.03860366130665e-14 0 -1 -1.03860366130665e-14 0 -1 -1.03860366130665e-14 0 -1 -1.03860366130665e-14 0 -1 -1.03860366130665e-14 0 -1 -1.03860366130665e-14 0 -1 -1.03860366130665e-14 0 -1 -1.03860366130665e-14 0 -1 -1.03860366130665e-14 0 -1 -1.03860366130665e-14 0 -1 -1.03860366130665e-14 0 -1 -1.03860366130665e-14 0 -1 -1.03860366130665e-14 0 -1 -1.03860366130665e-14 0 -1 -1.03860366130665e-14 0 -1 -1.03860366130665e-14 0 -1 -1.03860366130665e-14 0 -1 -1.03860366130665e-14 0.8660254037844379 -0.242087031703306 -0.4374858501495607 0.8660254037844379 -0.242087031703306 -0.4374858501495607 0.8660254037844379 -0.242087031703306 -0.4374858501495607 0.8660254037844379 -0.242087031703306 -0.4374858501495607 0.8660254037844379 -0.242087031703306 -0.4374858501495607 0.8660254037844379 -0.242087031703306 -0.4374858501495607 0.8660254037844379 -0.242087031703306 -0.4374858501495607 0.8660254037844379 -0.242087031703306 -0.4374858501495607 0.8660254037844379 -0.242087031703306 -0.4374858501495607 0.8660254037844379 -0.242087031703306 -0.4374858501495607 0 -0.4841740634066247 -0.8749717002991113 0 -0.4841740634066247 -0.8749717002991113 0 -0.4841740634066247 -0.8749717002991113 0 -0.4841740634066247 -0.8749717002991113 0 -0.4841740634066247 -0.8749717002991113 0 -0.4841740634066247 -0.8749717002991113 0 -0.4841740634066247 -0.8749717002991113 0 -0.4841740634066247 -0.8749717002991113 0 -0.4841740634066247 -0.8749717002991113 0 -0.4841740634066247 -0.8749717002991113 -0.8660254037844327 -0.242087031703318 -0.4374858501495645 -0.8660254037844327 -0.242087031703318 -0.4374858501495645 -0.8660254037844327 -0.242087031703318 -0.4374858501495645 -0.8660254037844327 -0.242087031703318 -0.4374858501495645 -0.8660254037844327 -0.242087031703318 -0.4374858501495645 -0.8660254037844327 -0.242087031703318 -0.4374858501495645 -0.8660254037844327 -0.242087031703318 -0.4374858501495645 -0.8660254037844327 -0.242087031703318 -0.4374858501495645 -0.8660254037844327 -0.242087031703318 -0.4374858501495645 -0.8660254037844327 -0.242087031703318 -0.4374858501495645 0 0.4841740634066257 0.8749717002991107 0 0.4841740634066257 0.8749717002991107 0 0.4841740634066257 0.8749717002991107 0 0.4841740634066257 0.8749717002991107 0 0.4841740634066257 0.8749717002991107 0 0.4841740634066257 0.8749717002991107 0 0.4841740634066257 0.8749717002991107 0 0.4841740634066257 0.8749717002991107 0 0.4841740634066257 0.8749717002991107 0 0.4841740634066257 0.8749717002991107 0.8660254037844481 0.2420870317033003 0.4374858501495436 0.8660254037844481 0.2420870317033003 0.4374858501495436 0.8660254037844481 0.2420870317033003 0.4374858501495436 0.8660254037844481 0.2420870317033003 0.4374858501495436 0.8660254037844481 0.2420870317033003 0.4374858501495436 0.8660254037844481 0.2420870317033003 0.4374858501495436 0.8660254037844481 0.2420870317033003 0.4374858501495436 0.8660254037844481 0.2420870317033003 0.4374858501495436 0.8660254037844481 0.2420870317033003 0.4374858501495436 0.8660254037844481 0.2420870317033003 0.4374858501495436 -0.8660254037844441 0.2420870317033063 0.4374858501495483 -0.8660254037844441 0.2420870317033063 0.4374858501495483 -0.8660254037844441 0.2420870317033063 0.4374858501495483 -0.8660254037844441 0.2420870317033063 0.4374858501495483 -0.8660254037844441 0.2420870317033063 0.4374858501495483 -0.8660254037844441 0.2420870317033063 0.4374858501495483 -0.8660254037844441 0.2420870317033063 0.4374858501495483 -0.8660254037844441 0.2420870317033063 0.4374858501495483 -0.8660254037844441 0.2420870317033063 0.4374858501495483 -0.8660254037844441 0.2420870317033063 0.4374858501495483 0 -1 0 0 -1 0 0 -1 0 0 -1 0 0 -1 0 0 -1 0 0 -1 0 0 -1 0 0 -1 0 0 -1 0 0 -1 0 0 -1 0 0 -1 0 0 -1 0 0 -1 0 0 -1 0 0 -1 0 0 -1 0 0 -1 0 0 -1 0 0 -1 0 0 -1 0 0 -1 0 0 -1 0 -0.8660254037844429 0.2420870317033095 -0.4374858501495493 -0.8660254037844429 0.2420870317033095 -0.4374858501495493 -0.8660254037844429 0.2420870317033095 -0.4374858501495493 -0.8660254037844429 0.2420870317033095 -0.4374858501495493 -0.8660254037844429 0.2420870317033095 -0.4374858501495493 -0.8660254037844429 0.2420870317033095 -0.4374858501495493 -0.8660254037844429 0.2420870317033095 -0.4374858501495493 -0.8660254037844429 0.2420870317033095 -0.4374858501495493 -0.8660254037844429 0.2420870317033095 -0.4374858501495493 -0.8660254037844429 0.2420870317033095 -0.4374858501495493 -0.8660254037844429 0.2420870317033095 -0.4374858501495493 -0.8660254037844429 0.2420870317033095 -0.4374858501495493 -0.8660254037844429 0.2420870317033095 -0.4374858501495493 0 0.4841740634066232 -0.874971700299112 0 0.4841740634066232 -0.874971700299112 0 0.4841740634066232 -0.874971700299112 0 0.4841740634066232 -0.874971700299112 0 0.4841740634066232 -0.874971700299112 0 0.4841740634066232 -0.874971700299112 0 0.4841740634066232 -0.874971700299112 0 0.4841740634066232 -0.874971700299112 0 0.4841740634066232 -0.874971700299112 0 0.4841740634066232 -0.874971700299112 0.8660254037844385 0.2420870317033108 -0.4374858501495567 0.8660254037844385 0.2420870317033108 -0.4374858501495567 0.8660254037844385 0.2420870317033108 -0.4374858501495567 0.8660254037844385 0.2420870317033108 -0.4374858501495567 0.8660254037844385 0.2420870317033108 -0.4374858501495567 0.8660254037844385 0.2420870317033108 -0.4374858501495567 0.8660254037844385 0.2420870317033108 -0.4374858501495567 0.8660254037844385 0.2420870317033108 -0.4374858501495567 0.8660254037844385 0.2420870317033108 -0.4374858501495567 0.8660254037844385 0.2420870317033108 -0.4374858501495567 0.8660254037844385 0.2420870317033108 -0.4374858501495567 0.8660254037844298 -0.2420870317033199 0.4374858501495686 0.8660254037844298 -0.2420870317033199 0.4374858501495686 0.8660254037844298 -0.2420870317033199 0.4374858501495686 0.8660254037844298 -0.2420870317033199 0.4374858501495686 0.8660254037844298 -0.2420870317033199 0.4374858501495686 0.8660254037844298 -0.2420870317033199 0.4374858501495686 0.8660254037844298 -0.2420870317033199 0.4374858501495686 0.8660254037844298 -0.2420870317033199 0.4374858501495686 0.8660254037844298 -0.2420870317033199 0.4374858501495686 0.8660254037844298 -0.2420870317033199 0.4374858501495686 -0.866025403784417 -0.2420870317033287 0.4374858501495896 -0.866025403784417 -0.2420870317033287 0.4374858501495896 -0.866025403784417 -0.2420870317033287 0.4374858501495896 -0.866025403784417 -0.2420870317033287 0.4374858501495896 -0.866025403784417 -0.2420870317033287 0.4374858501495896 -0.866025403784417 -0.2420870317033287 0.4374858501495896 -0.866025403784417 -0.2420870317033287 0.4374858501495896 -0.866025403784417 -0.2420870317033287 0.4374858501495896 -0.866025403784417 -0.2420870317033287 0.4374858501495896 -0.866025403784417 -0.2420870317033287 0.4374858501495896 0 -0.4841740634066235 0.8749717002991119 0 -0.4841740634066235 0.8749717002991119 0 -0.4841740634066235 0.8749717002991119 0 -0.4841740634066235 0.8749717002991119 0 -0.4841740634066235 0.8749717002991119 0 -0.4841740634066235 0.8749717002991119 0 -0.4841740634066235 0.8749717002991119 0 -0.4841740634066235 0.8749717002991119 0 -0.4841740634066235 0.8749717002991119 0 -0.4841740634066235 0.8749717002991119 -1.973729821555869e-14 1 -2.967535009851167e-15 -1.973729821555869e-14 1 -2.967535009851167e-15 -1.973729821555869e-14 1 -2.967535009851167e-15 -1.973729821555869e-14 1 -2.967535009851167e-15 -1.973729821555869e-14 1 -2.967535009851167e-15 -1.973729821555869e-14 1 -2.967535009851167e-15 -1.973729821555869e-14 1 -2.967535009851167e-15 -1.973729821555869e-14 1 -2.967535009851167e-15 -1.973729821555869e-14 1 -2.967535009851167e-15 -1.973729821555869e-14 1 -2.967535009851167e-15 -1.973729821555869e-14 1 -2.967535009851167e-15 -1.973729821555869e-14 1 -2.967535009851167e-15 -1.973729821555869e-14 1 -2.967535009851167e-15 -1.973729821555869e-14 1 -2.967535009851167e-15 -1.973729821555869e-14 1 -2.967535009851167e-15 -1.973729821555869e-14 1 -2.967535009851167e-15 -1.973729821555869e-14 1 -2.967535009851167e-15 -1.973729821555869e-14 1 -2.967535009851167e-15 -1.973729821555869e-14 1 -2.967535009851167e-15 -1.973729821555869e-14 1 -2.967535009851167e-15 -1.973729821555869e-14 1 -2.967535009851167e-15 -1.973729821555869e-14 1 -2.967535009851167e-15 -1.973729821555869e-14 1 -2.967535009851167e-15 -1.973729821555869e-14 1 -2.967535009851167e-15 -0.8660254037844347 4.498491290258354e-15 -0.5000000000000068 -0.8660254037844347 4.498491290258354e-15 -0.5000000000000068 -0.8660254037844347 4.498491290258354e-15 -0.5000000000000068 -0.8660254037844347 4.498491290258354e-15 -0.5000000000000068 -0.8660254037844347 4.498491290258354e-15 -0.5000000000000068 -0.8660254037844347 4.498491290258354e-15 -0.5000000000000068 -0.8660254037844347 4.498491290258354e-15 -0.5000000000000068 -0.8660254037844347 4.498491290258354e-15 -0.5000000000000068 -0.8660254037844347 4.498491290258354e-15 -0.5000000000000068 -0.8660254037844347 4.498491290258354e-15 -0.5000000000000068 -0.8660254037844347 4.498491290258354e-15 -0.5000000000000068 -0.8660254037844347 4.498491290258354e-15 -0.5000000000000068 -0.8660254037844347 4.498491290258354e-15 -0.5000000000000068 0.8660254037844306 -4.134134928474664e-15 -0.500000000000014 0.8660254037844306 -4.134134928474664e-15 -0.500000000000014 0.8660254037844306 -4.134134928474664e-15 -0.500000000000014 0.8660254037844306 -4.134134928474664e-15 -0.500000000000014 0.8660254037844306 -4.134134928474664e-15 -0.500000000000014 0.8660254037844306 -4.134134928474664e-15 -0.500000000000014 0.8660254037844306 -4.134134928474664e-15 -0.500000000000014 0.8660254037844306 -4.134134928474664e-15 -0.500000000000014 0.8660254037844306 -4.134134928474664e-15 -0.500000000000014 0.8660254037844306 -4.134134928474664e-15 -0.500000000000014 0.8660254037844306 -4.134134928474664e-15 -0.500000000000014 6.734244479075551e-15 -1.191583869713766e-15 -1 6.734244479075551e-15 -1.191583869713766e-15 -1 6.734244479075551e-15 -1.191583869713766e-15 -1 6.734244479075551e-15 -1.191583869713766e-15 -1 6.734244479075551e-15 -1.191583869713766e-15 -1 6.734244479075551e-15 -1.191583869713766e-15 -1 6.734244479075551e-15 -1.191583869713766e-15 -1 6.734244479075551e-15 -1.191583869713766e-15 -1 6.734244479075551e-15 -1.191583869713766e-15 -1 6.734244479075551e-15 -1.191583869713766e-15 -1 0.866025403784436 -3.339699164664748e-15 0.5000000000000046 0.866025403784436 -3.339699164664748e-15 0.5000000000000046 0.866025403784436 -3.339699164664748e-15 0.5000000000000046 0.866025403784436 -3.339699164664748e-15 0.5000000000000046 0.866025403784436 -3.339699164664748e-15 0.5000000000000046 0.866025403784436 -3.339699164664748e-15 0.5000000000000046 0.866025403784436 -3.339699164664748e-15 0.5000000000000046 0.866025403784436 -3.339699164664748e-15 0.5000000000000046 0.866025403784436 -3.339699164664748e-15 0.5000000000000046 0.866025403784436 -3.339699164664748e-15 0.5000000000000046 -0.8660254037844263 6.302187128912967e-15 0.5000000000000214 -0.8660254037844263 6.302187128912967e-15 0.5000000000000214 -0.8660254037844263 6.302187128912967e-15 0.5000000000000214 -0.8660254037844263 6.302187128912967e-15 0.5000000000000214 -0.8660254037844263 6.302187128912967e-15 0.5000000000000214 -0.8660254037844263 6.302187128912967e-15 0.5000000000000214 -0.8660254037844263 6.302187128912967e-15 0.5000000000000214 -0.8660254037844263 6.302187128912967e-15 0.5000000000000214 -0.8660254037844263 6.302187128912967e-15 0.5000000000000214 -0.8660254037844263 6.302187128912967e-15 0.5000000000000214 -6.316347947691957e-15 -2.223090282415099e-15 1 -6.316347947691957e-15 -2.223090282415099e-15 1 -6.316347947691957e-15 -2.223090282415099e-15 1 -6.316347947691957e-15 -2.223090282415099e-15 1 -6.316347947691957e-15 -2.223090282415099e-15 1 -6.316347947691957e-15 -2.223090282415099e-15 1 -6.316347947691957e-15 -2.223090282415099e-15 1 -6.316347947691957e-15 -2.223090282415099e-15 1 -6.316347947691957e-15 -2.223090282415099e-15 1 -6.316347947691957e-15 -2.223090282415099e-15 1 -1 0 1.275535121542313e-15 -1 0 1.275535121542313e-15 -1 0 1.275535121542313e-15 -1 0 1.275535121542313e-15 -1 0 1.275535121542313e-15 -1 0 1.275535121542313e-15 -1 0 1.275535121542313e-15 -1 0 1.275535121542313e-15 -1 0 1.275535121542313e-15 -1 0 1.275535121542313e-15 -1 0 1.275535121542313e-15 -1 0 1.275535121542313e-15 -1 0 1.275535121542313e-15 -1 0 1.275535121542313e-15 -1 0 1.275535121542313e-15 -1 0 1.275535121542313e-15 -1 0 1.275535121542313e-15 -1 0 1.275535121542313e-15 -1 0 1.275535121542313e-15 -1 0 1.275535121542313e-15 -1 0 1.275535121542313e-15 -1 0 1.275535121542313e-15 -1 0 1.275535121542313e-15 -1 0 1.275535121542313e-15 1 3.894763729899863e-15 -1.489989165940492e-14 1 3.894763729899863e-15 -1.489989165940492e-14 1 3.894763729899863e-15 -1.489989165940492e-14 1 3.894763729899863e-15 -1.489989165940492e-14 1 3.894763729899863e-15 -1.489989165940492e-14 1 3.894763729899863e-15 -1.489989165940492e-14 1 3.894763729899863e-15 -1.489989165940492e-14 1 3.894763729899863e-15 -1.489989165940492e-14 1 3.894763729899863e-15 -1.489989165940492e-14 1 3.894763729899863e-15 -1.489989165940492e-14 1 3.894763729899863e-15 -1.489989165940492e-14 1 3.894763729899863e-15 -1.489989165940492e-14 1 3.894763729899863e-15 -1.489989165940492e-14 1 3.894763729899863e-15 -1.489989165940492e-14 1 3.894763729899863e-15 -1.489989165940492e-14 1 3.894763729899863e-15 -1.489989165940492e-14 1 3.894763729899863e-15 -1.489989165940492e-14 1 3.894763729899863e-15 -1.489989165940492e-14 1 3.894763729899863e-15 -1.489989165940492e-14 1 3.894763729899863e-15 -1.489989165940492e-14 1 3.894763729899863e-15 -1.489989165940492e-14 1 3.894763729899863e-15 -1.489989165940492e-14 1 3.894763729899863e-15 -1.489989165940492e-14 1 3.894763729899863e-15 -1.489989165940492e-14 0.2420870317033156 0.8660254037844431 -0.4374858501495455 0.2420870317033156 0.8660254037844431 -0.4374858501495455 0.2420870317033156 0.8660254037844431 -0.4374858501495455 0.2420870317033156 0.8660254037844431 -0.4374858501495455 0.2420870317033156 0.8660254037844431 -0.4374858501495455 0.2420870317033156 0.8660254037844431 -0.4374858501495455 0.2420870317033156 0.8660254037844431 -0.4374858501495455 0.2420870317033156 0.8660254037844431 -0.4374858501495455 0.2420870317033156 0.8660254037844431 -0.4374858501495455 0.2420870317033156 0.8660254037844431 -0.4374858501495455 0.4841740634066195 0 -0.8749717002991141 0.4841740634066195 0 -0.8749717002991141 0.4841740634066195 0 -0.8749717002991141 0.4841740634066195 0 -0.8749717002991141 0.4841740634066195 0 -0.8749717002991141 0.4841740634066195 0 -0.8749717002991141 0.4841740634066195 0 -0.8749717002991141 0.4841740634066195 0 -0.8749717002991141 0.4841740634066195 0 -0.8749717002991141 0.4841740634066195 0 -0.8749717002991141 0.2420870317033101 -0.866025403784445 -0.4374858501495446 0.2420870317033101 -0.866025403784445 -0.4374858501495446 0.2420870317033101 -0.866025403784445 -0.4374858501495446 0.2420870317033101 -0.866025403784445 -0.4374858501495446 0.2420870317033101 -0.866025403784445 -0.4374858501495446 0.2420870317033101 -0.866025403784445 -0.4374858501495446 0.2420870317033101 -0.866025403784445 -0.4374858501495446 0.2420870317033101 -0.866025403784445 -0.4374858501495446 0.2420870317033101 -0.866025403784445 -0.4374858501495446 0.2420870317033101 -0.866025403784445 -0.4374858501495446 -0.4841740634066236 0 0.8749717002991119 -0.4841740634066236 0 0.8749717002991119 -0.4841740634066236 0 0.8749717002991119 -0.4841740634066236 0 0.8749717002991119 -0.4841740634066236 0 0.8749717002991119 -0.4841740634066236 0 0.8749717002991119 -0.4841740634066236 0 0.8749717002991119 -0.4841740634066236 0 0.8749717002991119 -0.4841740634066236 0 0.8749717002991119 -0.4841740634066236 0 0.8749717002991119 -0.242087031703312 0.8660254037844429 0.4374858501495473 -0.242087031703312 0.8660254037844429 0.4374858501495473 -0.242087031703312 0.8660254037844429 0.4374858501495473 -0.242087031703312 0.8660254037844429 0.4374858501495473 -0.242087031703312 0.8660254037844429 0.4374858501495473 -0.242087031703312 0.8660254037844429 0.4374858501495473 -0.242087031703312 0.8660254037844429 0.4374858501495473 -0.242087031703312 0.8660254037844429 0.4374858501495473 -0.242087031703312 0.8660254037844429 0.4374858501495473 -0.242087031703312 0.8660254037844429 0.4374858501495473 -0.2420870317033169 -0.8660254037844458 0.4374858501495392 -0.2420870317033169 -0.8660254037844458 0.4374858501495392 -0.2420870317033169 -0.8660254037844458 0.4374858501495392 -0.2420870317033169 -0.8660254037844458 0.4374858501495392 -0.2420870317033169 -0.8660254037844458 0.4374858501495392 -0.2420870317033169 -0.8660254037844458 0.4374858501495392 -0.2420870317033169 -0.8660254037844458 0.4374858501495392 -0.2420870317033169 -0.8660254037844458 0.4374858501495392 -0.2420870317033169 -0.8660254037844458 0.4374858501495392 -0.2420870317033169 -0.8660254037844458 0.4374858501495392 0 1 -7.789527459799958e-15 0 1 -7.789527459799958e-15 0 1 -7.789527459799958e-15 0 1 -7.789527459799958e-15 0 1 -7.789527459799958e-15 0 1 -7.789527459799958e-15 0 1 -7.789527459799958e-15 0 1 -7.789527459799958e-15 0 1 -7.789527459799958e-15 0 1 -7.789527459799958e-15 0 1 -7.789527459799958e-15 0 1 -7.789527459799958e-15 0 1 -7.789527459799958e-15 0 1 -7.789527459799958e-15 0 1 -7.789527459799958e-15 0 1 -7.789527459799958e-15 0 1 -7.789527459799958e-15 0 1 -7.789527459799958e-15 0 1 -7.789527459799958e-15 0 1 -7.789527459799958e-15 0 1 -7.789527459799958e-15 0 1 -7.789527459799958e-15 0 1 -7.789527459799958e-15 0 1 -7.789527459799958e-15 0 -1 -1.038603661306662e-14 0 -1 -1.038603661306662e-14 0 -1 -1.038603661306662e-14 0 -1 -1.038603661306662e-14 0 -1 -1.038603661306662e-14 0 -1 -1.038603661306662e-14 0 -1 -1.038603661306662e-14 0 -1 -1.038603661306662e-14 0 -1 -1.038603661306662e-14 0 -1 -1.038603661306662e-14 0 -1 -1.038603661306662e-14 0 -1 -1.038603661306662e-14 0 -1 -1.038603661306662e-14 0 -1 -1.038603661306662e-14 0 -1 -1.038603661306662e-14 0 -1 -1.038603661306662e-14 0 -1 -1.038603661306662e-14 0 -1 -1.038603661306662e-14 0 -1 -1.038603661306662e-14 0 -1 -1.038603661306662e-14 0 -1 -1.038603661306662e-14 0 -1 -1.038603661306662e-14 0 -1 -1.038603661306662e-14 0 -1 -1.038603661306662e-14 0.866025403784442 -0.2420870317033081 -0.4374858501495518 0.866025403784442 -0.2420870317033081 -0.4374858501495518 0.866025403784442 -0.2420870317033081 -0.4374858501495518 0.866025403784442 -0.2420870317033081 -0.4374858501495518 0.866025403784442 -0.2420870317033081 -0.4374858501495518 0.866025403784442 -0.2420870317033081 -0.4374858501495518 0.866025403784442 -0.2420870317033081 -0.4374858501495518 0.866025403784442 -0.2420870317033081 -0.4374858501495518 0.866025403784442 -0.2420870317033081 -0.4374858501495518 0.866025403784442 -0.2420870317033081 -0.4374858501495518 0 -0.4841740634066276 -0.8749717002991096 0 -0.4841740634066276 -0.8749717002991096 0 -0.4841740634066276 -0.8749717002991096 0 -0.4841740634066276 -0.8749717002991096 0 -0.4841740634066276 -0.8749717002991096 0 -0.4841740634066276 -0.8749717002991096 0 -0.4841740634066276 -0.8749717002991096 0 -0.4841740634066276 -0.8749717002991096 0 -0.4841740634066276 -0.8749717002991096 0 -0.4841740634066276 -0.8749717002991096 -0.8660254037844395 -0.2420870317033063 -0.437485850149557 -0.8660254037844395 -0.2420870317033063 -0.437485850149557 -0.8660254037844395 -0.2420870317033063 -0.437485850149557 -0.8660254037844395 -0.2420870317033063 -0.437485850149557 -0.8660254037844395 -0.2420870317033063 -0.437485850149557 -0.8660254037844395 -0.2420870317033063 -0.437485850149557 -0.8660254037844395 -0.2420870317033063 -0.437485850149557 -0.8660254037844395 -0.2420870317033063 -0.437485850149557 -0.8660254037844395 -0.2420870317033063 -0.437485850149557 -0.8660254037844395 -0.2420870317033063 -0.437485850149557 0 0.4841740634066299 0.8749717002991084 0 0.4841740634066299 0.8749717002991084 0 0.4841740634066299 0.8749717002991084 0 0.4841740634066299 0.8749717002991084 0 0.4841740634066299 0.8749717002991084 0 0.4841740634066299 0.8749717002991084 0 0.4841740634066299 0.8749717002991084 0 0.4841740634066299 0.8749717002991084 0 0.4841740634066299 0.8749717002991084 0 0.4841740634066299 0.8749717002991084 0.8660254037844423 0.2420870317033061 0.4374858501495518 0.8660254037844423 0.2420870317033061 0.4374858501495518 0.8660254037844423 0.2420870317033061 0.4374858501495518 0.8660254037844423 0.2420870317033061 0.4374858501495518 0.8660254037844423 0.2420870317033061 0.4374858501495518 0.8660254037844423 0.2420870317033061 0.4374858501495518 0.8660254037844423 0.2420870317033061 0.4374858501495518 0.8660254037844423 0.2420870317033061 0.4374858501495518 0.8660254037844423 0.2420870317033061 0.4374858501495518 0.8660254037844423 0.2420870317033061 0.4374858501495518 -0.8660254037844399 0.2420870317033058 0.4374858501495572 -0.8660254037844399 0.2420870317033058 0.4374858501495572 -0.8660254037844399 0.2420870317033058 0.4374858501495572 -0.8660254037844399 0.2420870317033058 0.4374858501495572 -0.8660254037844399 0.2420870317033058 0.4374858501495572 -0.8660254037844399 0.2420870317033058 0.4374858501495572 -0.8660254037844399 0.2420870317033058 0.4374858501495572 -0.8660254037844399 0.2420870317033058 0.4374858501495572 -0.8660254037844399 0.2420870317033058 0.4374858501495572 -0.8660254037844399 0.2420870317033058 0.4374858501495572 0 -1 0 0 -1 0 0 -1 0 0 -1 0 0 -1 0 0 -1 0 0 -1 0 0 -1 0 0 -1 0 0 -1 0 0 -1 0 0 -1 0 0 -1 0 0 -1 0 0 -1 0 0 -1 0 0 -1 0 0 -1 0 0 -1 0 0 -1 0 0 -1 0 0 -1 0 0 -1 0 0 -1 0 0.8660254037844401 -0.2420870317033116 0.4374858501495533 0.8660254037844401 -0.2420870317033116 0.4374858501495533 0.8660254037844401 -0.2420870317033116 0.4374858501495533 0.8660254037844401 -0.2420870317033116 0.4374858501495533 0.8660254037844401 -0.2420870317033116 0.4374858501495533 0.8660254037844401 -0.2420870317033116 0.4374858501495533 0.8660254037844401 -0.2420870317033116 0.4374858501495533 0.8660254037844401 -0.2420870317033116 0.4374858501495533 0.8660254037844401 -0.2420870317033116 0.4374858501495533 0.8660254037844401 -0.2420870317033116 0.4374858501495533 -0.8660254037844291 -0.2420870317033185 0.437485850149571 -0.8660254037844291 -0.2420870317033185 0.437485850149571 -0.8660254037844291 -0.2420870317033185 0.437485850149571 -0.8660254037844291 -0.2420870317033185 0.437485850149571 -0.8660254037844291 -0.2420870317033185 0.437485850149571 -0.8660254037844291 -0.2420870317033185 0.437485850149571 -0.8660254037844291 -0.2420870317033185 0.437485850149571 -0.8660254037844291 -0.2420870317033185 0.437485850149571 -0.8660254037844291 -0.2420870317033185 0.437485850149571 -0.8660254037844291 -0.2420870317033185 0.437485850149571 2.354448702346583e-14 -0.4841740634066235 0.8749717002991119 2.354448702346583e-14 -0.4841740634066235 0.8749717002991119 2.354448702346583e-14 -0.4841740634066235 0.8749717002991119 2.354448702346583e-14 -0.4841740634066235 0.8749717002991119 2.354448702346583e-14 -0.4841740634066235 0.8749717002991119 2.354448702346583e-14 -0.4841740634066235 0.8749717002991119 2.354448702346583e-14 -0.4841740634066235 0.8749717002991119 2.354448702346583e-14 -0.4841740634066235 0.8749717002991119 2.354448702346583e-14 -0.4841740634066235 0.8749717002991119 2.354448702346583e-14 -0.4841740634066235 0.8749717002991119 -0.8660254037844393 0.2420870317033122 -0.4374858501495541 -0.8660254037844393 0.2420870317033122 -0.4374858501495541 -0.8660254037844393 0.2420870317033122 -0.4374858501495541 -0.8660254037844393 0.2420870317033122 -0.4374858501495541 -0.8660254037844393 0.2420870317033122 -0.4374858501495541 -0.8660254037844393 0.2420870317033122 -0.4374858501495541 -0.8660254037844393 0.2420870317033122 -0.4374858501495541 -0.8660254037844393 0.2420870317033122 -0.4374858501495541 -0.8660254037844393 0.2420870317033122 -0.4374858501495541 -0.8660254037844393 0.2420870317033122 -0.4374858501495541 -0.8660254037844393 0.2420870317033122 -0.4374858501495541 -0.8660254037844393 0.2420870317033122 -0.4374858501495541 -0.8660254037844393 0.2420870317033122 -0.4374858501495541 -1.174042526358464e-14 0.4841740634066235 -0.8749717002991119 -1.174042526358464e-14 0.4841740634066235 -0.8749717002991119 -1.174042526358464e-14 0.4841740634066235 -0.8749717002991119 -1.174042526358464e-14 0.4841740634066235 -0.8749717002991119 -1.174042526358464e-14 0.4841740634066235 -0.8749717002991119 -1.174042526358464e-14 0.4841740634066235 -0.8749717002991119 -1.174042526358464e-14 0.4841740634066235 -0.8749717002991119 -1.174042526358464e-14 0.4841740634066235 -0.8749717002991119 -1.174042526358464e-14 0.4841740634066235 -0.8749717002991119 -1.174042526358464e-14 0.4841740634066235 -0.8749717002991119 0.866025403784435 0.2420870317033139 -0.437485850149562 0.866025403784435 0.2420870317033139 -0.437485850149562 0.866025403784435 0.2420870317033139 -0.437485850149562 0.866025403784435 0.2420870317033139 -0.437485850149562 0.866025403784435 0.2420870317033139 -0.437485850149562 0.866025403784435 0.2420870317033139 -0.437485850149562 0.866025403784435 0.2420870317033139 -0.437485850149562 0.866025403784435 0.2420870317033139 -0.437485850149562 0.866025403784435 0.2420870317033139 -0.437485850149562 0.866025403784435 0.2420870317033139 -0.437485850149562 0.866025403784435 0.2420870317033139 -0.437485850149562 7.08197893495062e-15 0.7071067811865464 0.7071067811865486 7.08197893495062e-15 0.7071067811865464 0.7071067811865486 7.08197893495062e-15 0.7071067811865464 0.7071067811865486 7.08197893495062e-15 0.7071067811865464 0.7071067811865486 7.08197893495062e-15 0.7071067811865464 0.7071067811865486 7.08197893495062e-15 0.7071067811865464 0.7071067811865486 7.08197893495062e-15 0.7071067811865464 0.7071067811865486 7.08197893495062e-15 0.7071067811865464 0.7071067811865486 7.08197893495062e-15 0.7071067811865464 0.7071067811865486 7.08197893495062e-15 0.7071067811865464 0.7071067811865486 7.08197893495062e-15 0.7071067811865464 0.7071067811865486 7.08197893495062e-15 0.7071067811865464 0.7071067811865486 7.08197893495062e-15 0.7071067811865464 0.7071067811865486 7.08197893495062e-15 0.7071067811865464 0.7071067811865486 7.08197893495062e-15 0.7071067811865464 0.7071067811865486 7.08197893495062e-15 0.7071067811865464 0.7071067811865486 7.08197893495062e-15 0.7071067811865464 0.7071067811865486 7.08197893495062e-15 0.7071067811865464 0.7071067811865486 7.08197893495062e-15 0.7071067811865464 0.7071067811865486 7.08197893495062e-15 0.7071067811865464 0.7071067811865486 7.08197893495062e-15 0.7071067811865464 0.7071067811865486 7.08197893495062e-15 0.7071067811865464 0.7071067811865486 7.08197893495062e-15 0.7071067811865464 0.7071067811865486 7.08197893495062e-15 0.7071067811865464 0.7071067811865486 2.850012234464171e-14 2.850012234464093e-15 1 2.850012234464171e-14 2.850012234464093e-15 1 2.850012234464171e-14 2.850012234464093e-15 1 2.850012234464171e-14 2.850012234464093e-15 1 2.850012234464171e-14 2.850012234464093e-15 1 2.850012234464171e-14 2.850012234464093e-15 1 2.850012234464171e-14 2.850012234464093e-15 1 2.850012234464171e-14 2.850012234464093e-15 1 2.850012234464171e-14 2.850012234464093e-15 1 2.850012234464171e-14 2.850012234464093e-15 1 0.8660254037844504 -6.253316437980327e-15 0.4999999999999795 0.8660254037844504 -6.253316437980327e-15 0.4999999999999795 0.8660254037844504 -6.253316437980327e-15 0.4999999999999795 0.8660254037844504 -6.253316437980327e-15 0.4999999999999795 0.8660254037844504 -6.253316437980327e-15 0.4999999999999795 0.8660254037844504 -6.253316437980327e-15 0.4999999999999795 0.8660254037844504 -6.253316437980327e-15 0.4999999999999795 0.8660254037844504 -6.253316437980327e-15 0.4999999999999795 0.8660254037844504 -6.253316437980327e-15 0.4999999999999795 0.8660254037844504 -6.253316437980327e-15 0.4999999999999795 -0.8660254037844286 5.616888094866429e-15 0.5000000000000174 -0.8660254037844286 5.616888094866429e-15 0.5000000000000174 -0.8660254037844286 5.616888094866429e-15 0.5000000000000174 -0.8660254037844286 5.616888094866429e-15 0.5000000000000174 -0.8660254037844286 5.616888094866429e-15 0.5000000000000174 -0.8660254037844286 5.616888094866429e-15 0.5000000000000174 -0.8660254037844286 5.616888094866429e-15 0.5000000000000174 -0.8660254037844286 5.616888094866429e-15 0.5000000000000174 -0.8660254037844286 5.616888094866429e-15 0.5000000000000174 -0.8660254037844286 5.616888094866429e-15 0.5000000000000174 -0.8660254037844459 6.4911015142217e-15 -0.4999999999999874 -0.8660254037844459 6.4911015142217e-15 -0.4999999999999874 -0.8660254037844459 6.4911015142217e-15 -0.4999999999999874 -0.8660254037844459 6.4911015142217e-15 -0.4999999999999874 -0.8660254037844459 6.4911015142217e-15 -0.4999999999999874 -0.8660254037844459 6.4911015142217e-15 -0.4999999999999874 -0.8660254037844459 6.4911015142217e-15 -0.4999999999999874 -0.8660254037844459 6.4911015142217e-15 -0.4999999999999874 -0.8660254037844459 6.4911015142217e-15 -0.4999999999999874 -0.8660254037844459 6.4911015142217e-15 -0.4999999999999874 -0.8660254037844459 6.4911015142217e-15 -0.4999999999999874 -0.8660254037844459 6.4911015142217e-15 -0.4999999999999874 -0.8660254037844459 6.4911015142217e-15 -0.4999999999999874 -2.255024947039625e-14 -9.020099788156855e-16 -1 -2.255024947039625e-14 -9.020099788156855e-16 -1 -2.255024947039625e-14 -9.020099788156855e-16 -1 -2.255024947039625e-14 -9.020099788156855e-16 -1 -2.255024947039625e-14 -9.020099788156855e-16 -1 -2.255024947039625e-14 -9.020099788156855e-16 -1 -2.255024947039625e-14 -9.020099788156855e-16 -1 -2.255024947039625e-14 -9.020099788156855e-16 -1 -2.255024947039625e-14 -9.020099788156855e-16 -1 -2.255024947039625e-14 -9.020099788156855e-16 -1 0.8660254037844363 -5.878295062543491e-15 -0.5000000000000038 0.8660254037844363 -5.878295062543491e-15 -0.5000000000000038 0.8660254037844363 -5.878295062543491e-15 -0.5000000000000038 0.8660254037844363 -5.878295062543491e-15 -0.5000000000000038 0.8660254037844363 -5.878295062543491e-15 -0.5000000000000038 0.8660254037844363 -5.878295062543491e-15 -0.5000000000000038 0.8660254037844363 -5.878295062543491e-15 -0.5000000000000038 0.8660254037844363 -5.878295062543491e-15 -0.5000000000000038 0.8660254037844363 -5.878295062543491e-15 -0.5000000000000038 0.8660254037844363 -5.878295062543491e-15 -0.5000000000000038 0.8660254037844363 -5.878295062543491e-15 -0.5000000000000038 4.721319289967093e-15 -0.7071067811865455 -0.7071067811865494 4.721319289967093e-15 -0.7071067811865455 -0.7071067811865494 4.721319289967093e-15 -0.7071067811865455 -0.7071067811865494 4.721319289967093e-15 -0.7071067811865455 -0.7071067811865494 4.721319289967093e-15 -0.7071067811865455 -0.7071067811865494 4.721319289967093e-15 -0.7071067811865455 -0.7071067811865494 4.721319289967093e-15 -0.7071067811865455 -0.7071067811865494 4.721319289967093e-15 -0.7071067811865455 -0.7071067811865494 4.721319289967093e-15 -0.7071067811865455 -0.7071067811865494 4.721319289967093e-15 -0.7071067811865455 -0.7071067811865494 4.721319289967093e-15 -0.7071067811865455 -0.7071067811865494 4.721319289967093e-15 -0.7071067811865455 -0.7071067811865494 4.721319289967093e-15 -0.7071067811865455 -0.7071067811865494 4.721319289967093e-15 -0.7071067811865455 -0.7071067811865494 4.721319289967093e-15 -0.7071067811865455 -0.7071067811865494 4.721319289967093e-15 -0.7071067811865455 -0.7071067811865494 4.721319289967093e-15 -0.7071067811865455 -0.7071067811865494 4.721319289967093e-15 -0.7071067811865455 -0.7071067811865494 4.721319289967093e-15 -0.7071067811865455 -0.7071067811865494 4.721319289967093e-15 -0.7071067811865455 -0.7071067811865494 4.721319289967093e-15 -0.7071067811865455 -0.7071067811865494 4.721319289967093e-15 -0.7071067811865455 -0.7071067811865494 4.721319289967093e-15 -0.7071067811865455 -0.7071067811865494 4.721319289967093e-15 -0.7071067811865455 -0.7071067811865494 4.721319289967093e-15 -0.7071067811865455 -0.7071067811865494 0.5078513249925504 -8.354612498991272e-15 0.8614447351416751 0.5078513249925504 -8.354612498991272e-15 0.8614447351416751 0.5078513249925504 -8.354612498991272e-15 0.8614447351416751 0.5078513249925504 -8.354612498991272e-15 0.8614447351416751 0.5078513249925504 -8.354612498991272e-15 0.8614447351416751 0.5078513249925504 -8.354612498991272e-15 0.8614447351416751 0.5078513249925504 -8.354612498991272e-15 0.8614447351416751 0.5078513249925504 -8.354612498991272e-15 0.8614447351416751 0.5078513249925504 -8.354612498991272e-15 0.8614447351416751 0.5078513249925504 -8.354612498991272e-15 0.8614447351416751 0.5078513249925504 -8.354612498991272e-15 0.8614447351416751 0.5078513249925504 -8.354612498991272e-15 0.8614447351416751 0.5078513249925504 -8.354612498991272e-15 0.8614447351416751 0.5078513249925504 -8.354612498991272e-15 0.8614447351416751 0.5078513249925504 -8.354612498991272e-15 0.8614447351416751 0.5078513249925504 -8.354612498991272e-15 0.8614447351416751 0.5078513249925504 -8.354612498991272e-15 0.8614447351416751 0.5078513249925504 -8.354612498991272e-15 0.8614447351416751 0.5078513249925504 -8.354612498991272e-15 0.8614447351416751 0.5078513249925504 -8.354612498991272e-15 0.8614447351416751 0.5078513249925504 -8.354612498991272e-15 0.8614447351416751 0.5078513249925504 -8.354612498991272e-15 0.8614447351416751 0.5078513249925504 -8.354612498991272e-15 0.8614447351416751 0.5078513249925504 -8.354612498991272e-15 0.8614447351416751 0.8660254037844351 -0.5000000000000059 -7.365664978580347e-16 0.8660254037844351 -0.5000000000000059 -7.365664978580347e-16 0.8660254037844351 -0.5000000000000059 -7.365664978580347e-16 0.8660254037844351 -0.5000000000000059 -7.365664978580347e-16 0.8660254037844351 -0.5000000000000059 -7.365664978580347e-16 0.8660254037844351 -0.5000000000000059 -7.365664978580347e-16 0.8660254037844351 -0.5000000000000059 -7.365664978580347e-16 0.8660254037844351 -0.5000000000000059 -7.365664978580347e-16 0.8660254037844351 -0.5000000000000059 -7.365664978580347e-16 0.8660254037844351 -0.5000000000000059 -7.365664978580347e-16 0.8660254037844351 -0.5000000000000059 -7.365664978580347e-16 0 -1 0 0 -1 0 0 -1 0 0 -1 0 0 -1 0 0 -1 0 0 -1 0 0 -1 0 0 -1 0 0 -1 0 -0.8660254037844392 -0.499999999999999 -6.403865905570944e-16 -0.8660254037844392 -0.499999999999999 -6.403865905570944e-16 -0.8660254037844392 -0.499999999999999 -6.403865905570944e-16 -0.8660254037844392 -0.499999999999999 -6.403865905570944e-16 -0.8660254037844392 -0.499999999999999 -6.403865905570944e-16 -0.8660254037844392 -0.499999999999999 -6.403865905570944e-16 -0.8660254037844392 -0.499999999999999 -6.403865905570944e-16 -0.8660254037844392 -0.499999999999999 -6.403865905570944e-16 -0.8660254037844392 -0.499999999999999 -6.403865905570944e-16 -0.8660254037844392 -0.499999999999999 -6.403865905570944e-16 0 1 0 0 1 0 0 1 0 0 1 0 0 1 0 0 1 0 0 1 0 0 1 0 0 1 0 0 1 0 0.8660254037844351 0.5000000000000062 -6.421194943669295e-16 0.8660254037844351 0.5000000000000062 -6.421194943669295e-16 0.8660254037844351 0.5000000000000062 -6.421194943669295e-16 0.8660254037844351 0.5000000000000062 -6.421194943669295e-16 0.8660254037844351 0.5000000000000062 -6.421194943669295e-16 0.8660254037844351 0.5000000000000062 -6.421194943669295e-16 0.8660254037844351 0.5000000000000062 -6.421194943669295e-16 0.8660254037844351 0.5000000000000062 -6.421194943669295e-16 0.8660254037844351 0.5000000000000062 -6.421194943669295e-16 0.8660254037844351 0.5000000000000062 -6.421194943669295e-16 -0.8660254037844442 0.4999999999999903 -5.677790152694849e-16 -0.8660254037844442 0.4999999999999903 -5.677790152694849e-16 -0.8660254037844442 0.4999999999999903 -5.677790152694849e-16 -0.8660254037844442 0.4999999999999903 -5.677790152694849e-16 -0.8660254037844442 0.4999999999999903 -5.677790152694849e-16 -0.8660254037844442 0.4999999999999903 -5.677790152694849e-16 -0.8660254037844442 0.4999999999999903 -5.677790152694849e-16 -0.8660254037844442 0.4999999999999903 -5.677790152694849e-16 -0.8660254037844442 0.4999999999999903 -5.677790152694849e-16 -0.8660254037844442 0.4999999999999903 -5.677790152694849e-16 -0.5078513249925481 4.392508260668028e-15 -0.8614447351416765 -0.5078513249925481 4.392508260668028e-15 -0.8614447351416765 -0.5078513249925481 4.392508260668028e-15 -0.8614447351416765 -0.5078513249925481 4.392508260668028e-15 -0.8614447351416765 -0.5078513249925481 4.392508260668028e-15 -0.8614447351416765 -0.5078513249925481 4.392508260668028e-15 -0.8614447351416765 -0.5078513249925481 4.392508260668028e-15 -0.8614447351416765 -0.5078513249925481 4.392508260668028e-15 -0.8614447351416765 -0.5078513249925481 4.392508260668028e-15 -0.8614447351416765 -0.5078513249925481 4.392508260668028e-15 -0.8614447351416765 -0.5078513249925481 4.392508260668028e-15 -0.8614447351416765 -0.5078513249925481 4.392508260668028e-15 -0.8614447351416765 -0.5078513249925481 4.392508260668028e-15 -0.8614447351416765 -0.5078513249925481 4.392508260668028e-15 -0.8614447351416765 -0.5078513249925481 4.392508260668028e-15 -0.8614447351416765 -0.5078513249925481 4.392508260668028e-15 -0.8614447351416765 -0.5078513249925481 4.392508260668028e-15 -0.8614447351416765 -0.5078513249925481 4.392508260668028e-15 -0.8614447351416765 -0.5078513249925481 4.392508260668028e-15 -0.8614447351416765 -0.5078513249925481 4.392508260668028e-15 -0.8614447351416765 -0.5078513249925481 4.392508260668028e-15 -0.8614447351416765 -0.5078513249925481 4.392508260668028e-15 -0.8614447351416765 -0.5078513249925481 4.392508260668028e-15 -0.8614447351416765 -0.5078513249925481 4.392508260668028e-15 -0.8614447351416765 0.5078513249925561 4.313870005362043e-15 0.8614447351416718 0.5078513249925561 4.313870005362043e-15 0.8614447351416718 0.5078513249925561 4.313870005362043e-15 0.8614447351416718 0.5078513249925561 4.313870005362043e-15 0.8614447351416718 0.5078513249925561 4.313870005362043e-15 0.8614447351416718 0.5078513249925561 4.313870005362043e-15 0.8614447351416718 0.5078513249925561 4.313870005362043e-15 0.8614447351416718 0.5078513249925561 4.313870005362043e-15 0.8614447351416718 0.5078513249925561 4.313870005362043e-15 0.8614447351416718 0.5078513249925561 4.313870005362043e-15 0.8614447351416718 0.5078513249925561 4.313870005362043e-15 0.8614447351416718 0.5078513249925561 4.313870005362043e-15 0.8614447351416718 0.5078513249925561 4.313870005362043e-15 0.8614447351416718 0.5078513249925561 4.313870005362043e-15 0.8614447351416718 0.5078513249925561 4.313870005362043e-15 0.8614447351416718 0.5078513249925561 4.313870005362043e-15 0.8614447351416718 0.5078513249925561 4.313870005362043e-15 0.8614447351416718 0.5078513249925561 4.313870005362043e-15 0.8614447351416718 0.5078513249925561 4.313870005362043e-15 0.8614447351416718 0.5078513249925561 4.313870005362043e-15 0.8614447351416718 0.5078513249925561 4.313870005362043e-15 0.8614447351416718 0.5078513249925561 4.313870005362043e-15 0.8614447351416718 0.5078513249925561 4.313870005362043e-15 0.8614447351416718 0.5078513249925561 4.313870005362043e-15 0.8614447351416718 -0.2420870317033056 -0.8660254037844518 0.4374858501495331 -0.2420870317033056 -0.8660254037844518 0.4374858501495331 -0.2420870317033056 -0.8660254037844518 0.4374858501495331 -0.2420870317033056 -0.8660254037844518 0.4374858501495331 -0.2420870317033056 -0.8660254037844518 0.4374858501495331 -0.2420870317033056 -0.8660254037844518 0.4374858501495331 -0.2420870317033056 -0.8660254037844518 0.4374858501495331 -0.2420870317033056 -0.8660254037844518 0.4374858501495331 -0.2420870317033056 -0.8660254037844518 0.4374858501495331 -0.2420870317033056 -0.8660254037844518 0.4374858501495331 -0.4841740634066221 0 0.8749717002991127 -0.4841740634066221 0 0.8749717002991127 -0.4841740634066221 0 0.8749717002991127 -0.4841740634066221 0 0.8749717002991127 -0.4841740634066221 0 0.8749717002991127 -0.4841740634066221 0 0.8749717002991127 -0.4841740634066221 0 0.8749717002991127 -0.4841740634066221 0 0.8749717002991127 -0.4841740634066221 0 0.8749717002991127 -0.4841740634066221 0 0.8749717002991127 -0.2420870317033082 0.8660254037844316 0.437485850149572 -0.2420870317033082 0.8660254037844316 0.437485850149572 -0.2420870317033082 0.8660254037844316 0.437485850149572 -0.2420870317033082 0.8660254037844316 0.437485850149572 -0.2420870317033082 0.8660254037844316 0.437485850149572 -0.2420870317033082 0.8660254037844316 0.437485850149572 -0.2420870317033082 0.8660254037844316 0.437485850149572 -0.2420870317033082 0.8660254037844316 0.437485850149572 -0.2420870317033082 0.8660254037844316 0.437485850149572 -0.2420870317033082 0.8660254037844316 0.437485850149572 0.4841740634066219 0 -0.8749717002991127 0.4841740634066219 0 -0.8749717002991127 0.4841740634066219 0 -0.8749717002991127 0.4841740634066219 0 -0.8749717002991127 0.4841740634066219 0 -0.8749717002991127 0.4841740634066219 0 -0.8749717002991127 0.4841740634066219 0 -0.8749717002991127 0.4841740634066219 0 -0.8749717002991127 0.4841740634066219 0 -0.8749717002991127 0.4841740634066219 0 -0.8749717002991127 0.2420870317033055 -0.8660254037844418 -0.4374858501495534 0.2420870317033055 -0.8660254037844418 -0.4374858501495534 0.2420870317033055 -0.8660254037844418 -0.4374858501495534 0.2420870317033055 -0.8660254037844418 -0.4374858501495534 0.2420870317033055 -0.8660254037844418 -0.4374858501495534 0.2420870317033055 -0.8660254037844418 -0.4374858501495534 0.2420870317033055 -0.8660254037844418 -0.4374858501495534 0.2420870317033055 -0.8660254037844418 -0.4374858501495534 0.2420870317033055 -0.8660254037844418 -0.4374858501495534 0.2420870317033055 -0.8660254037844418 -0.4374858501495534 0.2420870317033152 0.8660254037844272 -0.4374858501495768 0.2420870317033152 0.8660254037844272 -0.4374858501495768 0.2420870317033152 0.8660254037844272 -0.4374858501495768 0.2420870317033152 0.8660254037844272 -0.4374858501495768 0.2420870317033152 0.8660254037844272 -0.4374858501495768 0.2420870317033152 0.8660254037844272 -0.4374858501495768 0.2420870317033152 0.8660254037844272 -0.4374858501495768 0.2420870317033152 0.8660254037844272 -0.4374858501495768 0.2420870317033152 0.8660254037844272 -0.4374858501495768 0.2420870317033152 0.8660254037844272 -0.4374858501495768 -0.5078513249925522 -3.954380838248599e-15 -0.8614447351416741 -0.5078513249925522 -3.954380838248599e-15 -0.8614447351416741 -0.5078513249925522 -3.954380838248599e-15 -0.8614447351416741 -0.5078513249925522 -3.954380838248599e-15 -0.8614447351416741 -0.5078513249925522 -3.954380838248599e-15 -0.8614447351416741 -0.5078513249925522 -3.954380838248599e-15 -0.8614447351416741 -0.5078513249925522 -3.954380838248599e-15 -0.8614447351416741 -0.5078513249925522 -3.954380838248599e-15 -0.8614447351416741 -0.5078513249925522 -3.954380838248599e-15 -0.8614447351416741 -0.5078513249925522 -3.954380838248599e-15 -0.8614447351416741 -0.5078513249925522 -3.954380838248599e-15 -0.8614447351416741 -0.5078513249925522 -3.954380838248599e-15 -0.8614447351416741 -0.5078513249925522 -3.954380838248599e-15 -0.8614447351416741 -0.5078513249925522 -3.954380838248599e-15 -0.8614447351416741 -0.5078513249925522 -3.954380838248599e-15 -0.8614447351416741 -0.5078513249925522 -3.954380838248599e-15 -0.8614447351416741 -0.5078513249925522 -3.954380838248599e-15 -0.8614447351416741 -0.5078513249925522 -3.954380838248599e-15 -0.8614447351416741 -0.5078513249925522 -3.954380838248599e-15 -0.8614447351416741 -0.5078513249925522 -3.954380838248599e-15 -0.8614447351416741 -0.5078513249925522 -3.954380838248599e-15 -0.8614447351416741 -0.5078513249925522 -3.954380838248599e-15 -0.8614447351416741 -0.5078513249925522 -3.954380838248599e-15 -0.8614447351416741 -0.5078513249925522 -3.954380838248599e-15 -0.8614447351416741 2.875913336907987e-15 -0.5078513249925481 0.8614447351416766 2.875913336907987e-15 -0.5078513249925481 0.8614447351416766 2.875913336907987e-15 -0.5078513249925481 0.8614447351416766 2.875913336907987e-15 -0.5078513249925481 0.8614447351416766 2.875913336907987e-15 -0.5078513249925481 0.8614447351416766 2.875913336907987e-15 -0.5078513249925481 0.8614447351416766 2.875913336907987e-15 -0.5078513249925481 0.8614447351416766 2.875913336907987e-15 -0.5078513249925481 0.8614447351416766 2.875913336907987e-15 -0.5078513249925481 0.8614447351416766 2.875913336907987e-15 -0.5078513249925481 0.8614447351416766 2.875913336907987e-15 -0.5078513249925481 0.8614447351416766 2.875913336907987e-15 -0.5078513249925481 0.8614447351416766 2.875913336907987e-15 -0.5078513249925481 0.8614447351416766 2.875913336907987e-15 -0.5078513249925481 0.8614447351416766 2.875913336907987e-15 -0.5078513249925481 0.8614447351416766 2.875913336907987e-15 -0.5078513249925481 0.8614447351416766 2.875913336907987e-15 -0.5078513249925481 0.8614447351416766 2.875913336907987e-15 -0.5078513249925481 0.8614447351416766 2.875913336907987e-15 -0.5078513249925481 0.8614447351416766 2.875913336907987e-15 -0.5078513249925481 0.8614447351416766 2.875913336907987e-15 -0.5078513249925481 0.8614447351416766 2.875913336907987e-15 -0.5078513249925481 0.8614447351416766 2.875913336907987e-15 -0.5078513249925481 0.8614447351416766 2.875913336907987e-15 -0.5078513249925481 0.8614447351416766 -0.499999999999993 -0.8660254037844427 -8.268374778659733e-15 -0.499999999999993 -0.8660254037844427 -8.268374778659733e-15 -0.499999999999993 -0.8660254037844427 -8.268374778659733e-15 -0.499999999999993 -0.8660254037844427 -8.268374778659733e-15 -0.499999999999993 -0.8660254037844427 -8.268374778659733e-15 -0.499999999999993 -0.8660254037844427 -8.268374778659733e-15 -0.499999999999993 -0.8660254037844427 -8.268374778659733e-15 -0.499999999999993 -0.8660254037844427 -8.268374778659733e-15 -0.499999999999993 -0.8660254037844427 -8.268374778659733e-15 -0.499999999999993 -0.8660254037844427 -8.268374778659733e-15 -1 0 1.266533657630283e-15 -1 0 1.266533657630283e-15 -1 0 1.266533657630283e-15 -1 0 1.266533657630283e-15 -1 0 1.266533657630283e-15 -1 0 1.266533657630283e-15 -1 0 1.266533657630283e-15 -1 0 1.266533657630283e-15 -1 0 1.266533657630283e-15 -1 0 1.266533657630283e-15 -0.5000000000000064 0.866025403784435 -2.560932939096802e-15 -0.5000000000000064 0.866025403784435 -2.560932939096802e-15 -0.5000000000000064 0.866025403784435 -2.560932939096802e-15 -0.5000000000000064 0.866025403784435 -2.560932939096802e-15 -0.5000000000000064 0.866025403784435 -2.560932939096802e-15 -0.5000000000000064 0.866025403784435 -2.560932939096802e-15 -0.5000000000000064 0.866025403784435 -2.560932939096802e-15 -0.5000000000000064 0.866025403784435 -2.560932939096802e-15 -0.5000000000000064 0.866025403784435 -2.560932939096802e-15 -0.5000000000000064 0.866025403784435 -2.560932939096802e-15 0.5000000000000172 0.8660254037844288 7.75690891957754e-16 0.5000000000000172 0.8660254037844288 7.75690891957754e-16 0.5000000000000172 0.8660254037844288 7.75690891957754e-16 0.5000000000000172 0.8660254037844288 7.75690891957754e-16 0.5000000000000172 0.8660254037844288 7.75690891957754e-16 0.5000000000000172 0.8660254037844288 7.75690891957754e-16 0.5000000000000172 0.8660254037844288 7.75690891957754e-16 0.5000000000000172 0.8660254037844288 7.75690891957754e-16 0.5000000000000172 0.8660254037844288 7.75690891957754e-16 0.5000000000000172 0.8660254037844288 7.75690891957754e-16 1 1.003143536366363e-14 -2.568047453097834e-16 1 1.003143536366363e-14 -2.568047453097834e-16 1 1.003143536366363e-14 -2.568047453097834e-16 1 1.003143536366363e-14 -2.568047453097834e-16 1 1.003143536366363e-14 -2.568047453097834e-16 1 1.003143536366363e-14 -2.568047453097834e-16 1 1.003143536366363e-14 -2.568047453097834e-16 1 1.003143536366363e-14 -2.568047453097834e-16 1 1.003143536366363e-14 -2.568047453097834e-16 1 1.003143536366363e-14 -2.568047453097834e-16 0.4999999999999864 -0.8660254037844464 -5.528592188802765e-15 0.4999999999999864 -0.8660254037844464 -5.528592188802765e-15 0.4999999999999864 -0.8660254037844464 -5.528592188802765e-15 0.4999999999999864 -0.8660254037844464 -5.528592188802765e-15 0.4999999999999864 -0.8660254037844464 -5.528592188802765e-15 0.4999999999999864 -0.8660254037844464 -5.528592188802765e-15 0.4999999999999864 -0.8660254037844464 -5.528592188802765e-15 0.4999999999999864 -0.8660254037844464 -5.528592188802765e-15 0.4999999999999864 -0.8660254037844464 -5.528592188802765e-15 0.4999999999999864 -0.8660254037844464 -5.528592188802765e-15 -5.456347659001288e-15 0.5078513249925519 -0.8614447351416743 -5.456347659001288e-15 0.5078513249925519 -0.8614447351416743 -5.456347659001288e-15 0.5078513249925519 -0.8614447351416743 -5.456347659001288e-15 0.5078513249925519 -0.8614447351416743 -5.456347659001288e-15 0.5078513249925519 -0.8614447351416743 -5.456347659001288e-15 0.5078513249925519 -0.8614447351416743 -5.456347659001288e-15 0.5078513249925519 -0.8614447351416743 -5.456347659001288e-15 0.5078513249925519 -0.8614447351416743 -5.456347659001288e-15 0.5078513249925519 -0.8614447351416743 -5.456347659001288e-15 0.5078513249925519 -0.8614447351416743 -5.456347659001288e-15 0.5078513249925519 -0.8614447351416743 -5.456347659001288e-15 0.5078513249925519 -0.8614447351416743 -5.456347659001288e-15 0.5078513249925519 -0.8614447351416743 -5.456347659001288e-15 0.5078513249925519 -0.8614447351416743 -5.456347659001288e-15 0.5078513249925519 -0.8614447351416743 -5.456347659001288e-15 0.5078513249925519 -0.8614447351416743 -5.456347659001288e-15 0.5078513249925519 -0.8614447351416743 -5.456347659001288e-15 0.5078513249925519 -0.8614447351416743 -5.456347659001288e-15 0.5078513249925519 -0.8614447351416743 -5.456347659001288e-15 0.5078513249925519 -0.8614447351416743 -5.456347659001288e-15 0.5078513249925519 -0.8614447351416743 -5.456347659001288e-15 0.5078513249925519 -0.8614447351416743 -5.456347659001288e-15 0.5078513249925519 -0.8614447351416743 -5.456347659001288e-15 0.5078513249925519 -0.8614447351416743 -4.511798974675267e-15 -1 0 -4.511798974675267e-15 -1 0 -4.511798974675267e-15 -1 0 -4.511798974675267e-15 -1 0 -4.511798974675267e-15 -1 0 -4.511798974675267e-15 -1 0 -4.511798974675267e-15 -1 0 -4.511798974675267e-15 -1 0 -4.511798974675267e-15 -1 0 -4.511798974675267e-15 -1 0 -4.511798974675267e-15 -1 0 -4.511798974675267e-15 -1 0 -4.511798974675267e-15 -1 0 -4.511798974675267e-15 -1 0 -4.511798974675267e-15 -1 0 -4.511798974675267e-15 -1 0 -4.511798974675267e-15 -1 0 -4.511798974675267e-15 -1 0 -4.511798974675267e-15 -1 0 -4.511798974675267e-15 -1 0 -4.511798974675267e-15 -1 0 -4.511798974675267e-15 -1 0 -4.511798974675267e-15 -1 0 -4.511798974675267e-15 -1 0 -0.8660254037844365 0.2420870317033182 0.4374858501495565 -0.8660254037844365 0.2420870317033182 0.4374858501495565 -0.8660254037844365 0.2420870317033182 0.4374858501495565 -0.8660254037844365 0.2420870317033182 0.4374858501495565 -0.8660254037844365 0.2420870317033182 0.4374858501495565 -0.8660254037844365 0.2420870317033182 0.4374858501495565 -0.8660254037844365 0.2420870317033182 0.4374858501495565 -0.8660254037844365 0.2420870317033182 0.4374858501495565 -0.8660254037844365 0.2420870317033182 0.4374858501495565 -0.8660254037844365 0.2420870317033182 0.4374858501495565 0.8660254037844324 0.2420870317033161 0.4374858501495662 0.8660254037844324 0.2420870317033161 0.4374858501495662 0.8660254037844324 0.2420870317033161 0.4374858501495662 0.8660254037844324 0.2420870317033161 0.4374858501495662 0.8660254037844324 0.2420870317033161 0.4374858501495662 0.8660254037844324 0.2420870317033161 0.4374858501495662 0.8660254037844324 0.2420870317033161 0.4374858501495662 0.8660254037844324 0.2420870317033161 0.4374858501495662 0.8660254037844324 0.2420870317033161 0.4374858501495662 0.8660254037844324 0.2420870317033161 0.4374858501495662 -5.52265430476778e-15 0.4841740634066254 0.8749717002991108 -5.52265430476778e-15 0.4841740634066254 0.8749717002991108 -5.52265430476778e-15 0.4841740634066254 0.8749717002991108 -5.52265430476778e-15 0.4841740634066254 0.8749717002991108 -5.52265430476778e-15 0.4841740634066254 0.8749717002991108 -5.52265430476778e-15 0.4841740634066254 0.8749717002991108 -5.52265430476778e-15 0.4841740634066254 0.8749717002991108 -5.52265430476778e-15 0.4841740634066254 0.8749717002991108 -5.52265430476778e-15 0.4841740634066254 0.8749717002991108 -5.52265430476778e-15 0.4841740634066254 0.8749717002991108 0 -0.484174063406625 -0.874971700299111 0 -0.484174063406625 -0.874971700299111 0 -0.484174063406625 -0.874971700299111 0 -0.484174063406625 -0.874971700299111 0 -0.484174063406625 -0.874971700299111 0 -0.484174063406625 -0.874971700299111 0 -0.484174063406625 -0.874971700299111 0 -0.484174063406625 -0.874971700299111 0 -0.484174063406625 -0.874971700299111 0 -0.484174063406625 -0.874971700299111 0.8660254037844412 -0.2420870317033108 -0.4374858501495517 0.8660254037844412 -0.2420870317033108 -0.4374858501495517 0.8660254037844412 -0.2420870317033108 -0.4374858501495517 0.8660254037844412 -0.2420870317033108 -0.4374858501495517 0.8660254037844412 -0.2420870317033108 -0.4374858501495517 0.8660254037844412 -0.2420870317033108 -0.4374858501495517 0.8660254037844412 -0.2420870317033108 -0.4374858501495517 0.8660254037844412 -0.2420870317033108 -0.4374858501495517 0.8660254037844412 -0.2420870317033108 -0.4374858501495517 0.8660254037844412 -0.2420870317033108 -0.4374858501495517 -0.8660254037844447 -0.242087031703303 -0.4374858501495489 -0.8660254037844447 -0.242087031703303 -0.4374858501495489 -0.8660254037844447 -0.242087031703303 -0.4374858501495489 -0.8660254037844447 -0.242087031703303 -0.4374858501495489 -0.8660254037844447 -0.242087031703303 -0.4374858501495489 -0.8660254037844447 -0.242087031703303 -0.4374858501495489 -0.8660254037844447 -0.242087031703303 -0.4374858501495489 -0.8660254037844447 -0.242087031703303 -0.4374858501495489 -0.8660254037844447 -0.242087031703303 -0.4374858501495489 -0.8660254037844447 -0.242087031703303 -0.4374858501495489</float_array>
          <technique_common>
            <accessor source="#representation-1069485-material-3732-normals-array" count="3266" stride="3">
              <param name="X" type="float"/>
              <param name="Y" type="float"/>
              <param name="Z" type="float"/>
            </accessor>
          </technique_common>
        </source>
        <vertices id="representation-1069485-material-3732-vertices">
          <input semantic="POSITION" source="#representation-1069485-material-3732-positions"/>
        </vertices>
        <triangles material="IfcMaterial-3732" count="2630">
          <input semantic="VERTEX" source="#representation-1069485-material-3732-vertices" offset="0"/>
          <input semantic="NORMAL" source="#representation-1069485-material-3732-normals" offset="1"/>
          <p>2 2 1 1 0 0 4 4 5 5 3 3 6 6 8 8 7 7 9 9 11 11 10 10 12 12 13 13 14 14 16 16 17 17 15 15 20 20 19 19 18 18 22 22 21 21 23 23 25 25 26 26 27 27 25 25 27 27 24 24 30 30 28 28 29 29 31 31 28 28 30 30 33 33 32 32 34 34 37 37 35 35 36 36 38 38 40 40 39 39 43 43 42 42 41 41 46 46 44 44 45 45 49 49 47 47 48 48 52 52 51 51 50 50 55 55 54 54 53 53 59 59 56 56 57 57 59 59 57 57 58 58 63 63 60 60 61 61 63 63 61 61 62 62 66 66 65 65 64 64 68 68 69 69 67 67 70 70 72 72 71 71 73 73 75 75 74 74 76 76 77 77 78 78 80 80 81 81 79 79 84 84 83 83 82 82 86 86 85 85 87 87 91 91 88 88 89 89 91 91 89 89 90 90 95 95 92 92 93 93 95 95 93 93 94 94 98 98 97 97 96 96 100 100 101 101 99 99 102 102 104 104 103 103 105 105 107 107 106 106 108 108 109 109 110 110 112 112 113 113 111 111 116 116 115 115 114 114 118 118 117 117 119 119 123 123 120 120 121 121 123 123 121 121 122 122 124 124 125 125 126 126 124 124 126 126 127 127 130 130 129 129 128 128 132 132 133 133 131 131 136 136 135 135 134 134 137 137 139 139 138 138 140 140 141 141 142 142 145 145 143 143 144 144 148 148 147 147 146 146 150 150 149 149 151 151 155 155 152 152 153 153 155 155 153 153 154 154 159 159 157 157 158 158 156 156 157 157 159 159 163 163 160 160 161 161 163 163 161 161 162 162 164 164 165 165 166 166 164 164 166 166 167 167 171 171 168 168 169 169 171 171 169 169 170 170 174 174 173 173 172 172 174 174 175 175 173 173 178 178 176 176 177 177 178 178 179 179 176 176 182 182 180 180 181 181 182 182 183 183 180 180 187 187 184 184 185 185 187 187 185 185 186 186 188 188 189 189 190 190 188 188 190 190 191 191 193 193 194 194 195 195 193 193 195 195 192 192 197 197 196 196 198 198 197 197 198 198 199 199 202 202 200 200 201 201 203 203 200 200 202 202 207 207 205 205 206 206 204 204 205 205 207 207 210 210 209 209 208 208 212 212 213 213 211 211 214 214 216 216 215 215 217 217 219 219 218 218 220 220 221 221 222 222 224 224 225 225 223 223 228 228 227 227 226 226 230 230 229 229 231 231 235 235 232 232 233 233 235 235 233 233 234 234 236 236 237 237 238 238 236 236 238 238 239 239 242 242 241 241 240 240 244 244 245 245 243 243 246 246 248 248 247 247 249 249 251 251 250 250 252 252 253 253 254 254 256 256 257 257 255 255 260 260 259 259 258 258 262 262 261 261 263 263 265 265 266 266 267 267 265 265 267 267 264 264 270 270 268 268 269 269 271 271 268 268 270 270 274 274 273 273 272 272 276 276 277 277 275 275 278 278 280 280 279 279 281 281 283 283 282 282 284 284 285 285 286 286 289 289 287 287 288 288 292 292 291 291 290 290 294 294 293 293 295 295 299 299 296 296 297 297 299 299 297 297 298 298 300 300 301 301 302 302 300 300 302 302 303 303 324 324 325 325 326 326 323 323 326 326 327 327 323 323 324 324 326 326 306 306 304 304 305 305 306 306 327 327 304 304 307 307 327 327 306 306 320 320 321 321 322 322 320 320 322 322 323 323 319 319 323 323 327 327 319 319 320 320 323 323 319 319 327 327 307 307 310 310 308 308 309 309 311 311 307 307 308 308 311 311 308 308 310 310 316 316 317 317 318 318 316 316 318 318 319 319 315 315 319 319 307 307 315 315 316 316 319 319 315 315 307 307 311 311 314 314 311 311 312 312 314 314 315 315 311 311 313 313 314 314 312 312 332 332 333 333 334 334 332 332 334 334 335 335 332 332 335 335 336 336 332 332 336 336 337 337 332 332 337 337 338 338 332 332 338 338 339 339 332 332 339 339 340 340 331 331 332 332 340 340 330 330 331 331 340 340 329 329 330 330 340 340 328 328 329 329 340 340 345 345 342 342 343 343 345 345 343 343 344 344 346 346 341 341 342 342 346 346 342 342 345 345 347 347 350 350 341 341 347 347 341 341 346 346 348 348 349 349 350 350 348 348 350 350 347 347 354 354 355 355 356 356 353 353 354 354 356 356 352 352 353 353 356 356 351 351 356 356 357 357 351 351 357 357 358 358 351 351 358 358 359 359 351 351 359 359 360 360 351 351 360 360 361 361 351 351 352 352 356 356 366 366 367 367 368 368 365 365 366 366 368 368 364 364 365 365 368 368 363 363 368 368 369 369 363 363 369 369 370 370 363 363 370 370 371 371 363 363 371 371 362 362 363 363 364 364 368 368 375 375 376 376 377 377 375 375 377 377 378 378 375 375 378 378 379 379 375 375 379 379 380 380 374 374 375 375 380 380 373 373 374 374 380 380 372 372 373 373 380 380 381 381 372 372 380 380 387 387 384 384 385 385 387 387 385 385 386 386 388 388 383 383 384 384 388 388 384 384 387 387 389 389 382 382 383 383 389 389 383 383 388 388 390 390 391 391 382 382 390 390 382 382 389 389 404 404 405 405 406 406 403 403 406 406 407 407 403 403 404 404 406 406 410 410 408 408 409 409 411 411 407 407 408 408 411 411 408 408 410 410 400 400 401 401 402 402 399 399 402 402 403 403 399 399 400 400 402 402 414 414 412 412 413 413 415 415 411 411 412 412 415 415 403 403 407 407 415 415 407 407 411 411 415 415 399 399 403 403 415 415 412 412 414 414 396 396 397 397 398 398 395 395 398 398 399 399 395 395 399 399 415 415 395 395 396 396 398 398 394 394 415 415 392 392 394 394 395 395 415 415 393 393 394 394 392 392 426 426 427 427 428 428 425 425 426 426 428 428 424 424 425 425 428 428 423 423 424 424 428 428 422 422 423 423 428 428 421 421 428 428 416 416 421 421 422 422 428 428 420 420 416 416 417 417 420 420 417 417 418 418 420 420 418 418 419 419 420 420 421 421 416 416 436 436 437 437 438 438 436 436 438 438 439 439 436 436 439 439 429 429 435 435 429 429 430 430 435 435 436 436 429 429 434 434 435 435 430 430 433 433 434 434 430 430 432 432 433 433 430 430 431 431 432 432 430 430 441 441 446 446 447 447 441 441 447 447 448 448 441 441 448 448 449 449 440 440 446 446 441 441 442 442 445 445 446 446 442 442 446 446 440 440 443 443 444 444 445 445 443 443 445 445 442 442 453 453 454 454 455 455 453 453 455 455 456 456 453 453 456 456 457 457 452 452 457 457 458 458 452 452 453 453 457 457 451 451 452 452 458 458 450 450 451 451 458 458 459 459 450 450 458 458 461 461 462 462 463 463 460 460 461 461 463 463 469 469 463 463 464 464 469 469 460 460 463 463 468 468 464 464 465 465 468 468 465 465 466 466 468 468 466 466 467 467 468 468 469 469 464 464 470 470 477 477 478 478 470 470 478 478 479 479 471 471 476 476 477 477 471 471 477 477 470 470 472 472 475 475 476 476 472 472 476 476 471 471 473 473 474 474 475 475 473 473 475 475 472 472 500 500 501 501 502 502 499 499 502 502 503 503 499 499 500 500 502 502 482 482 480 480 481 481 483 483 503 503 480 480 483 483 480 480 482 482 496 496 497 497 498 498 496 496 498 498 499 499 495 495 499 499 503 503 495 495 496 496 499 499 486 486 484 484 485 485 487 487 483 483 484 484 487 487 484 484 486 486 492 492 493 493 494 494 491 491 494 494 495 495 491 491 503 503 483 483 491 491 495 495 503 503 491 491 483 483 487 487 491 491 492 492 494 494 490 490 487 487 488 488 490 490 491 491 487 487 489 489 490 490 488 488 522 522 520 520 521 521 523 523 519 519 520 520 523 523 520 520 522 522 516 516 517 517 518 518 516 516 518 518 519 519 515 515 516 516 519 519 526 526 523 523 524 524 526 526 524 524 525 525 527 527 519 519 523 523 527 527 523 523 526 526 512 512 513 513 514 514 511 511 514 514 515 515 511 511 512 512 514 514 506 506 504 504 505 505 507 507 527 527 504 504 507 507 515 515 519 519 507 507 519 519 527 527 507 507 511 511 515 515 507 507 504 504 506 506 508 508 510 510 511 511 508 508 511 511 507 507 509 509 510 510 508 508 528 528 529 529 530 530 528 528 530 530 531 531 528 528 531 531 532 532 528 528 532 532 533 533 537 537 528 528 533 533 536 536 537 537 533 533 535 535 536 536 533 533 534 534 535 535 533 533 542 542 538 538 539 539 542 542 539 539 540 540 542 542 540 540 541 541 543 543 538 538 542 542 544 544 547 547 538 538 544 544 538 538 543 543 545 545 546 546 547 547 545 545 547 547 544 544 548 548 549 549 550 550 557 557 548 548 550 550 556 556 557 557 550 550 555 555 550 550 551 551 555 555 551 551 552 552 555 555 552 552 553 553 555 555 553 553 554 554 555 555 556 556 550 550 566 566 564 564 565 565 567 567 564 564 566 566 558 558 563 563 564 564 558 558 564 564 567 567 559 559 562 562 563 563 559 559 563 563 558 558 560 560 561 561 562 562 560 560 562 562 559 559 576 576 568 568 569 569 576 576 569 569 570 570 576 576 570 570 571 571 576 576 577 577 568 568 575 575 576 576 571 571 574 574 575 575 571 571 573 573 574 574 571 571 572 572 573 573 571 571 580 580 581 581 582 582 579 579 580 580 582 582 578 578 579 579 582 582 587 587 582 582 583 583 587 587 583 583 584 584 587 587 584 584 585 585 587 587 585 585 586 586 587 587 578 578 582 582 600 600 601 601 602 602 599 599 602 602 603 603 599 599 600 600 602 602 606 606 603 603 604 604 606 606 604 604 605 605 607 607 603 603 606 606 596 596 597 597 598 598 596 596 598 598 599 599 595 595 599 599 603 603 595 595 596 596 599 599 610 610 608 608 609 609 611 611 607 607 608 608 611 611 608 608 610 610 592 592 593 593 594 594 591 591 594 594 595 595 591 591 603 603 607 607 591 591 595 595 603 603 591 591 607 607 611 611 591 591 592 592 594 594 590 590 611 611 588 588 590 590 591 591 611 611 589 589 590 590 588 588 635 635 612 612 613 613 634 634 613 613 614 614 634 634 635 635 613 613 617 617 615 615 616 616 618 618 614 614 615 615 618 618 615 615 617 617 631 631 632 632 633 633 631 631 633 633 634 634 630 630 634 634 614 614 630 630 631 631 634 634 630 630 614 614 618 618 621 621 619 619 620 620 622 622 618 618 619 619 622 622 619 619 621 621 627 627 628 628 629 629 627 627 629 629 630 630 626 626 630 630 618 618 626 626 618 618 622 622 626 626 627 627 630 630 625 625 622 622 623 623 625 625 626 626 622 622 624 624 625 625 623 623 636 636 637 637 638 638 636 636 638 638 639 639 636 636 639 639 640 640 636 636 640 640 641 641 645 645 636 636 641 641 644 644 645 645 641 641 643 643 644 644 641 641 642 642 643 643 641 641 655 655 652 652 653 653 655 655 653 653 654 654 646 646 651 651 652 652 646 646 652 652 655 655 647 647 650 650 651 651 647 647 651 651 646 646 648 648 649 649 650 650 648 648 650 650 647 647 656 656 657 657 658 658 665 665 656 656 658 658 664 664 665 665 658 658 663 663 658 658 659 659 663 663 659 659 660 660 663 663 660 660 661 661 663 663 661 661 662 662 663 663 664 664 658 658 670 670 667 667 668 668 670 670 668 668 669 669 671 671 666 666 667 667 671 671 667 667 670 670 672 672 675 675 666 666 672 672 666 666 671 671 673 673 674 674 675 675 673 673 675 675 672 672 684 684 676 676 677 677 684 684 677 677 678 678 684 684 678 678 679 679 684 684 685 685 676 676 683 683 684 684 679 679 682 682 683 683 679 679 681 681 682 682 679 679 680 680 681 681 679 679 688 688 689 689 690 690 687 687 688 688 690 690 686 686 687 687 690 690 695 695 690 690 691 691 695 695 691 691 692 692 695 695 692 692 693 693 695 695 693 693 694 694 695 695 686 686 690 690 716 716 717 717 718 718 715 715 718 718 719 719 715 715 716 716 718 718 698 698 696 696 697 697 698 698 719 719 696 696 699 699 719 719 698 698 712 712 713 713 714 714 712 712 714 714 715 715 711 711 715 715 719 719 711 711 712 712 715 715 711 711 719 719 699 699 702 702 700 700 701 701 703 703 699 699 700 700 703 703 700 700 702 702 708 708 709 709 710 710 708 708 710 710 711 711 707 707 711 711 699 699 707 707 708 708 711 711 707 707 699 699 703 703 706 706 703 703 704 704 706 706 707 707 703 703 705 705 706 706 704 704 724 724 725 725 726 726 724 724 726 726 727 727 724 724 727 727 728 728 724 724 728 728 729 729 724 724 729 729 730 730 724 724 730 730 731 731 724 724 731 731 732 732 723 723 724 724 732 732 722 722 723 723 732 732 721 721 722 722 732 732 720 720 721 721 732 732 737 737 733 733 734 734 737 737 734 734 735 735 737 737 735 735 736 736 738 738 733 733 737 737 739 739 742 742 733 733 739 739 733 733 738 738 740 740 741 741 742 742 740 740 742 742 739 739 746 746 747 747 748 748 745 745 746 746 748 748 744 744 745 745 748 748 743 743 748 748 749 749 743 743 749 749 750 750 743 743 750 750 751 751 743 743 751 751 752 752 743 743 752 752 753 753 743 743 744 744 748 748 758 758 759 759 760 760 757 757 758 758 760 760 756 756 757 757 760 760 755 755 760 760 761 761 755 755 761 761 762 762 755 755 762 762 763 763 755 755 763 763 754 754 755 755 756 756 760 760 767 767 768 768 769 769 767 767 769 769 770 770 767 767 770 770 771 771 767 767 771 771 772 772 766 766 767 767 772 772 765 765 766 766 772 772 764 764 765 765 772 772 773 773 764 764 772 772 779 779 776 776 777 777 779 779 777 777 778 778 780 780 775 775 776 776 780 780 776 776 779 779 781 781 774 774 775 775 781 781 775 775 780 780 782 782 783 783 774 774 782 782 774 774 781 781 806 806 804 804 805 805 807 807 803 803 804 804 807 807 804 804 806 806 800 800 801 801 802 802 800 800 802 802 803 803 799 799 800 800 803 803 799 799 803 803 807 807 786 786 784 784 785 785 786 786 807 807 784 784 787 787 807 807 786 786 796 796 797 797 798 798 795 795 798 798 799 799 795 795 799 799 807 807 795 795 796 796 798 798 790 790 787 787 788 788 790 790 788 788 789 789 791 791 807 807 787 787 791 791 795 795 807 807 791 791 787 787 790 790 792 792 794 794 795 795 792 792 795 795 791 791 793 793 794 794 792 792 818 818 819 819 820 820 817 817 818 818 820 820 816 816 817 817 820 820 815 815 816 816 820 820 814 814 815 815 820 820 813 813 820 820 808 808 813 813 814 814 820 820 812 812 808 808 809 809 812 812 809 809 810 810 812 812 810 810 811 811 812 812 813 813 808 808 828 828 829 829 830 830 828 828 830 830 831 831 828 828 831 831 821 821 827 827 821 821 822 822 827 827 828 828 821 821 826 826 827 827 822 822 825 825 826 826 822 822 824 824 825 825 822 822 823 823 824 824 822 822 833 833 838 838 839 839 833 833 839 839 840 840 833 833 840 840 841 841 832 832 838 838 833 833 834 834 837 837 838 838 834 834 838 838 832 832 835 835 836 836 837 837 835 835 837 837 834 834 845 845 846 846 847 847 845 845 847 847 848 848 845 845 848 848 849 849 844 844 849 849 850 850 844 844 845 845 849 849 843 843 844 844 850 850 842 842 843 843 850 850 851 851 842 842 850 850 853 853 854 854 855 855 852 852 853 853 855 855 861 861 855 855 856 856 861 861 852 852 855 855 860 860 856 856 857 857 860 860 857 857 858 858 860 860 858 858 859 859 860 860 861 861 856 856 862 862 869 869 870 870 862 862 870 870 871 871 863 863 868 868 869 869 863 863 869 869 862 862 864 864 867 867 868 868 864 864 868 868 863 863 865 865 866 866 867 867 865 865 867 867 864 864 892 892 893 893 894 894 891 891 894 894 895 895 891 891 892 892 894 894 874 874 872 872 873 873 875 875 895 895 872 872 875 875 872 872 874 874 888 888 889 889 890 890 888 888 890 890 891 891 887 887 891 891 895 895 887 887 888 888 891 891 878 878 876 876 877 877 879 879 875 875 876 876 879 879 876 876 878 878 884 884 885 885 886 886 883 883 886 886 887 887 883 883 895 895 875 875 883 883 887 887 895 895 883 883 875 875 879 879 883 883 884 884 886 886 882 882 879 879 880 880 882 882 883 883 879 879 881 881 882 882 880 880 907 907 908 908 909 909 906 906 909 909 910 910 906 906 907 907 909 909 913 913 911 911 912 912 914 914 910 910 911 911 914 914 911 911 913 913 903 903 904 904 905 905 903 903 905 905 906 906 902 902 906 906 910 910 902 902 910 910 914 914 902 902 903 903 906 906 917 917 915 915 916 916 918 918 914 914 915 915 918 918 915 915 917 917 899 899 900 900 901 901 899 899 901 901 902 902 898 898 902 902 914 914 898 898 914 914 918 918 898 898 899 899 902 902 897 897 918 918 919 919 897 897 898 898 918 918 896 896 897 897 919 919 920 920 921 921 922 922 920 920 922 922 923 923 920 920 923 923 924 924 920 920 924 924 925 925 929 929 920 920 925 925 928 928 929 929 925 925 927 927 928 928 925 925 926 926 927 927 925 925 934 934 931 931 932 932 934 934 932 932 933 933 935 935 930 930 931 931 935 935 939 939 930 930 935 935 931 931 934 934 936 936 939 939 935 935 937 937 938 938 939 939 937 937 939 939 936 936 940 940 941 941 942 942 949 949 940 940 942 942 948 948 949 949 942 942 947 947 942 942 943 943 947 947 943 943 944 944 947 947 944 944 945 945 947 947 945 945 946 946 947 947 948 948 942 942 959 959 956 956 957 957 959 959 957 957 958 958 950 950 954 954 955 955 950 950 955 955 956 956 950 950 956 956 959 959 951 951 954 954 950 950 952 952 953 953 954 954 952 952 954 954 951 951 968 968 960 960 961 961 968 968 961 961 962 962 968 968 962 962 963 963 968 968 969 969 960 960 967 967 968 968 963 963 966 966 967 967 963 963 965 965 966 966 963 963 964 964 965 965 963 963 972 972 973 973 974 974 971 971 972 972 974 974 970 970 971 971 974 974 979 979 974 974 975 975 979 979 975 975 976 976 979 979 976 976 977 977 979 979 977 977 978 978 979 979 970 970 974 974 992 992 993 993 994 994 991 991 994 994 995 995 991 991 992 992 994 994 998 998 995 995 996 996 998 998 996 996 997 997 999 999 995 995 998 998 988 988 989 989 990 990 988 988 990 990 991 991 987 987 991 991 995 995 987 987 988 988 991 991 1002 1002 1000 1000 1001 1001 1003 1003 999 999 1000 1000 1003 1003 1000 1000 1002 1002 984 984 985 985 986 986 983 983 986 986 987 987 983 983 995 995 999 999 983 983 987 987 995 995 983 983 999 999 1003 1003 983 983 984 984 986 986 982 982 1003 1003 980 980 982 982 983 983 1003 1003 981 981 982 982 980 980 1027 1027 1004 1004 1005 1005 1026 1026 1005 1005 1006 1006 1026 1026 1027 1027 1005 1005 1009 1009 1006 1006 1007 1007 1009 1009 1007 1007 1008 1008 1010 1010 1006 1006 1009 1009 1023 1023 1024 1024 1025 1025 1023 1023 1025 1025 1026 1026 1022 1022 1026 1026 1006 1006 1022 1022 1023 1023 1026 1026 1022 1022 1006 1006 1010 1010 1013 1013 1011 1011 1012 1012 1014 1014 1010 1010 1011 1011 1014 1014 1011 1011 1013 1013 1019 1019 1020 1020 1021 1021 1019 1019 1021 1021 1022 1022 1018 1018 1022 1022 1010 1010 1018 1018 1010 1010 1014 1014 1018 1018 1019 1019 1022 1022 1017 1017 1014 1014 1015 1015 1017 1017 1018 1018 1014 1014 1016 1016 1017 1017 1015 1015 1028 1028 1029 1029 1030 1030 1028 1028 1030 1030 1031 1031 1028 1028 1031 1031 1032 1032 1028 1028 1032 1032 1033 1033 1037 1037 1028 1028 1033 1033 1036 1036 1037 1037 1033 1033 1035 1035 1036 1036 1033 1033 1034 1034 1035 1035 1033 1033 1046 1046 1044 1044 1045 1045 1047 1047 1044 1044 1046 1046 1038 1038 1043 1043 1044 1044 1038 1038 1044 1044 1047 1047 1039 1039 1042 1042 1043 1043 1039 1039 1043 1043 1038 1038 1040 1040 1041 1041 1042 1042 1040 1040 1042 1042 1039 1039 1048 1048 1049 1049 1050 1050 1057 1057 1048 1048 1050 1050 1056 1056 1057 1057 1050 1050 1055 1055 1050 1050 1051 1051 1055 1055 1051 1051 1052 1052 1055 1055 1052 1052 1053 1053 1055 1055 1053 1053 1054 1054 1055 1055 1056 1056 1050 1050 1062 1062 1059 1059 1060 1060 1062 1062 1060 1060 1061 1061 1063 1063 1058 1058 1059 1059 1063 1063 1059 1059 1062 1062 1064 1064 1067 1067 1058 1058 1064 1064 1058 1058 1063 1063 1065 1065 1066 1066 1067 1067 1065 1065 1067 1067 1064 1064 1076 1076 1068 1068 1069 1069 1076 1076 1069 1069 1070 1070 1076 1076 1070 1070 1071 1071 1076 1076 1077 1077 1068 1068 1075 1075 1076 1076 1071 1071 1074 1074 1075 1075 1071 1071 1073 1073 1074 1074 1071 1071 1072 1072 1073 1073 1071 1071 1080 1080 1081 1081 1082 1082 1079 1079 1080 1080 1082 1082 1078 1078 1079 1079 1082 1082 1087 1087 1082 1082 1083 1083 1087 1087 1083 1083 1084 1084 1087 1087 1084 1084 1085 1085 1087 1087 1085 1085 1086 1086 1087 1087 1078 1078 1082 1082 1108 1108 1109 1109 1110 1110 1107 1107 1110 1110 1111 1111 1107 1107 1108 1108 1110 1110 1090 1090 1088 1088 1089 1089 1090 1090 1111 1111 1088 1088 1091 1091 1111 1111 1090 1090 1104 1104 1105 1105 1106 1106 1104 1104 1106 1106 1107 1107 1103 1103 1107 1107 1111 1111 1103 1103 1104 1104 1107 1107 1103 1103 1111 1111 1091 1091 1094 1094 1092 1092 1093 1093 1095 1095 1091 1091 1092 1092 1095 1095 1092 1092 1094 1094 1100 1100 1101 1101 1102 1102 1100 1100 1102 1102 1103 1103 1099 1099 1103 1103 1091 1091 1099 1099 1100 1100 1103 1103 1099 1099 1091 1091 1095 1095 1098 1098 1095 1095 1096 1096 1098 1098 1099 1099 1095 1095 1097 1097 1098 1098 1096 1096 1116 1116 1117 1117 1118 1118 1116 1116 1118 1118 1119 1119 1116 1116 1119 1119 1120 1120 1116 1116 1120 1120 1121 1121 1116 1116 1121 1121 1122 1122 1116 1116 1122 1122 1123 1123 1116 1116 1123 1123 1124 1124 1115 1115 1116 1116 1124 1124 1114 1114 1115 1115 1124 1124 1113 1113 1114 1114 1124 1124 1112 1112 1113 1113 1124 1124 1129 1129 1126 1126 1127 1127 1129 1129 1127 1127 1128 1128 1130 1130 1125 1125 1126 1126 1130 1130 1126 1126 1129 1129 1131 1131 1134 1134 1125 1125 1131 1131 1125 1125 1130 1130 1132 1132 1133 1133 1134 1134 1132 1132 1134 1134 1131 1131 1138 1138 1139 1139 1140 1140 1137 1137 1138 1138 1140 1140 1136 1136 1137 1137 1140 1140 1135 1135 1140 1140 1141 1141 1135 1135 1141 1141 1142 1142 1135 1135 1142 1142 1143 1143 1135 1135 1143 1143 1144 1144 1135 1135 1144 1144 1145 1145 1135 1135 1136 1136 1140 1140 1150 1150 1151 1151 1152 1152 1149 1149 1150 1150 1152 1152 1148 1148 1149 1149 1152 1152 1147 1147 1152 1152 1153 1153 1147 1147 1153 1153 1154 1154 1147 1147 1154 1154 1155 1155 1147 1147 1155 1155 1146 1146 1147 1147 1148 1148 1152 1152 1159 1159 1160 1160 1161 1161 1159 1159 1161 1161 1162 1162 1159 1159 1162 1162 1163 1163 1159 1159 1163 1163 1164 1164 1158 1158 1159 1159 1164 1164 1157 1157 1158 1158 1164 1164 1156 1156 1157 1157 1164 1164 1165 1165 1156 1156 1164 1164 1171 1171 1168 1168 1169 1169 1171 1171 1169 1169 1170 1170 1172 1172 1167 1167 1168 1168 1172 1172 1168 1168 1171 1171 1173 1173 1166 1166 1167 1167 1173 1173 1167 1167 1172 1172 1174 1174 1175 1175 1166 1166 1174 1174 1166 1166 1173 1173 1198 1198 1196 1196 1197 1197 1199 1199 1195 1195 1196 1196 1199 1199 1196 1196 1198 1198 1192 1192 1193 1193 1194 1194 1192 1192 1194 1194 1195 1195 1191 1191 1192 1192 1195 1195 1191 1191 1195 1195 1199 1199 1178 1178 1176 1176 1177 1177 1178 1178 1199 1199 1176 1176 1179 1179 1199 1199 1178 1178 1188 1188 1189 1189 1190 1190 1187 1187 1190 1190 1191 1191 1187 1187 1188 1188 1190 1190 1182 1182 1179 1179 1180 1180 1182 1182 1180 1180 1181 1181 1183 1183 1191 1191 1199 1199 1183 1183 1187 1187 1191 1191 1183 1183 1199 1199 1179 1179 1183 1183 1179 1179 1182 1182 1184 1184 1186 1186 1187 1187 1184 1184 1187 1187 1183 1183 1185 1185 1186 1186 1184 1184 1210 1210 1211 1211 1212 1212 1209 1209 1210 1210 1212 1212 1208 1208 1209 1209 1212 1212 1207 1207 1208 1208 1212 1212 1206 1206 1207 1207 1212 1212 1205 1205 1212 1212 1200 1200 1205 1205 1206 1206 1212 1212 1204 1204 1200 1200 1201 1201 1204 1204 1201 1201 1202 1202 1204 1204 1202 1202 1203 1203 1204 1204 1205 1205 1200 1200 1220 1220 1221 1221 1222 1222 1220 1220 1222 1222 1223 1223 1220 1220 1223 1223 1213 1213 1219 1219 1213 1213 1214 1214 1219 1219 1220 1220 1213 1213 1218 1218 1219 1219 1214 1214 1217 1217 1218 1218 1214 1214 1216 1216 1217 1217 1214 1214 1215 1215 1216 1216 1214 1214 1231 1231 1232 1232 1233 1233 1231 1231 1233 1233 1225 1225 1230 1230 1225 1225 1224 1224 1230 1230 1231 1231 1225 1225 1229 1229 1224 1224 1226 1226 1229 1229 1230 1230 1224 1224 1228 1228 1226 1226 1227 1227 1228 1228 1229 1229 1226 1226 1237 1237 1238 1238 1239 1239 1237 1237 1239 1239 1240 1240 1237 1237 1240 1240 1241 1241 1236 1236 1241 1241 1242 1242 1236 1236 1237 1237 1241 1241 1235 1235 1236 1236 1242 1242 1234 1234 1235 1235 1242 1242 1243 1243 1234 1234 1242 1242 1245 1245 1246 1246 1247 1247 1244 1244 1245 1245 1247 1247 1253 1253 1247 1247 1248 1248 1253 1253 1244 1244 1247 1247 1252 1252 1248 1248 1249 1249 1252 1252 1249 1249 1250 1250 1252 1252 1250 1250 1251 1251 1252 1252 1253 1253 1248 1248 1256 1256 1257 1257 1258 1258 1256 1256 1258 1258 1259 1259 1255 1255 1259 1259 1260 1260 1255 1255 1256 1256 1259 1259 1254 1254 1260 1260 1261 1261 1254 1254 1255 1255 1260 1260 1263 1263 1261 1261 1262 1262 1263 1263 1254 1254 1261 1261 1284 1284 1285 1285 1286 1286 1283 1283 1286 1286 1287 1287 1283 1283 1284 1284 1286 1286 1266 1266 1264 1264 1265 1265 1267 1267 1287 1287 1264 1264 1267 1267 1264 1264 1266 1266 1280 1280 1281 1281 1282 1282 1280 1280 1282 1282 1283 1283 1279 1279 1283 1283 1287 1287 1279 1279 1280 1280 1283 1283 1270 1270 1268 1268 1269 1269 1271 1271 1267 1267 1268 1268 1271 1271 1268 1268 1270 1270 1276 1276 1277 1277 1278 1278 1275 1275 1278 1278 1279 1279 1275 1275 1287 1287 1267 1267 1275 1275 1279 1279 1287 1287 1275 1275 1267 1267 1271 1271 1275 1275 1276 1276 1278 1278 1274 1274 1271 1271 1272 1272 1274 1274 1275 1275 1271 1271 1273 1273 1274 1274 1272 1272 1299 1299 1300 1300 1301 1301 1298 1298 1301 1301 1302 1302 1298 1298 1299 1299 1301 1301 1305 1305 1303 1303 1304 1304 1306 1306 1302 1302 1303 1303 1306 1306 1303 1303 1305 1305 1295 1295 1296 1296 1297 1297 1295 1295 1297 1297 1298 1298 1294 1294 1298 1298 1302 1302 1294 1294 1302 1302 1306 1306 1294 1294 1295 1295 1298 1298 1309 1309 1307 1307 1308 1308 1310 1310 1306 1306 1307 1307 1310 1310 1307 1307 1309 1309 1291 1291 1292 1292 1293 1293 1291 1291 1293 1293 1294 1294 1290 1290 1294 1294 1306 1306 1290 1290 1306 1306 1310 1310 1290 1290 1291 1291 1294 1294 1289 1289 1310 1310 1311 1311 1289 1289 1290 1290 1310 1310 1288 1288 1289 1289 1311 1311 1312 1312 1313 1313 1314 1314 1312 1312 1314 1314 1315 1315 1312 1312 1315 1315 1316 1316 1312 1312 1316 1316 1317 1317 1321 1321 1312 1312 1317 1317 1320 1320 1321 1321 1317 1317 1319 1319 1320 1320 1317 1317 1318 1318 1319 1319 1317 1317 1326 1326 1323 1323 1324 1324 1326 1326 1324 1324 1325 1325 1327 1327 1322 1322 1323 1323 1327 1327 1323 1323 1326 1326 1328 1328 1331 1331 1322 1322 1328 1328 1322 1322 1327 1327 1329 1329 1330 1330 1331 1331 1329 1329 1331 1331 1328 1328 1332 1332 1333 1333 1334 1334 1341 1341 1332 1332 1334 1334 1340 1340 1341 1341 1334 1334 1339 1339 1334 1334 1335 1335 1339 1339 1335 1335 1336 1336 1339 1339 1336 1336 1337 1337 1339 1339 1337 1337 1338 1338 1339 1339 1340 1340 1334 1334 1351 1351 1348 1348 1349 1349 1351 1351 1349 1349 1350 1350 1342 1342 1347 1347 1348 1348 1342 1342 1348 1348 1351 1351 1343 1343 1346 1346 1347 1347 1343 1343 1347 1347 1342 1342 1344 1344 1345 1345 1346 1346 1344 1344 1346 1346 1343 1343 1360 1360 1352 1352 1353 1353 1360 1360 1353 1353 1354 1354 1360 1360 1354 1354 1355 1355 1360 1360 1361 1361 1352 1352 1359 1359 1360 1360 1355 1355 1358 1358 1359 1359 1355 1355 1357 1357 1358 1358 1355 1355 1356 1356 1357 1357 1355 1355 1364 1364 1365 1365 1366 1366 1363 1363 1364 1364 1366 1366 1362 1362 1363 1363 1366 1366 1371 1371 1366 1366 1367 1367 1371 1371 1367 1367 1368 1368 1371 1371 1368 1368 1369 1369 1371 1371 1369 1369 1370 1370 1371 1371 1362 1362 1366 1366 1384 1384 1385 1385 1386 1386 1383 1383 1386 1386 1387 1387 1383 1383 1384 1384 1386 1386 1390 1390 1387 1387 1388 1388 1390 1390 1388 1388 1389 1389 1391 1391 1387 1387 1390 1390 1380 1380 1381 1381 1382 1382 1380 1380 1382 1382 1383 1383 1379 1379 1383 1383 1387 1387 1379 1379 1380 1380 1383 1383 1394 1394 1392 1392 1393 1393 1395 1395 1391 1391 1392 1392 1395 1395 1392 1392 1394 1394 1376 1376 1377 1377 1378 1378 1375 1375 1378 1378 1379 1379 1375 1375 1387 1387 1391 1391 1375 1375 1379 1379 1387 1387 1375 1375 1391 1391 1395 1395 1375 1375 1376 1376 1378 1378 1374 1374 1395 1395 1372 1372 1374 1374 1375 1375 1395 1395 1373 1373 1374 1374 1372 1372 1419 1419 1396 1396 1397 1397 1418 1418 1397 1397 1398 1398 1418 1418 1419 1419 1397 1397 1401 1401 1399 1399 1400 1400 1402 1402 1398 1398 1399 1399 1402 1402 1399 1399 1401 1401 1415 1415 1416 1416 1417 1417 1415 1415 1417 1417 1418 1418 1414 1414 1418 1418 1398 1398 1414 1414 1415 1415 1418 1418 1414 1414 1398 1398 1402 1402 1405 1405 1403 1403 1404 1404 1406 1406 1402 1402 1403 1403 1406 1406 1403 1403 1405 1405 1411 1411 1412 1412 1413 1413 1411 1411 1413 1413 1414 1414 1410 1410 1414 1414 1402 1402 1410 1410 1402 1402 1406 1406 1410 1410 1411 1411 1414 1414 1409 1409 1406 1406 1407 1407 1409 1409 1410 1410 1406 1406 1408 1408 1409 1409 1407 1407 1420 1420 1421 1421 1422 1422 1420 1420 1422 1422 1423 1423 1420 1420 1423 1423 1424 1424 1420 1420 1424 1424 1425 1425 1429 1429 1420 1420 1425 1425 1428 1428 1429 1429 1425 1425 1427 1427 1428 1428 1425 1425 1426 1426 1427 1427 1425 1425 1439 1439 1436 1436 1437 1437 1439 1439 1437 1437 1438 1438 1430 1430 1435 1435 1436 1436 1430 1430 1436 1436 1439 1439 1431 1431 1434 1434 1435 1435 1431 1431 1435 1435 1430 1430 1432 1432 1433 1433 1434 1434 1432 1432 1434 1434 1431 1431 1440 1440 1441 1441 1442 1442 1449 1449 1440 1440 1442 1442 1448 1448 1449 1449 1442 1442 1447 1447 1442 1442 1443 1443 1447 1447 1443 1443 1444 1444 1447 1447 1444 1444 1445 1445 1447 1447 1445 1445 1446 1446 1447 1447 1448 1448 1442 1442 1454 1454 1451 1451 1452 1452 1454 1454 1452 1452 1453 1453 1455 1455 1450 1450 1451 1451 1455 1455 1451 1451 1454 1454 1456 1456 1459 1459 1450 1450 1456 1456 1450 1450 1455 1455 1457 1457 1458 1458 1459 1459 1457 1457 1459 1459 1456 1456 1468 1468 1460 1460 1461 1461 1468 1468 1461 1461 1462 1462 1468 1468 1462 1462 1463 1463 1468 1468 1469 1469 1460 1460 1467 1467 1468 1468 1463 1463 1466 1466 1467 1467 1463 1463 1465 1465 1466 1466 1463 1463 1464 1464 1465 1465 1463 1463 1472 1472 1473 1473 1474 1474 1471 1471 1472 1472 1474 1474 1470 1470 1471 1471 1474 1474 1479 1479 1474 1474 1475 1475 1479 1479 1475 1475 1476 1476 1479 1479 1476 1476 1477 1477 1479 1479 1477 1477 1478 1478 1479 1479 1470 1470 1474 1474 1492 1492 1493 1493 1494 1494 1491 1491 1494 1494 1495 1495 1491 1491 1492 1492 1494 1494 1498 1498 1495 1495 1496 1496 1498 1498 1496 1496 1497 1497 1499 1499 1495 1495 1498 1498 1488 1488 1489 1489 1490 1490 1488 1488 1490 1490 1491 1491 1487 1487 1491 1491 1495 1495 1487 1487 1488 1488 1491 1491 1487 1487 1495 1495 1499 1499 1502 1502 1500 1500 1501 1501 1503 1503 1499 1499 1500 1500 1503 1503 1500 1500 1502 1502 1484 1484 1485 1485 1486 1486 1484 1484 1486 1486 1487 1487 1483 1483 1487 1487 1499 1499 1483 1483 1499 1499 1503 1503 1483 1483 1484 1484 1487 1487 1482 1482 1503 1503 1480 1480 1482 1482 1483 1483 1503 1503 1481 1481 1482 1482 1480 1480 1508 1508 1509 1509 1510 1510 1508 1508 1510 1510 1511 1511 1508 1508 1511 1511 1512 1512 1508 1508 1512 1512 1513 1513 1508 1508 1513 1513 1514 1514 1508 1508 1514 1514 1515 1515 1508 1508 1515 1515 1516 1516 1507 1507 1508 1508 1516 1516 1506 1506 1507 1507 1516 1516 1505 1505 1506 1506 1516 1516 1504 1504 1505 1505 1516 1516 1521 1521 1518 1518 1519 1519 1521 1521 1519 1519 1520 1520 1522 1522 1517 1517 1518 1518 1522 1522 1518 1518 1521 1521 1523 1523 1526 1526 1517 1517 1523 1523 1517 1517 1522 1522 1524 1524 1525 1525 1526 1526 1524 1524 1526 1526 1523 1523 1530 1530 1531 1531 1532 1532 1529 1529 1530 1530 1532 1532 1528 1528 1529 1529 1532 1532 1527 1527 1532 1532 1533 1533 1527 1527 1533 1533 1534 1534 1527 1527 1534 1534 1535 1535 1527 1527 1535 1535 1536 1536 1527 1527 1536 1536 1537 1537 1527 1527 1528 1528 1532 1532 1542 1542 1543 1543 1544 1544 1541 1541 1542 1542 1544 1544 1540 1540 1541 1541 1544 1544 1539 1539 1544 1544 1545 1545 1539 1539 1545 1545 1546 1546 1539 1539 1546 1546 1547 1547 1539 1539 1547 1547 1538 1538 1539 1539 1540 1540 1544 1544 1551 1551 1552 1552 1553 1553 1551 1551 1553 1553 1554 1554 1551 1551 1554 1554 1555 1555 1551 1551 1555 1555 1556 1556 1550 1550 1551 1551 1556 1556 1549 1549 1550 1550 1556 1556 1548 1548 1549 1549 1556 1556 1557 1557 1548 1548 1556 1556 1563 1563 1560 1560 1561 1561 1563 1563 1561 1561 1562 1562 1564 1564 1559 1559 1560 1560 1564 1564 1560 1560 1563 1563 1565 1565 1558 1558 1559 1559 1565 1565 1559 1559 1564 1564 1566 1566 1567 1567 1558 1558 1566 1566 1558 1558 1565 1565 1590 1590 1588 1588 1589 1589 1591 1591 1587 1587 1588 1588 1591 1591 1588 1588 1590 1590 1584 1584 1585 1585 1586 1586 1584 1584 1586 1586 1587 1587 1583 1583 1584 1584 1587 1587 1583 1583 1587 1587 1591 1591 1570 1570 1568 1568 1569 1569 1570 1570 1591 1591 1568 1568 1571 1571 1591 1591 1570 1570 1580 1580 1581 1581 1582 1582 1580 1580 1582 1582 1583 1583 1579 1579 1580 1580 1583 1583 1574 1574 1571 1571 1572 1572 1574 1574 1572 1572 1573 1573 1575 1575 1583 1583 1591 1591 1575 1575 1579 1579 1583 1583 1575 1575 1591 1591 1571 1571 1575 1575 1571 1571 1574 1574 1576 1576 1578 1578 1579 1579 1576 1576 1579 1579 1575 1575 1577 1577 1578 1578 1576 1576 1602 1602 1603 1603 1604 1604 1601 1601 1602 1602 1604 1604 1600 1600 1601 1601 1604 1604 1599 1599 1600 1600 1604 1604 1598 1598 1599 1599 1604 1604 1597 1597 1604 1604 1592 1592 1597 1597 1598 1598 1604 1604 1596 1596 1592 1592 1593 1593 1596 1596 1593 1593 1594 1594 1596 1596 1594 1594 1595 1595 1596 1596 1597 1597 1592 1592 1612 1612 1613 1613 1614 1614 1612 1612 1614 1614 1615 1615 1612 1612 1615 1615 1605 1605 1611 1611 1605 1605 1606 1606 1611 1611 1612 1612 1605 1605 1610 1610 1611 1611 1606 1606 1609 1609 1610 1610 1606 1606 1608 1608 1609 1609 1606 1606 1607 1607 1608 1608 1606 1606 1617 1617 1623 1623 1624 1624 1617 1617 1624 1624 1625 1625 1616 1616 1621 1621 1622 1622 1616 1616 1622 1622 1623 1623 1616 1616 1623 1623 1617 1617 1618 1618 1620 1620 1621 1621 1618 1618 1621 1621 1616 1616 1619 1619 1620 1620 1618 1618 1629 1629 1630 1630 1631 1631 1629 1629 1631 1631 1632 1632 1629 1629 1632 1632 1633 1633 1628 1628 1633 1633 1634 1634 1628 1628 1629 1629 1633 1633 1627 1627 1628 1628 1634 1634 1626 1626 1627 1627 1634 1634 1635 1635 1626 1626 1634 1634 1637 1637 1638 1638 1639 1639 1636 1636 1637 1637 1639 1639 1645 1645 1639 1639 1640 1640 1645 1645 1636 1636 1639 1639 1644 1644 1640 1640 1641 1641 1644 1644 1641 1641 1642 1642 1644 1644 1642 1642 1643 1643 1644 1644 1645 1645 1640 1640 1649 1649 1650 1650 1651 1651 1648 1648 1649 1649 1651 1651 1647 1647 1651 1651 1652 1652 1647 1647 1652 1652 1653 1653 1647 1647 1648 1648 1651 1651 1646 1646 1647 1647 1653 1653 1655 1655 1653 1653 1654 1654 1655 1655 1646 1646 1653 1653 1676 1676 1677 1677 1678 1678 1675 1675 1678 1678 1679 1679 1675 1675 1676 1676 1678 1678 1658 1658 1656 1656 1657 1657 1659 1659 1679 1679 1656 1656 1659 1659 1656 1656 1658 1658 1672 1672 1673 1673 1674 1674 1672 1672 1674 1674 1675 1675 1671 1671 1675 1675 1679 1679 1671 1671 1672 1672 1675 1675 1662 1662 1660 1660 1661 1661 1663 1663 1659 1659 1660 1660 1663 1663 1660 1660 1662 1662 1668 1668 1669 1669 1670 1670 1667 1667 1670 1670 1671 1671 1667 1667 1679 1679 1659 1659 1667 1667 1671 1671 1679 1679 1667 1667 1659 1659 1663 1663 1667 1667 1668 1668 1670 1670 1666 1666 1663 1663 1664 1664 1666 1666 1667 1667 1663 1663 1665 1665 1666 1666 1664 1664 1698 1698 1696 1696 1697 1697 1699 1699 1695 1695 1696 1696 1699 1699 1696 1696 1698 1698 1692 1692 1693 1693 1694 1694 1691 1691 1694 1694 1695 1695 1691 1691 1692 1692 1694 1694 1702 1702 1699 1699 1700 1700 1702 1702 1700 1700 1701 1701 1703 1703 1695 1695 1699 1699 1703 1703 1699 1699 1702 1702 1688 1688 1689 1689 1690 1690 1687 1687 1690 1690 1691 1691 1687 1687 1688 1688 1690 1690 1682 1682 1680 1680 1681 1681 1683 1683 1703 1703 1680 1680 1683 1683 1691 1691 1695 1695 1683 1683 1695 1695 1703 1703 1683 1683 1687 1687 1691 1691 1683 1683 1680 1680 1682 1682 1684 1684 1686 1686 1687 1687 1684 1684 1687 1687 1683 1683 1685 1685 1686 1686 1684 1684 1704 1704 1705 1705 1706 1706 1704 1704 1706 1706 1707 1707 1704 1704 1707 1707 1708 1708 1704 1704 1708 1708 1709 1709 1713 1713 1704 1704 1709 1709 1712 1712 1713 1713 1709 1709 1711 1711 1712 1712 1709 1709 1710 1710 1711 1711 1709 1709 1718 1718 1715 1715 1716 1716 1718 1718 1716 1716 1717 1717 1719 1719 1714 1714 1715 1715 1719 1719 1715 1715 1718 1718 1720 1720 1723 1723 1714 1714 1720 1720 1714 1714 1719 1719 1721 1721 1722 1722 1723 1723 1721 1721 1723 1723 1720 1720 1724 1724 1725 1725 1726 1726 1733 1733 1724 1724 1726 1726 1732 1732 1733 1733 1726 1726 1731 1731 1726 1726 1727 1727 1731 1731 1727 1727 1728 1728 1731 1731 1728 1728 1729 1729 1731 1731 1729 1729 1730 1730 1731 1731 1732 1732 1726 1726 1743 1743 1740 1740 1741 1741 1743 1743 1741 1741 1742 1742 1734 1734 1739 1739 1740 1740 1734 1734 1740 1740 1743 1743 1735 1735 1738 1738 1739 1739 1735 1735 1739 1739 1734 1734 1736 1736 1737 1737 1738 1738 1736 1736 1738 1738 1735 1735 1752 1752 1744 1744 1745 1745 1752 1752 1745 1745 1746 1746 1752 1752 1746 1746 1747 1747 1752 1752 1753 1753 1744 1744 1751 1751 1752 1752 1747 1747 1750 1750 1751 1751 1747 1747 1749 1749 1750 1750 1747 1747 1748 1748 1749 1749 1747 1747 1756 1756 1757 1757 1758 1758 1755 1755 1756 1756 1758 1758 1754 1754 1755 1755 1758 1758 1763 1763 1758 1758 1759 1759 1763 1763 1759 1759 1760 1760 1763 1763 1760 1760 1761 1761 1763 1763 1761 1761 1762 1762 1763 1763 1754 1754 1758 1758 1776 1776 1777 1777 1778 1778 1775 1775 1778 1778 1779 1779 1775 1775 1776 1776 1778 1778 1782 1782 1779 1779 1780 1780 1782 1782 1780 1780 1781 1781 1783 1783 1779 1779 1782 1782 1772 1772 1773 1773 1774 1774 1772 1772 1774 1774 1775 1775 1771 1771 1775 1775 1779 1779 1771 1771 1772 1772 1775 1775 1786 1786 1784 1784 1785 1785 1787 1787 1783 1783 1784 1784 1787 1787 1784 1784 1786 1786 1768 1768 1769 1769 1770 1770 1767 1767 1770 1770 1771 1771 1767 1767 1779 1779 1783 1783 1767 1767 1771 1771 1779 1779 1767 1767 1783 1783 1787 1787 1767 1767 1768 1768 1770 1770 1766 1766 1787 1787 1764 1764 1766 1766 1767 1767 1787 1787 1765 1765 1766 1766 1764 1764 1811 1811 1788 1788 1789 1789 1810 1810 1789 1789 1790 1790 1810 1810 1811 1811 1789 1789 1793 1793 1790 1790 1791 1791 1793 1793 1791 1791 1792 1792 1794 1794 1790 1790 1793 1793 1807 1807 1808 1808 1809 1809 1807 1807 1809 1809 1810 1810 1806 1806 1810 1810 1790 1790 1806 1806 1807 1807 1810 1810 1806 1806 1790 1790 1794 1794 1797 1797 1795 1795 1796 1796 1798 1798 1794 1794 1795 1795 1798 1798 1795 1795 1797 1797 1803 1803 1804 1804 1805 1805 1803 1803 1805 1805 1806 1806 1802 1802 1806 1806 1794 1794 1802 1802 1794 1794 1798 1798 1802 1802 1803 1803 1806 1806 1801 1801 1798 1798 1799 1799 1801 1801 1802 1802 1798 1798 1800 1800 1801 1801 1799 1799 1812 1812 1813 1813 1814 1814 1812 1812 1814 1814 1815 1815 1812 1812 1815 1815 1816 1816 1812 1812 1816 1816 1817 1817 1821 1821 1812 1812 1817 1817 1820 1820 1821 1821 1817 1817 1819 1819 1820 1820 1817 1817 1818 1818 1819 1819 1817 1817 1831 1831 1828 1828 1829 1829 1831 1831 1829 1829 1830 1830 1822 1822 1827 1827 1828 1828 1822 1822 1828 1828 1831 1831 1823 1823 1826 1826 1827 1827 1823 1823 1827 1827 1822 1822 1824 1824 1825 1825 1826 1826 1824 1824 1826 1826 1823 1823 1832 1832 1833 1833 1834 1834 1841 1841 1832 1832 1834 1834 1840 1840 1841 1841 1834 1834 1839 1839 1834 1834 1835 1835 1839 1839 1835 1835 1836 1836 1839 1839 1836 1836 1837 1837 1839 1839 1837 1837 1838 1838 1839 1839 1840 1840 1834 1834 1846 1846 1843 1843 1844 1844 1846 1846 1844 1844 1845 1845 1847 1847 1842 1842 1843 1843 1847 1847 1843 1843 1846 1846 1848 1848 1850 1850 1851 1851 1848 1848 1851 1851 1842 1842 1848 1848 1842 1842 1847 1847 1849 1849 1850 1850 1848 1848 1860 1860 1852 1852 1853 1853 1860 1860 1853 1853 1854 1854 1860 1860 1854 1854 1855 1855 1860 1860 1861 1861 1852 1852 1859 1859 1860 1860 1855 1855 1858 1858 1859 1859 1855 1855 1857 1857 1858 1858 1855 1855 1856 1856 1857 1857 1855 1855 1864 1864 1865 1865 1866 1866 1863 1863 1864 1864 1866 1866 1862 1862 1863 1863 1866 1866 1871 1871 1866 1866 1867 1867 1871 1871 1867 1867 1868 1868 1871 1871 1868 1868 1869 1869 1871 1871 1869 1869 1870 1870 1871 1871 1862 1862 1866 1866 1884 1884 1885 1885 1886 1886 1883 1883 1886 1886 1887 1887 1883 1883 1884 1884 1886 1886 1890 1890 1887 1887 1888 1888 1890 1890 1888 1888 1889 1889 1891 1891 1887 1887 1890 1890 1880 1880 1881 1881 1882 1882 1880 1880 1882 1882 1883 1883 1879 1879 1883 1883 1887 1887 1879 1879 1880 1880 1883 1883 1879 1879 1887 1887 1891 1891 1894 1894 1892 1892 1893 1893 1895 1895 1891 1891 1892 1892 1895 1895 1892 1892 1894 1894 1876 1876 1877 1877 1878 1878 1876 1876 1878 1878 1879 1879 1875 1875 1879 1879 1891 1891 1875 1875 1891 1891 1895 1895 1875 1875 1876 1876 1879 1879 1874 1874 1895 1895 1872 1872 1874 1874 1875 1875 1895 1895 1873 1873 1874 1874 1872 1872 1900 1900 1901 1901 1902 1902 1900 1900 1902 1902 1903 1903 1900 1900 1903 1903 1904 1904 1900 1900 1904 1904 1905 1905 1900 1900 1905 1905 1906 1906 1900 1900 1906 1906 1907 1907 1900 1900 1907 1907 1908 1908 1899 1899 1900 1900 1908 1908 1898 1898 1899 1899 1908 1908 1897 1897 1898 1898 1908 1908 1896 1896 1897 1897 1908 1908 1913 1913 1910 1910 1911 1911 1913 1913 1911 1911 1912 1912 1914 1914 1909 1909 1910 1910 1914 1914 1910 1910 1913 1913 1915 1915 1918 1918 1909 1909 1915 1915 1909 1909 1914 1914 1916 1916 1917 1917 1918 1918 1916 1916 1918 1918 1915 1915 1922 1922 1923 1923 1924 1924 1921 1921 1922 1922 1924 1924 1920 1920 1921 1921 1924 1924 1919 1919 1924 1924 1925 1925 1919 1919 1925 1925 1926 1926 1919 1919 1926 1926 1927 1927 1919 1919 1927 1927 1928 1928 1919 1919 1928 1928 1929 1929 1919 1919 1920 1920 1924 1924 1934 1934 1935 1935 1936 1936 1933 1933 1934 1934 1936 1936 1932 1932 1933 1933 1936 1936 1931 1931 1936 1936 1937 1937 1931 1931 1937 1937 1938 1938 1931 1931 1938 1938 1939 1939 1931 1931 1939 1939 1930 1930 1931 1931 1932 1932 1936 1936 1943 1943 1944 1944 1945 1945 1943 1943 1945 1945 1946 1946 1943 1943 1946 1946 1947 1947 1943 1943 1947 1947 1948 1948 1942 1942 1943 1943 1948 1948 1941 1941 1942 1942 1948 1948 1940 1940 1941 1941 1948 1948 1949 1949 1940 1940 1948 1948 1955 1955 1952 1952 1953 1953 1955 1955 1953 1953 1954 1954 1956 1956 1951 1951 1952 1952 1956 1956 1952 1952 1955 1955 1957 1957 1950 1950 1951 1951 1957 1957 1951 1951 1956 1956 1958 1958 1959 1959 1950 1950 1958 1958 1950 1950 1957 1957 1982 1982 1980 1980 1981 1981 1983 1983 1979 1979 1980 1980 1983 1983 1980 1980 1982 1982 1976 1976 1977 1977 1978 1978 1976 1976 1978 1978 1979 1979 1975 1975 1976 1976 1979 1979 1975 1975 1979 1979 1983 1983 1962 1962 1960 1960 1961 1961 1962 1962 1983 1983 1960 1960 1963 1963 1983 1983 1962 1962 1972 1972 1973 1973 1974 1974 1971 1971 1974 1974 1975 1975 1971 1971 1972 1972 1974 1974 1966 1966 1963 1963 1964 1964 1966 1966 1964 1964 1965 1965 1967 1967 1975 1975 1983 1983 1967 1967 1971 1971 1975 1975 1967 1967 1983 1983 1963 1963 1967 1967 1963 1963 1966 1966 1968 1968 1970 1970 1971 1971 1968 1968 1971 1971 1967 1967 1969 1969 1970 1970 1968 1968 1994 1994 1995 1995 1996 1996 1993 1993 1994 1994 1996 1996 1992 1992 1993 1993 1996 1996 1991 1991 1992 1992 1996 1996 1990 1990 1991 1991 1996 1996 1989 1989 1996 1996 1984 1984 1989 1989 1990 1990 1996 1996 1988 1988 1984 1984 1985 1985 1988 1988 1985 1985 1986 1986 1988 1988 1986 1986 1987 1987 1988 1988 1989 1989 1984 1984 2004 2004 2005 2005 2006 2006 2004 2004 2006 2006 2007 2007 2004 2004 2007 2007 1997 1997 2003 2003 1997 1997 1998 1998 2003 2003 2004 2004 1997 1997 2002 2002 2003 2003 1998 1998 2001 2001 2002 2002 1998 1998 2000 2000 2001 2001 1998 1998 1999 1999 2000 2000 1998 1998 2015 2015 2016 2016 2017 2017 2015 2015 2017 2017 2009 2009 2014 2014 2009 2009 2008 2008 2014 2014 2008 2008 2010 2010 2014 2014 2015 2015 2009 2009 2013 2013 2014 2014 2010 2010 2012 2012 2010 2010 2011 2011 2012 2012 2013 2013 2010 2010 2021 2021 2022 2022 2023 2023 2021 2021 2023 2023 2024 2024 2021 2021 2024 2024 2025 2025 2020 2020 2025 2025 2026 2026 2020 2020 2021 2021 2025 2025 2019 2019 2020 2020 2026 2026 2018 2018 2019 2019 2026 2026 2027 2027 2018 2018 2026 2026 2029 2029 2030 2030 2031 2031 2028 2028 2029 2029 2031 2031 2037 2037 2031 2031 2032 2032 2037 2037 2028 2028 2031 2031 2036 2036 2032 2032 2033 2033 2036 2036 2033 2033 2034 2034 2036 2036 2034 2034 2035 2035 2036 2036 2037 2037 2032 2032 2047 2047 2045 2045 2046 2046 2038 2038 2045 2045 2047 2047 2039 2039 2043 2043 2044 2044 2039 2039 2044 2044 2045 2045 2039 2039 2045 2045 2038 2038 2040 2040 2043 2043 2039 2039 2041 2041 2042 2042 2043 2043 2041 2041 2043 2043 2040 2040 2068 2068 2069 2069 2070 2070 2067 2067 2070 2070 2071 2071 2067 2067 2068 2068 2070 2070 2050 2050 2048 2048 2049 2049 2051 2051 2071 2071 2048 2048 2051 2051 2048 2048 2050 2050 2064 2064 2065 2065 2066 2066 2064 2064 2066 2066 2067 2067 2063 2063 2067 2067 2071 2071 2063 2063 2064 2064 2067 2067 2054 2054 2052 2052 2053 2053 2055 2055 2051 2051 2052 2052 2055 2055 2052 2052 2054 2054 2060 2060 2061 2061 2062 2062 2059 2059 2062 2062 2063 2063 2059 2059 2071 2071 2051 2051 2059 2059 2063 2063 2071 2071 2059 2059 2051 2051 2055 2055 2059 2059 2060 2060 2062 2062 2058 2058 2055 2055 2056 2056 2058 2058 2059 2059 2055 2055 2057 2057 2058 2058 2056 2056 2090 2090 2088 2088 2089 2089 2091 2091 2087 2087 2088 2088 2091 2091 2088 2088 2090 2090 2084 2084 2085 2085 2086 2086 2083 2083 2086 2086 2087 2087 2083 2083 2084 2084 2086 2086 2094 2094 2091 2091 2092 2092 2094 2094 2092 2092 2093 2093 2095 2095 2087 2087 2091 2091 2095 2095 2091 2091 2094 2094 2080 2080 2081 2081 2082 2082 2079 2079 2082 2082 2083 2083 2079 2079 2080 2080 2082 2082 2074 2074 2072 2072 2073 2073 2075 2075 2095 2095 2072 2072 2075 2075 2083 2083 2087 2087 2075 2075 2087 2087 2095 2095 2075 2075 2079 2079 2083 2083 2075 2075 2072 2072 2074 2074 2076 2076 2078 2078 2079 2079 2076 2076 2079 2079 2075 2075 2077 2077 2078 2078 2076 2076 2096 2096 2097 2097 2098 2098 2096 2096 2098 2098 2099 2099 2096 2096 2099 2099 2100 2100 2096 2096 2100 2100 2101 2101 2105 2105 2096 2096 2101 2101 2104 2104 2105 2105 2101 2101 2103 2103 2104 2104 2101 2101 2102 2102 2103 2103 2101 2101 2110 2110 2107 2107 2108 2108 2110 2110 2108 2108 2109 2109 2111 2111 2106 2106 2107 2107 2111 2111 2107 2107 2110 2110 2112 2112 2115 2115 2106 2106 2112 2112 2106 2106 2111 2111 2113 2113 2114 2114 2115 2115 2113 2113 2115 2115 2112 2112 2116 2116 2117 2117 2118 2118 2125 2125 2116 2116 2118 2118 2124 2124 2125 2125 2118 2118 2123 2123 2118 2118 2119 2119 2123 2123 2119 2119 2120 2120 2123 2123 2120 2120 2121 2121 2123 2123 2121 2121 2122 2122 2123 2123 2124 2124 2118 2118 2135 2135 2132 2132 2133 2133 2135 2135 2133 2133 2134 2134 2126 2126 2131 2131 2132 2132 2126 2126 2132 2132 2135 2135 2127 2127 2130 2130 2131 2131 2127 2127 2131 2131 2126 2126 2128 2128 2129 2129 2130 2130 2128 2128 2130 2130 2127 2127 2144 2144 2136 2136 2137 2137 2144 2144 2137 2137 2138 2138 2144 2144 2138 2138 2139 2139 2144 2144 2145 2145 2136 2136 2143 2143 2144 2144 2139 2139 2142 2142 2143 2143 2139 2139 2141 2141 2142 2142 2139 2139 2140 2140 2141 2141 2139 2139 2148 2148 2149 2149 2150 2150 2147 2147 2148 2148 2150 2150 2146 2146 2147 2147 2150 2150 2155 2155 2150 2150 2151 2151 2155 2155 2151 2151 2152 2152 2155 2155 2152 2152 2153 2153 2155 2155 2153 2153 2154 2154 2155 2155 2146 2146 2150 2150 2168 2168 2169 2169 2170 2170 2167 2167 2170 2170 2171 2171 2167 2167 2168 2168 2170 2170 2174 2174 2171 2171 2172 2172 2174 2174 2172 2172 2173 2173 2175 2175 2171 2171 2174 2174 2164 2164 2165 2165 2166 2166 2164 2164 2166 2166 2167 2167 2163 2163 2167 2167 2171 2171 2163 2163 2164 2164 2167 2167 2178 2178 2176 2176 2177 2177 2179 2179 2175 2175 2176 2176 2179 2179 2176 2176 2178 2178 2160 2160 2161 2161 2162 2162 2159 2159 2162 2162 2163 2163 2159 2159 2171 2171 2175 2175 2159 2159 2163 2163 2171 2171 2159 2159 2175 2175 2179 2179 2159 2159 2160 2160 2162 2162 2158 2158 2179 2179 2156 2156 2158 2158 2159 2159 2179 2179 2157 2157 2158 2158 2156 2156 2203 2203 2180 2180 2181 2181 2202 2202 2181 2181 2182 2182 2202 2202 2203 2203 2181 2181 2185 2185 2183 2183 2184 2184 2186 2186 2182 2182 2183 2183 2186 2186 2183 2183 2185 2185 2199 2199 2200 2200 2201 2201 2199 2199 2201 2201 2202 2202 2198 2198 2202 2202 2182 2182 2198 2198 2199 2199 2202 2202 2198 2198 2182 2182 2186 2186 2189 2189 2187 2187 2188 2188 2190 2190 2186 2186 2187 2187 2190 2190 2187 2187 2189 2189 2195 2195 2196 2196 2197 2197 2195 2195 2197 2197 2198 2198 2194 2194 2198 2198 2186 2186 2194 2194 2186 2186 2190 2190 2194 2194 2195 2195 2198 2198 2193 2193 2190 2190 2191 2191 2193 2193 2194 2194 2190 2190 2192 2192 2193 2193 2191 2191 2204 2204 2205 2205 2206 2206 2204 2204 2206 2206 2207 2207 2204 2204 2207 2207 2208 2208 2204 2204 2208 2208 2209 2209 2213 2213 2204 2204 2209 2209 2212 2212 2213 2213 2209 2209 2211 2211 2212 2212 2209 2209 2210 2210 2211 2211 2209 2209 2222 2222 2220 2220 2221 2221 2223 2223 2220 2220 2222 2222 2214 2214 2219 2219 2220 2220 2214 2214 2220 2220 2223 2223 2215 2215 2218 2218 2219 2219 2215 2215 2219 2219 2214 2214 2216 2216 2217 2217 2218 2218 2216 2216 2218 2218 2215 2215 2224 2224 2225 2225 2226 2226 2233 2233 2224 2224 2226 2226 2232 2232 2233 2233 2226 2226 2231 2231 2226 2226 2227 2227 2231 2231 2227 2227 2228 2228 2231 2231 2228 2228 2229 2229 2231 2231 2229 2229 2230 2230 2231 2231 2232 2232 2226 2226 2238 2238 2235 2235 2236 2236 2238 2238 2236 2236 2237 2237 2239 2239 2234 2234 2235 2235 2239 2239 2235 2235 2238 2238 2240 2240 2243 2243 2234 2234 2240 2240 2234 2234 2239 2239 2241 2241 2242 2242 2243 2243 2241 2241 2243 2243 2240 2240 2252 2252 2244 2244 2245 2245 2252 2252 2245 2245 2246 2246 2252 2252 2246 2246 2247 2247 2252 2252 2253 2253 2244 2244 2251 2251 2252 2252 2247 2247 2250 2250 2251 2251 2247 2247 2249 2249 2250 2250 2247 2247 2248 2248 2249 2249 2247 2247 2256 2256 2257 2257 2258 2258 2255 2255 2256 2256 2258 2258 2254 2254 2255 2255 2258 2258 2263 2263 2258 2258 2259 2259 2263 2263 2259 2259 2260 2260 2263 2263 2260 2260 2261 2261 2263 2263 2261 2261 2262 2262 2263 2263 2254 2254 2258 2258 2276 2276 2277 2277 2278 2278 2275 2275 2278 2278 2279 2279 2275 2275 2276 2276 2278 2278 2282 2282 2279 2279 2280 2280 2282 2282 2280 2280 2281 2281 2283 2283 2279 2279 2282 2282 2272 2272 2273 2273 2274 2274 2272 2272 2274 2274 2275 2275 2271 2271 2275 2275 2279 2279 2271 2271 2272 2272 2275 2275 2271 2271 2279 2279 2283 2283 2286 2286 2284 2284 2285 2285 2287 2287 2283 2283 2284 2284 2287 2287 2284 2284 2286 2286 2268 2268 2269 2269 2270 2270 2268 2268 2270 2270 2271 2271 2267 2267 2271 2271 2283 2283 2267 2267 2283 2283 2287 2287 2267 2267 2268 2268 2271 2271 2266 2266 2287 2287 2264 2264 2266 2266 2267 2267 2287 2287 2265 2265 2266 2266 2264 2264 2292 2292 2293 2293 2294 2294 2292 2292 2294 2294 2295 2295 2292 2292 2295 2295 2296 2296 2292 2292 2296 2296 2297 2297 2292 2292 2297 2297 2298 2298 2292 2292 2298 2298 2299 2299 2292 2292 2299 2299 2300 2300 2291 2291 2292 2292 2300 2300 2290 2290 2291 2291 2300 2300 2289 2289 2290 2290 2300 2300 2288 2288 2289 2289 2300 2300 2305 2305 2302 2302 2303 2303 2305 2305 2303 2303 2304 2304 2306 2306 2301 2301 2302 2302 2306 2306 2302 2302 2305 2305 2307 2307 2310 2310 2301 2301 2307 2307 2301 2301 2306 2306 2308 2308 2309 2309 2310 2310 2308 2308 2310 2310 2307 2307 2314 2314 2315 2315 2316 2316 2313 2313 2314 2314 2316 2316 2312 2312 2313 2313 2316 2316 2311 2311 2316 2316 2317 2317 2311 2311 2317 2317 2318 2318 2311 2311 2318 2318 2319 2319 2311 2311 2319 2319 2320 2320 2311 2311 2320 2320 2321 2321 2311 2311 2312 2312 2316 2316 2326 2326 2327 2327 2328 2328 2325 2325 2326 2326 2328 2328 2324 2324 2325 2325 2328 2328 2323 2323 2328 2328 2329 2329 2323 2323 2329 2329 2330 2330 2323 2323 2330 2330 2331 2331 2323 2323 2331 2331 2322 2322 2323 2323 2324 2324 2328 2328 2335 2335 2336 2336 2337 2337 2335 2335 2337 2337 2338 2338 2335 2335 2338 2338 2339 2339 2335 2335 2339 2339 2340 2340 2334 2334 2335 2335 2340 2340 2333 2333 2334 2334 2340 2340 2332 2332 2333 2333 2340 2340 2341 2341 2332 2332 2340 2340 2347 2347 2344 2344 2345 2345 2347 2347 2345 2345 2346 2346 2348 2348 2343 2343 2344 2344 2348 2348 2344 2344 2347 2347 2349 2349 2342 2342 2343 2343 2349 2349 2343 2343 2348 2348 2350 2350 2351 2351 2342 2342 2350 2350 2342 2342 2349 2349 2374 2374 2372 2372 2373 2373 2375 2375 2371 2371 2372 2372 2375 2375 2372 2372 2374 2374 2368 2368 2369 2369 2370 2370 2368 2368 2370 2370 2371 2371 2367 2367 2368 2368 2371 2371 2367 2367 2371 2371 2375 2375 2354 2354 2352 2352 2353 2353 2354 2354 2375 2375 2352 2352 2355 2355 2375 2375 2354 2354 2364 2364 2365 2365 2366 2366 2363 2363 2366 2366 2367 2367 2363 2363 2364 2364 2366 2366 2358 2358 2355 2355 2356 2356 2358 2358 2356 2356 2357 2357 2359 2359 2367 2367 2375 2375 2359 2359 2363 2363 2367 2367 2359 2359 2375 2375 2355 2355 2359 2359 2355 2355 2358 2358 2360 2360 2362 2362 2363 2363 2360 2360 2363 2363 2359 2359 2361 2361 2362 2362 2360 2360 2386 2386 2387 2387 2388 2388 2385 2385 2386 2386 2388 2388 2384 2384 2385 2385 2388 2388 2383 2383 2384 2384 2388 2388 2382 2382 2383 2383 2388 2388 2381 2381 2388 2388 2376 2376 2381 2381 2382 2382 2388 2388 2380 2380 2376 2376 2377 2377 2380 2380 2377 2377 2378 2378 2380 2380 2378 2378 2379 2379 2380 2380 2381 2381 2376 2376 2396 2396 2397 2397 2398 2398 2396 2396 2398 2398 2399 2399 2396 2396 2399 2399 2389 2389 2395 2395 2389 2389 2390 2390 2395 2395 2396 2396 2389 2389 2394 2394 2395 2395 2390 2390 2393 2393 2394 2394 2390 2390 2392 2392 2393 2393 2390 2390 2391 2391 2392 2392 2390 2390 2407 2407 2408 2408 2409 2409 2407 2407 2409 2409 2401 2401 2406 2406 2401 2401 2400 2400 2406 2406 2400 2400 2402 2402 2406 2406 2407 2407 2401 2401 2405 2405 2406 2406 2402 2402 2404 2404 2402 2402 2403 2403 2404 2404 2405 2405 2402 2402 2413 2413 2414 2414 2415 2415 2413 2413 2415 2415 2416 2416 2413 2413 2416 2416 2417 2417 2412 2412 2417 2417 2418 2418 2412 2412 2413 2413 2417 2417 2411 2411 2412 2412 2418 2418 2410 2410 2411 2411 2418 2418 2419 2419 2410 2410 2418 2418 2421 2421 2422 2422 2423 2423 2420 2420 2421 2421 2423 2423 2429 2429 2423 2423 2424 2424 2429 2429 2420 2420 2423 2423 2428 2428 2424 2424 2425 2425 2428 2428 2425 2425 2426 2426 2428 2428 2426 2426 2427 2427 2428 2428 2429 2429 2424 2424 2433 2433 2434 2434 2435 2435 2432 2432 2433 2433 2435 2435 2431 2431 2435 2435 2436 2436 2431 2431 2436 2436 2437 2437 2431 2431 2432 2432 2435 2435 2430 2430 2431 2431 2437 2437 2439 2439 2437 2437 2438 2438 2439 2439 2430 2430 2437 2437 2460 2460 2461 2461 2462 2462 2459 2459 2462 2462 2463 2463 2459 2459 2460 2460 2462 2462 2442 2442 2440 2440 2441 2441 2443 2443 2463 2463 2440 2440 2443 2443 2440 2440 2442 2442 2456 2456 2457 2457 2458 2458 2456 2456 2458 2458 2459 2459 2455 2455 2459 2459 2463 2463 2455 2455 2456 2456 2459 2459 2446 2446 2444 2444 2445 2445 2447 2447 2443 2443 2444 2444 2447 2447 2444 2444 2446 2446 2452 2452 2453 2453 2454 2454 2451 2451 2454 2454 2455 2455 2451 2451 2463 2463 2443 2443 2451 2451 2455 2455 2463 2463 2451 2451 2443 2443 2447 2447 2451 2451 2452 2452 2454 2454 2450 2450 2447 2447 2448 2448 2450 2450 2451 2451 2447 2447 2449 2449 2450 2450 2448 2448 2484 2484 2485 2485 2486 2486 2483 2483 2486 2486 2487 2487 2483 2483 2484 2484 2486 2486 2466 2466 2464 2464 2465 2465 2467 2467 2487 2487 2464 2464 2467 2467 2464 2464 2466 2466 2480 2480 2481 2481 2482 2482 2480 2480 2482 2482 2483 2483 2479 2479 2483 2483 2487 2487 2479 2479 2487 2487 2467 2467 2479 2479 2480 2480 2483 2483 2470 2470 2468 2468 2469 2469 2471 2471 2467 2467 2468 2468 2471 2471 2468 2468 2470 2470 2476 2476 2477 2477 2478 2478 2476 2476 2478 2478 2479 2479 2475 2475 2479 2479 2467 2467 2475 2475 2467 2467 2471 2471 2475 2475 2476 2476 2479 2479 2474 2474 2471 2471 2472 2472 2474 2474 2475 2475 2471 2471 2473 2473 2474 2474 2472 2472 2488 2488 2489 2489 2490 2490 2488 2488 2490 2490 2491 2491 2488 2488 2491 2491 2492 2492 2488 2488 2492 2492 2493 2493 2497 2497 2488 2488 2493 2493 2496 2496 2497 2497 2493 2493 2495 2495 2496 2496 2493 2493 2494 2494 2495 2495 2493 2493 2502 2502 2499 2499 2500 2500 2502 2502 2500 2500 2501 2501 2503 2503 2498 2498 2499 2499 2503 2503 2499 2499 2502 2502 2504 2504 2507 2507 2498 2498 2504 2504 2498 2498 2503 2503 2505 2505 2506 2506 2507 2507 2505 2505 2507 2507 2504 2504 2508 2508 2509 2509 2510 2510 2517 2517 2508 2508 2510 2510 2516 2516 2517 2517 2510 2510 2515 2515 2510 2510 2511 2511 2515 2515 2511 2511 2512 2512 2515 2515 2512 2512 2513 2513 2515 2515 2513 2513 2514 2514 2515 2515 2516 2516 2510 2510 2527 2527 2524 2524 2525 2525 2527 2527 2525 2525 2526 2526 2518 2518 2523 2523 2524 2524 2518 2518 2524 2524 2527 2527 2519 2519 2522 2522 2523 2523 2519 2519 2523 2523 2518 2518 2520 2520 2521 2521 2522 2522 2520 2520 2522 2522 2519 2519 2536 2536 2528 2528 2529 2529 2536 2536 2529 2529 2530 2530 2536 2536 2530 2530 2531 2531 2536 2536 2537 2537 2528 2528 2535 2535 2536 2536 2531 2531 2534 2534 2535 2535 2531 2531 2533 2533 2534 2534 2531 2531 2532 2532 2533 2533 2531 2531 2540 2540 2541 2541 2542 2542 2539 2539 2540 2540 2542 2542 2538 2538 2539 2539 2542 2542 2547 2547 2542 2542 2543 2543 2547 2547 2543 2543 2544 2544 2547 2547 2544 2544 2545 2545 2547 2547 2545 2545 2546 2546 2547 2547 2538 2538 2542 2542 2560 2560 2561 2561 2562 2562 2559 2559 2562 2562 2563 2563 2559 2559 2560 2560 2562 2562 2566 2566 2563 2563 2564 2564 2566 2566 2564 2564 2565 2565 2567 2567 2563 2563 2566 2566 2556 2556 2557 2557 2558 2558 2556 2556 2558 2558 2559 2559 2555 2555 2559 2559 2563 2563 2555 2555 2556 2556 2559 2559 2570 2570 2568 2568 2569 2569 2571 2571 2567 2567 2568 2568 2571 2571 2568 2568 2570 2570 2552 2552 2553 2553 2554 2554 2551 2551 2554 2554 2555 2555 2551 2551 2563 2563 2567 2567 2551 2551 2555 2555 2563 2563 2551 2551 2567 2567 2571 2571 2551 2551 2552 2552 2554 2554 2550 2550 2571 2571 2548 2548 2550 2550 2551 2551 2571 2571 2549 2549 2550 2550 2548 2548 2595 2595 2572 2572 2573 2573 2594 2594 2573 2573 2574 2574 2594 2594 2595 2595 2573 2573 2577 2577 2575 2575 2576 2576 2578 2578 2574 2574 2575 2575 2578 2578 2575 2575 2577 2577 2591 2591 2592 2592 2593 2593 2591 2591 2593 2593 2594 2594 2590 2590 2594 2594 2574 2574 2590 2590 2591 2591 2594 2594 2590 2590 2574 2574 2578 2578 2581 2581 2579 2579 2580 2580 2582 2582 2578 2578 2579 2579 2582 2582 2579 2579 2581 2581 2587 2587 2588 2588 2589 2589 2587 2587 2589 2589 2590 2590 2586 2586 2590 2590 2578 2578 2586 2586 2578 2578 2582 2582 2586 2586 2587 2587 2590 2590 2585 2585 2582 2582 2583 2583 2585 2585 2586 2586 2582 2582 2584 2584 2585 2585 2583 2583 2596 2596 2597 2597 2598 2598 2596 2596 2598 2598 2599 2599 2596 2596 2599 2599 2600 2600 2596 2596 2600 2600 2601 2601 2605 2605 2596 2596 2601 2601 2604 2604 2605 2605 2601 2601 2603 2603 2604 2604 2601 2601 2602 2602 2603 2603 2601 2601 2614 2614 2612 2612 2613 2613 2615 2615 2612 2612 2614 2614 2606 2606 2611 2611 2612 2612 2606 2606 2612 2612 2615 2615 2607 2607 2610 2610 2611 2611 2607 2607 2611 2611 2606 2606 2608 2608 2609 2609 2610 2610 2608 2608 2610 2610 2607 2607 2616 2616 2617 2617 2618 2618 2625 2625 2616 2616 2618 2618 2624 2624 2625 2625 2618 2618 2623 2623 2618 2618 2619 2619 2623 2623 2619 2619 2620 2620 2623 2623 2620 2620 2621 2621 2623 2623 2621 2621 2622 2622 2623 2623 2624 2624 2618 2618 2630 2630 2627 2627 2628 2628 2630 2630 2628 2628 2629 2629 2631 2631 2626 2626 2627 2627 2631 2631 2627 2627 2630 2630 2632 2632 2634 2634 2635 2635 2632 2632 2635 2635 2626 2626 2632 2632 2626 2626 2631 2631 2633 2633 2634 2634 2632 2632 2644 2644 2636 2636 2637 2637 2644 2644 2637 2637 2638 2638 2644 2644 2638 2638 2639 2639 2644 2644 2645 2645 2636 2636 2643 2643 2644 2644 2639 2639 2642 2642 2643 2643 2639 2639 2641 2641 2642 2642 2639 2639 2640 2640 2641 2641 2639 2639 2648 2648 2649 2649 2650 2650 2647 2647 2648 2648 2650 2650 2646 2646 2647 2647 2650 2650 2655 2655 2650 2650 2651 2651 2655 2655 2651 2651 2652 2652 2655 2655 2652 2652 2653 2653 2655 2655 2653 2653 2654 2654 2655 2655 2646 2646 2650 2650 2667 2667 2668 2668 2669 2669 2666 2666 2669 2669 2670 2670 2666 2666 2667 2667 2669 2669 2673 2673 2670 2670 2671 2671 2673 2673 2671 2671 2672 2672 2674 2674 2670 2670 2673 2673 2663 2663 2664 2664 2665 2665 2663 2663 2665 2665 2666 2666 2662 2662 2666 2666 2670 2670 2662 2662 2663 2663 2666 2666 2662 2662 2670 2670 2674 2674 2677 2677 2675 2675 2676 2676 2678 2678 2674 2674 2675 2675 2678 2678 2675 2675 2677 2677 2659 2659 2660 2660 2661 2661 2659 2659 2661 2661 2662 2662 2658 2658 2662 2662 2674 2674 2658 2658 2674 2674 2678 2678 2658 2658 2659 2659 2662 2662 2657 2657 2678 2678 2679 2679 2657 2657 2658 2658 2678 2678 2656 2656 2657 2657 2679 2679 2682 2682 2683 2683 2684 2684 2681 2681 2682 2682 2684 2684 2680 2680 2681 2681 2684 2684 2689 2689 2684 2684 2685 2685 2689 2689 2685 2685 2686 2686 2689 2689 2686 2686 2687 2687 2689 2689 2687 2687 2688 2688 2689 2689 2680 2680 2684 2684 2693 2693 2694 2694 2695 2695 2693 2693 2695 2695 2696 2696 2693 2693 2696 2696 2697 2697 2693 2693 2697 2697 2698 2698 2692 2692 2693 2693 2698 2698 2691 2691 2692 2692 2698 2698 2690 2690 2691 2691 2698 2698 2699 2699 2690 2690 2698 2698 2705 2705 2702 2702 2703 2703 2705 2705 2703 2703 2704 2704 2706 2706 2701 2701 2702 2702 2706 2706 2702 2702 2705 2705 2707 2707 2700 2700 2701 2701 2707 2707 2701 2701 2706 2706 2708 2708 2709 2709 2700 2700 2708 2708 2700 2700 2707 2707 2713 2713 2714 2714 2715 2715 2713 2713 2715 2715 2716 2716 2713 2713 2716 2716 2717 2717 2713 2713 2717 2717 2718 2718 2713 2713 2718 2718 2719 2719 2713 2713 2719 2719 2720 2720 2713 2713 2720 2720 2721 2721 2712 2712 2713 2713 2721 2721 2711 2711 2712 2712 2721 2721 2710 2710 2711 2711 2721 2721 2722 2722 2710 2710 2721 2721 2727 2727 2724 2724 2725 2725 2727 2727 2725 2725 2726 2726 2728 2728 2723 2723 2724 2724 2728 2728 2724 2724 2727 2727 2729 2729 2732 2732 2723 2723 2729 2729 2723 2723 2728 2728 2730 2730 2731 2731 2732 2732 2730 2730 2732 2732 2729 2729 2736 2736 2737 2737 2738 2738 2735 2735 2736 2736 2738 2738 2734 2734 2735 2735 2738 2738 2733 2733 2738 2738 2739 2739 2733 2733 2739 2739 2740 2740 2733 2733 2740 2740 2741 2741 2733 2733 2741 2741 2742 2742 2733 2733 2742 2742 2743 2743 2733 2733 2734 2734 2738 2738 2764 2764 2765 2765 2766 2766 2763 2763 2766 2766 2767 2767 2763 2763 2764 2764 2766 2766 2746 2746 2744 2744 2745 2745 2760 2760 2761 2761 2762 2762 2760 2760 2762 2762 2763 2763 2760 2760 2763 2763 2767 2767 2759 2759 2767 2767 2744 2744 2759 2759 2760 2760 2767 2767 2758 2758 2759 2759 2744 2744 2750 2750 2748 2748 2749 2749 2756 2756 2746 2746 2747 2747 2756 2756 2757 2757 2758 2758 2756 2756 2744 2744 2746 2746 2756 2756 2758 2758 2744 2744 2751 2751 2747 2747 2748 2748 2751 2751 2748 2748 2750 2750 2755 2755 2747 2747 2751 2751 2755 2755 2756 2756 2747 2747 2754 2754 2751 2751 2752 2752 2754 2754 2755 2755 2751 2751 2753 2753 2754 2754 2752 2752 2769 2769 2770 2770 2771 2771 2769 2769 2771 2771 2772 2772 2768 2768 2772 2772 2773 2773 2768 2768 2769 2769 2772 2772 2777 2777 2773 2773 2774 2774 2777 2777 2768 2768 2773 2773 2776 2776 2774 2774 2775 2775 2776 2776 2777 2777 2774 2774 2780 2780 2781 2781 2782 2782 2780 2780 2782 2782 2783 2783 2780 2780 2783 2783 2784 2784 2780 2780 2784 2784 2785 2785 2779 2779 2780 2780 2785 2785 2778 2778 2779 2779 2785 2785 2787 2787 2778 2778 2785 2785 2786 2786 2787 2787 2785 2785 2789 2789 2790 2790 2791 2791 2788 2788 2789 2789 2791 2791 2797 2797 2788 2788 2791 2791 2796 2796 2791 2791 2792 2792 2796 2796 2792 2792 2793 2793 2796 2796 2793 2793 2794 2794 2796 2796 2794 2794 2795 2795 2796 2796 2797 2797 2791 2791 2805 2805 2806 2806 2807 2807 2804 2804 2805 2805 2807 2807 2803 2803 2804 2804 2807 2807 2802 2802 2803 2803 2807 2807 2801 2801 2802 2802 2807 2807 2800 2800 2801 2801 2807 2807 2799 2799 2807 2807 2808 2808 2799 2799 2808 2808 2809 2809 2799 2799 2809 2809 2810 2810 2799 2799 2810 2810 2798 2798 2799 2799 2800 2800 2807 2807 2813 2813 2814 2814 2815 2815 2813 2813 2815 2815 2816 2816 2812 2812 2816 2816 2817 2817 2812 2812 2813 2813 2816 2816 2811 2811 2817 2817 2818 2818 2811 2811 2812 2812 2817 2817 2820 2820 2818 2818 2819 2819 2820 2820 2811 2811 2818 2818 2825 2825 2826 2826 2827 2827 2825 2825 2827 2827 2828 2828 2825 2825 2828 2828 2829 2829 2825 2825 2829 2829 2830 2830 2824 2824 2825 2825 2830 2830 2823 2823 2824 2824 2830 2830 2822 2822 2823 2823 2830 2830 2821 2821 2822 2822 2830 2830 2831 2831 2821 2821 2830 2830 2832 2832 2833 2833 2834 2834 2856 2856 2834 2834 2835 2835 2856 2856 2832 2832 2834 2834 2838 2838 2836 2836 2837 2837 2839 2839 2836 2836 2838 2838 2853 2853 2854 2854 2855 2855 2853 2853 2855 2855 2856 2856 2852 2852 2856 2856 2835 2835 2852 2852 2853 2853 2856 2856 2851 2851 2835 2835 2836 2836 2851 2851 2852 2852 2835 2835 2843 2843 2841 2841 2842 2842 2849 2849 2850 2850 2851 2851 2844 2844 2841 2841 2843 2843 2848 2848 2839 2839 2840 2840 2848 2848 2836 2836 2839 2839 2848 2848 2851 2851 2836 2836 2848 2848 2849 2849 2851 2851 2847 2847 2840 2840 2841 2841 2847 2847 2844 2844 2845 2845 2847 2847 2848 2848 2840 2840 2847 2847 2841 2841 2844 2844 2846 2846 2847 2847 2845 2845 2862 2862 2859 2859 2860 2860 2862 2862 2860 2860 2861 2861 2863 2863 2859 2859 2862 2862 2880 2880 2857 2857 2858 2858 2880 2880 2858 2858 2859 2859 2879 2879 2880 2880 2859 2859 2866 2866 2864 2864 2865 2865 2867 2867 2863 2863 2864 2864 2867 2867 2864 2864 2866 2866 2876 2876 2877 2877 2878 2878 2876 2876 2878 2878 2879 2879 2875 2875 2859 2859 2863 2863 2875 2875 2879 2879 2859 2859 2875 2875 2876 2876 2879 2879 2875 2875 2863 2863 2867 2867 2870 2870 2867 2867 2868 2868 2870 2870 2868 2868 2869 2869 2871 2871 2874 2874 2875 2875 2871 2871 2875 2875 2867 2867 2871 2871 2867 2867 2870 2870 2872 2872 2874 2874 2871 2871 2873 2873 2874 2874 2872 2872 2891 2891 2881 2881 2882 2882 2890 2890 2891 2891 2882 2882 2889 2889 2890 2890 2882 2882 2888 2888 2882 2882 2883 2883 2888 2888 2883 2883 2884 2884 2888 2888 2884 2884 2885 2885 2888 2888 2885 2885 2886 2886 2888 2888 2886 2886 2887 2887 2888 2888 2889 2889 2882 2882 2901 2901 2896 2896 2897 2897 2901 2901 2897 2897 2898 2898 2901 2901 2898 2898 2899 2899 2901 2901 2899 2899 2900 2900 2892 2892 2896 2896 2901 2901 2893 2893 2896 2896 2892 2892 2894 2894 2896 2896 2893 2893 2895 2895 2896 2896 2894 2894 2902 2902 2904 2904 2905 2905 2902 2902 2905 2905 2906 2906 2902 2902 2906 2906 2907 2907 2902 2902 2907 2907 2908 2908 2903 2903 2902 2902 2908 2908 2911 2911 2903 2903 2908 2908 2910 2910 2911 2911 2908 2908 2909 2909 2910 2910 2908 2908 2920 2920 2918 2918 2919 2919 2921 2921 2918 2918 2920 2920 2912 2912 2918 2918 2921 2921 2913 2913 2914 2914 2915 2915 2913 2913 2915 2915 2916 2916 2913 2913 2916 2916 2917 2917 2913 2913 2917 2917 2918 2918 2913 2913 2918 2918 2912 2912 2927 2927 2928 2928 2929 2929 2926 2926 2927 2927 2929 2929 2925 2925 2926 2926 2929 2929 2924 2924 2922 2922 2923 2923 2924 2924 2929 2929 2930 2930 2924 2924 2930 2930 2931 2931 2924 2924 2931 2931 2922 2922 2924 2924 2925 2925 2929 2929 2936 2936 2937 2937 2938 2938 2936 2936 2938 2938 2939 2939 2936 2936 2939 2939 2940 2940 2936 2936 2940 2940 2941 2941 2935 2935 2936 2936 2941 2941 2934 2934 2935 2935 2941 2941 2933 2933 2934 2934 2941 2941 2932 2932 2933 2933 2941 2941 2954 2954 2955 2955 2956 2956 2953 2953 2956 2956 2957 2957 2953 2953 2954 2954 2956 2956 2960 2960 2958 2958 2959 2959 2950 2950 2951 2951 2952 2952 2949 2949 2952 2952 2953 2953 2949 2949 2953 2953 2957 2957 2949 2949 2950 2950 2952 2952 2948 2948 2957 2957 2958 2958 2948 2948 2958 2958 2960 2960 2948 2948 2949 2949 2957 2957 2964 2964 2962 2962 2963 2963 2965 2965 2961 2961 2962 2962 2965 2965 2962 2962 2964 2964 2946 2946 2947 2947 2948 2948 2945 2945 2960 2960 2961 2961 2945 2945 2948 2948 2960 2960 2945 2945 2946 2946 2948 2948 2945 2945 2961 2961 2965 2965 2944 2944 2965 2965 2942 2942 2944 2944 2945 2945 2965 2965 2943 2943 2944 2944 2942 2942 2989 2989 2966 2966 2967 2967 2989 2989 2967 2967 2968 2968 2988 2988 2989 2989 2968 2968 2971 2971 2969 2969 2970 2970 2972 2972 2969 2969 2971 2971 2985 2985 2986 2986 2987 2987 2985 2985 2987 2987 2988 2988 2984 2984 2968 2968 2969 2969 2984 2984 2988 2988 2968 2968 2984 2984 2985 2985 2988 2988 2983 2983 2984 2984 2969 2969 2975 2975 2973 2973 2974 2974 2976 2976 2972 2972 2973 2973 2976 2976 2973 2973 2975 2975 2981 2981 2982 2982 2983 2983 2980 2980 2969 2969 2972 2972 2980 2980 2983 2983 2969 2969 2980 2980 2972 2972 2976 2976 2980 2980 2981 2981 2983 2983 2979 2979 2976 2976 2977 2977 2979 2979 2980 2980 2976 2976 2978 2978 2979 2979 2977 2977 2990 2990 2991 2991 2992 2992 2990 2990 2992 2992 2993 2993 2990 2990 2993 2993 2994 2994 2990 2990 2994 2994 2995 2995 2999 2999 2990 2990 2995 2995 2998 2998 2999 2999 2995 2995 2997 2997 2998 2998 2995 2995 2996 2996 2997 2997 2995 2995 3009 3009 3006 3006 3007 3007 3009 3009 3007 3007 3008 3008 3000 3000 3005 3005 3006 3006 3000 3000 3006 3006 3009 3009 3001 3001 3004 3004 3005 3005 3001 3001 3005 3005 3000 3000 3002 3002 3003 3003 3004 3004 3002 3002 3004 3004 3001 3001 3017 3017 3012 3012 3013 3013 3017 3017 3013 3013 3014 3014 3017 3017 3014 3014 3015 3015 3017 3017 3015 3015 3016 3016 3018 3018 3012 3012 3017 3017 3019 3019 3012 3012 3018 3018 3010 3010 3012 3012 3019 3019 3011 3011 3012 3012 3010 3010 3024 3024 3021 3021 3022 3022 3024 3024 3022 3022 3023 3023 3025 3025 3020 3020 3021 3021 3025 3025 3021 3021 3024 3024 3026 3026 3029 3029 3020 3020 3026 3026 3020 3020 3025 3025 3027 3027 3028 3028 3029 3029 3027 3027 3029 3029 3026 3026 3038 3038 3030 3030 3031 3031 3038 3038 3031 3031 3032 3032 3038 3038 3032 3032 3033 3033 3038 3038 3039 3039 3030 3030 3037 3037 3038 3038 3033 3033 3036 3036 3037 3037 3033 3033 3035 3035 3036 3036 3033 3033 3034 3034 3035 3035 3033 3033 3047 3047 3042 3042 3043 3043 3047 3047 3043 3043 3044 3044 3047 3047 3044 3044 3045 3045 3047 3047 3045 3045 3046 3046 3048 3048 3042 3042 3047 3047 3049 3049 3042 3042 3048 3048 3040 3040 3042 3042 3049 3049 3041 3041 3042 3042 3040 3040 3061 3061 3062 3062 3063 3063 3060 3060 3063 3063 3064 3064 3060 3060 3061 3061 3063 3063 3067 3067 3065 3065 3066 3066 3068 3068 3064 3064 3065 3065 3068 3068 3065 3065 3067 3067 3057 3057 3058 3058 3059 3059 3057 3057 3059 3059 3060 3060 3056 3056 3060 3060 3064 3064 3056 3056 3064 3064 3068 3068 3056 3056 3057 3057 3060 3060 3071 3071 3069 3069 3070 3070 3072 3072 3068 3068 3069 3069 3072 3072 3069 3069 3071 3071 3053 3053 3054 3054 3055 3055 3052 3052 3055 3055 3056 3056 3052 3052 3056 3056 3068 3068 3052 3052 3053 3053 3055 3055 3052 3052 3068 3068 3072 3072 3051 3051 3072 3072 3073 3073 3051 3051 3052 3052 3072 3072 3050 3050 3051 3051 3073 3073 3096 3096 3094 3094 3095 3095 3097 3097 3093 3093 3094 3094 3097 3097 3094 3094 3096 3096 3090 3090 3091 3091 3092 3092 3090 3090 3092 3092 3093 3093 3089 3089 3093 3093 3097 3097 3089 3089 3090 3090 3093 3093 3076 3076 3074 3074 3075 3075 3076 3076 3097 3097 3074 3074 3077 3077 3097 3097 3076 3076 3086 3086 3087 3087 3088 3088 3086 3086 3088 3088 3089 3089 3085 3085 3089 3089 3097 3097 3085 3085 3086 3086 3089 3089 3080 3080 3077 3077 3078 3078 3080 3080 3078 3078 3079 3079 3081 3081 3084 3084 3085 3085 3081 3081 3097 3097 3077 3077 3081 3081 3085 3085 3097 3097 3081 3081 3077 3077 3080 3080 3082 3082 3084 3084 3081 3081 3083 3083 3084 3084 3082 3082 3102 3102 3103 3103 3104 3104 3101 3101 3102 3102 3104 3104 3100 3100 3101 3101 3104 3104 3099 3099 3104 3104 3105 3105 3099 3099 3105 3105 3106 3106 3099 3099 3106 3106 3107 3107 3099 3099 3107 3107 3098 3098 3099 3099 3100 3100 3104 3104 3114 3114 3108 3108 3110 3110 3114 3114 3110 3110 3111 3111 3114 3114 3111 3111 3112 3112 3114 3114 3112 3112 3113 3113 3115 3115 3108 3108 3114 3114 3116 3116 3108 3108 3115 3115 3117 3117 3108 3108 3116 3116 3109 3109 3108 3108 3117 3117 3124 3124 3125 3125 3126 3126 3124 3124 3126 3126 3127 3127 3123 3123 3127 3127 3118 3118 3123 3123 3124 3124 3127 3127 3122 3122 3118 3118 3119 3119 3122 3122 3123 3123 3118 3118 3121 3121 3122 3122 3119 3119 3120 3120 3121 3121 3119 3119 3131 3131 3132 3132 3133 3133 3131 3131 3133 3133 3134 3134 3131 3131 3134 3134 3135 3135 3131 3131 3135 3135 3136 3136 3130 3130 3131 3131 3136 3136 3129 3129 3130 3130 3136 3136 3128 3128 3129 3129 3136 3136 3137 3137 3128 3128 3136 3136 3141 3141 3142 3142 3143 3143 3141 3141 3143 3143 3144 3144 3141 3141 3144 3144 3145 3145 3141 3141 3145 3145 3146 3146 3140 3140 3141 3141 3146 3146 3139 3139 3140 3140 3146 3146 3138 3138 3139 3139 3146 3146 3147 3147 3138 3138 3146 3146 3149 3149 3150 3150 3151 3151 3148 3148 3151 3151 3152 3152 3148 3148 3149 3149 3151 3151 3157 3157 3152 3152 3153 3153 3157 3157 3148 3148 3152 3152 3156 3156 3153 3153 3154 3154 3156 3156 3154 3154 3155 3155 3156 3156 3157 3157 3153 3153 3158 3158 3159 3159 3160 3160 3181 3181 3160 3160 3161 3161 3181 3181 3158 3158 3160 3160 3164 3164 3161 3161 3162 3162 3164 3164 3162 3162 3163 3163 3178 3178 3179 3179 3180 3180 3178 3178 3180 3180 3181 3181 3177 3177 3181 3181 3161 3161 3177 3177 3178 3178 3181 3181 3176 3176 3161 3161 3164 3164 3176 3176 3177 3177 3161 3161 3168 3168 3166 3166 3167 3167 3169 3169 3165 3165 3166 3166 3169 3169 3166 3166 3168 3168 3174 3174 3164 3164 3165 3165 3174 3174 3175 3175 3176 3176 3174 3174 3176 3176 3164 3164 3173 3173 3174 3174 3165 3165 3173 3173 3165 3165 3169 3169 3172 3172 3169 3169 3170 3170 3172 3172 3173 3173 3169 3169 3171 3171 3172 3172 3170 3170 3203 3203 3200 3200 3201 3201 3203 3203 3201 3201 3202 3202 3204 3204 3200 3200 3203 3203 3197 3197 3198 3198 3199 3199 3196 3196 3197 3197 3199 3199 3183 3183 3205 3205 3182 3182 3184 3184 3204 3204 3205 3205 3184 3184 3200 3200 3204 3204 3184 3184 3205 3205 3183 3183 3185 3185 3199 3199 3200 3200 3185 3185 3196 3196 3199 3199 3185 3185 3200 3200 3184 3184 3193 3193 3194 3194 3195 3195 3192 3192 3195 3195 3196 3196 3192 3192 3193 3193 3195 3195 3187 3187 3185 3185 3186 3186 3188 3188 3196 3196 3185 3185 3188 3188 3192 3192 3196 3196 3188 3188 3185 3185 3187 3187 3189 3189 3191 3191 3192 3192 3189 3189 3192 3192 3188 3188 3190 3190 3191 3191 3189 3189 3213 3213 3206 3206 3207 3207 3213 3213 3207 3207 3208 3208 3213 3213 3214 3214 3215 3215 3213 3213 3215 3215 3206 3206 3212 3212 3213 3213 3208 3208 3211 3211 3212 3212 3208 3208 3210 3210 3211 3211 3208 3208 3209 3209 3210 3210 3208 3208 3217 3217 3218 3218 3219 3219 3216 3216 3217 3217 3219 3219 3225 3225 3216 3216 3219 3219 3224 3224 3219 3219 3220 3220 3224 3224 3220 3220 3221 3221 3224 3224 3221 3221 3222 3222 3224 3224 3222 3222 3223 3223 3224 3224 3225 3225 3219 3219 3235 3235 3233 3233 3234 3234 3226 3226 3233 3233 3235 3235 3227 3227 3231 3231 3232 3232 3227 3227 3232 3232 3233 3233 3227 3227 3233 3233 3226 3226 3228 3228 3231 3231 3227 3227 3229 3229 3230 3230 3231 3231 3229 3229 3231 3231 3228 3228 3245 3245 3242 3242 3243 3243 3245 3245 3243 3243 3244 3244 3236 3236 3241 3241 3242 3242 3236 3236 3242 3242 3245 3245 3237 3237 3240 3240 3241 3241 3237 3237 3241 3241 3236 3236 3238 3238 3239 3239 3240 3240 3238 3238 3240 3240 3237 3237 3252 3252 3253 3253 3254 3254 3251 3251 3252 3252 3254 3254 3250 3250 3251 3251 3254 3254 3249 3249 3246 3246 3247 3247 3249 3249 3247 3247 3248 3248 3249 3249 3254 3254 3255 3255 3249 3249 3255 3255 3246 3246 3249 3249 3250 3250 3254 3254 3260 3260 3261 3261 3262 3262 3260 3260 3262 3262 3263 3263 3260 3260 3263 3263 3264 3264 3260 3260 3264 3264 3265 3265 3259 3259 3260 3260 3265 3265 3258 3258 3259 3259 3265 3265 3257 3257 3258 3258 3265 3265 3256 3256 3257 3257 3265 3265</p>
        </triangles>
      </mesh>
    </geometry>
  </library_geometries>
  <library_visual_scenes>
    <visual_scene id="IfcOpenShell">
      <node id="product-23f27b65-2a18-4efe-9dcd-efa1bad83603-body" name="product-23f27b65-2a18-4efe-9dcd-efa1bad83603-body" type="NODE">
        <matrix>1 0 0 -0.5969952722359197 0 1 0 -1.719287500000001 0 0 1 -2.122381855713335 0 0 0 1</matrix>
        <instance_geometry url="#representation-1069485-material-3732">
          <bind_material>
            <technique_common>
              <instance_material symbol="IfcMaterial-3732" target="#IfcMaterial-3732"/>
            </technique_common>
          </bind_material>
        </instance_geometry>
      </node>
    </visual_scene>
  </library_visual_scenes>
  <scene>
    <instance_visual_scene url="#IfcOpenShell"/>
  </scene>
</COLLADA>