<?xml version="1.0" encoding="utf-8"?>
<COLLADA xmlns="http://www.collada.org/2005/11/COLLADASchema" version="1.4.1" xmlns:xsi="http://www.w3.org/2001/XMLSchema-instance">
  <asset>
    <contributor>
      <authoring_tool>IfcOpenShell 0.8.1-c49ca69</authoring_tool>
    </contributor>
    <created>2025-04-23T00:07:25</created>
    <modified>2025-04-23T00:07:25</modified>
    <unit name="METER" meter="1"/>
    <up_axis>Z_UP</up_axis>
  </asset>
  <library_effects>
    <effect id="IfcMaterial-3732-fx">
      <profile_COMMON>
        <technique sid="common">
          <lambert/>
        </technique>
      </profile_COMMON>
    </effect>
  </library_effects>
  <library_materials>
    <material id="IfcMaterial-3732">
      <instance_effect url="#IfcMaterial-3732-fx"/>
    </material>
  </library_materials>
  <library_geometries>
    <geometry id="representation-1079068-material-3732">
      <mesh>
        <source id="representation-1079068-material-3732-positions">
          <float_array id="representation-1079068-material-3732-positions-array" count="7722">1.021595272235917 0.009095272235916995 0.8599999999999999 1.021595272235917 0.009095272235916995 0 1.034095272235917 0.02159527223591795 0 1.034095272235917 0.02159527223591795 0.8599999999999999 1.021595272235918 0.0340952722359179 0.8599999999999999 1.034095272235917 0.02159527223591795 0.8599999999999999 1.034095272235917 0.02159527223591795 0 1.021595272235917 0.0340952722359179 0 1.009095272235917 0.02159527223591795 0 1.009095272235917 0.02159527223591795 0.8599999999999999 1.021595272235918 0.0340952722359179 0.8599999999999999 1.021595272235917 0.0340952722359179 0 1.009095272235917 0.02159527223591795 0.8599999999999999 1.021595272235917 0.009095272235916995 0.8599999999999999 1.009095272235917 0.02159527223591795 0 1.021595272235917 0.009095272235916995 0 1.009095272235917 0.02159527223591795 0.8599999999999999 1.021595272235917 0.009095272235916995 0.8599999999999999 1.034095272235917 0.02159527223591795 0.8599999999999999 1.021595272235918 0.0340952722359179 0.8599999999999999 1.021595272235917 0.0340952722359179 0 1.034095272235917 0.02159527223591795 0 1.021595272235917 0.009095272235916995 0 1.009095272235917 0.02159527223591795 0 0.009095272235917883 0.621595272235897 0.8599999999999999 0.009095272235917883 0.621595272235897 0 0.02159527223591795 0.6090952722358961 0 0.02159527223591795 0.6090952722358961 0.8599999999999999 0.0340952722359179 0.621595272235897 0.8599999999999999 0.02159527223591795 0.6090952722358961 0.8599999999999999 0.02159527223591795 0.6090952722358961 0 0.0340952722359179 0.621595272235897 0 0.02159527223591795 0.634095272235897 0 0.02159527223591795 0.634095272235897 0.8599999999999999 0.0340952722359179 0.621595272235897 0.8599999999999999 0.0340952722359179 0.621595272235897 0 0.02159527223591795 0.634095272235897 0.8599999999999999 0.009095272235917883 0.621595272235897 0.8599999999999999 0.02159527223591795 0.634095272235897 0 0.009095272235917883 0.621595272235897 0 0.02159527223591795 0.634095272235897 0.8599999999999999 0.009095272235917883 0.621595272235897 0.8599999999999999 0.02159527223591795 0.6090952722358961 0.8599999999999999 0.0340952722359179 0.621595272235897 0.8599999999999999 0.0340952722359179 0.621595272235897 0 0.02159527223591795 0.6090952722358961 0 0.009095272235917883 0.621595272235897 0 0.02159527223591795 0.634095272235897 0 0.00909527223591966 1.621595272235896 0.8599999999999999 0.00909527223591966 1.621595272235896 0 0.02159527223591972 1.609095272235895 0 0.02159527223591972 1.609095272235895 0.8599999999999999 0.03409527223591968 1.621595272235896 0.8599999999999999 0.02159527223591972 1.609095272235895 0.8599999999999999 0.02159527223591972 1.609095272235895 0 0.03409527223591968 1.621595272235896 0 0.02159527223591972 1.634095272235896 0 0.02159527223591972 1.634095272235896 0.8599999999999999 0.03409527223591968 1.621595272235896 0.8599999999999999 0.03409527223591968 1.621595272235896 0 0.02159527223591972 1.634095272235896 0.8599999999999999 0.00909527223591966 1.621595272235896 0.8599999999999999 0.02159527223591972 1.634095272235896 0 0.00909527223591966 1.621595272235896 0 0.02159527223591972 1.634095272235896 0.8599999999999999 0.00909527223591966 1.621595272235896 0.8599999999999999 0.02159527223591972 1.609095272235895 0.8599999999999999 0.03409527223591968 1.621595272235896 0.8599999999999999 0.03409527223591968 1.621595272235896 0 0.02159527223591972 1.609095272235895 0 0.00909527223591966 1.621595272235896 0 0.02159527223591972 1.634095272235896 0 0.009095272235921547 2.621595272235896 0.8599999999999999 0.009095272235921547 2.621595272235896 0 0.0215952722359215 2.609095272235895 0 0.0215952722359215 2.609095272235895 0.8599999999999999 0.03409527223592156 2.621595272235896 0.8599999999999999 0.0215952722359215 2.609095272235895 0.8599999999999999 0.0215952722359215 2.609095272235895 0 0.03409527223592156 2.621595272235896 0 0.0215952722359215 2.634095272235896 0 0.0215952722359215 2.634095272235896 0.8599999999999999 0.03409527223592156 2.621595272235896 0.8599999999999999 0.03409527223592156 2.621595272235896 0 0.0215952722359215 2.634095272235896 0.8599999999999999 0.009095272235921547 2.621595272235896 0.8599999999999999 0.0215952722359215 2.634095272235896 0 0.009095272235921547 2.621595272235896 0 0.0215952722359215 2.634095272235896 0.8599999999999999 0.009095272235921547 2.621595272235896 0.8599999999999999 0.0215952722359215 2.609095272235895 0.8599999999999999 0.03409527223592156 2.621595272235896 0.8599999999999999 0.03409527223592156 2.621595272235896 0 0.0215952722359215 2.609095272235895 0 0.009095272235921547 2.621595272235896 0 0.0215952722359215 2.634095272235896 0 0.009095272235923324 3.621595272235896 0.8599999999999999 0.009095272235923324 3.621595272235896 0 0.02159527223592339 3.609095272235896 0 0.02159527223592339 3.609095272235896 0.8599999999999999 0.03409527223592334 3.621595272235896 0.8599999999999999 0.02159527223592339 3.609095272235896 0.8599999999999999 0.02159527223592339 3.609095272235896 0 0.03409527223592334 3.621595272235896 0 0.02159527223592339 3.634095272235896 0 0.02159527223592339 3.634095272235896 0.8599999999999999 0.03409527223592334 3.621595272235896 0.8599999999999999 0.03409527223592334 3.621595272235896 0 0.02159527223592339 3.634095272235896 0.8599999999999999 0.009095272235923324 3.621595272235896 0.8599999999999999 0.02159527223592339 3.634095272235896 0 0.009095272235923324 3.621595272235896 0 0.02159527223592339 3.634095272235896 0.8599999999999999 0.009095272235923324 3.621595272235896 0.8599999999999999 0.02159527223592339 3.609095272235896 0.8599999999999999 0.03409527223592334 3.621595272235896 0.8599999999999999 0.03409527223592334 3.621595272235896 0 0.02159527223592339 3.609095272235896 0 0.009095272235923324 3.621595272235896 0 0.02159527223592339 3.634095272235896 0 0.4215952722359334 4.634095272235897 0.8599999999999999 0.4215952722359334 4.634095272235897 0 0.4090952722359334 4.621595272235895 0 0.4090952722359334 4.621595272235895 0.8599999999999999 0.4215952722359329 4.609095272235895 0.8599999999999999 0.4090952722359334 4.621595272235895 0.8599999999999999 0.4090952722359334 4.621595272235895 0 0.4215952722359334 4.609095272235895 0 0.4340952722359334 4.621595272235895 0 0.4340952722359334 4.621595272235895 0.8599999999999999 0.4215952722359329 4.609095272235895 0.8599999999999999 0.4215952722359334 4.609095272235895 0 0.4340952722359334 4.621595272235895 0.8599999999999999 0.4215952722359334 4.634095272235897 0.8599999999999999 0.4340952722359334 4.621595272235895 0 0.4215952722359334 4.634095272235897 0 0.4340952722359334 4.621595272235895 0.8599999999999999 0.4215952722359334 4.634095272235897 0.8599999999999999 0.4090952722359334 4.621595272235895 0.8599999999999999 0.4215952722359329 4.609095272235895 0.8599999999999999 0.4215952722359334 4.609095272235895 0 0.4090952722359334 4.621595272235895 0 0.4215952722359334 4.634095272235897 0 0.4340952722359334 4.621595272235895 0 0.009095272235916995 0.02159527223592061 0.8599999999999999 0.009095272235916995 0.02159527223592061 0 0.02159527223591695 0.009095272235920659 0 0.02159527223591695 0.009095272235920659 0.8599999999999999 0.03409527223591701 0.02159527223592061 0.8599999999999999 0.02159527223591695 0.009095272235920659 0.8599999999999999 0.02159527223591695 0.009095272235920659 0 0.03409527223591701 0.02159527223592061 0 0.02159527223591695 0.03409527223592156 0 0.02159527223591695 0.03409527223592156 0.8599999999999999 0.03409527223591701 0.02159527223592061 0.8599999999999999 0.03409527223591701 0.02159527223592061 0 0.02159527223591695 0.03409527223592156 0.8599999999999999 0.009095272235916995 0.02159527223592061 0.8599999999999999 0.02159527223591695 0.03409527223592156 0 0.009095272235916995 0.02159527223592061 0 0.02159527223591695 0.03409527223592156 0.8599999999999999 0.009095272235916995 0.02159527223592061 0.8599999999999999 0.02159527223591695 0.009095272235920659 0.8599999999999999 0.03409527223591701 0.02159527223592061 0.8599999999999999 0.03409527223591701 0.02159527223592061 0 0.02159527223591695 0.009095272235920659 0 0.009095272235916995 0.02159527223592061 0 0.02159527223591695 0.03409527223592156 0 0.02159527223592427 4.634095272235897 0.8599999999999999 0.02159527223592427 4.634095272235897 0 0.009095272235925211 4.621595272235897 0 0.009095272235925211 4.621595272235897 0.8599999999999999 0.02159527223592427 4.609095272235896 0.8599999999999999 0.009095272235925211 4.621595272235897 0.8599999999999999 0.009095272235925211 4.621595272235897 0 0.02159527223592427 4.609095272235896 0 0.03409527223592423 4.621595272235897 0 0.03409527223592423 4.621595272235897 0.8599999999999999 0.02159527223592427 4.609095272235896 0.8599999999999999 0.02159527223592427 4.609095272235896 0 0.03409527223592423 4.621595272235897 0.8599999999999999 0.02159527223592427 4.634095272235897 0.8599999999999999 0.03409527223592423 4.621595272235897 0 0.02159527223592427 4.634095272235897 0 0.03409527223592423 4.621595272235897 0.8599999999999999 0.02159527223592427 4.634095272235897 0.8599999999999999 0.009095272235925211 4.621595272235897 0.8599999999999999 0.02159527223592427 4.609095272235896 0.8599999999999999 0.02159527223592427 4.609095272235896 0 0.009095272235925211 4.621595272235897 0 0.02159527223592427 4.634095272235897 0 0.03409527223592423 4.621595272235897 0 1.409095272235923 0.009095272235916107 0.8599999999999999 1.409095272235923 0.009095272235916107 0 1.421595272235923 0.02159527223591606 0 1.421595272235923 0.02159527223591606 0.8599999999999999 1.409095272235924 0.03409527223591701 0.8599999999999999 1.421595272235923 0.02159527223591606 0.8599999999999999 1.421595272235923 0.02159527223591606 0 1.409095272235923 0.03409527223591701 0 1.396595272235923 0.02159527223591606 0 1.396595272235923 0.02159527223591606 0.8599999999999999 1.409095272235924 0.03409527223591701 0.8599999999999999 1.409095272235923 0.03409527223591701 0 1.396595272235923 0.02159527223591606 0.8599999999999999 1.409095272235923 0.009095272235916107 0.8599999999999999 1.396595272235923 0.02159527223591606 0 1.409095272235923 0.009095272235916107 0 1.396595272235923 0.02159527223591606 0.8599999999999999 1.409095272235923 0.009095272235916107 0.8599999999999999 1.421595272235923 0.02159527223591606 0.8599999999999999 1.409095272235924 0.03409527223591701 0.8599999999999999 1.409095272235923 0.03409527223591701 0 1.421595272235923 0.02159527223591606 0 1.409095272235923 0.009095272235916107 0 1.396595272235923 0.02159527223591606 0 1.409095272235934 4.634095272235893 0.8599999999999999 1.409095272235934 4.634095272235893 0 1.396595272235934 4.621595272235893 0 1.396595272235934 4.621595272235893 0.8599999999999999 1.409095272235933 4.609095272235891 0.8599999999999999 1.396595272235934 4.621595272235893 0.8599999999999999 1.396595272235934 4.621595272235893 0 1.409095272235934 4.609095272235891 0 1.421595272235933 4.621595272235893 0 1.421595272235933 4.621595272235893 0.8599999999999999 1.409095272235933 4.609095272235891 0.8599999999999999 1.409095272235934 4.609095272235891 0 1.421595272235933 4.621595272235893 0.8599999999999999 1.409095272235934 4.634095272235893 0.8599999999999999 1.421595272235933 4.621595272235893 0 1.409095272235934 4.634095272235893 0 1.421595272235933 4.621595272235893 0.8599999999999999 1.409095272235934 4.634095272235893 0.8599999999999999 1.396595272235934 4.621595272235893 0.8599999999999999 1.409095272235933 4.609095272235891 0.8599999999999999 1.409095272235934 4.609095272235891 0 1.396595272235934 4.621595272235893 0 1.409095272235934 4.634095272235893 0 1.421595272235933 4.621595272235893 0 1.421595272235933 4.608470272235891 0.7632475952641921 1.421595272235933 4.606595272235893 0.76 1.421595272235933 4.608506694596813 0.756689319356165 1.421595272235933 4.61041811695773 0.7533786387123304 1.421595272235933 4.612256694596811 0.7501941288277816 1.421595272235933 4.614095272235891 0.7470096189432338 1.421595272235933 4.617845272235893 0.7470096189432338 1.421595272235933 4.621595272235893 0.7470096189432338 1.421595272235933 4.625345272235893 0.7470096189432338 1.421595272235933 4.629095272235893 0.7470096189432338 1.421595272235933 4.630970272235893 0.7502572142074255 1.421595272235933 4.632845272235893 0.7535048094716171 1.421595272235933 4.634683849874973 0.756689319356165 1.421595272235933 4.636595272235893 0.76 1.421595272235933 4.634720272235893 0.7632475952641911 1.421595272235933 4.632845272235893 0.7664951905283837 1.421595272235933 4.630970272235893 0.7697427857925754 1.421595272235933 4.629095272235893 0.7729903810567662 1.421595272235933 4.625345272235893 0.7729903810567662 1.421595272235933 4.621595272235893 0.7729903810567662 1.421595272235933 4.617845272235893 0.772990381056767 1.421595272235933 4.614095272235891 0.7729903810567662 1.421595272235933 4.612220272235891 0.7697427857925754 1.421595272235933 4.610345272235891 0.7664951905283837 1.421595272235923 0.03468384987498929 0.7566893193561541 1.421595272235923 0.03659527223591518 0.76 1.421595272235923 0.03468384987497752 0.7633106806438668 1.421595272235923 0.03284527223591604 0.7664951905283828 1.421595272235923 0.03097027223591519 0.7697427857925744 1.421595272235923 0.02909527223591612 0.7729903810567662 1.421595272235923 0.0253452722359152 0.7729903810567662 1.421595272235923 0.02159527223591517 0.7729903810567662 1.421595272235923 0.01784527223591514 0.7729903810567662 1.421595272235923 0.01409527223591522 0.7729903810567662 1.421595272235923 0.01222027223591426 0.7697427857925754 1.421595272235923 0.0103452722359143 0.7664951905283837 1.421595272235923 0.008506694600008746 0.7633106806493319 1.421595272235923 0.006595272235915161 0.76 1.421595272235923 0.008470272235915121 0.7567524047358088 1.421595272235923 0.0103452722359143 0.7535048094716171 1.421595272235923 0.01222027223591426 0.7502572142074255 1.421595272235923 0.01409527223591522 0.7470096189432338 1.421595272235923 0.01784527223591514 0.7470096189432338 1.421595272235923 0.02159527223591517 0.7470096189432338 1.421595272235923 0.0253452722359152 0.7470096189432338 1.421595272235923 0.02909527223591612 0.7470096189432338 1.421595272235923 0.03093384987499026 0.7501941288277708 1.421595272235923 0.0327724275140635 0.7533786387123068 1.421595272235933 4.629095272235893 0.7470096189432338 1.421595272235933 4.625345272235893 0.7470096189432338 0.01784527223592424 4.625345272235897 0.7470096189432338 0.01784527223592424 4.625345272235897 0.7470096189432338 1.421595272235933 4.629095272235893 0.7470096189432338 0.01409527223592421 4.629095272235897 0.7470096189432338 0.01784527223592424 4.625345272235897 0.7470096189432338 1.421595272235933 4.625345272235893 0.7470096189432338 0.02159527223592427 4.621595272235898 0.7470096189432329 0.02159527223592427 4.621595272235898 0.7470096189432329 0.01784527223592424 4.625345272235897 0.7470096189432338 0.02159527223591606 0.02159527223591972 0.7470096189432338 0.02159527223591606 0.02159527223591972 0.7470096189432338 0.01784527223592424 4.625345272235897 0.7470096189432338 0.01784527223591603 0.01784527223591969 0.7470096189432338 0.01409527223592421 4.629095272235897 0.7470096189432338 0.01784527223592424 4.625345272235897 0.7470096189432338 0.01784527223591603 0.01784527223591969 0.7470096189432338 0.01784527223591603 0.01784527223591969 0.7470096189432338 0.01409527223592421 4.629095272235897 0.7470096189432338 0.01409527223591522 0.01409527223592066 0.7470096189432338 0.02159527223592427 4.621595272235898 0.7470096189432329 1.421595272235933 4.625345272235893 0.7470096189432338 1.421595272235933 4.621595272235893 0.7470096189432338 0.0253452722359243 4.617845272235896 0.7470096189432329 0.02159527223592427 4.621595272235898 0.7470096189432329 1.421595272235933 4.621595272235893 0.7470096189432338 1.421595272235933 4.621595272235893 0.7470096189432338 1.421595272235933 4.617845272235893 0.7470096189432338 0.0253452722359243 4.617845272235896 0.7470096189432329 0.02909527223592422 4.614095272235896 0.7470096189432329 0.0253452722359243 4.617845272235896 0.7470096189432329 1.421595272235933 4.617845272235893 0.7470096189432338 0.02909527223592422 4.614095272235896 0.7470096189432329 1.421595272235933 4.617845272235893 0.7470096189432338 1.421595272235933 4.614095272235891 0.7470096189432338 0.02909527223592422 4.614095272235896 0.7470096189432329 0.0253452722359243 4.617845272235896 0.7470096189432329 0.02909527223591612 0.02909527223591878 0.7470096189432338 0.02534527223591609 0.02534527223591875 0.7470096189432338 0.02909527223591612 0.02909527223591878 0.7470096189432338 0.0253452722359243 4.617845272235896 0.7470096189432329 0.02909527223591612 0.02909527223591878 0.7470096189432338 1.421595272235923 0.0253452722359152 0.7470096189432338 0.02534527223591609 0.02534527223591875 0.7470096189432338 1.421595272235923 0.02909527223591612 0.7470096189432338 1.421595272235923 0.0253452722359152 0.7470096189432338 0.02909527223591612 0.02909527223591878 0.7470096189432338 0.02534527223591609 0.02534527223591875 0.7470096189432338 1.421595272235923 0.0253452722359152 0.7470096189432338 1.421595272235923 0.02159527223591517 0.7470096189432338 0.02159527223591606 0.02159527223591972 0.7470096189432338 1.421595272235923 0.02159527223591517 0.7470096189432338 1.421595272235923 0.01784527223591514 0.7470096189432338 0.02159527223591606 0.02159527223591972 0.7470096189432338 1.421595272235923 0.02159527223591517 0.7470096189432338 0.02534527223591609 0.02534527223591875 0.7470096189432338 0.02534527223591609 0.02534527223591875 0.7470096189432338 0.02159527223591606 0.02159527223591972 0.7470096189432338 0.02159527223592427 4.621595272235898 0.7470096189432329 0.02159527223591606 0.02159527223591972 0.7470096189432338 1.421595272235923 0.01784527223591514 0.7470096189432338 0.01784527223591603 0.01784527223591969 0.7470096189432338 0.01784527223591603 0.01784527223591969 0.7470096189432338 1.421595272235923 0.01784527223591514 0.7470096189432338 1.421595272235923 0.01409527223591522 0.7470096189432338 0.01409527223591522 0.01409527223592066 0.7470096189432338 0.01784527223591603 0.01784527223591969 0.7470096189432338 1.421595272235923 0.01409527223591522 0.7470096189432338 0.0253452722359243 4.617845272235896 0.7470096189432329 0.02159527223592427 4.621595272235898 0.7470096189432329 0.02534527223591609 0.02534527223591875 0.7470096189432338 0.03425863098631354 4.608931913485507 0.7559528186366137 0.03284527223592337 4.610345272235897 0.7535048094716171 0.03192198973670379 4.611268554735118 0.7519056372732288 0.0309702722359243 4.612220272235899 0.7502572142074255 0.03050863098631362 4.612681913485509 0.7494576281082313 0.02909527223592422 4.614095272235896 0.7470096189432329 1.421595272235933 4.614095272235891 0.7470096189432338 1.421595272235933 4.612256694596811 0.7501941288277816 1.421595272235933 4.61041811695773 0.7533786387123304 1.421595272235933 4.608506694596813 0.756689319356165 1.421595272235933 4.606595272235893 0.76 0.03659527223592429 4.606595272235897 0.76 0.03468385285827024 4.60850669161355 0.7566893245233327 1.421595272235933 4.634683849874973 0.756689319356165 1.421595272235933 4.632845272235893 0.7535048094716171 1.421595272235933 4.630970272235893 0.7502572142074255 1.421595272235933 4.629095272235893 0.7470096189432338 0.01409527223592421 4.629095272235897 0.7470096189432338 0.01225669161357378 4.630933852858247 0.7501941339949567 0.01041811099122236 4.632772433480599 0.7533786490466805 0.01034527223592429 4.632845272235897 0.7535048094716171 0.008506691613573758 4.634683852858249 0.75668932452334 0.006595272235925153 4.636595272235896 0.76 1.421595272235933 4.636595272235893 0.76 0.0253452722359243 4.617845272235896 0.7729903810567662 0.02909527223592422 4.614095272235896 0.772990381056767 1.421595272235933 4.617845272235893 0.772990381056767 1.421595272235933 4.614095272235891 0.7729903810567662 1.421595272235933 4.617845272235893 0.772990381056767 0.02909527223592422 4.614095272235896 0.772990381056767 0.0253452722359243 4.617845272235896 0.7729903810567662 0.02909527223592422 4.614095272235896 0.772990381056767 0.02534527223591609 0.02534527223591975 0.7729903810567662 0.02534527223591609 0.02534527223591975 0.7729903810567662 0.02909527223592422 4.614095272235896 0.772990381056767 0.02909527223591612 0.02909527223591878 0.7729903810567662 0.0253452722359243 4.617845272235896 0.7729903810567662 1.421595272235933 4.617845272235893 0.772990381056767 1.421595272235933 4.621595272235893 0.7729903810567662 0.0253452722359243 4.617845272235896 0.7729903810567662 1.421595272235933 4.621595272235893 0.7729903810567662 0.02159527223592427 4.621595272235897 0.7729903810567662 0.02159527223592427 4.621595272235897 0.7729903810567662 1.421595272235933 4.621595272235893 0.7729903810567662 1.421595272235933 4.625345272235893 0.7729903810567662 0.01784527223592424 4.625345272235897 0.772990381056767 0.02159527223592427 4.621595272235897 0.7729903810567662 1.421595272235933 4.625345272235893 0.7729903810567662 0.01784527223592424 4.625345272235897 0.772990381056767 1.421595272235933 4.625345272235893 0.7729903810567662 1.421595272235933 4.629095272235893 0.7729903810567662 0.01409527223592421 4.629095272235897 0.7729903810567662 0.01784527223592424 4.625345272235897 0.772990381056767 1.421595272235933 4.629095272235893 0.7729903810567662 0.01409527223592421 4.629095272235897 0.7729903810567662 0.01784527223592424 4.625345272235897 0.772990381056767 0.01409527223591522 0.01409527223592066 0.7729903810567662 0.01784527223591603 0.01784527223592058 0.7729903810567662 0.01409527223591522 0.01409527223592066 0.7729903810567662 0.01784527223592424 4.625345272235897 0.772990381056767 0.01784527223591603 0.01784527223592058 0.7729903810567662 0.01409527223591522 0.01409527223592066 0.7729903810567662 1.421595272235923 0.01409527223591522 0.7729903810567662 1.421595272235923 0.01409527223591522 0.7729903810567662 1.421595272235923 0.01784527223591514 0.7729903810567662 0.01784527223591603 0.01784527223592058 0.7729903810567662 0.02159527223591606 0.02159527223591972 0.7729903810567662 0.01784527223591603 0.01784527223592058 0.7729903810567662 1.421595272235923 0.01784527223591514 0.7729903810567662 0.02159527223591606 0.02159527223591972 0.7729903810567662 1.421595272235923 0.01784527223591514 0.7729903810567662 1.421595272235923 0.02159527223591517 0.7729903810567662 0.02534527223591609 0.02534527223591975 0.7729903810567662 1.421595272235923 0.02159527223591517 0.7729903810567662 0.02159527223591606 0.02159527223591972 0.7729903810567662 0.02534527223591609 0.02534527223591975 0.7729903810567662 1.421595272235923 0.02159527223591517 0.7729903810567662 1.421595272235923 0.0253452722359152 0.7729903810567662 0.02909527223591612 0.02909527223591878 0.7729903810567662 0.02534527223591609 0.02534527223591975 0.7729903810567662 1.421595272235923 0.0253452722359152 0.7729903810567662 0.02909527223591612 0.02909527223591878 0.7729903810567662 1.421595272235923 0.0253452722359152 0.7729903810567662 1.421595272235923 0.02909527223591612 0.7729903810567662 0.02534527223591609 0.02534527223591975 0.7729903810567662 0.0253452722359243 4.617845272235896 0.7729903810567662 0.02159527223591606 0.02159527223591972 0.7729903810567662 0.02159527223592427 4.621595272235897 0.7729903810567662 0.0253452722359243 4.617845272235896 0.7729903810567662 0.02159527223591606 0.02159527223591972 0.7729903810567662 0.02159527223591606 0.02159527223591972 0.7729903810567662 0.01784527223591603 0.01784527223592058 0.7729903810567662 0.02159527223592427 4.621595272235897 0.7729903810567662 0.01784527223591603 0.01784527223592058 0.7729903810567662 0.01784527223592424 4.625345272235897 0.772990381056767 0.02159527223592427 4.621595272235897 0.7729903810567662 0.03284527223592337 4.610345272235897 0.7664951905283837 0.03472027223592422 4.608470272235897 0.7632475952641921 0.03659527223592429 4.606595272235897 0.76 1.421595272235933 4.606595272235893 0.76 1.421595272235933 4.608470272235891 0.7632475952641921 1.421595272235933 4.610345272235891 0.7664951905283837 1.421595272235933 4.612220272235891 0.7697427857925754 1.421595272235933 4.614095272235891 0.7729903810567662 0.02909527223592422 4.614095272235896 0.772990381056767 0.0309702722359243 4.612220272235899 0.7697427857925754 0.01222027223592425 4.630970272235897 0.7697427857925744 0.01409527223592421 4.629095272235897 0.7729903810567662 1.421595272235933 4.629095272235893 0.7729903810567662 1.421595272235933 4.630970272235893 0.7697427857925754 1.421595272235933 4.632845272235893 0.7664951905283837 1.421595272235933 4.634720272235893 0.7632475952641911 1.421595272235933 4.636595272235893 0.76 0.006595272235925153 4.636595272235896 0.76 0.008506691616746109 4.634683852855075 0.763310675482156 0.01034527223592429 4.632845272235897 0.7664951905283837 0.03097027223591697 0.03097027223591886 0.7502572142074255 0.02909527223591612 0.02909527223591878 0.7470096189432338 0.02909527223592422 4.614095272235896 0.7470096189432329 0.03050863098631362 4.612681913485509 0.7494576281082313 0.0309702722359243 4.612220272235899 0.7502572142074255 0.03192198973670379 4.611268554735118 0.7519056372732288 0.03284527223592337 4.610345272235897 0.7535048094716171 0.03425863098631354 4.608931913485507 0.7559528186366137 0.03468385285827024 4.60850669161355 0.7566893245233327 0.03659527223592429 4.606595272235897 0.76 0.03659527223591607 0.03659527223591974 0.76 0.03472027223591611 0.03472027223591966 0.7567524047358088 0.03284527223591604 0.03284527223591882 0.7535048094716171 0.006595272235925153 4.636595272235896 0.76 0.008506691613573758 4.634683852858249 0.75668932452334 0.01034527223592429 4.632845272235897 0.7535048094716171 0.01041811099122236 4.632772433480599 0.7533786490466805 0.01225669161357378 4.630933852858247 0.7501941339949567 0.01409527223592421 4.629095272235897 0.7470096189432338 0.01409527223591522 0.01409527223592066 0.7470096189432338 0.01222027223591515 0.01222027223592059 0.7502572142074255 0.01034527223591608 0.01034527223591974 0.7535048094716171 0.008931913485526798 0.00893191348553135 0.7559528186366137 0.008506691613563766 0.008506691613567429 0.7566893245233428 0.006595272235916049 0.006595272235919713 0.76 0.006595272235916049 0.006595272235919713 0.76 0.006595272235925153 4.636595272235896 0.76 0.008506691618232253 0.008506691618236694 0.7633106754847445 0.008931913486646347 0.008931913486650899 0.7640471813653262 0.01034527223591608 0.01034527223591974 0.7664951905283828 0.01041811100054923 0.01041811100055289 0.7666213509694884 0.01222027223591604 0.01222027223592059 0.7697427857925744 0.01409527223591522 0.01409527223592066 0.7729903810567662 0.01409527223592421 4.629095272235897 0.7729903810567662 0.01222027223592425 4.630970272235897 0.7697427857925744 0.01034527223592429 4.632845272235897 0.7664951905283837 0.008506691616746109 4.634683852855075 0.763310675482156 0.0309702722359243 4.612220272235899 0.7697427857925754 0.02909527223592422 4.614095272235896 0.772990381056767 0.02909527223591612 0.02909527223591878 0.7729903810567662 0.03050863098629996 0.03050863098630263 0.7705423718917805 0.03097027223591697 0.03097027223591974 0.7697427857925744 0.03192198973668292 0.03192198973668469 0.7680943627267947 0.03284527223591604 0.03284527223592059 0.7664951905283837 0.03425863098629988 0.03425863098630266 0.7640471813633981 0.03472027223591611 0.03472027223591966 0.7632475952641921 0.03659527223591607 0.03659527223591974 0.76 0.03659527223592429 4.606595272235897 0.76 0.03472027223592422 4.608470272235897 0.7632475952641921 0.03284527223592337 4.610345272235897 0.7664951905283837 0.03284527223591604 0.03284527223591882 0.7535048094716171 0.03472027223591611 0.03472027223591966 0.7567524047358088 0.03659527223591607 0.03659527223591974 0.76 1.421595272235923 0.03659527223591518 0.76 1.421595272235923 0.03468384987498929 0.7566893193561541 1.421595272235923 0.0327724275140635 0.7533786387123068 1.421595272235923 0.03093384987499026 0.7501941288277708 1.421595272235923 0.02909527223591612 0.7470096189432338 0.02909527223591612 0.02909527223591878 0.7470096189432338 0.03097027223591697 0.03097027223591886 0.7502572142074255 0.006595272235916049 0.006595272235919713 0.76 1.421595272235923 0.006595272235915161 0.76 0.008506691613563766 0.008506691613567429 0.7566893245233428 0.008931913485526798 0.00893191348553135 0.7559528186366137 0.01034527223591608 0.01034527223591974 0.7535048094716171 0.01222027223591515 0.01222027223592059 0.7502572142074255 0.01409527223591522 0.01409527223592066 0.7470096189432338 1.421595272235923 0.01409527223591522 0.7470096189432338 1.421595272235923 0.01222027223591426 0.7502572142074255 1.421595272235923 0.0103452722359143 0.7535048094716171 1.421595272235923 0.008470272235915121 0.7567524047358088 1.421595272235923 0.03468384987497752 0.7633106806438668 1.421595272235923 0.03659527223591518 0.76 0.03659527223591607 0.03659527223591974 0.76 0.03472027223591611 0.03472027223591966 0.7632475952641921 0.03425863098629988 0.03425863098630266 0.7640471813633981 0.03284527223591604 0.03284527223592059 0.7664951905283837 0.03192198973668292 0.03192198973668469 0.7680943627267947 0.03097027223591697 0.03097027223591974 0.7697427857925744 0.03050863098629996 0.03050863098630263 0.7705423718917805 0.02909527223591612 0.02909527223591878 0.7729903810567662 1.421595272235923 0.02909527223591612 0.7729903810567662 1.421595272235923 0.03097027223591519 0.7697427857925744 1.421595272235923 0.03284527223591604 0.7664951905283828 1.421595272235923 0.01222027223591426 0.7697427857925754 1.421595272235923 0.01409527223591522 0.7729903810567662 0.01409527223591522 0.01409527223592066 0.7729903810567662 0.01222027223591604 0.01222027223592059 0.7697427857925744 0.01041811100054923 0.01041811100055289 0.7666213509694884 0.01034527223591608 0.01034527223591974 0.7664951905283828 0.008931913486646347 0.008931913486650899 0.7640471813653262 0.008506691618232253 0.008506691618236694 0.7633106754847445 0.006595272235916049 0.006595272235919713 0.76 1.421595272235923 0.006595272235915161 0.76 1.421595272235923 0.008506694600008746 0.7633106806493319 1.421595272235923 0.0103452722359143 0.7664951905283837 1.421595272235933 4.608470272235891 0.6382475952641911 1.421595272235933 4.606595272235893 0.635 1.421595272235933 4.608506694596813 0.631689319356165 1.421595272235933 4.61041811695773 0.6283786387123295 1.421595272235933 4.612256694596811 0.6251941288277816 1.421595272235933 4.614095272235891 0.6220096189432338 1.421595272235933 4.617845272235893 0.6220096189432338 1.421595272235933 4.621595272235893 0.6220096189432338 1.421595272235933 4.625345272235893 0.6220096189432338 1.421595272235933 4.629095272235893 0.6220096189432338 1.421595272235933 4.630970272235893 0.6252572142074255 1.421595272235933 4.632845272235893 0.6285048094716171 1.421595272235933 4.634683849874973 0.631689319356165 1.421595272235933 4.636595272235893 0.635 1.421595272235933 4.634720272235893 0.6382475952641921 1.421595272235933 4.632845272235893 0.6414951905283828 1.421595272235933 4.630970272235893 0.6447427857925754 1.421595272235933 4.629095272235893 0.6479903810567662 1.421595272235933 4.625345272235893 0.6479903810567662 1.421595272235933 4.621595272235893 0.6479903810567662 1.421595272235933 4.617845272235893 0.6479903810567662 1.421595272235933 4.614095272235891 0.6479903810567662 1.421595272235933 4.612220272235891 0.6447427857925744 1.421595272235933 4.610345272235891 0.6414951905283828 1.421595272235923 0.03468384987498929 0.6316893193561541 1.421595272235923 0.03659527223591518 0.635 1.421595272235923 0.03468384987497752 0.6383106806438668 1.421595272235923 0.03284527223591604 0.6414951905283828 1.421595272235923 0.03097027223591519 0.6447427857925744 1.421595272235923 0.02909527223591612 0.6479903810567662 1.421595272235923 0.0253452722359152 0.6479903810567662 1.421595272235923 0.02159527223591517 0.6479903810567662 1.421595272235923 0.01784527223591514 0.6479903810567662 1.421595272235923 0.01409527223591522 0.6479903810567662 1.421595272235923 0.01222027223591426 0.6447427857925744 1.421595272235923 0.0103452722359143 0.6414951905283828 1.421595272235923 0.008506694600008746 0.6383106806493319 1.421595272235923 0.006595272235915161 0.635 1.421595272235923 0.008470272235915121 0.6317524047358078 1.421595272235923 0.0103452722359143 0.6285048094716171 1.421595272235923 0.01222027223591426 0.6252572142074255 1.421595272235923 0.01409527223591522 0.6220096189432338 1.421595272235923 0.01784527223591514 0.6220096189432338 1.421595272235923 0.02159527223591517 0.6220096189432338 1.421595272235923 0.0253452722359152 0.6220096189432338 1.421595272235923 0.02909527223591612 0.6220096189432338 1.421595272235923 0.03093384987499026 0.6251941288277699 1.421595272235923 0.0327724275140635 0.6283786387123068 1.421595272235933 4.629095272235893 0.6220096189432338 1.421595272235933 4.625345272235893 0.6220096189432338 0.01784527223592424 4.625345272235897 0.6220096189432338 0.01784527223592424 4.625345272235897 0.6220096189432338 1.421595272235933 4.629095272235893 0.6220096189432338 0.01409527223592421 4.629095272235897 0.6220096189432338 0.01784527223592424 4.625345272235897 0.6220096189432338 1.421595272235933 4.625345272235893 0.6220096189432338 0.02159527223592427 4.621595272235898 0.6220096189432338 0.02159527223592427 4.621595272235898 0.6220096189432338 0.01784527223592424 4.625345272235897 0.6220096189432338 0.02159527223591606 0.02159527223591972 0.6220096189432338 0.02159527223591606 0.02159527223591972 0.6220096189432338 0.01784527223592424 4.625345272235897 0.6220096189432338 0.01784527223591603 0.01784527223591969 0.6220096189432338 0.01409527223592421 4.629095272235897 0.6220096189432338 0.01784527223592424 4.625345272235897 0.6220096189432338 0.01784527223591603 0.01784527223591969 0.6220096189432338 0.01784527223591603 0.01784527223591969 0.6220096189432338 0.01409527223592421 4.629095272235897 0.6220096189432338 0.01409527223591522 0.01409527223592066 0.6220096189432338 0.02159527223592427 4.621595272235898 0.6220096189432338 1.421595272235933 4.625345272235893 0.6220096189432338 1.421595272235933 4.621595272235893 0.6220096189432338 0.0253452722359243 4.617845272235896 0.6220096189432329 0.02159527223592427 4.621595272235898 0.6220096189432338 1.421595272235933 4.621595272235893 0.6220096189432338 1.421595272235933 4.621595272235893 0.6220096189432338 1.421595272235933 4.617845272235893 0.6220096189432338 0.0253452722359243 4.617845272235896 0.6220096189432329 0.02909527223592422 4.614095272235896 0.6220096189432329 0.0253452722359243 4.617845272235896 0.6220096189432329 1.421595272235933 4.617845272235893 0.6220096189432338 0.02909527223592422 4.614095272235896 0.6220096189432329 1.421595272235933 4.617845272235893 0.6220096189432338 1.421595272235933 4.614095272235891 0.6220096189432338 0.02909527223592422 4.614095272235896 0.6220096189432329 0.0253452722359243 4.617845272235896 0.6220096189432329 0.02909527223591612 0.02909527223591878 0.6220096189432338 0.02534527223591609 0.02534527223591875 0.6220096189432338 0.02909527223591612 0.02909527223591878 0.6220096189432338 0.0253452722359243 4.617845272235896 0.6220096189432329 0.02909527223591612 0.02909527223591878 0.6220096189432338 1.421595272235923 0.0253452722359152 0.6220096189432338 0.02534527223591609 0.02534527223591875 0.6220096189432338 1.421595272235923 0.02909527223591612 0.6220096189432338 1.421595272235923 0.0253452722359152 0.6220096189432338 0.02909527223591612 0.02909527223591878 0.6220096189432338 0.02534527223591609 0.02534527223591875 0.6220096189432338 1.421595272235923 0.0253452722359152 0.6220096189432338 1.421595272235923 0.02159527223591517 0.6220096189432338 0.02159527223591606 0.02159527223591972 0.6220096189432338 1.421595272235923 0.02159527223591517 0.6220096189432338 1.421595272235923 0.01784527223591514 0.6220096189432338 0.02159527223591606 0.02159527223591972 0.6220096189432338 1.421595272235923 0.02159527223591517 0.6220096189432338 0.02534527223591609 0.02534527223591875 0.6220096189432338 0.02534527223591609 0.02534527223591875 0.6220096189432338 0.02159527223591606 0.02159527223591972 0.6220096189432338 0.02159527223592427 4.621595272235898 0.6220096189432338 0.02159527223591606 0.02159527223591972 0.6220096189432338 1.421595272235923 0.01784527223591514 0.6220096189432338 0.01784527223591603 0.01784527223591969 0.6220096189432338 0.01784527223591603 0.01784527223591969 0.6220096189432338 1.421595272235923 0.01784527223591514 0.6220096189432338 1.421595272235923 0.01409527223591522 0.6220096189432338 0.01409527223591522 0.01409527223592066 0.6220096189432338 0.01784527223591603 0.01784527223591969 0.6220096189432338 1.421595272235923 0.01409527223591522 0.6220096189432338 0.0253452722359243 4.617845272235896 0.6220096189432329 0.02159527223592427 4.621595272235898 0.6220096189432338 0.02534527223591609 0.02534527223591875 0.6220096189432338 0.03425863098631354 4.608931913485507 0.6309528186366137 0.03284527223592337 4.610345272235897 0.6285048094716162 0.03192198973670379 4.611268554735118 0.626905637273228 0.0309702722359243 4.612220272235899 0.6252572142074245 0.03050863098631362 4.612681913485509 0.6244576281082304 0.02909527223592422 4.614095272235896 0.6220096189432329 1.421595272235933 4.614095272235891 0.6220096189432338 1.421595272235933 4.612256694596811 0.6251941288277816 1.421595272235933 4.61041811695773 0.6283786387123295 1.421595272235933 4.608506694596813 0.631689319356165 1.421595272235933 4.606595272235893 0.635 0.03659527223592429 4.606595272235897 0.635 0.03468385285827024 4.60850669161355 0.6316893245233318 1.421595272235933 4.634683849874973 0.631689319356165 1.421595272235933 4.632845272235893 0.6285048094716171 1.421595272235933 4.630970272235893 0.6252572142074255 1.421595272235933 4.629095272235893 0.6220096189432338 0.01409527223592421 4.629095272235897 0.6220096189432338 0.01225669161357378 4.630933852858247 0.6251941339949567 0.01041811099122236 4.632772433480599 0.6283786490466805 0.01034527223592429 4.632845272235897 0.6285048094716171 0.008506691613573758 4.634683852858249 0.63168932452334 0.006595272235925153 4.636595272235896 0.635 1.421595272235933 4.636595272235893 0.635 0.0253452722359243 4.617845272235896 0.647990381056767 0.02909527223592422 4.614095272235896 0.647990381056767 1.421595272235933 4.617845272235893 0.6479903810567662 1.421595272235933 4.614095272235891 0.6479903810567662 1.421595272235933 4.617845272235893 0.6479903810567662 0.02909527223592422 4.614095272235896 0.647990381056767 0.0253452722359243 4.617845272235896 0.647990381056767 0.02909527223592422 4.614095272235896 0.647990381056767 0.02534527223591609 0.02534527223591975 0.6479903810567662 0.02534527223591609 0.02534527223591975 0.6479903810567662 0.02909527223592422 4.614095272235896 0.647990381056767 0.02909527223591612 0.02909527223591878 0.6479903810567662 0.0253452722359243 4.617845272235896 0.647990381056767 1.421595272235933 4.617845272235893 0.6479903810567662 1.421595272235933 4.621595272235893 0.6479903810567662 0.0253452722359243 4.617845272235896 0.647990381056767 1.421595272235933 4.621595272235893 0.6479903810567662 0.02159527223592427 4.621595272235897 0.6479903810567662 0.02159527223592427 4.621595272235897 0.6479903810567662 1.421595272235933 4.621595272235893 0.6479903810567662 1.421595272235933 4.625345272235893 0.6479903810567662 0.01784527223592424 4.625345272235897 0.6479903810567662 0.02159527223592427 4.621595272235897 0.6479903810567662 1.421595272235933 4.625345272235893 0.6479903810567662 0.01784527223592424 4.625345272235897 0.6479903810567662 1.421595272235933 4.625345272235893 0.6479903810567662 1.421595272235933 4.629095272235893 0.6479903810567662 0.01409527223592421 4.629095272235897 0.6479903810567662 0.01784527223592424 4.625345272235897 0.6479903810567662 1.421595272235933 4.629095272235893 0.6479903810567662 0.01409527223592421 4.629095272235897 0.6479903810567662 0.01784527223592424 4.625345272235897 0.6479903810567662 0.01409527223591522 0.01409527223592066 0.6479903810567662 0.01784527223591603 0.01784527223592058 0.6479903810567662 0.01409527223591522 0.01409527223592066 0.6479903810567662 0.01784527223592424 4.625345272235897 0.6479903810567662 0.01784527223591603 0.01784527223592058 0.6479903810567662 0.01409527223591522 0.01409527223592066 0.6479903810567662 1.421595272235923 0.01409527223591522 0.6479903810567662 1.421595272235923 0.01409527223591522 0.6479903810567662 1.421595272235923 0.01784527223591514 0.6479903810567662 0.01784527223591603 0.01784527223592058 0.6479903810567662 0.02159527223591606 0.02159527223591972 0.6479903810567662 0.01784527223591603 0.01784527223592058 0.6479903810567662 1.421595272235923 0.01784527223591514 0.6479903810567662 0.02159527223591606 0.02159527223591972 0.6479903810567662 1.421595272235923 0.01784527223591514 0.6479903810567662 1.421595272235923 0.02159527223591517 0.6479903810567662 0.02534527223591609 0.02534527223591975 0.6479903810567662 1.421595272235923 0.02159527223591517 0.6479903810567662 0.02159527223591606 0.02159527223591972 0.6479903810567662 0.02534527223591609 0.02534527223591975 0.6479903810567662 1.421595272235923 0.02159527223591517 0.6479903810567662 1.421595272235923 0.0253452722359152 0.6479903810567662 0.02909527223591612 0.02909527223591878 0.6479903810567662 0.02534527223591609 0.02534527223591975 0.6479903810567662 1.421595272235923 0.0253452722359152 0.6479903810567662 0.02909527223591612 0.02909527223591878 0.6479903810567662 1.421595272235923 0.0253452722359152 0.6479903810567662 1.421595272235923 0.02909527223591612 0.6479903810567662 0.02534527223591609 0.02534527223591975 0.6479903810567662 0.0253452722359243 4.617845272235896 0.647990381056767 0.02159527223591606 0.02159527223591972 0.6479903810567662 0.02159527223592427 4.621595272235897 0.6479903810567662 0.0253452722359243 4.617845272235896 0.647990381056767 0.02159527223591606 0.02159527223591972 0.6479903810567662 0.02159527223591606 0.02159527223591972 0.6479903810567662 0.01784527223591603 0.01784527223592058 0.6479903810567662 0.02159527223592427 4.621595272235897 0.6479903810567662 0.01784527223591603 0.01784527223592058 0.6479903810567662 0.01784527223592424 4.625345272235897 0.6479903810567662 0.02159527223592427 4.621595272235897 0.6479903810567662 0.03284527223592337 4.610345272235897 0.6414951905283837 0.03472027223592422 4.608470272235897 0.6382475952641921 0.03659527223592429 4.606595272235897 0.635 1.421595272235933 4.606595272235893 0.635 1.421595272235933 4.608470272235891 0.6382475952641911 1.421595272235933 4.610345272235891 0.6414951905283828 1.421595272235933 4.612220272235891 0.6447427857925744 1.421595272235933 4.614095272235891 0.6479903810567662 0.02909527223592422 4.614095272235896 0.647990381056767 0.0309702722359243 4.612220272235899 0.6447427857925754 0.01222027223592425 4.630970272235897 0.6447427857925744 0.01409527223592421 4.629095272235897 0.6479903810567662 1.421595272235933 4.629095272235893 0.6479903810567662 1.421595272235933 4.630970272235893 0.6447427857925754 1.421595272235933 4.632845272235893 0.6414951905283828 1.421595272235933 4.634720272235893 0.6382475952641921 1.421595272235933 4.636595272235893 0.635 0.006595272235925153 4.636595272235896 0.635 0.008506691616746109 4.634683852855075 0.6383106754821551 0.01034527223592429 4.632845272235897 0.6414951905283828 0.03097027223591697 0.03097027223591886 0.6252572142074255 0.02909527223591612 0.02909527223591878 0.6220096189432338 0.02909527223592422 4.614095272235896 0.6220096189432329 0.03050863098631362 4.612681913485509 0.6244576281082304 0.0309702722359243 4.612220272235899 0.6252572142074245 0.03192198973670379 4.611268554735118 0.626905637273228 0.03284527223592337 4.610345272235897 0.6285048094716162 0.03425863098631354 4.608931913485507 0.6309528186366137 0.03468385285827024 4.60850669161355 0.6316893245233318 0.03659527223592429 4.606595272235897 0.635 0.03659527223591607 0.03659527223591974 0.635 0.03472027223591611 0.03472027223591966 0.6317524047358078 0.03284527223591604 0.03284527223591882 0.6285048094716171 0.006595272235925153 4.636595272235896 0.635 0.008506691613573758 4.634683852858249 0.63168932452334 0.01034527223592429 4.632845272235897 0.6285048094716171 0.01041811099122236 4.632772433480599 0.6283786490466805 0.01225669161357378 4.630933852858247 0.6251941339949567 0.01409527223592421 4.629095272235897 0.6220096189432338 0.01409527223591522 0.01409527223592066 0.6220096189432338 0.01222027223591515 0.01222027223592059 0.6252572142074255 0.01034527223591608 0.01034527223591974 0.6285048094716171 0.008931913485526798 0.00893191348553135 0.6309528186366128 0.008506691613563766 0.008506691613567429 0.6316893245233428 0.006595272235916049 0.006595272235919713 0.635 0.006595272235916049 0.006595272235919713 0.635 0.006595272235925153 4.636595272235896 0.635 0.008506691618232253 0.008506691618236694 0.6383106754847436 0.008931913486646347 0.008931913486650899 0.6390471813653262 0.01034527223591608 0.01034527223591974 0.6414951905283828 0.01041811100054923 0.01041811100055289 0.6416213509694875 0.01222027223591604 0.01222027223592059 0.6447427857925744 0.01409527223591522 0.01409527223592066 0.6479903810567662 0.01409527223592421 4.629095272235897 0.6479903810567662 0.01222027223592425 4.630970272235897 0.6447427857925744 0.01034527223592429 4.632845272235897 0.6414951905283828 0.008506691616746109 4.634683852855075 0.6383106754821551 0.0309702722359243 4.612220272235899 0.6447427857925754 0.02909527223592422 4.614095272235896 0.647990381056767 0.02909527223591612 0.02909527223591878 0.6479903810567662 0.03050863098629996 0.03050863098630263 0.6455423718917805 0.03097027223591697 0.03097027223591974 0.6447427857925744 0.03192198973668292 0.03192198973668469 0.6430943627267947 0.03284527223591604 0.03284527223592059 0.6414951905283828 0.03425863098629988 0.03425863098630266 0.6390471813633981 0.03472027223591611 0.03472027223591966 0.6382475952641921 0.03659527223591607 0.03659527223591974 0.635 0.03659527223592429 4.606595272235897 0.635 0.03472027223592422 4.608470272235897 0.6382475952641921 0.03284527223592337 4.610345272235897 0.6414951905283837 0.03284527223591604 0.03284527223591882 0.6285048094716171 0.03472027223591611 0.03472027223591966 0.6317524047358078 0.03659527223591607 0.03659527223591974 0.635 1.421595272235923 0.03659527223591518 0.635 1.421595272235923 0.03468384987498929 0.6316893193561541 1.421595272235923 0.0327724275140635 0.6283786387123068 1.421595272235923 0.03093384987499026 0.6251941288277699 1.421595272235923 0.02909527223591612 0.6220096189432338 0.02909527223591612 0.02909527223591878 0.6220096189432338 0.03097027223591697 0.03097027223591886 0.6252572142074255 0.006595272235916049 0.006595272235919713 0.635 1.421595272235923 0.006595272235915161 0.635 0.008506691613563766 0.008506691613567429 0.6316893245233428 0.008931913485526798 0.00893191348553135 0.6309528186366128 0.01034527223591608 0.01034527223591974 0.6285048094716171 0.01222027223591515 0.01222027223592059 0.6252572142074255 0.01409527223591522 0.01409527223592066 0.6220096189432338 1.421595272235923 0.01409527223591522 0.6220096189432338 1.421595272235923 0.01222027223591426 0.6252572142074255 1.421595272235923 0.0103452722359143 0.6285048094716171 1.421595272235923 0.008470272235915121 0.6317524047358078 1.421595272235923 0.03468384987497752 0.6383106806438668 1.421595272235923 0.03659527223591518 0.635 0.03659527223591607 0.03659527223591974 0.635 0.03472027223591611 0.03472027223591966 0.6382475952641921 0.03425863098629988 0.03425863098630266 0.6390471813633981 0.03284527223591604 0.03284527223592059 0.6414951905283828 0.03192198973668292 0.03192198973668469 0.6430943627267947 0.03097027223591697 0.03097027223591974 0.6447427857925744 0.03050863098629996 0.03050863098630263 0.6455423718917805 0.02909527223591612 0.02909527223591878 0.6479903810567662 1.421595272235923 0.02909527223591612 0.6479903810567662 1.421595272235923 0.03097027223591519 0.6447427857925744 1.421595272235923 0.03284527223591604 0.6414951905283828 1.421595272235923 0.01222027223591426 0.6447427857925744 1.421595272235923 0.01409527223591522 0.6479903810567662 0.01409527223591522 0.01409527223592066 0.6479903810567662 0.01222027223591604 0.01222027223592059 0.6447427857925744 0.01041811100054923 0.01041811100055289 0.6416213509694875 0.01034527223591608 0.01034527223591974 0.6414951905283828 0.008931913486646347 0.008931913486650899 0.6390471813653262 0.008506691618232253 0.008506691618236694 0.6383106754847436 0.006595272235916049 0.006595272235919713 0.635 1.421595272235923 0.006595272235915161 0.635 1.421595272235923 0.008506694600008746 0.6383106806493319 1.421595272235923 0.0103452722359143 0.6414951905283828 1.421595272235933 4.608470272235891 0.5132475952641911 1.421595272235933 4.606595272235893 0.51 1.421595272235933 4.608506694596813 0.5066893193561641 1.421595272235933 4.61041811695773 0.5033786387123295 1.421595272235933 4.612256694596811 0.5001941288277808 1.421595272235933 4.614095272235891 0.4970096189432333 1.421595272235933 4.617845272235893 0.4970096189432338 1.421595272235933 4.621595272235893 0.4970096189432333 1.421595272235933 4.625345272235893 0.4970096189432333 1.421595272235933 4.629095272235893 0.4970096189432333 1.421595272235933 4.630970272235893 0.500257214207425 1.421595272235933 4.632845272235893 0.5035048094716162 1.421595272235933 4.634683849874973 0.506689319356165 1.421595272235933 4.636595272235893 0.51 1.421595272235933 4.634720272235893 0.5132475952641911 1.421595272235933 4.632845272235893 0.5164951905283833 1.421595272235933 4.630970272235893 0.5197427857925749 1.421595272235933 4.629095272235893 0.5229903810567662 1.421595272235933 4.625345272235893 0.5229903810567662 1.421595272235933 4.621595272235893 0.5229903810567662 1.421595272235933 4.617845272235893 0.5229903810567662 1.421595272235933 4.614095272235891 0.5229903810567662 1.421595272235933 4.612220272235891 0.5197427857925744 1.421595272235933 4.610345272235891 0.5164951905283833 1.421595272235923 0.03468384987498929 0.5066893193561528 1.421595272235923 0.03659527223591518 0.51 1.421595272235923 0.03468384987497752 0.5133106806438664 1.421595272235923 0.03284527223591604 0.5164951905283833 1.421595272235923 0.03097027223591519 0.5197427857925744 1.421595272235923 0.02909527223591612 0.5229903810567662 1.421595272235923 0.0253452722359152 0.5229903810567662 1.421595272235923 0.02159527223591517 0.5229903810567662 1.421595272235923 0.01784527223591514 0.5229903810567657 1.421595272235923 0.01409527223591522 0.5229903810567662 1.421595272235923 0.01222027223591426 0.5197427857925744 1.421595272235923 0.0103452722359143 0.5164951905283833 1.421595272235923 0.008506694600008746 0.5133106806493314 1.421595272235923 0.006595272235915161 0.51 1.421595272235923 0.008470272235915121 0.5067524047358078 1.421595272235923 0.0103452722359143 0.5035048094716162 1.421595272235923 0.01222027223591426 0.500257214207425 1.421595272235923 0.01409527223591522 0.4970096189432333 1.421595272235923 0.01784527223591514 0.4970096189432338 1.421595272235923 0.02159527223591517 0.4970096189432333 1.421595272235923 0.0253452722359152 0.4970096189432333 1.421595272235923 0.02909527223591612 0.4970096189432333 1.421595272235923 0.03093384987499026 0.5001941288277699 1.421595272235923 0.0327724275140635 0.5033786387123063 1.421595272235933 4.629095272235893 0.4970096189432333 1.421595272235933 4.625345272235893 0.4970096189432333 0.01784527223592424 4.625345272235897 0.4970096189432329 0.01784527223592424 4.625345272235897 0.4970096189432329 1.421595272235933 4.629095272235893 0.4970096189432333 0.01409527223592421 4.629095272235897 0.4970096189432333 0.01784527223592424 4.625345272235897 0.4970096189432329 1.421595272235933 4.625345272235893 0.4970096189432333 0.02159527223592427 4.621595272235898 0.4970096189432329 0.02159527223592427 4.621595272235898 0.4970096189432329 0.01784527223592424 4.625345272235897 0.4970096189432329 0.02159527223591606 0.02159527223591972 0.4970096189432333 0.02159527223591606 0.02159527223591972 0.4970096189432333 0.01784527223592424 4.625345272235897 0.4970096189432329 0.01784527223591603 0.01784527223591969 0.4970096189432338 0.01409527223592421 4.629095272235897 0.4970096189432333 0.01784527223592424 4.625345272235897 0.4970096189432329 0.01784527223591603 0.01784527223591969 0.4970096189432338 0.01784527223591603 0.01784527223591969 0.4970096189432338 0.01409527223592421 4.629095272235897 0.4970096189432333 0.01409527223591522 0.01409527223592066 0.4970096189432333 0.02159527223592427 4.621595272235898 0.4970096189432329 1.421595272235933 4.625345272235893 0.4970096189432333 1.421595272235933 4.621595272235893 0.4970096189432333 0.0253452722359243 4.617845272235896 0.4970096189432329 0.02159527223592427 4.621595272235898 0.4970096189432329 1.421595272235933 4.621595272235893 0.4970096189432333 1.421595272235933 4.621595272235893 0.4970096189432333 1.421595272235933 4.617845272235893 0.4970096189432338 0.0253452722359243 4.617845272235896 0.4970096189432329 0.02909527223592422 4.614095272235896 0.4970096189432329 0.0253452722359243 4.617845272235896 0.4970096189432329 1.421595272235933 4.617845272235893 0.4970096189432338 0.02909527223592422 4.614095272235896 0.4970096189432329 1.421595272235933 4.617845272235893 0.4970096189432338 1.421595272235933 4.614095272235891 0.4970096189432333 0.02909527223592422 4.614095272235896 0.4970096189432329 0.0253452722359243 4.617845272235896 0.4970096189432329 0.02909527223591612 0.02909527223591878 0.4970096189432333 0.02534527223591609 0.02534527223591875 0.4970096189432329 0.02909527223591612 0.02909527223591878 0.4970096189432333 0.0253452722359243 4.617845272235896 0.4970096189432329 0.02909527223591612 0.02909527223591878 0.4970096189432333 1.421595272235923 0.0253452722359152 0.4970096189432333 0.02534527223591609 0.02534527223591875 0.4970096189432329 1.421595272235923 0.02909527223591612 0.4970096189432333 1.421595272235923 0.0253452722359152 0.4970096189432333 0.02909527223591612 0.02909527223591878 0.4970096189432333 0.02534527223591609 0.02534527223591875 0.4970096189432329 1.421595272235923 0.0253452722359152 0.4970096189432333 1.421595272235923 0.02159527223591517 0.4970096189432333 0.02159527223591606 0.02159527223591972 0.4970096189432333 1.421595272235923 0.02159527223591517 0.4970096189432333 1.421595272235923 0.01784527223591514 0.4970096189432338 0.02159527223591606 0.02159527223591972 0.4970096189432333 1.421595272235923 0.02159527223591517 0.4970096189432333 0.02534527223591609 0.02534527223591875 0.4970096189432329 0.02534527223591609 0.02534527223591875 0.4970096189432329 0.02159527223591606 0.02159527223591972 0.4970096189432333 0.02159527223592427 4.621595272235898 0.4970096189432329 0.02159527223591606 0.02159527223591972 0.4970096189432333 1.421595272235923 0.01784527223591514 0.4970096189432338 0.01784527223591603 0.01784527223591969 0.4970096189432338 0.01784527223591603 0.01784527223591969 0.4970096189432338 1.421595272235923 0.01784527223591514 0.4970096189432338 1.421595272235923 0.01409527223591522 0.4970096189432333 0.01409527223591522 0.01409527223592066 0.4970096189432333 0.01784527223591603 0.01784527223591969 0.4970096189432338 1.421595272235923 0.01409527223591522 0.4970096189432333 0.0253452722359243 4.617845272235896 0.4970096189432329 0.02159527223592427 4.621595272235898 0.4970096189432329 0.02534527223591609 0.02534527223591875 0.4970096189432329 0.03425863098631354 4.608931913485507 0.5059528186366142 0.03284527223592337 4.610345272235897 0.5035048094716162 0.03192198973670379 4.611268554735118 0.5019056372732275 0.0309702722359243 4.612220272235899 0.5002572142074245 0.03050863098631362 4.612681913485509 0.4994576281082309 0.02909527223592422 4.614095272235896 0.4970096189432329 1.421595272235933 4.614095272235891 0.4970096189432333 1.421595272235933 4.612256694596811 0.5001941288277808 1.421595272235933 4.61041811695773 0.5033786387123295 1.421595272235933 4.608506694596813 0.5066893193561641 1.421595272235933 4.606595272235893 0.51 0.03659527223592429 4.606595272235897 0.51 0.03468385285827024 4.60850669161355 0.5066893245233318 1.421595272235933 4.634683849874973 0.506689319356165 1.421595272235933 4.632845272235893 0.5035048094716162 1.421595272235933 4.630970272235893 0.500257214207425 1.421595272235933 4.629095272235893 0.4970096189432333 0.01409527223592421 4.629095272235897 0.4970096189432333 0.01225669161357378 4.630933852858247 0.5001941339949562 0.01041811099122236 4.632772433480599 0.50337864904668 0.01034527223592429 4.632845272235897 0.5035048094716162 0.008506691613573758 4.634683852858249 0.50668932452334 0.006595272235925153 4.636595272235896 0.51 1.421595272235933 4.636595272235893 0.51 0.0253452722359243 4.617845272235896 0.5229903810567666 0.02909527223592422 4.614095272235896 0.5229903810567666 1.421595272235933 4.617845272235893 0.5229903810567662 1.421595272235933 4.614095272235891 0.5229903810567662 1.421595272235933 4.617845272235893 0.5229903810567662 0.02909527223592422 4.614095272235896 0.5229903810567666 0.0253452722359243 4.617845272235896 0.5229903810567666 0.02909527223592422 4.614095272235896 0.5229903810567666 0.02534527223591609 0.02534527223591975 0.5229903810567657 0.02534527223591609 0.02534527223591975 0.5229903810567657 0.02909527223592422 4.614095272235896 0.5229903810567666 0.02909527223591612 0.02909527223591878 0.5229903810567662 0.0253452722359243 4.617845272235896 0.5229903810567666 1.421595272235933 4.617845272235893 0.5229903810567662 1.421595272235933 4.621595272235893 0.5229903810567662 0.0253452722359243 4.617845272235896 0.5229903810567666 1.421595272235933 4.621595272235893 0.5229903810567662 0.02159527223592427 4.621595272235897 0.5229903810567662 0.02159527223592427 4.621595272235897 0.5229903810567662 1.421595272235933 4.621595272235893 0.5229903810567662 1.421595272235933 4.625345272235893 0.5229903810567662 0.01784527223592424 4.625345272235897 0.5229903810567666 0.02159527223592427 4.621595272235897 0.5229903810567662 1.421595272235933 4.625345272235893 0.5229903810567662 0.01784527223592424 4.625345272235897 0.5229903810567666 1.421595272235933 4.625345272235893 0.5229903810567662 1.421595272235933 4.629095272235893 0.5229903810567662 0.01409527223592421 4.629095272235897 0.5229903810567662 0.01784527223592424 4.625345272235897 0.5229903810567666 1.421595272235933 4.629095272235893 0.5229903810567662 0.01409527223592421 4.629095272235897 0.5229903810567662 0.01784527223592424 4.625345272235897 0.5229903810567666 0.01409527223591522 0.01409527223592066 0.5229903810567657 0.01784527223591603 0.01784527223592058 0.5229903810567662 0.01409527223591522 0.01409527223592066 0.5229903810567657 0.01784527223592424 4.625345272235897 0.5229903810567666 0.01784527223591603 0.01784527223592058 0.5229903810567662 0.01409527223591522 0.01409527223592066 0.5229903810567657 1.421595272235923 0.01409527223591522 0.5229903810567662 1.421595272235923 0.01409527223591522 0.5229903810567662 1.421595272235923 0.01784527223591514 0.5229903810567657 0.01784527223591603 0.01784527223592058 0.5229903810567662 0.02159527223591606 0.02159527223591972 0.5229903810567657 0.01784527223591603 0.01784527223592058 0.5229903810567662 1.421595272235923 0.01784527223591514 0.5229903810567657 0.02159527223591606 0.02159527223591972 0.5229903810567657 1.421595272235923 0.01784527223591514 0.5229903810567657 1.421595272235923 0.02159527223591517 0.5229903810567662 0.02534527223591609 0.02534527223591975 0.5229903810567657 1.421595272235923 0.02159527223591517 0.5229903810567662 0.02159527223591606 0.02159527223591972 0.5229903810567657 0.02534527223591609 0.02534527223591975 0.5229903810567657 1.421595272235923 0.02159527223591517 0.5229903810567662 1.421595272235923 0.0253452722359152 0.5229903810567662 0.02909527223591612 0.02909527223591878 0.5229903810567662 0.02534527223591609 0.02534527223591975 0.5229903810567657 1.421595272235923 0.0253452722359152 0.5229903810567662 0.02909527223591612 0.02909527223591878 0.5229903810567662 1.421595272235923 0.0253452722359152 0.5229903810567662 1.421595272235923 0.02909527223591612 0.5229903810567662 0.02534527223591609 0.02534527223591975 0.5229903810567657 0.0253452722359243 4.617845272235896 0.5229903810567666 0.02159527223591606 0.02159527223591972 0.5229903810567657 0.02159527223592427 4.621595272235897 0.5229903810567662 0.0253452722359243 4.617845272235896 0.5229903810567666 0.02159527223591606 0.02159527223591972 0.5229903810567657 0.02159527223591606 0.02159527223591972 0.5229903810567657 0.01784527223591603 0.01784527223592058 0.5229903810567662 0.02159527223592427 4.621595272235897 0.5229903810567662 0.01784527223591603 0.01784527223592058 0.5229903810567662 0.01784527223592424 4.625345272235897 0.5229903810567666 0.02159527223592427 4.621595272235897 0.5229903810567662 0.03284527223592337 4.610345272235897 0.5164951905283833 0.03472027223592422 4.608470272235897 0.5132475952641911 0.03659527223592429 4.606595272235897 0.51 1.421595272235933 4.606595272235893 0.51 1.421595272235933 4.608470272235891 0.5132475952641911 1.421595272235933 4.610345272235891 0.5164951905283833 1.421595272235933 4.612220272235891 0.5197427857925744 1.421595272235933 4.614095272235891 0.5229903810567662 0.02909527223592422 4.614095272235896 0.5229903810567666 0.0309702722359243 4.612220272235899 0.5197427857925749 0.01222027223592425 4.630970272235897 0.5197427857925744 0.01409527223592421 4.629095272235897 0.5229903810567662 1.421595272235933 4.629095272235893 0.5229903810567662 1.421595272235933 4.630970272235893 0.5197427857925749 1.421595272235933 4.632845272235893 0.5164951905283833 1.421595272235933 4.634720272235893 0.5132475952641911 1.421595272235933 4.636595272235893 0.51 0.006595272235925153 4.636595272235896 0.51 0.008506691616746109 4.634683852855075 0.5133106754821551 0.01034527223592429 4.632845272235897 0.5164951905283833 0.03097027223591697 0.03097027223591886 0.500257214207425 0.02909527223591612 0.02909527223591878 0.4970096189432333 0.02909527223592422 4.614095272235896 0.4970096189432329 0.03050863098631362 4.612681913485509 0.4994576281082309 0.0309702722359243 4.612220272235899 0.5002572142074245 0.03192198973670379 4.611268554735118 0.5019056372732275 0.03284527223592337 4.610345272235897 0.5035048094716162 0.03425863098631354 4.608931913485507 0.5059528186366142 0.03468385285827024 4.60850669161355 0.5066893245233318 0.03659527223592429 4.606595272235897 0.51 0.03659527223591607 0.03659527223591974 0.51 0.03472027223591611 0.03472027223591966 0.5067524047358078 0.03284527223591604 0.03284527223591882 0.5035048094716162 0.006595272235925153 4.636595272235896 0.51 0.008506691613573758 4.634683852858249 0.50668932452334 0.01034527223592429 4.632845272235897 0.5035048094716162 0.01041811099122236 4.632772433480599 0.50337864904668 0.01225669161357378 4.630933852858247 0.5001941339949562 0.01409527223592421 4.629095272235897 0.4970096189432333 0.01409527223591522 0.01409527223592066 0.4970096189432333 0.01222027223591515 0.01222027223592059 0.500257214207425 0.01034527223591608 0.01034527223591974 0.5035048094716162 0.008931913485526798 0.00893191348553135 0.5059528186366128 0.008506691613563766 0.008506691613567429 0.5066893245233428 0.006595272235916049 0.006595272235919713 0.51 0.006595272235916049 0.006595272235919713 0.51 0.006595272235925153 4.636595272235896 0.51 0.008506691618232253 0.008506691618236694 0.5133106754847436 0.008931913486646347 0.008931913486650899 0.5140471813653266 0.01034527223591608 0.01034527223591974 0.5164951905283824 0.01041811100054923 0.01041811100055289 0.5166213509694875 0.01222027223591604 0.01222027223592059 0.5197427857925736 0.01409527223591522 0.01409527223592066 0.5229903810567657 0.01409527223592421 4.629095272235897 0.5229903810567662 0.01222027223592425 4.630970272235897 0.5197427857925744 0.01034527223592429 4.632845272235897 0.5164951905283833 0.008506691616746109 4.634683852855075 0.5133106754821551 0.0309702722359243 4.612220272235899 0.5197427857925749 0.02909527223592422 4.614095272235896 0.5229903810567666 0.02909527223591612 0.02909527223591878 0.5229903810567662 0.03050863098629996 0.03050863098630263 0.5205423718917805 0.03097027223591697 0.03097027223591974 0.5197427857925744 0.03192198973668292 0.03192198973668469 0.5180943627267952 0.03284527223591604 0.03284527223592059 0.5164951905283833 0.03425863098629988 0.03425863098630266 0.5140471813633966 0.03472027223591611 0.03472027223591966 0.5132475952641911 0.03659527223591607 0.03659527223591974 0.51 0.03659527223592429 4.606595272235897 0.51 0.03472027223592422 4.608470272235897 0.5132475952641911 0.03284527223592337 4.610345272235897 0.5164951905283833 0.03284527223591604 0.03284527223591882 0.5035048094716162 0.03472027223591611 0.03472027223591966 0.5067524047358078 0.03659527223591607 0.03659527223591974 0.51 1.421595272235923 0.03659527223591518 0.51 1.421595272235923 0.03468384987498929 0.5066893193561528 1.421595272235923 0.0327724275140635 0.5033786387123063 1.421595272235923 0.03093384987499026 0.5001941288277699 1.421595272235923 0.02909527223591612 0.4970096189432333 0.02909527223591612 0.02909527223591878 0.4970096189432333 0.03097027223591697 0.03097027223591886 0.500257214207425 0.006595272235916049 0.006595272235919713 0.51 1.421595272235923 0.006595272235915161 0.51 0.008506691613563766 0.008506691613567429 0.5066893245233428 0.008931913485526798 0.00893191348553135 0.5059528186366128 0.01034527223591608 0.01034527223591974 0.5035048094716162 0.01222027223591515 0.01222027223592059 0.500257214207425 0.01409527223591522 0.01409527223592066 0.4970096189432333 1.421595272235923 0.01409527223591522 0.4970096189432333 1.421595272235923 0.01222027223591426 0.500257214207425 1.421595272235923 0.0103452722359143 0.5035048094716162 1.421595272235923 0.008470272235915121 0.5067524047358078 1.421595272235923 0.03468384987497752 0.5133106806438664 1.421595272235923 0.03659527223591518 0.51 0.03659527223591607 0.03659527223591974 0.51 0.03472027223591611 0.03472027223591966 0.5132475952641911 0.03425863098629988 0.03425863098630266 0.5140471813633966 0.03284527223591604 0.03284527223592059 0.5164951905283833 0.03192198973668292 0.03192198973668469 0.5180943627267952 0.03097027223591697 0.03097027223591974 0.5197427857925744 0.03050863098629996 0.03050863098630263 0.5205423718917805 0.02909527223591612 0.02909527223591878 0.5229903810567662 1.421595272235923 0.02909527223591612 0.5229903810567662 1.421595272235923 0.03097027223591519 0.5197427857925744 1.421595272235923 0.03284527223591604 0.5164951905283833 1.421595272235923 0.01222027223591426 0.5197427857925744 1.421595272235923 0.01409527223591522 0.5229903810567662 0.01409527223591522 0.01409527223592066 0.5229903810567657 0.01222027223591604 0.01222027223592059 0.5197427857925736 0.01041811100054923 0.01041811100055289 0.5166213509694875 0.01034527223591608 0.01034527223591974 0.5164951905283824 0.008931913486646347 0.008931913486650899 0.5140471813653266 0.008506691618232253 0.008506691618236694 0.5133106754847436 0.006595272235916049 0.006595272235919713 0.51 1.421595272235923 0.006595272235915161 0.51 1.421595272235923 0.008506694600008746 0.5133106806493314 1.421595272235923 0.0103452722359143 0.5164951905283833 1.421595272235933 4.608470272235891 0.3882475952641917 1.421595272235933 4.606595272235893 0.385 1.421595272235933 4.608506694596813 0.3816893193561645 1.421595272235933 4.61041811695773 0.3783786387123295 1.421595272235933 4.612256694596811 0.3751941288277816 1.421595272235933 4.614095272235891 0.3720096189432338 1.421595272235933 4.617845272235893 0.3720096189432342 1.421595272235933 4.621595272235893 0.3720096189432338 1.421595272235933 4.625345272235893 0.3720096189432338 1.421595272235933 4.629095272235893 0.3720096189432338 1.421595272235933 4.630970272235893 0.3752572142074246 1.421595272235933 4.632845272235893 0.3785048094716166 1.421595272235933 4.634683849874973 0.381689319356165 1.421595272235933 4.636595272235893 0.385 1.421595272235933 4.634720272235893 0.3882475952641917 1.421595272235933 4.632845272235893 0.3914951905283833 1.421595272235933 4.630970272235893 0.394742785792575 1.421595272235933 4.629095272235893 0.3979903810567662 1.421595272235933 4.625345272235893 0.3979903810567662 1.421595272235933 4.621595272235893 0.3979903810567662 1.421595272235933 4.617845272235893 0.3979903810567662 1.421595272235933 4.614095272235891 0.3979903810567662 1.421595272235933 4.612220272235891 0.394742785792575 1.421595272235933 4.610345272235891 0.3914951905283833 1.421595272235923 0.03468384987498929 0.3816893193561536 1.421595272235923 0.03659527223591518 0.385 1.421595272235923 0.03468384987497752 0.3883106806438668 1.421595272235923 0.03284527223591604 0.3914951905283833 1.421595272235923 0.03097027223591519 0.3947427857925746 1.421595272235923 0.02909527223591612 0.3979903810567662 1.421595272235923 0.0253452722359152 0.3979903810567662 1.421595272235923 0.02159527223591517 0.3979903810567662 1.421595272235923 0.01784527223591514 0.3979903810567657 1.421595272235923 0.01409527223591522 0.3979903810567662 1.421595272235923 0.01222027223591426 0.3947427857925746 1.421595272235923 0.0103452722359143 0.3914951905283833 1.421595272235923 0.008506694600008746 0.3883106806493324 1.421595272235923 0.006595272235915161 0.385 1.421595272235923 0.008470272235915121 0.3817524047358084 1.421595272235923 0.0103452722359143 0.3785048094716166 1.421595272235923 0.01222027223591426 0.3752572142074246 1.421595272235923 0.01409527223591522 0.3720096189432338 1.421595272235923 0.01784527223591514 0.3720096189432342 1.421595272235923 0.02159527223591517 0.3720096189432338 1.421595272235923 0.0253452722359152 0.3720096189432338 1.421595272235923 0.02909527223591612 0.3720096189432338 1.421595272235923 0.03093384987499026 0.3751941288277699 1.421595272235923 0.0327724275140635 0.3783786387123063 1.421595272235933 4.629095272235893 0.3720096189432338 1.421595272235933 4.625345272235893 0.3720096189432338 0.01784527223592424 4.625345272235897 0.3720096189432338 0.01784527223592424 4.625345272235897 0.3720096189432338 1.421595272235933 4.629095272235893 0.3720096189432338 0.01409527223592421 4.629095272235897 0.3720096189432338 0.01784527223592424 4.625345272235897 0.3720096189432338 1.421595272235933 4.625345272235893 0.3720096189432338 0.02159527223592427 4.621595272235898 0.3720096189432329 0.02159527223592427 4.621595272235898 0.3720096189432329 0.01784527223592424 4.625345272235897 0.3720096189432338 0.02159527223591606 0.02159527223591972 0.3720096189432338 0.02159527223591606 0.02159527223591972 0.3720096189432338 0.01784527223592424 4.625345272235897 0.3720096189432338 0.01784527223591603 0.01784527223591969 0.3720096189432342 0.01409527223592421 4.629095272235897 0.3720096189432338 0.01784527223592424 4.625345272235897 0.3720096189432338 0.01784527223591603 0.01784527223591969 0.3720096189432342 0.01784527223591603 0.01784527223591969 0.3720096189432342 0.01409527223592421 4.629095272235897 0.3720096189432338 0.01409527223591522 0.01409527223592066 0.3720096189432338 0.02159527223592427 4.621595272235898 0.3720096189432329 1.421595272235933 4.625345272235893 0.3720096189432338 1.421595272235933 4.621595272235893 0.3720096189432338 0.0253452722359243 4.617845272235896 0.3720096189432329 0.02159527223592427 4.621595272235898 0.3720096189432329 1.421595272235933 4.621595272235893 0.3720096189432338 1.421595272235933 4.621595272235893 0.3720096189432338 1.421595272235933 4.617845272235893 0.3720096189432342 0.0253452722359243 4.617845272235896 0.3720096189432329 0.02909527223592422 4.614095272235896 0.3720096189432329 0.0253452722359243 4.617845272235896 0.3720096189432329 1.421595272235933 4.617845272235893 0.3720096189432342 0.02909527223592422 4.614095272235896 0.3720096189432329 1.421595272235933 4.617845272235893 0.3720096189432342 1.421595272235933 4.614095272235891 0.3720096189432338 0.02909527223592422 4.614095272235896 0.3720096189432329 0.0253452722359243 4.617845272235896 0.3720096189432329 0.02909527223591612 0.02909527223591878 0.3720096189432338 0.02534527223591609 0.02534527223591875 0.3720096189432338 0.02909527223591612 0.02909527223591878 0.3720096189432338 0.0253452722359243 4.617845272235896 0.3720096189432329 0.02909527223591612 0.02909527223591878 0.3720096189432338 1.421595272235923 0.0253452722359152 0.3720096189432338 0.02534527223591609 0.02534527223591875 0.3720096189432338 1.421595272235923 0.02909527223591612 0.3720096189432338 1.421595272235923 0.0253452722359152 0.3720096189432338 0.02909527223591612 0.02909527223591878 0.3720096189432338 0.02534527223591609 0.02534527223591875 0.3720096189432338 1.421595272235923 0.0253452722359152 0.3720096189432338 1.421595272235923 0.02159527223591517 0.3720096189432338 0.02159527223591606 0.02159527223591972 0.3720096189432338 1.421595272235923 0.02159527223591517 0.3720096189432338 1.421595272235923 0.01784527223591514 0.3720096189432342 0.02159527223591606 0.02159527223591972 0.3720096189432338 1.421595272235923 0.02159527223591517 0.3720096189432338 0.02534527223591609 0.02534527223591875 0.3720096189432338 0.02534527223591609 0.02534527223591875 0.3720096189432338 0.02159527223591606 0.02159527223591972 0.3720096189432338 0.02159527223592427 4.621595272235898 0.3720096189432329 0.02159527223591606 0.02159527223591972 0.3720096189432338 1.421595272235923 0.01784527223591514 0.3720096189432342 0.01784527223591603 0.01784527223591969 0.3720096189432342 0.01784527223591603 0.01784527223591969 0.3720096189432342 1.421595272235923 0.01784527223591514 0.3720096189432342 1.421595272235923 0.01409527223591522 0.3720096189432338 0.01409527223591522 0.01409527223592066 0.3720096189432338 0.01784527223591603 0.01784527223591969 0.3720096189432342 1.421595272235923 0.01409527223591522 0.3720096189432338 0.0253452722359243 4.617845272235896 0.3720096189432329 0.02159527223592427 4.621595272235898 0.3720096189432329 0.02534527223591609 0.02534527223591875 0.3720096189432338 0.03425863098631354 4.608931913485507 0.3809528186366142 0.03284527223592337 4.610345272235897 0.3785048094716166 0.03192198973670379 4.611268554735118 0.3769056372732284 0.0309702722359243 4.612220272235899 0.3752572142074246 0.03050863098631362 4.612681913485509 0.3744576281082313 0.02909527223592422 4.614095272235896 0.3720096189432329 1.421595272235933 4.614095272235891 0.3720096189432338 1.421595272235933 4.612256694596811 0.3751941288277816 1.421595272235933 4.61041811695773 0.3783786387123295 1.421595272235933 4.608506694596813 0.3816893193561645 1.421595272235933 4.606595272235893 0.385 0.03659527223592429 4.606595272235897 0.385 0.03468385285827024 4.60850669161355 0.3816893245233318 1.421595272235933 4.634683849874973 0.381689319356165 1.421595272235933 4.632845272235893 0.3785048094716166 1.421595272235933 4.630970272235893 0.3752572142074246 1.421595272235933 4.629095272235893 0.3720096189432338 0.01409527223592421 4.629095272235897 0.3720096189432338 0.01225669161357378 4.630933852858247 0.3751941339949567 0.01041811099122236 4.632772433480599 0.3783786490466805 0.01034527223592429 4.632845272235897 0.3785048094716166 0.008506691613573758 4.634683852858249 0.38168932452334 0.006595272235925153 4.636595272235896 0.385 1.421595272235933 4.636595272235893 0.385 0.0253452722359243 4.617845272235896 0.397990381056767 0.02909527223592422 4.614095272235896 0.397990381056767 1.421595272235933 4.617845272235893 0.3979903810567662 1.421595272235933 4.614095272235891 0.3979903810567662 1.421595272235933 4.617845272235893 0.3979903810567662 0.02909527223592422 4.614095272235896 0.397990381056767 0.0253452722359243 4.617845272235896 0.397990381056767 0.02909527223592422 4.614095272235896 0.397990381056767 0.02534527223591609 0.02534527223591975 0.3979903810567657 0.02534527223591609 0.02534527223591975 0.3979903810567657 0.02909527223592422 4.614095272235896 0.397990381056767 0.02909527223591612 0.02909527223591878 0.3979903810567662 0.0253452722359243 4.617845272235896 0.397990381056767 1.421595272235933 4.617845272235893 0.3979903810567662 1.421595272235933 4.621595272235893 0.3979903810567662 0.0253452722359243 4.617845272235896 0.397990381056767 1.421595272235933 4.621595272235893 0.3979903810567662 0.02159527223592427 4.621595272235897 0.3979903810567662 0.02159527223592427 4.621595272235897 0.3979903810567662 1.421595272235933 4.621595272235893 0.3979903810567662 1.421595272235933 4.625345272235893 0.3979903810567662 0.01784527223592424 4.625345272235897 0.397990381056767 0.02159527223592427 4.621595272235897 0.3979903810567662 1.421595272235933 4.625345272235893 0.3979903810567662 0.01784527223592424 4.625345272235897 0.397990381056767 1.421595272235933 4.625345272235893 0.3979903810567662 1.421595272235933 4.629095272235893 0.3979903810567662 0.01409527223592421 4.629095272235897 0.3979903810567662 0.01784527223592424 4.625345272235897 0.397990381056767 1.421595272235933 4.629095272235893 0.3979903810567662 0.01409527223592421 4.629095272235897 0.3979903810567662 0.01784527223592424 4.625345272235897 0.397990381056767 0.01409527223591522 0.01409527223592066 0.3979903810567657 0.01784527223591603 0.01784527223592058 0.3979903810567657 0.01409527223591522 0.01409527223592066 0.3979903810567657 0.01784527223592424 4.625345272235897 0.397990381056767 0.01784527223591603 0.01784527223592058 0.3979903810567657 0.01409527223591522 0.01409527223592066 0.3979903810567657 1.421595272235923 0.01409527223591522 0.3979903810567662 1.421595272235923 0.01409527223591522 0.3979903810567662 1.421595272235923 0.01784527223591514 0.3979903810567657 0.01784527223591603 0.01784527223592058 0.3979903810567657 0.02159527223591606 0.02159527223591972 0.3979903810567657 0.01784527223591603 0.01784527223592058 0.3979903810567657 1.421595272235923 0.01784527223591514 0.3979903810567657 0.02159527223591606 0.02159527223591972 0.3979903810567657 1.421595272235923 0.01784527223591514 0.3979903810567657 1.421595272235923 0.02159527223591517 0.3979903810567662 0.02534527223591609 0.02534527223591975 0.3979903810567657 1.421595272235923 0.02159527223591517 0.3979903810567662 0.02159527223591606 0.02159527223591972 0.3979903810567657 0.02534527223591609 0.02534527223591975 0.3979903810567657 1.421595272235923 0.02159527223591517 0.3979903810567662 1.421595272235923 0.0253452722359152 0.3979903810567662 0.02909527223591612 0.02909527223591878 0.3979903810567662 0.02534527223591609 0.02534527223591975 0.3979903810567657 1.421595272235923 0.0253452722359152 0.3979903810567662 0.02909527223591612 0.02909527223591878 0.3979903810567662 1.421595272235923 0.0253452722359152 0.3979903810567662 1.421595272235923 0.02909527223591612 0.3979903810567662 0.02534527223591609 0.02534527223591975 0.3979903810567657 0.0253452722359243 4.617845272235896 0.397990381056767 0.02159527223591606 0.02159527223591972 0.3979903810567657 0.02159527223592427 4.621595272235897 0.3979903810567662 0.0253452722359243 4.617845272235896 0.397990381056767 0.02159527223591606 0.02159527223591972 0.3979903810567657 0.02159527223591606 0.02159527223591972 0.3979903810567657 0.01784527223591603 0.01784527223592058 0.3979903810567657 0.02159527223592427 4.621595272235897 0.3979903810567662 0.01784527223591603 0.01784527223592058 0.3979903810567657 0.01784527223592424 4.625345272235897 0.397990381056767 0.02159527223592427 4.621595272235897 0.3979903810567662 0.03284527223592337 4.610345272235897 0.3914951905283833 0.03472027223592422 4.608470272235897 0.3882475952641917 0.03659527223592429 4.606595272235897 0.385 1.421595272235933 4.606595272235893 0.385 1.421595272235933 4.608470272235891 0.3882475952641917 1.421595272235933 4.610345272235891 0.3914951905283833 1.421595272235933 4.612220272235891 0.394742785792575 1.421595272235933 4.614095272235891 0.3979903810567662 0.02909527223592422 4.614095272235896 0.397990381056767 0.0309702722359243 4.612220272235899 0.394742785792575 0.01222027223592425 4.630970272235897 0.3947427857925746 0.01409527223592421 4.629095272235897 0.3979903810567662 1.421595272235933 4.629095272235893 0.3979903810567662 1.421595272235933 4.630970272235893 0.394742785792575 1.421595272235933 4.632845272235893 0.3914951905283833 1.421595272235933 4.634720272235893 0.3882475952641917 1.421595272235933 4.636595272235893 0.385 0.006595272235925153 4.636595272235896 0.385 0.008506691616746109 4.634683852855075 0.3883106754821551 0.01034527223592429 4.632845272235897 0.3914951905283833 0.03097027223591697 0.03097027223591886 0.3752572142074255 0.02909527223591612 0.02909527223591878 0.3720096189432338 0.02909527223592422 4.614095272235896 0.3720096189432329 0.03050863098631362 4.612681913485509 0.3744576281082313 0.0309702722359243 4.612220272235899 0.3752572142074246 0.03192198973670379 4.611268554735118 0.3769056372732284 0.03284527223592337 4.610345272235897 0.3785048094716166 0.03425863098631354 4.608931913485507 0.3809528186366142 0.03468385285827024 4.60850669161355 0.3816893245233318 0.03659527223592429 4.606595272235897 0.385 0.03659527223591607 0.03659527223591974 0.385 0.03472027223591611 0.03472027223591966 0.3817524047358084 0.03284527223591604 0.03284527223591882 0.3785048094716166 0.006595272235925153 4.636595272235896 0.385 0.008506691613573758 4.634683852858249 0.38168932452334 0.01034527223592429 4.632845272235897 0.3785048094716166 0.01041811099122236 4.632772433480599 0.3783786490466805 0.01225669161357378 4.630933852858247 0.3751941339949567 0.01409527223592421 4.629095272235897 0.3720096189432338 0.01409527223591522 0.01409527223592066 0.3720096189432338 0.01222027223591515 0.01222027223592059 0.3752572142074255 0.01034527223591608 0.01034527223591974 0.3785048094716166 0.008931913485526798 0.00893191348553135 0.3809528186366124 0.008506691613563766 0.008506691613567429 0.3816893245233428 0.006595272235916049 0.006595272235919713 0.385 0.006595272235916049 0.006595272235919713 0.385 0.006595272235925153 4.636595272235896 0.385 0.008506691618232253 0.008506691618236694 0.3883106754847445 0.008931913486646347 0.008931913486650899 0.3890471813653262 0.01034527223591608 0.01034527223591974 0.3914951905283828 0.01041811100054923 0.01041811100055289 0.3916213509694881 0.01222027223591604 0.01222027223592059 0.3947427857925741 0.01409527223591522 0.01409527223592066 0.3979903810567657 0.01409527223592421 4.629095272235897 0.3979903810567662 0.01222027223592425 4.630970272235897 0.3947427857925746 0.01034527223592429 4.632845272235897 0.3914951905283833 0.008506691616746109 4.634683852855075 0.3883106754821551 0.0309702722359243 4.612220272235899 0.394742785792575 0.02909527223592422 4.614095272235896 0.397990381056767 0.02909527223591612 0.02909527223591878 0.3979903810567662 0.03050863098629996 0.03050863098630263 0.3955423718917805 0.03097027223591697 0.03097027223591974 0.3947427857925746 0.03192198973668292 0.03192198973668469 0.3930943627267947 0.03284527223591604 0.03284527223592059 0.3914951905283833 0.03425863098629988 0.03425863098630266 0.3890471813633976 0.03472027223591611 0.03472027223591966 0.3882475952641917 0.03659527223591607 0.03659527223591974 0.385 0.03659527223592429 4.606595272235897 0.385 0.03472027223592422 4.608470272235897 0.3882475952641917 0.03284527223592337 4.610345272235897 0.3914951905283833 0.03284527223591604 0.03284527223591882 0.3785048094716166 0.03472027223591611 0.03472027223591966 0.3817524047358084 0.03659527223591607 0.03659527223591974 0.385 1.421595272235923 0.03659527223591518 0.385 1.421595272235923 0.03468384987498929 0.3816893193561536 1.421595272235923 0.0327724275140635 0.3783786387123063 1.421595272235923 0.03093384987499026 0.3751941288277699 1.421595272235923 0.02909527223591612 0.3720096189432338 0.02909527223591612 0.02909527223591878 0.3720096189432338 0.03097027223591697 0.03097027223591886 0.3752572142074255 0.006595272235916049 0.006595272235919713 0.385 1.421595272235923 0.006595272235915161 0.385 0.008506691613563766 0.008506691613567429 0.3816893245233428 0.008931913485526798 0.00893191348553135 0.3809528186366124 0.01034527223591608 0.01034527223591974 0.3785048094716166 0.01222027223591515 0.01222027223592059 0.3752572142074255 0.01409527223591522 0.01409527223592066 0.3720096189432338 1.421595272235923 0.01409527223591522 0.3720096189432338 1.421595272235923 0.01222027223591426 0.3752572142074246 1.421595272235923 0.0103452722359143 0.3785048094716166 1.421595272235923 0.008470272235915121 0.3817524047358084 1.421595272235923 0.03468384987497752 0.3883106806438668 1.421595272235923 0.03659527223591518 0.385 0.03659527223591607 0.03659527223591974 0.385 0.03472027223591611 0.03472027223591966 0.3882475952641917 0.03425863098629988 0.03425863098630266 0.3890471813633976 0.03284527223591604 0.03284527223592059 0.3914951905283833 0.03192198973668292 0.03192198973668469 0.3930943627267947 0.03097027223591697 0.03097027223591974 0.3947427857925746 0.03050863098629996 0.03050863098630263 0.3955423718917805 0.02909527223591612 0.02909527223591878 0.3979903810567662 1.421595272235923 0.02909527223591612 0.3979903810567662 1.421595272235923 0.03097027223591519 0.3947427857925746 1.421595272235923 0.03284527223591604 0.3914951905283833 1.421595272235923 0.01222027223591426 0.3947427857925746 1.421595272235923 0.01409527223591522 0.3979903810567662 0.01409527223591522 0.01409527223592066 0.3979903810567657 0.01222027223591604 0.01222027223592059 0.3947427857925741 0.01041811100054923 0.01041811100055289 0.3916213509694881 0.01034527223591608 0.01034527223591974 0.3914951905283828 0.008931913486646347 0.008931913486650899 0.3890471813653262 0.008506691618232253 0.008506691618236694 0.3883106754847445 0.006595272235916049 0.006595272235919713 0.385 1.421595272235923 0.006595272235915161 0.385 1.421595272235923 0.008506694600008746 0.3883106806493324 1.421595272235923 0.0103452722359143 0.3914951905283833 1.421595272235933 4.608470272235891 0.2632475952641921 1.421595272235933 4.606595272235893 0.26 1.421595272235933 4.608506694596813 0.256689319356165 1.421595272235933 4.61041811695773 0.25337863871233 1.421595272235933 4.612256694596811 0.2501941288277821 1.421595272235933 4.614095272235891 0.2470096189432338 1.421595272235933 4.617845272235893 0.2470096189432342 1.421595272235933 4.621595272235893 0.2470096189432338 1.421595272235933 4.625345272235893 0.2470096189432333 1.421595272235933 4.629095272235893 0.2470096189432338 1.421595272235933 4.630970272235893 0.250257214207425 1.421595272235933 4.632845272235893 0.2535048094716166 1.421595272235933 4.634683849874973 0.256689319356166 1.421595272235933 4.636595272235893 0.26 1.421595272235933 4.634720272235893 0.2632475952641921 1.421595272235933 4.632845272235893 0.2664951905283837 1.421595272235933 4.630970272235893 0.2697427857925754 1.421595272235933 4.629095272235893 0.2729903810567666 1.421595272235933 4.625345272235893 0.2729903810567666 1.421595272235933 4.621595272235893 0.2729903810567666 1.421595272235933 4.617845272235893 0.2729903810567666 1.421595272235933 4.614095272235891 0.2729903810567666 1.421595272235933 4.612220272235891 0.2697427857925754 1.421595272235933 4.610345272235891 0.2664951905283837 1.421595272235923 0.03468384987498929 0.2566893193561541 1.421595272235923 0.03659527223591518 0.26 1.421595272235923 0.03468384987497752 0.2633106806438668 1.421595272235923 0.03284527223591604 0.2664951905283837 1.421595272235923 0.03097027223591519 0.269742785792575 1.421595272235923 0.02909527223591612 0.2729903810567666 1.421595272235923 0.0253452722359152 0.2729903810567666 1.421595272235923 0.02159527223591517 0.2729903810567666 1.421595272235923 0.01784527223591514 0.2729903810567662 1.421595272235923 0.01409527223591522 0.2729903810567666 1.421595272235923 0.01222027223591426 0.269742785792575 1.421595272235923 0.0103452722359143 0.2664951905283837 1.421595272235923 0.008506694600008746 0.2633106806493324 1.421595272235923 0.006595272235915161 0.26 1.421595272235923 0.008470272235915121 0.2567524047358084 1.421595272235923 0.0103452722359143 0.2535048094716166 1.421595272235923 0.01222027223591426 0.250257214207425 1.421595272235923 0.01409527223591522 0.2470096189432338 1.421595272235923 0.01784527223591514 0.2470096189432342 1.421595272235923 0.02159527223591517 0.2470096189432338 1.421595272235923 0.0253452722359152 0.2470096189432333 1.421595272235923 0.02909527223591612 0.2470096189432338 1.421595272235923 0.03093384987499026 0.2501941288277708 1.421595272235923 0.0327724275140635 0.2533786387123069 1.421595272235933 4.629095272235893 0.2470096189432338 1.421595272235933 4.625345272235893 0.2470096189432333 0.01784527223592424 4.625345272235897 0.2470096189432338 0.01784527223592424 4.625345272235897 0.2470096189432338 1.421595272235933 4.629095272235893 0.2470096189432338 0.01409527223592421 4.629095272235897 0.2470096189432338 0.01784527223592424 4.625345272235897 0.2470096189432338 1.421595272235933 4.625345272235893 0.2470096189432333 0.02159527223592427 4.621595272235898 0.2470096189432333 0.02159527223592427 4.621595272235898 0.2470096189432333 0.01784527223592424 4.625345272235897 0.2470096189432338 0.02159527223591606 0.02159527223591972 0.2470096189432338 0.02159527223591606 0.02159527223591972 0.2470096189432338 0.01784527223592424 4.625345272235897 0.2470096189432338 0.01784527223591603 0.01784527223591969 0.2470096189432342 0.01409527223592421 4.629095272235897 0.2470096189432338 0.01784527223592424 4.625345272235897 0.2470096189432338 0.01784527223591603 0.01784527223591969 0.2470096189432342 0.01784527223591603 0.01784527223591969 0.2470096189432342 0.01409527223592421 4.629095272235897 0.2470096189432338 0.01409527223591522 0.01409527223592066 0.2470096189432338 0.02159527223592427 4.621595272235898 0.2470096189432333 1.421595272235933 4.625345272235893 0.2470096189432333 1.421595272235933 4.621595272235893 0.2470096189432338 0.0253452722359243 4.617845272235896 0.2470096189432333 0.02159527223592427 4.621595272235898 0.2470096189432333 1.421595272235933 4.621595272235893 0.2470096189432338 1.421595272235933 4.621595272235893 0.2470096189432338 1.421595272235933 4.617845272235893 0.2470096189432342 0.0253452722359243 4.617845272235896 0.2470096189432333 0.02909527223592422 4.614095272235896 0.2470096189432333 0.0253452722359243 4.617845272235896 0.2470096189432333 1.421595272235933 4.617845272235893 0.2470096189432342 0.02909527223592422 4.614095272235896 0.2470096189432333 1.421595272235933 4.617845272235893 0.2470096189432342 1.421595272235933 4.614095272235891 0.2470096189432338 0.02909527223592422 4.614095272235896 0.2470096189432333 0.0253452722359243 4.617845272235896 0.2470096189432333 0.02909527223591612 0.02909527223591878 0.2470096189432338 0.02534527223591609 0.02534527223591875 0.2470096189432338 0.02909527223591612 0.02909527223591878 0.2470096189432338 0.0253452722359243 4.617845272235896 0.2470096189432333 0.02909527223591612 0.02909527223591878 0.2470096189432338 1.421595272235923 0.0253452722359152 0.2470096189432333 0.02534527223591609 0.02534527223591875 0.2470096189432338 1.421595272235923 0.02909527223591612 0.2470096189432338 1.421595272235923 0.0253452722359152 0.2470096189432333 0.02909527223591612 0.02909527223591878 0.2470096189432338 0.02534527223591609 0.02534527223591875 0.2470096189432338 1.421595272235923 0.0253452722359152 0.2470096189432333 1.421595272235923 0.02159527223591517 0.2470096189432338 0.02159527223591606 0.02159527223591972 0.2470096189432338 1.421595272235923 0.02159527223591517 0.2470096189432338 1.421595272235923 0.01784527223591514 0.2470096189432342 0.02159527223591606 0.02159527223591972 0.2470096189432338 1.421595272235923 0.02159527223591517 0.2470096189432338 0.02534527223591609 0.02534527223591875 0.2470096189432338 0.02534527223591609 0.02534527223591875 0.2470096189432338 0.02159527223591606 0.02159527223591972 0.2470096189432338 0.02159527223592427 4.621595272235898 0.2470096189432333 0.02159527223591606 0.02159527223591972 0.2470096189432338 1.421595272235923 0.01784527223591514 0.2470096189432342 0.01784527223591603 0.01784527223591969 0.2470096189432342 0.01784527223591603 0.01784527223591969 0.2470096189432342 1.421595272235923 0.01784527223591514 0.2470096189432342 1.421595272235923 0.01409527223591522 0.2470096189432338 0.01409527223591522 0.01409527223592066 0.2470096189432338 0.01784527223591603 0.01784527223591969 0.2470096189432342 1.421595272235923 0.01409527223591522 0.2470096189432338 0.0253452722359243 4.617845272235896 0.2470096189432333 0.02159527223592427 4.621595272235898 0.2470096189432333 0.02534527223591609 0.02534527223591875 0.2470096189432338 0.03425863098631354 4.608931913485507 0.2559528186366137 0.03284527223592337 4.610345272235897 0.2535048094716166 0.03192198973670379 4.611268554735118 0.2519056372732284 0.0309702722359243 4.612220272235899 0.250257214207425 0.03050863098631362 4.612681913485509 0.2494576281082309 0.02909527223592422 4.614095272235896 0.2470096189432333 1.421595272235933 4.614095272235891 0.2470096189432338 1.421595272235933 4.612256694596811 0.2501941288277821 1.421595272235933 4.61041811695773 0.25337863871233 1.421595272235933 4.608506694596813 0.256689319356165 1.421595272235933 4.606595272235893 0.26 0.03659527223592429 4.606595272235897 0.26 0.03468385285827024 4.60850669161355 0.2566893245233323 1.421595272235933 4.634683849874973 0.256689319356166 1.421595272235933 4.632845272235893 0.2535048094716166 1.421595272235933 4.630970272235893 0.250257214207425 1.421595272235933 4.629095272235893 0.2470096189432338 0.01409527223592421 4.629095272235897 0.2470096189432338 0.01225669161357378 4.630933852858247 0.2501941339949576 0.01041811099122236 4.632772433480599 0.2533786490466805 0.01034527223592429 4.632845272235897 0.2535048094716166 0.008506691613573758 4.634683852858249 0.2566893245233404 0.006595272235925153 4.636595272235896 0.26 1.421595272235933 4.636595272235893 0.26 0.0253452722359243 4.617845272235896 0.272990381056767 0.02909527223592422 4.614095272235896 0.272990381056767 1.421595272235933 4.617845272235893 0.2729903810567666 1.421595272235933 4.614095272235891 0.2729903810567666 1.421595272235933 4.617845272235893 0.2729903810567666 0.02909527223592422 4.614095272235896 0.272990381056767 0.0253452722359243 4.617845272235896 0.272990381056767 0.02909527223592422 4.614095272235896 0.272990381056767 0.02534527223591609 0.02534527223591975 0.2729903810567662 0.02534527223591609 0.02534527223591975 0.2729903810567662 0.02909527223592422 4.614095272235896 0.272990381056767 0.02909527223591612 0.02909527223591878 0.2729903810567666 0.0253452722359243 4.617845272235896 0.272990381056767 1.421595272235933 4.617845272235893 0.2729903810567666 1.421595272235933 4.621595272235893 0.2729903810567666 0.0253452722359243 4.617845272235896 0.272990381056767 1.421595272235933 4.621595272235893 0.2729903810567666 0.02159527223592427 4.621595272235897 0.2729903810567666 0.02159527223592427 4.621595272235897 0.2729903810567666 1.421595272235933 4.621595272235893 0.2729903810567666 1.421595272235933 4.625345272235893 0.2729903810567666 0.01784527223592424 4.625345272235897 0.272990381056767 0.02159527223592427 4.621595272235897 0.2729903810567666 1.421595272235933 4.625345272235893 0.2729903810567666 0.01784527223592424 4.625345272235897 0.272990381056767 1.421595272235933 4.625345272235893 0.2729903810567666 1.421595272235933 4.629095272235893 0.2729903810567666 0.01409527223592421 4.629095272235897 0.2729903810567666 0.01784527223592424 4.625345272235897 0.272990381056767 1.421595272235933 4.629095272235893 0.2729903810567666 0.01409527223592421 4.629095272235897 0.2729903810567666 0.01784527223592424 4.625345272235897 0.272990381056767 0.01409527223591522 0.01409527223592066 0.2729903810567662 0.01784527223591603 0.01784527223592058 0.2729903810567666 0.01409527223591522 0.01409527223592066 0.2729903810567662 0.01784527223592424 4.625345272235897 0.272990381056767 0.01784527223591603 0.01784527223592058 0.2729903810567666 0.01409527223591522 0.01409527223592066 0.2729903810567662 1.421595272235923 0.01409527223591522 0.2729903810567666 1.421595272235923 0.01409527223591522 0.2729903810567666 1.421595272235923 0.01784527223591514 0.2729903810567662 0.01784527223591603 0.01784527223592058 0.2729903810567666 0.02159527223591606 0.02159527223591972 0.2729903810567662 0.01784527223591603 0.01784527223592058 0.2729903810567666 1.421595272235923 0.01784527223591514 0.2729903810567662 0.02159527223591606 0.02159527223591972 0.2729903810567662 1.421595272235923 0.01784527223591514 0.2729903810567662 1.421595272235923 0.02159527223591517 0.2729903810567666 0.02534527223591609 0.02534527223591975 0.2729903810567662 1.421595272235923 0.02159527223591517 0.2729903810567666 0.02159527223591606 0.02159527223591972 0.2729903810567662 0.02534527223591609 0.02534527223591975 0.2729903810567662 1.421595272235923 0.02159527223591517 0.2729903810567666 1.421595272235923 0.0253452722359152 0.2729903810567666 0.02909527223591612 0.02909527223591878 0.2729903810567666 0.02534527223591609 0.02534527223591975 0.2729903810567662 1.421595272235923 0.0253452722359152 0.2729903810567666 0.02909527223591612 0.02909527223591878 0.2729903810567666 1.421595272235923 0.0253452722359152 0.2729903810567666 1.421595272235923 0.02909527223591612 0.2729903810567666 0.02534527223591609 0.02534527223591975 0.2729903810567662 0.0253452722359243 4.617845272235896 0.272990381056767 0.02159527223591606 0.02159527223591972 0.2729903810567662 0.02159527223592427 4.621595272235897 0.2729903810567666 0.0253452722359243 4.617845272235896 0.272990381056767 0.02159527223591606 0.02159527223591972 0.2729903810567662 0.02159527223591606 0.02159527223591972 0.2729903810567662 0.01784527223591603 0.01784527223592058 0.2729903810567666 0.02159527223592427 4.621595272235897 0.2729903810567666 0.01784527223591603 0.01784527223592058 0.2729903810567666 0.01784527223592424 4.625345272235897 0.272990381056767 0.02159527223592427 4.621595272235897 0.2729903810567666 0.03284527223592337 4.610345272235897 0.2664951905283837 0.03472027223592422 4.608470272235897 0.2632475952641921 0.03659527223592429 4.606595272235897 0.26 1.421595272235933 4.606595272235893 0.26 1.421595272235933 4.608470272235891 0.2632475952641921 1.421595272235933 4.610345272235891 0.2664951905283837 1.421595272235933 4.612220272235891 0.2697427857925754 1.421595272235933 4.614095272235891 0.2729903810567666 0.02909527223592422 4.614095272235896 0.272990381056767 0.0309702722359243 4.612220272235899 0.2697427857925754 0.01222027223592425 4.630970272235897 0.269742785792575 0.01409527223592421 4.629095272235897 0.2729903810567666 1.421595272235933 4.629095272235893 0.2729903810567666 1.421595272235933 4.630970272235893 0.2697427857925754 1.421595272235933 4.632845272235893 0.2664951905283837 1.421595272235933 4.634720272235893 0.2632475952641921 1.421595272235933 4.636595272235893 0.26 0.006595272235925153 4.636595272235896 0.26 0.008506691616746109 4.634683852855075 0.2633106754821555 0.01034527223592429 4.632845272235897 0.2664951905283837 0.03097027223591697 0.03097027223591886 0.2502572142074255 0.02909527223591612 0.02909527223591878 0.2470096189432338 0.02909527223592422 4.614095272235896 0.2470096189432333 0.03050863098631362 4.612681913485509 0.2494576281082309 0.0309702722359243 4.612220272235899 0.250257214207425 0.03192198973670379 4.611268554735118 0.2519056372732284 0.03284527223592337 4.610345272235897 0.2535048094716166 0.03425863098631354 4.608931913485507 0.2559528186366137 0.03468385285827024 4.60850669161355 0.2566893245233323 0.03659527223592429 4.606595272235897 0.26 0.03659527223591607 0.03659527223591974 0.26 0.03472027223591611 0.03472027223591966 0.2567524047358084 0.03284527223591604 0.03284527223591882 0.2535048094716166 0.006595272235925153 4.636595272235896 0.26 0.008506691613573758 4.634683852858249 0.2566893245233404 0.01034527223592429 4.632845272235897 0.2535048094716166 0.01041811099122236 4.632772433480599 0.2533786490466805 0.01225669161357378 4.630933852858247 0.2501941339949576 0.01409527223592421 4.629095272235897 0.2470096189432338 0.01409527223591522 0.01409527223592066 0.2470096189432338 0.01222027223591515 0.01222027223592059 0.2502572142074255 0.01034527223591608 0.01034527223591974 0.2535048094716166 0.008931913485526798 0.00893191348553135 0.2559528186366133 0.008506691613563766 0.008506691613567429 0.2566893245233436 0.006595272235916049 0.006595272235919713 0.26 0.006595272235916049 0.006595272235919713 0.26 0.006595272235925153 4.636595272235896 0.26 0.008506691618232253 0.008506691618236694 0.2633106754847449 0.008931913486646347 0.008931913486650899 0.2640471813653266 0.01034527223591608 0.01034527223591974 0.2664951905283833 0.01041811100054923 0.01041811100055289 0.2666213509694881 0.01222027223591604 0.01222027223592059 0.2697427857925746 0.01409527223591522 0.01409527223592066 0.2729903810567662 0.01409527223592421 4.629095272235897 0.2729903810567666 0.01222027223592425 4.630970272235897 0.269742785792575 0.01034527223592429 4.632845272235897 0.2664951905283837 0.008506691616746109 4.634683852855075 0.2633106754821555 0.0309702722359243 4.612220272235899 0.2697427857925754 0.02909527223592422 4.614095272235896 0.272990381056767 0.02909527223591612 0.02909527223591878 0.2729903810567666 0.03050863098629996 0.03050863098630263 0.2705423718917809 0.03097027223591697 0.03097027223591974 0.269742785792575 0.03192198973668292 0.03192198973668469 0.2680943627267957 0.03284527223591604 0.03284527223592059 0.2664951905283837 0.03425863098629988 0.03425863098630266 0.2640471813633981 0.03472027223591611 0.03472027223591966 0.2632475952641921 0.03659527223591607 0.03659527223591974 0.26 0.03659527223592429 4.606595272235897 0.26 0.03472027223592422 4.608470272235897 0.2632475952641921 0.03284527223592337 4.610345272235897 0.2664951905283837 0.03284527223591604 0.03284527223591882 0.2535048094716166 0.03472027223591611 0.03472027223591966 0.2567524047358084 0.03659527223591607 0.03659527223591974 0.26 1.421595272235923 0.03659527223591518 0.26 1.421595272235923 0.03468384987498929 0.2566893193561541 1.421595272235923 0.0327724275140635 0.2533786387123069 1.421595272235923 0.03093384987499026 0.2501941288277708 1.421595272235923 0.02909527223591612 0.2470096189432338 0.02909527223591612 0.02909527223591878 0.2470096189432338 0.03097027223591697 0.03097027223591886 0.2502572142074255 0.006595272235916049 0.006595272235919713 0.26 1.421595272235923 0.006595272235915161 0.26 0.008506691613563766 0.008506691613567429 0.2566893245233436 0.008931913485526798 0.00893191348553135 0.2559528186366133 0.01034527223591608 0.01034527223591974 0.2535048094716166 0.01222027223591515 0.01222027223592059 0.2502572142074255 0.01409527223591522 0.01409527223592066 0.2470096189432338 1.421595272235923 0.01409527223591522 0.2470096189432338 1.421595272235923 0.01222027223591426 0.250257214207425 1.421595272235923 0.0103452722359143 0.2535048094716166 1.421595272235923 0.008470272235915121 0.2567524047358084 1.421595272235923 0.03468384987497752 0.2633106806438668 1.421595272235923 0.03659527223591518 0.26 0.03659527223591607 0.03659527223591974 0.26 0.03472027223591611 0.03472027223591966 0.2632475952641921 0.03425863098629988 0.03425863098630266 0.2640471813633981 0.03284527223591604 0.03284527223592059 0.2664951905283837 0.03192198973668292 0.03192198973668469 0.2680943627267957 0.03097027223591697 0.03097027223591974 0.269742785792575 0.03050863098629996 0.03050863098630263 0.2705423718917809 0.02909527223591612 0.02909527223591878 0.2729903810567666 1.421595272235923 0.02909527223591612 0.2729903810567666 1.421595272235923 0.03097027223591519 0.269742785792575 1.421595272235923 0.03284527223591604 0.2664951905283837 1.421595272235923 0.01222027223591426 0.269742785792575 1.421595272235923 0.01409527223591522 0.2729903810567666 0.01409527223591522 0.01409527223592066 0.2729903810567662 0.01222027223591604 0.01222027223592059 0.2697427857925746 0.01041811100054923 0.01041811100055289 0.2666213509694881 0.01034527223591608 0.01034527223591974 0.2664951905283833 0.008931913486646347 0.008931913486650899 0.2640471813653266 0.008506691618232253 0.008506691618236694 0.2633106754847449 0.006595272235916049 0.006595272235919713 0.26 1.421595272235923 0.006595272235915161 0.26 1.421595272235923 0.008506694600008746 0.2633106806493324 1.421595272235923 0.0103452722359143 0.2664951905283837 1.421595272235933 4.608470272235891 0.1382475952641917 1.421595272235933 4.606595272235893 0.135 1.421595272235933 4.608506694596813 0.131689319356165 1.421595272235933 4.61041811695773 0.1283786387123295 1.421595272235933 4.612256694596811 0.1251941288277816 1.421595272235933 4.614095272235891 0.1220096189432333 1.421595272235933 4.617845272235893 0.1220096189432333 1.421595272235933 4.621595272235893 0.1220096189432333 1.421595272235933 4.625345272235893 0.1220096189432333 1.421595272235933 4.629095272235893 0.1220096189432333 1.421595272235933 4.630970272235893 0.1252572142074255 1.421595272235933 4.632845272235893 0.1285048094716171 1.421595272235933 4.634683849874973 0.131689319356165 1.421595272235933 4.636595272235893 0.135 1.421595272235933 4.634720272235893 0.1382475952641917 1.421595272235933 4.632845272235893 0.1414951905283828 1.421595272235933 4.630970272235893 0.1447427857925744 1.421595272235933 4.629095272235893 0.1479903810567662 1.421595272235933 4.625345272235893 0.1479903810567662 1.421595272235933 4.621595272235893 0.1479903810567662 1.421595272235933 4.617845272235893 0.1479903810567662 1.421595272235933 4.614095272235891 0.1479903810567662 1.421595272235933 4.612220272235891 0.1447427857925744 1.421595272235933 4.610345272235891 0.1414951905283828 1.421595272235923 0.03468384987498929 0.1316893193561536 1.421595272235923 0.03659527223591518 0.135 1.421595272235923 0.03468384987497752 0.1383106806438668 1.421595272235923 0.03284527223591604 0.1414951905283828 1.421595272235923 0.03097027223591519 0.1447427857925744 1.421595272235923 0.02909527223591612 0.1479903810567662 1.421595272235923 0.0253452722359152 0.1479903810567662 1.421595272235923 0.02159527223591517 0.1479903810567662 1.421595272235923 0.01784527223591514 0.1479903810567662 1.421595272235923 0.01409527223591522 0.1479903810567662 1.421595272235923 0.01222027223591426 0.1447427857925744 1.421595272235923 0.0103452722359143 0.1414951905283828 1.421595272235923 0.008506694600008746 0.1383106806493324 1.421595272235923 0.006595272235915161 0.135 1.421595272235923 0.008470272235915121 0.1317524047358088 1.421595272235923 0.0103452722359143 0.1285048094716171 1.421595272235923 0.01222027223591426 0.1252572142074255 1.421595272235923 0.01409527223591522 0.1220096189432333 1.421595272235923 0.01784527223591514 0.1220096189432333 1.421595272235923 0.02159527223591517 0.1220096189432333 1.421595272235923 0.0253452722359152 0.1220096189432333 1.421595272235923 0.02909527223591612 0.1220096189432333 1.421595272235923 0.03093384987499026 0.1251941288277703 1.421595272235923 0.0327724275140635 0.1283786387123068 1.421595272235933 4.629095272235893 0.1220096189432333 1.421595272235933 4.625345272235893 0.1220096189432333 0.01784527223592424 4.625345272235897 0.1220096189432333 0.01784527223592424 4.625345272235897 0.1220096189432333 1.421595272235933 4.629095272235893 0.1220096189432333 0.01409527223592421 4.629095272235897 0.1220096189432333 0.01784527223592424 4.625345272235897 0.1220096189432333 1.421595272235933 4.625345272235893 0.1220096189432333 0.02159527223592427 4.621595272235898 0.1220096189432333 0.02159527223592427 4.621595272235898 0.1220096189432333 0.01784527223592424 4.625345272235897 0.1220096189432333 0.02159527223591606 0.02159527223591972 0.1220096189432333 0.02159527223591606 0.02159527223591972 0.1220096189432333 0.01784527223592424 4.625345272235897 0.1220096189432333 0.01784527223591603 0.01784527223591969 0.1220096189432333 0.01409527223592421 4.629095272235897 0.1220096189432333 0.01784527223592424 4.625345272235897 0.1220096189432333 0.01784527223591603 0.01784527223591969 0.1220096189432333 0.01784527223591603 0.01784527223591969 0.1220096189432333 0.01409527223592421 4.629095272235897 0.1220096189432333 0.01409527223591522 0.01409527223592066 0.1220096189432333 0.02159527223592427 4.621595272235898 0.1220096189432333 1.421595272235933 4.625345272235893 0.1220096189432333 1.421595272235933 4.621595272235893 0.1220096189432333 0.0253452722359243 4.617845272235896 0.1220096189432329 0.02159527223592427 4.621595272235898 0.1220096189432333 1.421595272235933 4.621595272235893 0.1220096189432333 1.421595272235933 4.621595272235893 0.1220096189432333 1.421595272235933 4.617845272235893 0.1220096189432333 0.0253452722359243 4.617845272235896 0.1220096189432329 0.02909527223592422 4.614095272235896 0.1220096189432329 0.0253452722359243 4.617845272235896 0.1220096189432329 1.421595272235933 4.617845272235893 0.1220096189432333 0.02909527223592422 4.614095272235896 0.1220096189432329 1.421595272235933 4.617845272235893 0.1220096189432333 1.421595272235933 4.614095272235891 0.1220096189432333 0.02909527223592422 4.614095272235896 0.1220096189432329 0.0253452722359243 4.617845272235896 0.1220096189432329 0.02909527223591612 0.02909527223591878 0.1220096189432333 0.02534527223591609 0.02534527223591875 0.1220096189432333 0.02909527223591612 0.02909527223591878 0.1220096189432333 0.0253452722359243 4.617845272235896 0.1220096189432329 0.02909527223591612 0.02909527223591878 0.1220096189432333 1.421595272235923 0.0253452722359152 0.1220096189432333 0.02534527223591609 0.02534527223591875 0.1220096189432333 1.421595272235923 0.02909527223591612 0.1220096189432333 1.421595272235923 0.0253452722359152 0.1220096189432333 0.02909527223591612 0.02909527223591878 0.1220096189432333 0.02534527223591609 0.02534527223591875 0.1220096189432333 1.421595272235923 0.0253452722359152 0.1220096189432333 1.421595272235923 0.02159527223591517 0.1220096189432333 0.02159527223591606 0.02159527223591972 0.1220096189432333 1.421595272235923 0.02159527223591517 0.1220096189432333 1.421595272235923 0.01784527223591514 0.1220096189432333 0.02159527223591606 0.02159527223591972 0.1220096189432333 1.421595272235923 0.02159527223591517 0.1220096189432333 0.02534527223591609 0.02534527223591875 0.1220096189432333 0.02534527223591609 0.02534527223591875 0.1220096189432333 0.02159527223591606 0.02159527223591972 0.1220096189432333 0.02159527223592427 4.621595272235898 0.1220096189432333 0.02159527223591606 0.02159527223591972 0.1220096189432333 1.421595272235923 0.01784527223591514 0.1220096189432333 0.01784527223591603 0.01784527223591969 0.1220096189432333 0.01784527223591603 0.01784527223591969 0.1220096189432333 1.421595272235923 0.01784527223591514 0.1220096189432333 1.421595272235923 0.01409527223591522 0.1220096189432333 0.01409527223591522 0.01409527223592066 0.1220096189432333 0.01784527223591603 0.01784527223591969 0.1220096189432333 1.421595272235923 0.01409527223591522 0.1220096189432333 0.0253452722359243 4.617845272235896 0.1220096189432329 0.02159527223592427 4.621595272235898 0.1220096189432333 0.02534527223591609 0.02534527223591875 0.1220096189432333 0.03425863098631354 4.608931913485507 0.1309528186366142 0.03284527223592337 4.610345272235897 0.1285048094716166 0.03192198973670379 4.611268554735118 0.1269056372732284 0.0309702722359243 4.612220272235899 0.1252572142074246 0.03050863098631362 4.612681913485509 0.1244576281082304 0.02909527223592422 4.614095272235896 0.1220096189432329 1.421595272235933 4.614095272235891 0.1220096189432333 1.421595272235933 4.612256694596811 0.1251941288277816 1.421595272235933 4.61041811695773 0.1283786387123295 1.421595272235933 4.608506694596813 0.131689319356165 1.421595272235933 4.606595272235893 0.135 0.03659527223592429 4.606595272235897 0.135 0.03468385285827024 4.60850669161355 0.1316893245233318 1.421595272235933 4.634683849874973 0.131689319356165 1.421595272235933 4.632845272235893 0.1285048094716171 1.421595272235933 4.630970272235893 0.1252572142074255 1.421595272235933 4.629095272235893 0.1220096189432333 0.01409527223592421 4.629095272235897 0.1220096189432333 0.01225669161357378 4.630933852858247 0.1251941339949567 0.01041811099122236 4.632772433480599 0.1283786490466805 0.01034527223592429 4.632845272235897 0.1285048094716171 0.008506691613573758 4.634683852858249 0.13168932452334 0.006595272235925153 4.636595272235896 0.135 1.421595272235933 4.636595272235893 0.135 0.0253452722359243 4.617845272235896 0.1479903810567662 0.02909527223592422 4.614095272235896 0.1479903810567666 1.421595272235933 4.617845272235893 0.1479903810567662 1.421595272235933 4.614095272235891 0.1479903810567662 1.421595272235933 4.617845272235893 0.1479903810567662 0.02909527223592422 4.614095272235896 0.1479903810567666 0.0253452722359243 4.617845272235896 0.1479903810567662 0.02909527223592422 4.614095272235896 0.1479903810567666 0.02534527223591609 0.02534527223591975 0.1479903810567662 0.02534527223591609 0.02534527223591975 0.1479903810567662 0.02909527223592422 4.614095272235896 0.1479903810567666 0.02909527223591612 0.02909527223591878 0.1479903810567662 0.0253452722359243 4.617845272235896 0.1479903810567662 1.421595272235933 4.617845272235893 0.1479903810567662 1.421595272235933 4.621595272235893 0.1479903810567662 0.0253452722359243 4.617845272235896 0.1479903810567662 1.421595272235933 4.621595272235893 0.1479903810567662 0.02159527223592427 4.621595272235897 0.1479903810567662 0.02159527223592427 4.621595272235897 0.1479903810567662 1.421595272235933 4.621595272235893 0.1479903810567662 1.421595272235933 4.625345272235893 0.1479903810567662 0.01784527223592424 4.625345272235897 0.1479903810567662 0.02159527223592427 4.621595272235897 0.1479903810567662 1.421595272235933 4.625345272235893 0.1479903810567662 0.01784527223592424 4.625345272235897 0.1479903810567662 1.421595272235933 4.625345272235893 0.1479903810567662 1.421595272235933 4.629095272235893 0.1479903810567662 0.01409527223592421 4.629095272235897 0.1479903810567662 0.01784527223592424 4.625345272235897 0.1479903810567662 1.421595272235933 4.629095272235893 0.1479903810567662 0.01409527223592421 4.629095272235897 0.1479903810567662 0.01784527223592424 4.625345272235897 0.1479903810567662 0.01409527223591522 0.01409527223592066 0.1479903810567657 0.01784527223591603 0.01784527223592058 0.1479903810567662 0.01409527223591522 0.01409527223592066 0.1479903810567657 0.01784527223592424 4.625345272235897 0.1479903810567662 0.01784527223591603 0.01784527223592058 0.1479903810567662 0.01409527223591522 0.01409527223592066 0.1479903810567657 1.421595272235923 0.01409527223591522 0.1479903810567662 1.421595272235923 0.01409527223591522 0.1479903810567662 1.421595272235923 0.01784527223591514 0.1479903810567662 0.01784527223591603 0.01784527223592058 0.1479903810567662 0.02159527223591606 0.02159527223591972 0.1479903810567662 0.01784527223591603 0.01784527223592058 0.1479903810567662 1.421595272235923 0.01784527223591514 0.1479903810567662 0.02159527223591606 0.02159527223591972 0.1479903810567662 1.421595272235923 0.01784527223591514 0.1479903810567662 1.421595272235923 0.02159527223591517 0.1479903810567662 0.02534527223591609 0.02534527223591975 0.1479903810567662 1.421595272235923 0.02159527223591517 0.1479903810567662 0.02159527223591606 0.02159527223591972 0.1479903810567662 0.02534527223591609 0.02534527223591975 0.1479903810567662 1.421595272235923 0.02159527223591517 0.1479903810567662 1.421595272235923 0.0253452722359152 0.1479903810567662 0.02909527223591612 0.02909527223591878 0.1479903810567662 0.02534527223591609 0.02534527223591975 0.1479903810567662 1.421595272235923 0.0253452722359152 0.1479903810567662 0.02909527223591612 0.02909527223591878 0.1479903810567662 1.421595272235923 0.0253452722359152 0.1479903810567662 1.421595272235923 0.02909527223591612 0.1479903810567662 0.02534527223591609 0.02534527223591975 0.1479903810567662 0.0253452722359243 4.617845272235896 0.1479903810567662 0.02159527223591606 0.02159527223591972 0.1479903810567662 0.02159527223592427 4.621595272235897 0.1479903810567662 0.0253452722359243 4.617845272235896 0.1479903810567662 0.02159527223591606 0.02159527223591972 0.1479903810567662 0.02159527223591606 0.02159527223591972 0.1479903810567662 0.01784527223591603 0.01784527223592058 0.1479903810567662 0.02159527223592427 4.621595272235897 0.1479903810567662 0.01784527223591603 0.01784527223592058 0.1479903810567662 0.01784527223592424 4.625345272235897 0.1479903810567662 0.02159527223592427 4.621595272235897 0.1479903810567662 0.03284527223592337 4.610345272235897 0.1414951905283833 0.03472027223592422 4.608470272235897 0.1382475952641917 0.03659527223592429 4.606595272235897 0.135 1.421595272235933 4.606595272235893 0.135 1.421595272235933 4.608470272235891 0.1382475952641917 1.421595272235933 4.610345272235891 0.1414951905283828 1.421595272235933 4.612220272235891 0.1447427857925744 1.421595272235933 4.614095272235891 0.1479903810567662 0.02909527223592422 4.614095272235896 0.1479903810567666 0.0309702722359243 4.612220272235899 0.144742785792575 0.01222027223592425 4.630970272235897 0.1447427857925744 0.01409527223592421 4.629095272235897 0.1479903810567662 1.421595272235933 4.629095272235893 0.1479903810567662 1.421595272235933 4.630970272235893 0.1447427857925744 1.421595272235933 4.632845272235893 0.1414951905283828 1.421595272235933 4.634720272235893 0.1382475952641917 1.421595272235933 4.636595272235893 0.135 0.006595272235925153 4.636595272235896 0.135 0.008506691616746109 4.634683852855075 0.1383106754821551 0.01034527223592429 4.632845272235897 0.1414951905283828 0.03097027223591697 0.03097027223591886 0.1252572142074255 0.02909527223591612 0.02909527223591878 0.1220096189432333 0.02909527223592422 4.614095272235896 0.1220096189432329 0.03050863098631362 4.612681913485509 0.1244576281082304 0.0309702722359243 4.612220272235899 0.1252572142074246 0.03192198973670379 4.611268554735118 0.1269056372732284 0.03284527223592337 4.610345272235897 0.1285048094716166 0.03425863098631354 4.608931913485507 0.1309528186366142 0.03468385285827024 4.60850669161355 0.1316893245233318 0.03659527223592429 4.606595272235897 0.135 0.03659527223591607 0.03659527223591974 0.135 0.03472027223591611 0.03472027223591966 0.1317524047358088 0.03284527223591604 0.03284527223591882 0.1285048094716171 0.006595272235925153 4.636595272235896 0.135 0.008506691613573758 4.634683852858249 0.13168932452334 0.01034527223592429 4.632845272235897 0.1285048094716171 0.01041811099122236 4.632772433480599 0.1283786490466805 0.01225669161357378 4.630933852858247 0.1251941339949567 0.01409527223592421 4.629095272235897 0.1220096189432333 0.01409527223591522 0.01409527223592066 0.1220096189432333 0.01222027223591515 0.01222027223592059 0.1252572142074255 0.01034527223591608 0.01034527223591974 0.1285048094716171 0.008931913485526798 0.00893191348553135 0.1309528186366128 0.008506691613563766 0.008506691613567429 0.1316893245233428 0.006595272235916049 0.006595272235919713 0.135 0.006595272235916049 0.006595272235919713 0.135 0.006595272235925153 4.636595272235896 0.135 0.008506691618232253 0.008506691618236694 0.138310675484744 0.008931913486646347 0.008931913486650899 0.1390471813653262 0.01034527223591608 0.01034527223591974 0.1414951905283828 0.01041811100054923 0.01041811100055289 0.1416213509694884 0.01222027223591604 0.01222027223592059 0.144742785792574 0.01409527223591522 0.01409527223592066 0.1479903810567657 0.01409527223592421 4.629095272235897 0.1479903810567662 0.01222027223592425 4.630970272235897 0.1447427857925744 0.01034527223592429 4.632845272235897 0.1414951905283828 0.008506691616746109 4.634683852855075 0.1383106754821551 0.0309702722359243 4.612220272235899 0.144742785792575 0.02909527223592422 4.614095272235896 0.1479903810567666 0.02909527223591612 0.02909527223591878 0.1479903810567662 0.03050863098629996 0.03050863098630263 0.1455423718917805 0.03097027223591697 0.03097027223591974 0.1447427857925744 0.03192198973668292 0.03192198973668469 0.1430943627267947 0.03284527223591604 0.03284527223592059 0.1414951905283828 0.03425863098629988 0.03425863098630266 0.1390471813633976 0.03472027223591611 0.03472027223591966 0.1382475952641917 0.03659527223591607 0.03659527223591974 0.135 0.03659527223592429 4.606595272235897 0.135 0.03472027223592422 4.608470272235897 0.1382475952641917 0.03284527223592337 4.610345272235897 0.1414951905283833 0.03284527223591604 0.03284527223591882 0.1285048094716171 0.03472027223591611 0.03472027223591966 0.1317524047358088 0.03659527223591607 0.03659527223591974 0.135 1.421595272235923 0.03659527223591518 0.135 1.421595272235923 0.03468384987498929 0.1316893193561536 1.421595272235923 0.0327724275140635 0.1283786387123068 1.421595272235923 0.03093384987499026 0.1251941288277703 1.421595272235923 0.02909527223591612 0.1220096189432333 0.02909527223591612 0.02909527223591878 0.1220096189432333 0.03097027223591697 0.03097027223591886 0.1252572142074255 0.006595272235916049 0.006595272235919713 0.135 1.421595272235923 0.006595272235915161 0.135 0.008506691613563766 0.008506691613567429 0.1316893245233428 0.008931913485526798 0.00893191348553135 0.1309528186366128 0.01034527223591608 0.01034527223591974 0.1285048094716171 0.01222027223591515 0.01222027223592059 0.1252572142074255 0.01409527223591522 0.01409527223592066 0.1220096189432333 1.421595272235923 0.01409527223591522 0.1220096189432333 1.421595272235923 0.01222027223591426 0.1252572142074255 1.421595272235923 0.0103452722359143 0.1285048094716171 1.421595272235923 0.008470272235915121 0.1317524047358088 1.421595272235923 0.03468384987497752 0.1383106806438668 1.421595272235923 0.03659527223591518 0.135 0.03659527223591607 0.03659527223591974 0.135 0.03472027223591611 0.03472027223591966 0.1382475952641917 0.03425863098629988 0.03425863098630266 0.1390471813633976 0.03284527223591604 0.03284527223592059 0.1414951905283828 0.03192198973668292 0.03192198973668469 0.1430943627267947 0.03097027223591697 0.03097027223591974 0.1447427857925744 0.03050863098629996 0.03050863098630263 0.1455423718917805 0.02909527223591612 0.02909527223591878 0.1479903810567662 1.421595272235923 0.02909527223591612 0.1479903810567662 1.421595272235923 0.03097027223591519 0.1447427857925744 1.421595272235923 0.03284527223591604 0.1414951905283828 1.421595272235923 0.01222027223591426 0.1447427857925744 1.421595272235923 0.01409527223591522 0.1479903810567662 0.01409527223591522 0.01409527223592066 0.1479903810567657 0.01222027223591604 0.01222027223592059 0.144742785792574 0.01041811100054923 0.01041811100055289 0.1416213509694884 0.01034527223591608 0.01034527223591974 0.1414951905283828 0.008931913486646347 0.008931913486650899 0.1390471813653262 0.008506691618232253 0.008506691618236694 0.138310675484744 0.006595272235916049 0.006595272235919713 0.135 1.421595272235923 0.006595272235915161 0.135 1.421595272235923 0.008506694600008746 0.1383106806493324 1.421595272235923 0.0103452722359143 0.1414951905283828 1.421595272235933 4.609527737415487 0.8662605672796703 1.421595272235933 4.611595272235893 0.8626794919243115 1.421595272235933 4.616595272235893 0.8626794919243115 1.421595272235934 4.621595272235891 0.8626794919243107 1.421595272235934 4.626595272235893 0.8626794919243107 1.421595272235933 4.631595272235893 0.8626794919243107 1.421595272235933 4.634095272235891 0.8670096189432329 1.421595272235933 4.636595272235893 0.871339745962156 1.421595272235933 4.638662807064672 0.8749208213320175 1.421595272235933 4.641595272235893 0.88 1.421595272235933 4.639095272235893 0.8843301270189217 1.421595272235933 4.636595272235893 0.8886602540378439 1.421595272235933 4.634095272235891 0.8929903810567662 1.421595272235933 4.631595272235893 0.8973205080756884 1.421595272235933 4.626595272235893 0.8973205080756884 1.421595272235933 4.621595272235891 0.8973205080756884 1.421595272235933 4.616595272235893 0.8973205080756893 1.421595272235933 4.611595272235893 0.8973205080756893 1.421595272235933 4.609095272235891 0.892990381056767 1.421595272235933 4.606595272235893 0.8886602540378439 1.421595272235933 4.604527737407114 0.8850791786679815 1.421595272235933 4.601595272235893 0.88 1.421595272235933 4.604527737415489 0.8749208213175148 1.421595272235934 4.607460202595083 0.869841642635029 1.421595272235923 0.02659527223591517 0.8626794919243115 1.421595272235923 0.03159527223591518 0.8626794919243115 1.421595272235923 0.03366280705900404 0.8662605672843187 1.421595272235923 0.03573034188209112 0.869841642644325 1.421595272235923 0.03866280705900226 0.8749208213221623 1.421595272235923 0.04159527223591519 0.88 1.421595272235923 0.03866280706469105 0.885079178667987 1.421595272235923 0.03659527223591518 0.8886602540378439 1.421595272235923 0.03409527223591612 0.892990381056767 1.421595272235923 0.03159527223591518 0.8973205080756893 1.421595272235923 0.02659527223591517 0.8973205080756884 1.421595272235923 0.02159527223591428 0.8973205080756884 1.421595272235923 0.01659527223591517 0.8973205080756884 1.421595272235923 0.01159527223591516 0.8973205080756884 1.421595272235923 0.009095272235915108 0.8929903810567662 1.421595272235923 0.006595272235915161 0.8886602540378439 1.421595272235923 0.004527737407148291 0.8850791786680015 1.421595272235923 0.001595272235915157 0.88 1.421595272235923 0.004095272235916103 0.8756698729810782 1.421595272235923 0.006595272235915161 0.871339745962156 1.421595272235923 0.009095272235915108 0.8670096189432329 1.421595272235923 0.01159527223591516 0.8626794919243107 1.421595272235923 0.01659527223591517 0.8626794919243107 1.421595272235923 0.02159527223591517 0.8626794919243115 0.001595272235924261 4.641595272235897 0.88 1.421595272235933 4.641595272235893 0.88 0.003390142696535702 4.639800401775285 0.883108806830784 0.00452772932770673 4.638662815144115 0.885079164673983 0.006595272235924265 4.636595272235896 0.8886602540378439 0.009095272235924212 4.634095272235897 0.8929903810567662 0.01159527223592426 4.631595272235898 0.8973205080756884 1.421595272235933 4.631595272235893 0.8973205080756884 1.421595272235933 4.634095272235891 0.8929903810567662 1.421595272235933 4.636595272235893 0.8886602540378439 1.421595272235933 4.639095272235893 0.8843301270189217 1.421595272235933 4.604527737407114 0.8850791786679815 1.421595272235933 4.606595272235893 0.8886602540378439 1.421595272235933 4.609095272235891 0.892990381056767 1.421595272235933 4.611595272235893 0.8973205080756893 0.03159527223592428 4.611595272235897 0.8973205080756893 0.03409527223592423 4.609095272235896 0.892990381056767 0.03659527223592429 4.606595272235897 0.8886602540378439 0.03909527223592423 4.604095272235896 0.8843301270189226 0.04159527223592429 4.601595272235897 0.88 1.421595272235933 4.601595272235893 0.88 0.02659527223592428 4.616595272235897 0.8973205080756884 1.421595272235933 4.616595272235893 0.8973205080756893 1.421595272235933 4.621595272235891 0.8973205080756884 0.02659527223592428 4.616595272235897 0.8973205080756884 1.421595272235933 4.621595272235891 0.8973205080756884 0.02159527223592427 4.621595272235898 0.8973205080756884 0.02159527223592427 4.621595272235898 0.8973205080756884 1.421595272235933 4.621595272235891 0.8973205080756884 1.421595272235933 4.626595272235893 0.8973205080756884 0.01659527223592427 4.626595272235896 0.8973205080756884 0.02159527223592427 4.621595272235898 0.8973205080756884 1.421595272235933 4.626595272235893 0.8973205080756884 0.01659527223592427 4.626595272235896 0.8973205080756884 1.421595272235933 4.626595272235893 0.8973205080756884 1.421595272235933 4.631595272235893 0.8973205080756884 0.01659527223592427 4.626595272235896 0.8973205080756884 0.01159527223592426 4.631595272235898 0.8973205080756884 1.421595272235933 4.631595272235893 0.8973205080756884 0.01159527223591516 0.01159527223591971 0.8973205080756884 0.01659527223592427 4.626595272235896 0.8973205080756884 0.01159527223592426 4.631595272235898 0.8973205080756884 0.01659527223591605 0.01659527223591972 0.8973205080756884 0.01159527223591516 0.01159527223591971 0.8973205080756884 0.01659527223592427 4.626595272235896 0.8973205080756884 0.01159527223591516 0.01159527223591971 0.8973205080756884 1.421595272235923 0.01159527223591516 0.8973205080756884 0.01659527223591605 0.01659527223591972 0.8973205080756884 1.421595272235923 0.01159527223591516 0.8973205080756884 1.421595272235923 0.01659527223591517 0.8973205080756884 0.01659527223591605 0.01659527223591972 0.8973205080756884 0.02159527223591606 0.02159527223591972 0.8973205080756884 0.01659527223591605 0.01659527223591972 0.8973205080756884 1.421595272235923 0.01659527223591517 0.8973205080756884 1.421595272235923 0.01659527223591517 0.8973205080756884 1.421595272235923 0.02159527223591428 0.8973205080756884 0.02159527223591606 0.02159527223591972 0.8973205080756884 0.02659527223591606 0.02659527223591973 0.8973205080756893 0.02159527223591606 0.02159527223591972 0.8973205080756884 1.421595272235923 0.02159527223591428 0.8973205080756884 0.02659527223591606 0.02659527223591973 0.8973205080756893 1.421595272235923 0.02159527223591428 0.8973205080756884 1.421595272235923 0.02659527223591517 0.8973205080756884 0.03159527223591607 0.03159527223591973 0.8973205080756893 0.02659527223591606 0.02659527223591973 0.8973205080756893 1.421595272235923 0.02659527223591517 0.8973205080756884 0.03159527223591607 0.03159527223591973 0.8973205080756893 1.421595272235923 0.02659527223591517 0.8973205080756884 1.421595272235923 0.03159527223591518 0.8973205080756893 0.02659527223591606 0.02659527223591973 0.8973205080756893 0.03159527223592428 4.611595272235897 0.8973205080756893 0.03159527223591607 0.03159527223591973 0.8973205080756893 1.421595272235933 4.611595272235893 0.8973205080756893 1.421595272235933 4.616595272235893 0.8973205080756893 0.03159527223592428 4.611595272235897 0.8973205080756893 0.02659527223592428 4.616595272235897 0.8973205080756884 0.03159527223592428 4.611595272235897 0.8973205080756893 1.421595272235933 4.616595272235893 0.8973205080756893 0.02659527223592428 4.616595272235897 0.8973205080756884 0.03159527223592428 4.611595272235897 0.8973205080756893 0.02659527223591606 0.02659527223591973 0.8973205080756893 0.02159527223592427 4.621595272235898 0.8973205080756884 0.02659527223592428 4.616595272235897 0.8973205080756884 0.02159527223591606 0.02159527223591972 0.8973205080756884 0.02159527223591606 0.02159527223591972 0.8973205080756884 0.02659527223592428 4.616595272235897 0.8973205080756884 0.02659527223591606 0.02659527223591973 0.8973205080756893 0.02159527223591606 0.02159527223591972 0.8973205080756884 0.01659527223591605 0.01659527223591972 0.8973205080756884 0.02159527223592427 4.621595272235898 0.8973205080756884 0.01659527223591605 0.01659527223591972 0.8973205080756884 0.01659527223592427 4.626595272235896 0.8973205080756884 0.02159527223592427 4.621595272235898 0.8973205080756884 1.421595272235933 4.631595272235893 0.8626794919243107 1.421595272235934 4.626595272235893 0.8626794919243107 0.01659527223592427 4.626595272235898 0.8626794919243115 0.01659527223592427 4.626595272235898 0.8626794919243115 1.421595272235933 4.631595272235893 0.8626794919243107 0.01159527223592426 4.631595272235898 0.8626794919243115 0.01659527223592427 4.626595272235898 0.8626794919243115 1.421595272235934 4.626595272235893 0.8626794919243107 0.02159527223592427 4.621595272235897 0.8626794919243115 0.02159527223592427 4.621595272235897 0.8626794919243115 0.01659527223592427 4.626595272235898 0.8626794919243115 0.02159527223591695 0.02159527223591883 0.8626794919243107 0.02159527223591695 0.02159527223591883 0.8626794919243107 0.01659527223592427 4.626595272235898 0.8626794919243115 0.01659527223591694 0.01659527223591972 0.8626794919243115 0.01159527223592426 4.631595272235898 0.8626794919243115 0.01659527223592427 4.626595272235898 0.8626794919243115 0.01659527223591694 0.01659527223591972 0.8626794919243115 0.01659527223591694 0.01659527223591972 0.8626794919243115 0.01159527223592426 4.631595272235898 0.8626794919243115 0.01159527223591605 0.01159527223591971 0.8626794919243115 0.02159527223592427 4.621595272235897 0.8626794919243115 1.421595272235934 4.626595272235893 0.8626794919243107 1.421595272235934 4.621595272235891 0.8626794919243107 0.02659527223592428 4.616595272235897 0.8626794919243115 0.02159527223592427 4.621595272235897 0.8626794919243115 1.421595272235934 4.621595272235891 0.8626794919243107 1.421595272235934 4.621595272235891 0.8626794919243107 1.421595272235933 4.616595272235893 0.8626794919243115 0.02659527223592428 4.616595272235897 0.8626794919243115 0.03159527223592428 4.611595272235897 0.8626794919243115 0.02659527223592428 4.616595272235897 0.8626794919243115 1.421595272235933 4.616595272235893 0.8626794919243115 0.03159527223592428 4.611595272235897 0.8626794919243115 1.421595272235933 4.616595272235893 0.8626794919243115 1.421595272235933 4.611595272235893 0.8626794919243115 0.03159527223592428 4.611595272235897 0.8626794919243115 0.02659527223592428 4.616595272235897 0.8626794919243115 0.03159527223591607 0.03159527223591973 0.8626794919243107 0.02659527223591606 0.02659527223591973 0.8626794919243115 0.03159527223591607 0.03159527223591973 0.8626794919243107 0.02659527223592428 4.616595272235897 0.8626794919243115 0.02659527223591606 0.02659527223591973 0.8626794919243115 0.03159527223591607 0.03159527223591973 0.8626794919243107 1.421595272235923 0.02659527223591517 0.8626794919243115 0.03159527223591607 0.03159527223591973 0.8626794919243107 1.421595272235923 0.02659527223591517 0.8626794919243115 1.421595272235923 0.03159527223591518 0.8626794919243115 1.421595272235923 0.02659527223591517 0.8626794919243115 1.421595272235923 0.02159527223591517 0.8626794919243115 0.02659527223591606 0.02659527223591973 0.8626794919243115 0.02159527223591695 0.02159527223591883 0.8626794919243107 1.421595272235923 0.02159527223591517 0.8626794919243115 1.421595272235923 0.01659527223591517 0.8626794919243107 0.02659527223591606 0.02659527223591973 0.8626794919243115 0.02159527223591695 0.02159527223591883 0.8626794919243107 1.421595272235923 0.02159527223591517 0.8626794919243115 0.01659527223591694 0.01659527223591972 0.8626794919243115 1.421595272235923 0.01659527223591517 0.8626794919243107 1.421595272235923 0.01159527223591516 0.8626794919243107 0.02159527223591695 0.02159527223591883 0.8626794919243107 1.421595272235923 0.01659527223591517 0.8626794919243107 0.01659527223591694 0.01659527223591972 0.8626794919243115 0.01159527223591605 0.01159527223591971 0.8626794919243115 0.01659527223591694 0.01659527223591972 0.8626794919243115 1.421595272235923 0.01159527223591516 0.8626794919243107 0.02659527223591606 0.02659527223591973 0.8626794919243115 0.02159527223591695 0.02159527223591883 0.8626794919243107 0.02159527223592427 4.621595272235897 0.8626794919243115 0.02659527223592428 4.616595272235897 0.8626794919243115 0.02159527223592427 4.621595272235897 0.8626794919243115 0.02659527223591606 0.02659527223591973 0.8626794919243115 0.03866281513845659 4.604527729333364 0.8749208353161707 0.03659527223592429 4.606595272235897 0.871339745962156 0.03409527223592423 4.609095272235896 0.8670096189432338 0.03159527223592428 4.611595272235897 0.8626794919243115 1.421595272235933 4.611595272235893 0.8626794919243115 1.421595272235933 4.609527737415487 0.8662605672796703 1.421595272235934 4.607460202595083 0.869841642635029 1.421595272235933 4.604527737415489 0.8749208213175148 1.421595272235933 4.601595272235893 0.88 0.04159527223592429 4.601595272235897 0.88 0.03909527223592423 4.604095272235896 0.8756698729810782 0.001595272235924261 4.641595272235897 0.88 1.421595272235933 4.641595272235893 0.88 1.421595272235933 4.638662807064672 0.8749208213320175 1.421595272235933 4.636595272235893 0.871339745962156 1.421595272235933 4.634095272235891 0.8670096189432329 1.421595272235933 4.631595272235893 0.8626794919243107 0.01159527223592426 4.631595272235898 0.8626794919243115 0.009527729327724943 4.633662815144097 0.8662605812881415 0.009095272235924212 4.634095272235897 0.8670096189432329 0.007460186419525505 4.635730358052297 0.8698416706519715 0.006595272235924265 4.636595272235898 0.871339745962156 0.004527729327725826 4.638662815144097 0.874920835325985 0.004095272235924207 4.639095272235898 0.8756698729810782 0.009095272235924212 4.634095272235897 0.8929903810567662 0.006595272235924265 4.636595272235896 0.8886602540378439 0.00452772932770673 4.638662815144115 0.885079164673983 0.003390142696535702 4.639800401775285 0.883108806830784 0.001595272235924261 4.641595272235897 0.88 0.001595272235916045 0.001595272235919709 0.88 0.004095272235916103 0.004095272235920655 0.8843301270189217 0.004527729327686746 0.004527729327690299 0.8850791646739621 0.006595272235916049 0.006595272235919713 0.8886602540378439 0.007460186419457337 0.007460186419460113 0.8901583293479239 0.009095272235916107 0.009095272235918772 0.8929903810567662 0.009527729327686751 0.009527729327690304 0.8937394187118057 0.01159527223591516 0.01159527223591971 0.8973205080756884 0.01159527223592426 4.631595272235898 0.8973205080756884 0.03909527223591613 0.03909527223591879 0.8843301270189217 0.03980040177530363 0.0398004017753073 0.8831088068307849 0.04159527223591608 0.04159527223592063 0.88 0.04159527223592429 4.601595272235897 0.88 0.03909527223592423 4.604095272235896 0.8843301270189226 0.03659527223592429 4.606595272235897 0.8886602540378439 0.03409527223592423 4.609095272235896 0.892990381056767 0.03159527223592428 4.611595272235897 0.8973205080756893 0.03159527223591607 0.03159527223591973 0.8973205080756893 0.03409527223591612 0.03409527223591968 0.892990381056767 0.03480040177530463 0.03480040177530729 0.8917690608686293 0.03659527223591607 0.03659527223591974 0.8886602540378439 0.03800553131469219 0.03800553131469586 0.8862176136615703 0.03909527223592423 4.604095272235896 0.8756698729810782 0.04159527223592429 4.601595272235897 0.88 0.04159527223591608 0.04159527223592063 0.88 0.03980040177430688 0.03980040177430965 0.8768911931674888 0.03866281513547431 0.03866281513547709 0.8749208353110184 0.03800553131269857 0.03800553131270034 0.8737823863349772 0.03659527223591607 0.03659527223591974 0.871339745962156 0.03480040177430776 0.03480040177431054 0.8682309391296435 0.03409527223591612 0.03409527223591879 0.8670096189432338 0.03159527223591607 0.03159527223591973 0.8626794919243107 0.03159527223592428 4.611595272235897 0.8626794919243115 0.03409527223592423 4.609095272235896 0.8670096189432338 0.03659527223592429 4.606595272235897 0.871339745962156 0.03866281513845659 4.604527729333364 0.8749208353161707 0.01159527223591605 0.01159527223591971 0.8626794919243115 0.01159527223592426 4.631595272235898 0.8626794919243115 0.009095272235916107 0.009095272235920659 0.8670096189432338 0.006595272235916049 0.006595272235919713 0.871339745962156 0.004527729327687635 0.004527729327689411 0.8749208353260378 0.003390142696533926 0.003390142696538478 0.8768911931692059 0.001595272235916045 0.001595272235919709 0.88 0.001595272235924261 4.641595272235897 0.88 0.004095272235924207 4.639095272235898 0.8756698729810782 0.004527729327725826 4.638662815144097 0.874920835325985 0.006595272235924265 4.636595272235898 0.871339745962156 0.007460186419525505 4.635730358052297 0.8698416706519715 0.009095272235924212 4.634095272235897 0.8670096189432329 0.009527729327724943 4.633662815144097 0.8662605812881415 0.03800553131469219 0.03800553131469586 0.8862176136615703 0.03659527223591607 0.03659527223591974 0.8886602540378439 0.03480040177530463 0.03480040177530729 0.8917690608686293 0.03409527223591612 0.03409527223591968 0.892990381056767 0.03159527223591607 0.03159527223591973 0.8973205080756893 1.421595272235923 0.03159527223591518 0.8973205080756893 1.421595272235923 0.03409527223591612 0.892990381056767 1.421595272235923 0.03659527223591518 0.8886602540378439 1.421595272235923 0.03866280706469105 0.885079178667987 1.421595272235923 0.04159527223591519 0.88 0.04159527223591608 0.04159527223592063 0.88 0.03980040177530363 0.0398004017753073 0.8831088068307849 0.03909527223591613 0.03909527223591879 0.8843301270189217 1.421595272235923 0.004527737407148291 0.8850791786680015 1.421595272235923 0.006595272235915161 0.8886602540378439 1.421595272235923 0.009095272235915108 0.8929903810567662 1.421595272235923 0.01159527223591516 0.8973205080756884 0.01159527223591516 0.01159527223591971 0.8973205080756884 0.009527729327686751 0.009527729327690304 0.8937394187118057 0.009095272235916107 0.009095272235918772 0.8929903810567662 0.007460186419457337 0.007460186419460113 0.8901583293479239 0.006595272235916049 0.006595272235919713 0.8886602540378439 0.004527729327686746 0.004527729327690299 0.8850791646739621 0.004095272235916103 0.004095272235920655 0.8843301270189217 0.001595272235916045 0.001595272235919709 0.88 1.421595272235923 0.001595272235915157 0.88 1.421595272235923 0.03866280705900226 0.8749208213221623 1.421595272235923 0.03573034188209112 0.869841642644325 1.421595272235923 0.03366280705900404 0.8662605672843187 1.421595272235923 0.03159527223591518 0.8626794919243115 0.03159527223591607 0.03159527223591973 0.8626794919243107 0.03409527223591612 0.03409527223591879 0.8670096189432338 0.03480040177430776 0.03480040177431054 0.8682309391296435 0.03659527223591607 0.03659527223591974 0.871339745962156 0.03800553131269857 0.03800553131270034 0.8737823863349772 0.03866281513547431 0.03866281513547709 0.8749208353110184 0.03980040177430688 0.03980040177430965 0.8768911931674888 0.04159527223591608 0.04159527223592063 0.88 1.421595272235923 0.04159527223591519 0.88 1.421595272235923 0.01159527223591516 0.8626794919243107 1.421595272235923 0.009095272235915108 0.8670096189432329 1.421595272235923 0.006595272235915161 0.871339745962156 1.421595272235923 0.004095272235916103 0.8756698729810782 1.421595272235923 0.001595272235915157 0.88 0.001595272235916045 0.001595272235919709 0.88 0.003390142696533926 0.003390142696538478 0.8768911931692059 0.004527729327687635 0.004527729327689411 0.8749208353260378 0.006595272235916049 0.006595272235919713 0.871339745962156 0.009095272235916107 0.009095272235920659 0.8670096189432338 0.01159527223591605 0.01159527223591971 0.8626794919243115</float_array>
          <technique_common>
            <accessor source="#representation-1079068-material-3732-positions-array" count="2574" stride="3">
              <param name="X" type="float"/>
              <param name="Y" type="float"/>
              <param name="Z" type="float"/>
            </accessor>
          </technique_common>
        </source>
        <source id="representation-1079068-material-3732-normals">
          <float_array id="representation-1079068-material-3732-normals-array" count="7722">0.7071067811865683 -0.7071067811865267 0 0.7071067811865683 -0.7071067811865267 0 0.7071067811865683 -0.7071067811865267 0 0.7071067811865683 -0.7071067811865267 0 0.7071067811865536 0.7071067811865414 -4.573891832050695e-16 0.7071067811865536 0.7071067811865414 -4.573891832050695e-16 0.7071067811865536 0.7071067811865414 -4.573891832050695e-16 0.7071067811865536 0.7071067811865414 -4.573891832050695e-16 -0.70710678118655 0.7071067811865451 4.564222263615641e-16 -0.70710678118655 0.7071067811865451 4.564222263615641e-16 -0.70710678118655 0.7071067811865451 4.564222263615641e-16 -0.70710678118655 0.7071067811865451 4.564222263615641e-16 -0.7071067811865866 -0.7071067811865084 0 -0.7071067811865866 -0.7071067811865084 0 -0.7071067811865866 -0.7071067811865084 0 -0.7071067811865866 -0.7071067811865084 0 0 0 1 0 0 1 0 0 1 0 0 1 0 0 -1 0 0 -1 0 0 -1 0 0 -1 -0.7071067811865746 -0.7071067811865204 0 -0.7071067811865746 -0.7071067811865204 0 -0.7071067811865746 -0.7071067811865204 0 -0.7071067811865746 -0.7071067811865204 0 0.7071067811865744 -0.7071067811865205 0 0.7071067811865744 -0.7071067811865205 0 0.7071067811865744 -0.7071067811865205 0 0.7071067811865744 -0.7071067811865205 0 0.7071067811865461 0.7071067811865489 0 0.7071067811865461 0.7071067811865489 0 0.7071067811865461 0.7071067811865489 0 0.7071067811865461 0.7071067811865489 0 -0.7071067811865463 0.7071067811865487 0 -0.7071067811865463 0.7071067811865487 0 -0.7071067811865463 0.7071067811865487 0 -0.7071067811865463 0.7071067811865487 0 0 0 1 0 0 1 0 0 1 0 0 1 0 0 -1 0 0 -1 0 0 -1 0 0 -1 -0.7071067811865714 -0.7071067811865235 0 -0.7071067811865714 -0.7071067811865235 0 -0.7071067811865714 -0.7071067811865235 0 -0.7071067811865714 -0.7071067811865235 0 0.7071067811865714 -0.7071067811865235 0 0.7071067811865714 -0.7071067811865235 0 0.7071067811865714 -0.7071067811865235 0 0.7071067811865714 -0.7071067811865235 0 0.7071067811865463 0.7071067811865487 0 0.7071067811865463 0.7071067811865487 0 0.7071067811865463 0.7071067811865487 0 0.7071067811865463 0.7071067811865487 0 -0.7071067811865463 0.7071067811865487 0 -0.7071067811865463 0.7071067811865487 0 -0.7071067811865463 0.7071067811865487 0 -0.7071067811865463 0.7071067811865487 0 -5.551115123125532e-15 0 1 -5.551115123125532e-15 0 1 -5.551115123125532e-15 0 1 -5.551115123125532e-15 0 1 0 0 -1 0 0 -1 0 0 -1 0 0 -1 -0.7071067811865776 -0.7071067811865173 0 -0.7071067811865776 -0.7071067811865173 0 -0.7071067811865776 -0.7071067811865173 0 -0.7071067811865776 -0.7071067811865173 0 0.7071067811865777 -0.7071067811865173 0 0.7071067811865777 -0.7071067811865173 0 0.7071067811865777 -0.7071067811865173 0 0.7071067811865777 -0.7071067811865173 0 0.7071067811865525 0.7071067811865425 0 0.7071067811865525 0.7071067811865425 0 0.7071067811865525 0.7071067811865425 0 0.7071067811865525 0.7071067811865425 0 -0.7071067811865525 0.7071067811865425 0 -0.7071067811865525 0.7071067811865425 0 -0.7071067811865525 0.7071067811865425 0 -0.7071067811865525 0.7071067811865425 0 -5.551115123125532e-15 0 1 -5.551115123125532e-15 0 1 -5.551115123125532e-15 0 1 -5.551115123125532e-15 0 1 0 0 -1 0 0 -1 0 0 -1 0 0 -1 -0.7071067811865525 -0.7071067811865425 0 -0.7071067811865525 -0.7071067811865425 0 -0.7071067811865525 -0.7071067811865425 0 -0.7071067811865525 -0.7071067811865425 0 0.7071067811865525 -0.7071067811865425 0 0.7071067811865525 -0.7071067811865425 0 0.7071067811865525 -0.7071067811865425 0 0.7071067811865525 -0.7071067811865425 0 0.7071067811865525 0.7071067811865425 0 0.7071067811865525 0.7071067811865425 0 0.7071067811865525 0.7071067811865425 0 0.7071067811865525 0.7071067811865425 0 -0.7071067811865525 0.7071067811865425 0 -0.7071067811865525 0.7071067811865425 0 -0.7071067811865525 0.7071067811865425 0 -0.7071067811865525 0.7071067811865425 0 0 0 1 0 0 1 0 0 1 0 0 1 0 0 -1 0 0 -1 0 0 -1 0 0 -1 -0.7071067811866015 0.7071067811864935 0 -0.7071067811866015 0.7071067811864935 0 -0.7071067811866015 0.7071067811864935 0 -0.7071067811866015 0.7071067811864935 0 -0.7071067811865585 -0.7071067811865364 0 -0.7071067811865585 -0.7071067811865364 0 -0.7071067811865585 -0.7071067811865364 0 -0.7071067811865585 -0.7071067811865364 0 0.7071067811865457 -0.7071067811865492 4.56422226361555e-16 0.7071067811865457 -0.7071067811865492 4.56422226361555e-16 0.7071067811865457 -0.7071067811865492 4.56422226361555e-16 0.7071067811865457 -0.7071067811865492 4.56422226361555e-16 0.7071067811866034 0.7071067811864917 0 0.7071067811866034 0.7071067811864917 0 0.7071067811866034 0.7071067811864917 0 0.7071067811866034 0.7071067811864917 0 0 0 1 0 0 1 0 0 1 0 0 1 0 0 -1 0 0 -1 0 0 -1 0 0 -1 -0.7071067811865474 -0.7071067811865475 0 -0.7071067811865474 -0.7071067811865475 0 -0.7071067811865474 -0.7071067811865475 0 -0.7071067811865474 -0.7071067811865475 0 0.7071067811865475 -0.7071067811865475 0 0.7071067811865475 -0.7071067811865475 0 0.7071067811865475 -0.7071067811865475 0 0.7071067811865475 -0.7071067811865475 0 0.7071067811865733 0.7071067811865218 0 0.7071067811865733 0.7071067811865218 0 0.7071067811865733 0.7071067811865218 0 0.7071067811865733 0.7071067811865218 0 -0.7071067811865732 0.7071067811865218 0 -0.7071067811865732 0.7071067811865218 0 -0.7071067811865732 0.7071067811865218 0 -0.7071067811865732 0.7071067811865218 0 5.551115123125582e-15 0 1 5.551115123125582e-15 0 1 5.551115123125582e-15 0 1 5.551115123125582e-15 0 1 0 0 -1 0 0 -1 0 0 -1 0 0 -1 -0.7071067811865783 0.7071067811865168 0 -0.7071067811865783 0.7071067811865168 0 -0.7071067811865783 0.7071067811865168 0 -0.7071067811865783 0.7071067811865168 0 -0.7071067811865783 -0.7071067811865168 0 -0.7071067811865783 -0.7071067811865168 0 -0.7071067811865783 -0.7071067811865168 0 -0.7071067811865783 -0.7071067811865168 0 0.7071067811865525 -0.7071067811865425 0 0.7071067811865525 -0.7071067811865425 0 0.7071067811865525 -0.7071067811865425 0 0.7071067811865525 -0.7071067811865425 0 0.7071067811865525 0.7071067811865425 0 0.7071067811865525 0.7071067811865425 0 0.7071067811865525 0.7071067811865425 0 0.7071067811865525 0.7071067811865425 0 0 0 1 0 0 1 0 0 1 0 0 1 0 0 -1 0 0 -1 0 0 -1 0 0 -1 0.7071067811865391 -0.707106781186556 0 0.7071067811865391 -0.707106781186556 0 0.7071067811865391 -0.707106781186556 0 0.7071067811865391 -0.707106781186556 0 0.7071067811865719 0.707106781186523 0 0.7071067811865719 0.707106781186523 0 0.7071067811865719 0.707106781186523 0 0.7071067811865719 0.707106781186523 0 -0.7071067811865719 0.707106781186523 0 -0.7071067811865719 0.707106781186523 0 -0.7071067811865719 0.707106781186523 0 -0.7071067811865719 0.707106781186523 0 -0.7071067811865536 -0.7071067811865413 0 -0.7071067811865536 -0.7071067811865413 0 -0.7071067811865536 -0.7071067811865413 0 -0.7071067811865536 -0.7071067811865413 0 0 0 1 0 0 1 0 0 1 0 0 1 0 0 -1 0 0 -1 0 0 -1 0 0 -1 -0.7071067811865513 0.7071067811865437 0 -0.7071067811865513 0.7071067811865437 0 -0.7071067811865513 0.7071067811865437 0 -0.7071067811865513 0.7071067811865437 0 -0.7071067811866161 -0.7071067811864788 -4.727644943768851e-16 -0.7071067811866161 -0.7071067811864788 -4.727644943768851e-16 -0.7071067811866161 -0.7071067811864788 -4.727644943768851e-16 -0.7071067811866161 -0.7071067811864788 -4.727644943768851e-16 0.7071067811865943 -0.7071067811865008 4.564222263615214e-16 0.7071067811865943 -0.7071067811865008 4.564222263615214e-16 0.7071067811865943 -0.7071067811865008 4.564222263615214e-16 0.7071067811865943 -0.7071067811865008 4.564222263615214e-16 0.7071067811865585 0.7071067811865364 0 0.7071067811865585 0.7071067811865364 0 0.7071067811865585 0.7071067811865364 0 0.7071067811865585 0.7071067811865364 0 0 0 1 0 0 1 0 0 1 0 0 1 0 0 -1 0 0 -1 0 0 -1 0 0 -1 1 -1.483767504925528e-15 -1.424416804728561e-15 1 -1.483767504925528e-15 -1.424416804728561e-15 1 -1.483767504925528e-15 -1.424416804728561e-15 1 -1.483767504925528e-15 -1.424416804728561e-15 1 -1.483767504925528e-15 -1.424416804728561e-15 1 -1.483767504925528e-15 -1.424416804728561e-15 1 -1.483767504925528e-15 -1.424416804728561e-15 1 -1.483767504925528e-15 -1.424416804728561e-15 1 -1.483767504925528e-15 -1.424416804728561e-15 1 -1.483767504925528e-15 -1.424416804728561e-15 1 -1.483767504925528e-15 -1.424416804728561e-15 1 -1.483767504925528e-15 -1.424416804728561e-15 1 -1.483767504925528e-15 -1.424416804728561e-15 1 -1.483767504925528e-15 -1.424416804728561e-15 1 -1.483767504925528e-15 -1.424416804728561e-15 1 -1.483767504925528e-15 -1.424416804728561e-15 1 -1.483767504925528e-15 -1.424416804728561e-15 1 -1.483767504925528e-15 -1.424416804728561e-15 1 -1.483767504925528e-15 -1.424416804728561e-15 1 -1.483767504925528e-15 -1.424416804728561e-15 1 -1.483767504925528e-15 -1.424416804728561e-15 1 -1.483767504925528e-15 -1.424416804728561e-15 1 -1.483767504925528e-15 -1.424416804728561e-15 1 -1.483767504925528e-15 -1.424416804728561e-15 1 0 0 1 0 0 1 0 0 1 0 0 1 0 0 1 0 0 1 0 0 1 0 0 1 0 0 1 0 0 1 0 0 1 0 0 1 0 0 1 0 0 1 0 0 1 0 0 1 0 0 1 0 0 1 0 0 1 0 0 1 0 0 1 0 0 1 0 0 1 0 0 0 0 -1 0 0 -1 0 0 -1 0 0 -1 0 0 -1 0 0 -1 0 2.368475785868039e-13 -1 0 2.368475785868039e-13 -1 0 2.368475785868039e-13 -1 -2.370406608518518e-13 0 -1 -2.370406608518518e-13 0 -1 -2.370406608518518e-13 0 -1 0 0 -1 0 0 -1 0 0 -1 0 0 -1 0 0 -1 0 0 -1 0 0 -1 0 0 -1 0 0 -1 6.344131569286567e-16 0 -1 6.344131569286567e-16 0 -1 6.344131569286567e-16 0 -1 6.344131569286591e-16 6.344131569283315e-16 -1 6.344131569286591e-16 6.344131569283315e-16 -1 6.344131569286591e-16 6.344131569283315e-16 -1 6.361170418622163e-16 0 -1 6.361170418622163e-16 0 -1 6.361170418622163e-16 0 -1 6.36117041862218e-16 6.361170418622056e-16 -1 6.36117041862218e-16 6.361170418622056e-16 -1 6.36117041862218e-16 6.361170418622056e-16 -1 6.378301039139098e-16 0 -1 6.378301039139098e-16 0 -1 6.378301039139098e-16 0 -1 0 0 -1 0 0 -1 0 0 -1 0 0 -1 0 0 -1 0 0 -1 0 0 -1 0 0 -1 0 0 -1 0 0 -1 0 0 -1 0 0 -1 0 0 -1 0 0 -1 0 0 -1 0 0 -1 0 0 -1 0 0 -1 0 0 -1 0 0 -1 0 0 -1 0 0 -1 0 0 -1 0 0 -1 0 0 -1 0 0 -1 0 0 -1 0 0 -1 0 0 -1 0 0 -1 0 0 -1 0 0 -1 0 0 -1 0 0 -1 0 0 -1 0 0 -1 -3.083779356484523e-15 -0.8660254037844767 -0.4999999999999339 -3.083779356484523e-15 -0.8660254037844767 -0.4999999999999339 -3.083779356484523e-15 -0.8660254037844767 -0.4999999999999339 -3.083779356484523e-15 -0.8660254037844767 -0.4999999999999339 -3.083779356484523e-15 -0.8660254037844767 -0.4999999999999339 -3.083779356484523e-15 -0.8660254037844767 -0.4999999999999339 -3.083779356484523e-15 -0.8660254037844767 -0.4999999999999339 -3.083779356484523e-15 -0.8660254037844767 -0.4999999999999339 -3.083779356484523e-15 -0.8660254037844767 -0.4999999999999339 -3.083779356484523e-15 -0.8660254037844767 -0.4999999999999339 -3.083779356484523e-15 -0.8660254037844767 -0.4999999999999339 -3.083779356484523e-15 -0.8660254037844767 -0.4999999999999339 -3.083779356484523e-15 -0.8660254037844767 -0.4999999999999339 2.673533080779335e-15 0.8660254037844831 -0.4999999999999232 2.673533080779335e-15 0.8660254037844831 -0.4999999999999232 2.673533080779335e-15 0.8660254037844831 -0.4999999999999232 2.673533080779335e-15 0.8660254037844831 -0.4999999999999232 2.673533080779335e-15 0.8660254037844831 -0.4999999999999232 2.673533080779335e-15 0.8660254037844831 -0.4999999999999232 2.673533080779335e-15 0.8660254037844831 -0.4999999999999232 2.673533080779335e-15 0.8660254037844831 -0.4999999999999232 2.673533080779335e-15 0.8660254037844831 -0.4999999999999232 2.673533080779335e-15 0.8660254037844831 -0.4999999999999232 2.673533080779335e-15 0.8660254037844831 -0.4999999999999232 -6.361170418616152e-16 2.362114615448295e-13 1 -6.361170418616152e-16 2.362114615448295e-13 1 -6.361170418616152e-16 2.362114615448295e-13 1 6.378301039130035e-16 -2.368475785865789e-13 1 6.378301039130035e-16 -2.368475785865789e-13 1 6.378301039130035e-16 -2.368475785865789e-13 1 -2.368475785866997e-13 0 1 -2.368475785866997e-13 0 1 -2.368475785866997e-13 0 1 0 0 1 0 0 1 0 0 1 -6.361170418616136e-16 2.368475785866911e-13 1 -6.361170418616136e-16 2.368475785866911e-13 1 -6.361170418616136e-16 2.368475785866911e-13 1 0 0 1 0 0 1 0 0 1 0 0 1 0 0 1 0 0 1 6.32718375564937e-16 -2.362148602111262e-13 1 6.32718375564937e-16 -2.362148602111262e-13 1 6.32718375564937e-16 -2.362148602111262e-13 1 6.327183755655347e-16 0 1 6.327183755655347e-16 0 1 6.327183755655347e-16 0 1 0 2.368475785866916e-13 1 0 2.368475785866916e-13 1 0 2.368475785866916e-13 1 -2.368475785866995e-13 0 1 -2.368475785866995e-13 0 1 -2.368475785866995e-13 0 1 0 0 1 0 0 1 0 0 1 0 0 1 0 0 1 0 0 1 0 0 1 0 0 1 0 0 1 0 0 1 0 0 1 0 0 1 0 0 1 0 0 1 0 0 1 0 0 1 0 0 1 0 0 1 0 0 1 0 0 1 0 0 1 0 0 1 0 0 1 0 0 1 0 0 1 0 0 1 0 0 1 0 0 1 0 0 1 0 0 1 0 0 1 0 0 1 0 0 1 0 0 1 0 0 1 0 0 1 2.3665481061715e-13 0 1 2.3665481061715e-13 0 1 2.3665481061715e-13 0 1 -3.851471263795039e-15 -0.8660254037844815 0.4999999999999257 -3.851471263795039e-15 -0.8660254037844815 0.4999999999999257 -3.851471263795039e-15 -0.8660254037844815 0.4999999999999257 -3.851471263795039e-15 -0.8660254037844815 0.4999999999999257 -3.851471263795039e-15 -0.8660254037844815 0.4999999999999257 -3.851471263795039e-15 -0.8660254037844815 0.4999999999999257 -3.851471263795039e-15 -0.8660254037844815 0.4999999999999257 -3.851471263795039e-15 -0.8660254037844815 0.4999999999999257 -3.851471263795039e-15 -0.8660254037844815 0.4999999999999257 -3.851471263795039e-15 -0.8660254037844815 0.4999999999999257 2.417447536643334e-15 0.8660254037844655 0.4999999999999534 2.417447536643334e-15 0.8660254037844655 0.4999999999999534 2.417447536643334e-15 0.8660254037844655 0.4999999999999534 2.417447536643334e-15 0.8660254037844655 0.4999999999999534 2.417447536643334e-15 0.8660254037844655 0.4999999999999534 2.417447536643334e-15 0.8660254037844655 0.4999999999999534 2.417447536643334e-15 0.8660254037844655 0.4999999999999534 2.417447536643334e-15 0.8660254037844655 0.4999999999999534 2.417447536643334e-15 0.8660254037844655 0.4999999999999534 2.417447536643334e-15 0.8660254037844655 0.4999999999999534 0.8660254037844391 -1.445997654401754e-15 -0.4999999999999992 0.8660254037844391 -1.445997654401754e-15 -0.4999999999999992 0.8660254037844391 -1.445997654401754e-15 -0.4999999999999992 0.8660254037844391 -1.445997654401754e-15 -0.4999999999999992 0.8660254037844391 -1.445997654401754e-15 -0.4999999999999992 0.8660254037844391 -1.445997654401754e-15 -0.4999999999999992 0.8660254037844391 -1.445997654401754e-15 -0.4999999999999992 0.8660254037844391 -1.445997654401754e-15 -0.4999999999999992 0.8660254037844391 -1.445997654401754e-15 -0.4999999999999992 0.8660254037844391 -1.445997654401754e-15 -0.4999999999999992 0.8660254037844391 -1.445997654401754e-15 -0.4999999999999992 0.8660254037844391 -1.445997654401754e-15 -0.4999999999999992 0.8660254037844391 -1.445997654401754e-15 -0.4999999999999992 -0.8660254037844615 1.625228243053432e-15 -0.4999999999999602 -0.8660254037844615 1.625228243053432e-15 -0.4999999999999602 -0.8660254037844615 1.625228243053432e-15 -0.4999999999999602 -0.8660254037844615 1.625228243053432e-15 -0.4999999999999602 -0.8660254037844615 1.625228243053432e-15 -0.4999999999999602 -0.8660254037844615 1.625228243053432e-15 -0.4999999999999602 -0.8660254037844615 1.625228243053432e-15 -0.4999999999999602 -0.8660254037844615 1.625228243053432e-15 -0.4999999999999602 -0.8660254037844615 1.625228243053432e-15 -0.4999999999999602 -0.8660254037844615 1.625228243053432e-15 -0.4999999999999602 -0.8660254037844615 1.625228243053432e-15 -0.4999999999999602 -0.8660254037844615 1.625228243053432e-15 -0.4999999999999602 -0.8660254037844591 1.557111340743871e-15 0.4999999999999646 -0.8660254037844591 1.557111340743871e-15 0.4999999999999646 -0.8660254037844591 1.557111340743871e-15 0.4999999999999646 -0.8660254037844591 1.557111340743871e-15 0.4999999999999646 -0.8660254037844591 1.557111340743871e-15 0.4999999999999646 -0.8660254037844591 1.557111340743871e-15 0.4999999999999646 -0.8660254037844591 1.557111340743871e-15 0.4999999999999646 -0.8660254037844591 1.557111340743871e-15 0.4999999999999646 -0.8660254037844591 1.557111340743871e-15 0.4999999999999646 -0.8660254037844591 1.557111340743871e-15 0.4999999999999646 -0.8660254037844591 1.557111340743871e-15 0.4999999999999646 -0.8660254037844591 1.557111340743871e-15 0.4999999999999646 0.8660254037844393 -1.490210522895609e-15 0.4999999999999986 0.8660254037844393 -1.490210522895609e-15 0.4999999999999986 0.8660254037844393 -1.490210522895609e-15 0.4999999999999986 0.8660254037844393 -1.490210522895609e-15 0.4999999999999986 0.8660254037844393 -1.490210522895609e-15 0.4999999999999986 0.8660254037844393 -1.490210522895609e-15 0.4999999999999986 0.8660254037844393 -1.490210522895609e-15 0.4999999999999986 0.8660254037844393 -1.490210522895609e-15 0.4999999999999986 0.8660254037844393 -1.490210522895609e-15 0.4999999999999986 0.8660254037844393 -1.490210522895609e-15 0.4999999999999986 0.8660254037844393 -1.490210522895609e-15 0.4999999999999986 0.8660254037844393 -1.490210522895609e-15 0.4999999999999986 0.8660254037844393 -1.490210522895609e-15 0.4999999999999986 2.342110903659095e-15 0.8660254037844321 -0.5000000000000114 2.342110903659095e-15 0.8660254037844321 -0.5000000000000114 2.342110903659095e-15 0.8660254037844321 -0.5000000000000114 2.342110903659095e-15 0.8660254037844321 -0.5000000000000114 2.342110903659095e-15 0.8660254037844321 -0.5000000000000114 2.342110903659095e-15 0.8660254037844321 -0.5000000000000114 2.342110903659095e-15 0.8660254037844321 -0.5000000000000114 2.342110903659095e-15 0.8660254037844321 -0.5000000000000114 2.342110903659095e-15 0.8660254037844321 -0.5000000000000114 2.342110903659095e-15 0.8660254037844321 -0.5000000000000114 -3.339355495532564e-15 -0.8660254037844187 -0.5000000000000346 -3.339355495532564e-15 -0.8660254037844187 -0.5000000000000346 -3.339355495532564e-15 -0.8660254037844187 -0.5000000000000346 -3.339355495532564e-15 -0.8660254037844187 -0.5000000000000346 -3.339355495532564e-15 -0.8660254037844187 -0.5000000000000346 -3.339355495532564e-15 -0.8660254037844187 -0.5000000000000346 -3.339355495532564e-15 -0.8660254037844187 -0.5000000000000346 -3.339355495532564e-15 -0.8660254037844187 -0.5000000000000346 -3.339355495532564e-15 -0.8660254037844187 -0.5000000000000346 -3.339355495532564e-15 -0.8660254037844187 -0.5000000000000346 -3.339355495532564e-15 -0.8660254037844187 -0.5000000000000346 2.654392357480308e-15 0.866025403784432 0.5000000000000116 2.654392357480308e-15 0.866025403784432 0.5000000000000116 2.654392357480308e-15 0.866025403784432 0.5000000000000116 2.654392357480308e-15 0.866025403784432 0.5000000000000116 2.654392357480308e-15 0.866025403784432 0.5000000000000116 2.654392357480308e-15 0.866025403784432 0.5000000000000116 2.654392357480308e-15 0.866025403784432 0.5000000000000116 2.654392357480308e-15 0.866025403784432 0.5000000000000116 2.654392357480308e-15 0.866025403784432 0.5000000000000116 2.654392357480308e-15 0.866025403784432 0.5000000000000116 2.654392357480308e-15 0.866025403784432 0.5000000000000116 2.654392357480308e-15 0.866025403784432 0.5000000000000116 2.654392357480308e-15 0.866025403784432 0.5000000000000116 -3.380329182594314e-15 -0.8660254037844187 0.5000000000000346 -3.380329182594314e-15 -0.8660254037844187 0.5000000000000346 -3.380329182594314e-15 -0.8660254037844187 0.5000000000000346 -3.380329182594314e-15 -0.8660254037844187 0.5000000000000346 -3.380329182594314e-15 -0.8660254037844187 0.5000000000000346 -3.380329182594314e-15 -0.8660254037844187 0.5000000000000346 -3.380329182594314e-15 -0.8660254037844187 0.5000000000000346 -3.380329182594314e-15 -0.8660254037844187 0.5000000000000346 -3.380329182594314e-15 -0.8660254037844187 0.5000000000000346 -3.380329182594314e-15 -0.8660254037844187 0.5000000000000346 -3.380329182594314e-15 -0.8660254037844187 0.5000000000000346 -3.380329182594314e-15 -0.8660254037844187 0.5000000000000346 1 4.451302514776675e-15 -1.42441680472859e-15 1 4.451302514776675e-15 -1.42441680472859e-15 1 4.451302514776675e-15 -1.42441680472859e-15 1 4.451302514776675e-15 -1.42441680472859e-15 1 4.451302514776675e-15 -1.42441680472859e-15 1 4.451302514776675e-15 -1.42441680472859e-15 1 4.451302514776675e-15 -1.42441680472859e-15 1 4.451302514776675e-15 -1.42441680472859e-15 1 4.451302514776675e-15 -1.42441680472859e-15 1 4.451302514776675e-15 -1.42441680472859e-15 1 4.451302514776675e-15 -1.42441680472859e-15 1 4.451302514776675e-15 -1.42441680472859e-15 1 4.451302514776675e-15 -1.42441680472859e-15 1 4.451302514776675e-15 -1.42441680472859e-15 1 4.451302514776675e-15 -1.42441680472859e-15 1 4.451302514776675e-15 -1.42441680472859e-15 1 4.451302514776675e-15 -1.42441680472859e-15 1 4.451302514776675e-15 -1.42441680472859e-15 1 4.451302514776675e-15 -1.42441680472859e-15 1 4.451302514776675e-15 -1.42441680472859e-15 1 4.451302514776675e-15 -1.42441680472859e-15 1 4.451302514776675e-15 -1.42441680472859e-15 1 4.451302514776675e-15 -1.42441680472859e-15 1 4.451302514776675e-15 -1.42441680472859e-15 1 0 0 1 0 0 1 0 0 1 0 0 1 0 0 1 0 0 1 0 0 1 0 0 1 0 0 1 0 0 1 0 0 1 0 0 1 0 0 1 0 0 1 0 0 1 0 0 1 0 0 1 0 0 1 0 0 1 0 0 1 0 0 1 0 0 1 0 0 1 0 0 0 0 -1 0 0 -1 0 0 -1 0 0 -1 0 0 -1 0 0 -1 0 0 -1 0 0 -1 0 0 -1 0 0 -1 0 0 -1 0 0 -1 0 0 -1 0 0 -1 0 0 -1 0 0 -1 0 0 -1 0 0 -1 0 0 -1 0 0 -1 0 0 -1 0 0 -1 0 0 -1 0 0 -1 0 2.368475785865798e-13 -1 0 2.368475785865798e-13 -1 0 2.368475785865798e-13 -1 6.361170418622163e-16 0 -1 6.361170418622163e-16 0 -1 6.361170418622163e-16 0 -1 6.36117041862218e-16 6.361170418622056e-16 -1 6.36117041862218e-16 6.361170418622056e-16 -1 6.36117041862218e-16 6.361170418622056e-16 -1 6.378301039139098e-16 0 -1 6.378301039139098e-16 0 -1 6.378301039139098e-16 0 -1 0 0 -1 0 0 -1 0 0 -1 0 0 -1 0 0 -1 0 0 -1 0 0 -1 0 0 -1 0 0 -1 0 0 -1 0 0 -1 0 0 -1 0 0 -1 0 0 -1 0 0 -1 0 0 -1 0 0 -1 0 0 -1 0 0 -1 0 0 -1 0 0 -1 0 0 -1 0 0 -1 0 0 -1 0 0 -1 0 0 -1 0 0 -1 0 0 -1 0 0 -1 0 0 -1 0 0 -1 0 0 -1 0 0 -1 -2.370409761740052e-13 0 -1 -2.370409761740052e-13 0 -1 -2.370409761740052e-13 0 -1 -2.948457393161996e-15 -0.8660254037844766 -0.4999999999999341 -2.948457393161996e-15 -0.8660254037844766 -0.4999999999999341 -2.948457393161996e-15 -0.8660254037844766 -0.4999999999999341 -2.948457393161996e-15 -0.8660254037844766 -0.4999999999999341 -2.948457393161996e-15 -0.8660254037844766 -0.4999999999999341 -2.948457393161996e-15 -0.8660254037844766 -0.4999999999999341 -2.948457393161996e-15 -0.8660254037844766 -0.4999999999999341 -2.948457393161996e-15 -0.8660254037844766 -0.4999999999999341 -2.948457393161996e-15 -0.8660254037844766 -0.4999999999999341 -2.948457393161996e-15 -0.8660254037844766 -0.4999999999999341 -2.948457393161996e-15 -0.8660254037844766 -0.4999999999999341 -2.948457393161996e-15 -0.8660254037844766 -0.4999999999999341 -2.948457393161996e-15 -0.8660254037844766 -0.4999999999999341 2.673533080779335e-15 0.8660254037844831 -0.4999999999999232 2.673533080779335e-15 0.8660254037844831 -0.4999999999999232 2.673533080779335e-15 0.8660254037844831 -0.4999999999999232 2.673533080779335e-15 0.8660254037844831 -0.4999999999999232 2.673533080779335e-15 0.8660254037844831 -0.4999999999999232 2.673533080779335e-15 0.8660254037844831 -0.4999999999999232 2.673533080779335e-15 0.8660254037844831 -0.4999999999999232 2.673533080779335e-15 0.8660254037844831 -0.4999999999999232 2.673533080779335e-15 0.8660254037844831 -0.4999999999999232 2.673533080779335e-15 0.8660254037844831 -0.4999999999999232 2.673533080779335e-15 0.8660254037844831 -0.4999999999999232 6.361170418622179e-16 6.361170418621937e-16 1 6.361170418622179e-16 6.361170418621937e-16 1 6.361170418622179e-16 6.361170418621937e-16 1 6.378301039139099e-16 0 1 6.378301039139099e-16 0 1 6.378301039139099e-16 0 1 0 0 1 0 0 1 0 0 1 0 0 1 0 0 1 0 0 1 6.361170418622163e-16 0 1 6.361170418622163e-16 0 1 6.361170418622163e-16 0 1 0 2.368475785866917e-13 1 0 2.368475785866917e-13 1 0 2.368475785866917e-13 1 0 0 1 0 0 1 0 0 1 0 0 1 0 0 1 0 0 1 0 0 1 0 0 1 0 0 1 0 0 1 0 0 1 0 0 1 0 0 1 0 0 1 0 0 1 0 0 1 0 0 1 0 0 1 0 0 1 0 0 1 0 0 1 0 0 1 0 0 1 0 0 1 0 0 1 0 0 1 0 0 1 0 0 1 0 0 1 0 0 1 0 0 1 0 0 1 0 0 1 0 0 1 0 0 1 0 0 1 0 0 1 0 0 1 0 0 1 0 0 1 0 0 1 0 0 1 0 0 1 0 0 1 0 0 1 -2.368475785866997e-13 0 1 -2.368475785866997e-13 0 1 -2.368475785866997e-13 0 1 0 0 1 0 0 1 0 0 1 0 0 1 0 0 1 0 0 1 -3.580827337149981e-15 -0.8660254037844815 0.4999999999999257 -3.580827337149981e-15 -0.8660254037844815 0.4999999999999257 -3.580827337149981e-15 -0.8660254037844815 0.4999999999999257 -3.580827337149981e-15 -0.8660254037844815 0.4999999999999257 -3.580827337149981e-15 -0.8660254037844815 0.4999999999999257 -3.580827337149981e-15 -0.8660254037844815 0.4999999999999257 -3.580827337149981e-15 -0.8660254037844815 0.4999999999999257 -3.580827337149981e-15 -0.8660254037844815 0.4999999999999257 -3.580827337149981e-15 -0.8660254037844815 0.4999999999999257 -3.580827337149981e-15 -0.8660254037844815 0.4999999999999257 2.212579101334577e-15 0.8660254037844654 0.4999999999999535 2.212579101334577e-15 0.8660254037844654 0.4999999999999535 2.212579101334577e-15 0.8660254037844654 0.4999999999999535 2.212579101334577e-15 0.8660254037844654 0.4999999999999535 2.212579101334577e-15 0.8660254037844654 0.4999999999999535 2.212579101334577e-15 0.8660254037844654 0.4999999999999535 2.212579101334577e-15 0.8660254037844654 0.4999999999999535 2.212579101334577e-15 0.8660254037844654 0.4999999999999535 2.212579101334577e-15 0.8660254037844654 0.4999999999999535 2.212579101334577e-15 0.8660254037844654 0.4999999999999535 0.866025403784438 -1.483302262193451e-15 -0.5000000000000012 0.866025403784438 -1.483302262193451e-15 -0.5000000000000012 0.866025403784438 -1.483302262193451e-15 -0.5000000000000012 0.866025403784438 -1.483302262193451e-15 -0.5000000000000012 0.866025403784438 -1.483302262193451e-15 -0.5000000000000012 0.866025403784438 -1.483302262193451e-15 -0.5000000000000012 0.866025403784438 -1.483302262193451e-15 -0.5000000000000012 0.866025403784438 -1.483302262193451e-15 -0.5000000000000012 0.866025403784438 -1.483302262193451e-15 -0.5000000000000012 0.866025403784438 -1.483302262193451e-15 -0.5000000000000012 0.866025403784438 -1.483302262193451e-15 -0.5000000000000012 0.866025403784438 -1.483302262193451e-15 -0.5000000000000012 0.866025403784438 -1.483302262193451e-15 -0.5000000000000012 -0.8660254037844568 1.63705341547736e-15 -0.4999999999999686 -0.8660254037844568 1.63705341547736e-15 -0.4999999999999686 -0.8660254037844568 1.63705341547736e-15 -0.4999999999999686 -0.8660254037844568 1.63705341547736e-15 -0.4999999999999686 -0.8660254037844568 1.63705341547736e-15 -0.4999999999999686 -0.8660254037844568 1.63705341547736e-15 -0.4999999999999686 -0.8660254037844568 1.63705341547736e-15 -0.4999999999999686 -0.8660254037844568 1.63705341547736e-15 -0.4999999999999686 -0.8660254037844568 1.63705341547736e-15 -0.4999999999999686 -0.8660254037844568 1.63705341547736e-15 -0.4999999999999686 -0.8660254037844568 1.63705341547736e-15 -0.4999999999999686 -0.8660254037844568 1.63705341547736e-15 -0.4999999999999686 -0.8660254037844562 1.578318468148733e-15 0.4999999999999694 -0.8660254037844562 1.578318468148733e-15 0.4999999999999694 -0.8660254037844562 1.578318468148733e-15 0.4999999999999694 -0.8660254037844562 1.578318468148733e-15 0.4999999999999694 -0.8660254037844562 1.578318468148733e-15 0.4999999999999694 -0.8660254037844562 1.578318468148733e-15 0.4999999999999694 -0.8660254037844562 1.578318468148733e-15 0.4999999999999694 -0.8660254037844562 1.578318468148733e-15 0.4999999999999694 -0.8660254037844562 1.578318468148733e-15 0.4999999999999694 -0.8660254037844562 1.578318468148733e-15 0.4999999999999694 -0.8660254037844562 1.578318468148733e-15 0.4999999999999694 -0.8660254037844562 1.578318468148733e-15 0.4999999999999694 0.866025403784441 -1.505211317563159e-15 0.499999999999996 0.866025403784441 -1.505211317563159e-15 0.499999999999996 0.866025403784441 -1.505211317563159e-15 0.499999999999996 0.866025403784441 -1.505211317563159e-15 0.499999999999996 0.866025403784441 -1.505211317563159e-15 0.499999999999996 0.866025403784441 -1.505211317563159e-15 0.499999999999996 0.866025403784441 -1.505211317563159e-15 0.499999999999996 0.866025403784441 -1.505211317563159e-15 0.499999999999996 0.866025403784441 -1.505211317563159e-15 0.499999999999996 0.866025403784441 -1.505211317563159e-15 0.499999999999996 0.866025403784441 -1.505211317563159e-15 0.499999999999996 0.866025403784441 -1.505211317563159e-15 0.499999999999996 0.866025403784441 -1.505211317563159e-15 0.499999999999996 2.362929667247176e-15 0.8660254037844321 -0.5000000000000114 2.362929667247176e-15 0.8660254037844321 -0.5000000000000114 2.362929667247176e-15 0.8660254037844321 -0.5000000000000114 2.362929667247176e-15 0.8660254037844321 -0.5000000000000114 2.362929667247176e-15 0.8660254037844321 -0.5000000000000114 2.362929667247176e-15 0.8660254037844321 -0.5000000000000114 2.362929667247176e-15 0.8660254037844321 -0.5000000000000114 2.362929667247176e-15 0.8660254037844321 -0.5000000000000114 2.362929667247176e-15 0.8660254037844321 -0.5000000000000114 2.362929667247176e-15 0.8660254037844321 -0.5000000000000114 -3.380329182594313e-15 -0.8660254037844188 -0.5000000000000345 -3.380329182594313e-15 -0.8660254037844188 -0.5000000000000345 -3.380329182594313e-15 -0.8660254037844188 -0.5000000000000345 -3.380329182594313e-15 -0.8660254037844188 -0.5000000000000345 -3.380329182594313e-15 -0.8660254037844188 -0.5000000000000345 -3.380329182594313e-15 -0.8660254037844188 -0.5000000000000345 -3.380329182594313e-15 -0.8660254037844188 -0.5000000000000345 -3.380329182594313e-15 -0.8660254037844188 -0.5000000000000345 -3.380329182594313e-15 -0.8660254037844188 -0.5000000000000345 -3.380329182594313e-15 -0.8660254037844188 -0.5000000000000345 -3.380329182594313e-15 -0.8660254037844188 -0.5000000000000345 2.633573593892226e-15 0.866025403784432 0.5000000000000115 2.633573593892226e-15 0.866025403784432 0.5000000000000115 2.633573593892226e-15 0.866025403784432 0.5000000000000115 2.633573593892226e-15 0.866025403784432 0.5000000000000115 2.633573593892226e-15 0.866025403784432 0.5000000000000115 2.633573593892226e-15 0.866025403784432 0.5000000000000115 2.633573593892226e-15 0.866025403784432 0.5000000000000115 2.633573593892226e-15 0.866025403784432 0.5000000000000115 2.633573593892226e-15 0.866025403784432 0.5000000000000115 2.633573593892226e-15 0.866025403784432 0.5000000000000115 2.633573593892226e-15 0.866025403784432 0.5000000000000115 2.633573593892226e-15 0.866025403784432 0.5000000000000115 2.633573593892226e-15 0.866025403784432 0.5000000000000115 -3.308625230236252e-15 -0.8660254037844187 0.5000000000000346 -3.308625230236252e-15 -0.8660254037844187 0.5000000000000346 -3.308625230236252e-15 -0.8660254037844187 0.5000000000000346 -3.308625230236252e-15 -0.8660254037844187 0.5000000000000346 -3.308625230236252e-15 -0.8660254037844187 0.5000000000000346 -3.308625230236252e-15 -0.8660254037844187 0.5000000000000346 -3.308625230236252e-15 -0.8660254037844187 0.5000000000000346 -3.308625230236252e-15 -0.8660254037844187 0.5000000000000346 -3.308625230236252e-15 -0.8660254037844187 0.5000000000000346 -3.308625230236252e-15 -0.8660254037844187 0.5000000000000346 -3.308625230236252e-15 -0.8660254037844187 0.5000000000000346 -3.308625230236252e-15 -0.8660254037844187 0.5000000000000346 1 4.451302514776616e-15 -1.424416804728571e-15 1 4.451302514776616e-15 -1.424416804728571e-15 1 4.451302514776616e-15 -1.424416804728571e-15 1 4.451302514776616e-15 -1.424416804728571e-15 1 4.451302514776616e-15 -1.424416804728571e-15 1 4.451302514776616e-15 -1.424416804728571e-15 1 4.451302514776616e-15 -1.424416804728571e-15 1 4.451302514776616e-15 -1.424416804728571e-15 1 4.451302514776616e-15 -1.424416804728571e-15 1 4.451302514776616e-15 -1.424416804728571e-15 1 4.451302514776616e-15 -1.424416804728571e-15 1 4.451302514776616e-15 -1.424416804728571e-15 1 4.451302514776616e-15 -1.424416804728571e-15 1 4.451302514776616e-15 -1.424416804728571e-15 1 4.451302514776616e-15 -1.424416804728571e-15 1 4.451302514776616e-15 -1.424416804728571e-15 1 4.451302514776616e-15 -1.424416804728571e-15 1 4.451302514776616e-15 -1.424416804728571e-15 1 4.451302514776616e-15 -1.424416804728571e-15 1 4.451302514776616e-15 -1.424416804728571e-15 1 4.451302514776616e-15 -1.424416804728571e-15 1 4.451302514776616e-15 -1.424416804728571e-15 1 4.451302514776616e-15 -1.424416804728571e-15 1 4.451302514776616e-15 -1.424416804728571e-15 1 0 0 1 0 0 1 0 0 1 0 0 1 0 0 1 0 0 1 0 0 1 0 0 1 0 0 1 0 0 1 0 0 1 0 0 1 0 0 1 0 0 1 0 0 1 0 0 1 0 0 1 0 0 1 0 0 1 0 0 1 0 0 1 0 0 1 0 0 1 0 0 3.163591877827673e-16 0 -1 3.163591877827673e-16 0 -1 3.163591877827673e-16 0 -1 0 1.184237892933458e-13 -1 0 1.184237892933458e-13 -1 0 1.184237892933458e-13 -1 3.163591877827682e-16 3.16359187782906e-16 -1 3.163591877827682e-16 3.16359187782906e-16 -1 3.163591877827682e-16 3.16359187782906e-16 -1 0 0 -1 0 0 -1 0 0 -1 -1.182310213238005e-13 0 -1 -1.182310213238005e-13 0 -1 -1.182310213238005e-13 0 -1 -1.186165572628995e-13 0 -1 -1.186165572628995e-13 0 -1 -1.186165572628995e-13 0 -1 1.184237892933216e-13 0 -1 1.184237892933216e-13 0 -1 1.184237892933216e-13 0 -1 3.172065784643283e-16 0 -1 3.172065784643283e-16 0 -1 3.172065784643283e-16 0 -1 3.172065784643295e-16 3.172065784641657e-16 -1 3.172065784643295e-16 3.172065784641657e-16 -1 3.172065784643295e-16 3.172065784641657e-16 -1 6.361170418619149e-16 -1.184237892933455e-13 -1 6.361170418619149e-16 -1.184237892933455e-13 -1 6.361170418619149e-16 -1.184237892933455e-13 -1 6.36117041862218e-16 6.361170418622056e-16 -1 6.36117041862218e-16 6.361170418622056e-16 -1 6.36117041862218e-16 6.361170418622056e-16 -1 3.189150519574081e-16 1.184237892932894e-13 -1 3.189150519574081e-16 1.184237892932894e-13 -1 3.189150519574081e-16 1.184237892932894e-13 -1 0 0 -1 0 0 -1 0 0 -1 1.184237892933502e-13 0 -1 1.184237892933502e-13 0 -1 1.184237892933502e-13 0 -1 3.180585209314163e-16 1.181057307724186e-13 -1 3.180585209314163e-16 1.181057307724186e-13 -1 3.180585209314163e-16 1.181057307724186e-13 -1 0 0 -1 0 0 -1 0 0 -1 3.180585209311086e-16 0 -1 3.180585209311086e-16 0 -1 3.180585209311086e-16 0 -1 0 -1.1842378929335e-13 -1 0 -1.1842378929335e-13 -1 0 -1.1842378929335e-13 -1 0 -1.184237892933783e-13 -1 0 -1.184237892933783e-13 -1 0 -1.184237892933783e-13 -1 -1.183272481607742e-13 0 -1 -1.183272481607742e-13 0 -1 -1.183272481607742e-13 0 -1 0 -1.184237892933496e-13 -1 0 -1.184237892933496e-13 -1 0 -1.184237892933496e-13 -1 0 1.184237892933501e-13 -1 0 1.184237892933501e-13 -1 0 1.184237892933501e-13 -1 0 1.184237892933783e-13 -1 0 1.184237892933783e-13 -1 0 1.184237892933783e-13 -1 0 0 -1 0 0 -1 0 0 -1 -3.141030956351707e-15 -0.8660254037844804 -0.4999999999999277 -3.141030956351707e-15 -0.8660254037844804 -0.4999999999999277 -3.141030956351707e-15 -0.8660254037844804 -0.4999999999999277 -3.141030956351707e-15 -0.8660254037844804 -0.4999999999999277 -3.141030956351707e-15 -0.8660254037844804 -0.4999999999999277 -3.141030956351707e-15 -0.8660254037844804 -0.4999999999999277 -3.141030956351707e-15 -0.8660254037844804 -0.4999999999999277 -3.141030956351707e-15 -0.8660254037844804 -0.4999999999999277 -3.141030956351707e-15 -0.8660254037844804 -0.4999999999999277 -3.141030956351707e-15 -0.8660254037844804 -0.4999999999999277 -3.141030956351707e-15 -0.8660254037844804 -0.4999999999999277 -3.141030956351707e-15 -0.8660254037844804 -0.4999999999999277 -3.141030956351707e-15 -0.8660254037844804 -0.4999999999999277 2.683776502544704e-15 0.8660254037844904 -0.4999999999999102 2.683776502544704e-15 0.8660254037844904 -0.4999999999999102 2.683776502544704e-15 0.8660254037844904 -0.4999999999999102 2.683776502544704e-15 0.8660254037844904 -0.4999999999999102 2.683776502544704e-15 0.8660254037844904 -0.4999999999999102 2.683776502544704e-15 0.8660254037844904 -0.4999999999999102 2.683776502544704e-15 0.8660254037844904 -0.4999999999999102 2.683776502544704e-15 0.8660254037844904 -0.4999999999999102 2.683776502544704e-15 0.8660254037844904 -0.4999999999999102 2.683776502544704e-15 0.8660254037844904 -0.4999999999999102 2.683776502544704e-15 0.8660254037844904 -0.4999999999999102 3.180585209311089e-16 3.180585209310968e-16 1 3.180585209311089e-16 3.180585209310968e-16 1 3.180585209311089e-16 3.180585209310968e-16 1 3.189150519569549e-16 0 1 3.189150519569549e-16 0 1 3.189150519569549e-16 0 1 0 0 1 0 0 1 0 0 1 -1.183269323228268e-13 0 1 -1.183269323228268e-13 0 1 -1.183269323228268e-13 0 1 3.180585209311081e-16 0 1 3.180585209311081e-16 0 1 3.180585209311081e-16 0 1 0 1.184237892933458e-13 1 0 1.184237892933458e-13 1 0 1.184237892933458e-13 1 0 0 1 0 0 1 0 0 1 3.163591877824685e-16 -1.181074301055631e-13 1 3.163591877824685e-16 -1.181074301055631e-13 1 3.163591877824685e-16 -1.181074301055631e-13 1 3.163591877827673e-16 0 1 3.163591877827673e-16 0 1 3.163591877827673e-16 0 1 0 1.184237892933458e-13 1 0 1.184237892933458e-13 1 0 1.184237892933458e-13 1 -1.185200166410962e-13 0 1 -1.185200166410962e-13 0 1 -1.185200166410962e-13 0 1 -1.183274053085468e-13 0 1 -1.183274053085468e-13 0 1 -1.183274053085468e-13 0 1 -3.155163125049409e-16 -1.18108272980845e-13 1 -3.155163125049409e-16 -1.18108272980845e-13 1 -3.155163125049409e-16 -1.18108272980845e-13 1 3.163591877832283e-16 1.184237892933501e-13 1 3.163591877832283e-16 1.184237892933501e-13 1 3.163591877832283e-16 1.184237892933501e-13 1 3.16359187783227e-16 1.181074301055955e-13 1 3.16359187783227e-16 1.181074301055955e-13 1 3.16359187783227e-16 1.181074301055955e-13 1 -3.172065784647135e-16 -1.1842378929335e-13 1 -3.172065784647135e-16 -1.1842378929335e-13 1 -3.172065784647135e-16 -1.1842378929335e-13 1 -3.172065784643277e-16 3.172065784643277e-16 1 -3.172065784643277e-16 3.172065784643277e-16 1 -3.172065784643277e-16 3.172065784643277e-16 1 -3.180585209311086e-16 0 1 -3.180585209311086e-16 0 1 -3.180585209311086e-16 0 1 -3.180585209314933e-16 -1.181057307724472e-13 1 -3.180585209314933e-16 -1.181057307724472e-13 1 -3.180585209314933e-16 -1.181057307724472e-13 1 0 0 1 0 0 1 0 0 1 0 0 1 0 0 1 0 0 1 -1.185203304259259e-13 0 1 -1.185203304259259e-13 0 1 -1.185203304259259e-13 0 1 1.185203304259262e-13 0 1 1.185203304259262e-13 0 1 1.185203304259262e-13 0 1 1.18327405308575e-13 0 1 1.18327405308575e-13 0 1 1.18327405308575e-13 0 1 -3.820243118412965e-15 -0.8660254037844778 0.499999999999932 -3.820243118412965e-15 -0.8660254037844778 0.499999999999932 -3.820243118412965e-15 -0.8660254037844778 0.499999999999932 -3.820243118412965e-15 -0.8660254037844778 0.499999999999932 -3.820243118412965e-15 -0.8660254037844778 0.499999999999932 -3.820243118412965e-15 -0.8660254037844778 0.499999999999932 -3.820243118412965e-15 -0.8660254037844778 0.499999999999932 -3.820243118412965e-15 -0.8660254037844778 0.499999999999932 -3.820243118412965e-15 -0.8660254037844778 0.499999999999932 -3.820243118412965e-15 -0.8660254037844778 0.499999999999932 2.376473849581582e-15 0.8660254037844655 0.4999999999999534 2.376473849581582e-15 0.8660254037844655 0.4999999999999534 2.376473849581582e-15 0.8660254037844655 0.4999999999999534 2.376473849581582e-15 0.8660254037844655 0.4999999999999534 2.376473849581582e-15 0.8660254037844655 0.4999999999999534 2.376473849581582e-15 0.8660254037844655 0.4999999999999534 2.376473849581582e-15 0.8660254037844655 0.4999999999999534 2.376473849581582e-15 0.8660254037844655 0.4999999999999534 2.376473849581582e-15 0.8660254037844655 0.4999999999999534 2.376473849581582e-15 0.8660254037844655 0.4999999999999534 0.8660254037844401 -1.435733952787104e-15 -0.4999999999999975 0.8660254037844401 -1.435733952787104e-15 -0.4999999999999975 0.8660254037844401 -1.435733952787104e-15 -0.4999999999999975 0.8660254037844401 -1.435733952787104e-15 -0.4999999999999975 0.8660254037844401 -1.435733952787104e-15 -0.4999999999999975 0.8660254037844401 -1.435733952787104e-15 -0.4999999999999975 0.8660254037844401 -1.435733952787104e-15 -0.4999999999999975 0.8660254037844401 -1.435733952787104e-15 -0.4999999999999975 0.8660254037844401 -1.435733952787104e-15 -0.4999999999999975 0.8660254037844401 -1.435733952787104e-15 -0.4999999999999975 0.8660254037844401 -1.435733952787104e-15 -0.4999999999999975 0.8660254037844401 -1.435733952787104e-15 -0.4999999999999975 0.8660254037844401 -1.435733952787104e-15 -0.4999999999999975 -0.8660254037844664 1.639789819013415e-15 -0.499999999999952 -0.8660254037844664 1.639789819013415e-15 -0.499999999999952 -0.8660254037844664 1.639789819013415e-15 -0.499999999999952 -0.8660254037844664 1.639789819013415e-15 -0.499999999999952 -0.8660254037844664 1.639789819013415e-15 -0.499999999999952 -0.8660254037844664 1.639789819013415e-15 -0.499999999999952 -0.8660254037844664 1.639789819013415e-15 -0.499999999999952 -0.8660254037844664 1.639789819013415e-15 -0.499999999999952 -0.8660254037844664 1.639789819013415e-15 -0.499999999999952 -0.8660254037844664 1.639789819013415e-15 -0.499999999999952 -0.8660254037844664 1.639789819013415e-15 -0.499999999999952 -0.8660254037844664 1.639789819013415e-15 -0.499999999999952 -0.8660254037844566 1.537809922944542e-15 0.4999999999999689 -0.8660254037844566 1.537809922944542e-15 0.4999999999999689 -0.8660254037844566 1.537809922944542e-15 0.4999999999999689 -0.8660254037844566 1.537809922944542e-15 0.4999999999999689 -0.8660254037844566 1.537809922944542e-15 0.4999999999999689 -0.8660254037844566 1.537809922944542e-15 0.4999999999999689 -0.8660254037844566 1.537809922944542e-15 0.4999999999999689 -0.8660254037844566 1.537809922944542e-15 0.4999999999999689 -0.8660254037844566 1.537809922944542e-15 0.4999999999999689 -0.8660254037844566 1.537809922944542e-15 0.4999999999999689 -0.8660254037844566 1.537809922944542e-15 0.4999999999999689 -0.8660254037844566 1.537809922944542e-15 0.4999999999999689 0.8660254037844361 -1.468696225280311e-15 0.5000000000000043 0.8660254037844361 -1.468696225280311e-15 0.5000000000000043 0.8660254037844361 -1.468696225280311e-15 0.5000000000000043 0.8660254037844361 -1.468696225280311e-15 0.5000000000000043 0.8660254037844361 -1.468696225280311e-15 0.5000000000000043 0.8660254037844361 -1.468696225280311e-15 0.5000000000000043 0.8660254037844361 -1.468696225280311e-15 0.5000000000000043 0.8660254037844361 -1.468696225280311e-15 0.5000000000000043 0.8660254037844361 -1.468696225280311e-15 0.5000000000000043 0.8660254037844361 -1.468696225280311e-15 0.5000000000000043 0.8660254037844361 -1.468696225280311e-15 0.5000000000000043 0.8660254037844361 -1.468696225280311e-15 0.5000000000000043 0.8660254037844361 -1.468696225280311e-15 0.5000000000000043 2.310882758276914e-15 0.8660254037844394 -0.4999999999999985 2.310882758276914e-15 0.8660254037844394 -0.4999999999999985 2.310882758276914e-15 0.8660254037844394 -0.4999999999999985 2.310882758276914e-15 0.8660254037844394 -0.4999999999999985 2.310882758276914e-15 0.8660254037844394 -0.4999999999999985 2.310882758276914e-15 0.8660254037844394 -0.4999999999999985 2.310882758276914e-15 0.8660254037844394 -0.4999999999999985 2.310882758276914e-15 0.8660254037844394 -0.4999999999999985 2.310882758276914e-15 0.8660254037844394 -0.4999999999999985 2.310882758276914e-15 0.8660254037844394 -0.4999999999999985 -3.421302869655974e-15 -0.8660254037844262 -0.5000000000000216 -3.421302869655974e-15 -0.8660254037844262 -0.5000000000000216 -3.421302869655974e-15 -0.8660254037844262 -0.5000000000000216 -3.421302869655974e-15 -0.8660254037844262 -0.5000000000000216 -3.421302869655974e-15 -0.8660254037844262 -0.5000000000000216 -3.421302869655974e-15 -0.8660254037844262 -0.5000000000000216 -3.421302869655974e-15 -0.8660254037844262 -0.5000000000000216 -3.421302869655974e-15 -0.8660254037844262 -0.5000000000000216 -3.421302869655974e-15 -0.8660254037844262 -0.5000000000000216 -3.421302869655974e-15 -0.8660254037844262 -0.5000000000000216 -3.421302869655974e-15 -0.8660254037844262 -0.5000000000000216 2.555503230436924e-15 0.866025403784432 0.5000000000000115 2.555503230436924e-15 0.866025403784432 0.5000000000000115 2.555503230436924e-15 0.866025403784432 0.5000000000000115 2.555503230436924e-15 0.866025403784432 0.5000000000000115 2.555503230436924e-15 0.866025403784432 0.5000000000000115 2.555503230436924e-15 0.866025403784432 0.5000000000000115 2.555503230436924e-15 0.866025403784432 0.5000000000000115 2.555503230436924e-15 0.866025403784432 0.5000000000000115 2.555503230436924e-15 0.866025403784432 0.5000000000000115 2.555503230436924e-15 0.866025403784432 0.5000000000000115 2.555503230436924e-15 0.866025403784432 0.5000000000000115 2.555503230436924e-15 0.866025403784432 0.5000000000000115 2.555503230436924e-15 0.866025403784432 0.5000000000000115 -3.390572604359794e-15 -0.8660254037844149 0.500000000000041 -3.390572604359794e-15 -0.8660254037844149 0.500000000000041 -3.390572604359794e-15 -0.8660254037844149 0.500000000000041 -3.390572604359794e-15 -0.8660254037844149 0.500000000000041 -3.390572604359794e-15 -0.8660254037844149 0.500000000000041 -3.390572604359794e-15 -0.8660254037844149 0.500000000000041 -3.390572604359794e-15 -0.8660254037844149 0.500000000000041 -3.390572604359794e-15 -0.8660254037844149 0.500000000000041 -3.390572604359794e-15 -0.8660254037844149 0.500000000000041 -3.390572604359794e-15 -0.8660254037844149 0.500000000000041 -3.390572604359794e-15 -0.8660254037844149 0.500000000000041 -3.390572604359794e-15 -0.8660254037844149 0.500000000000041 1 8.902605029553347e-15 -1.424416804728589e-15 1 8.902605029553347e-15 -1.424416804728589e-15 1 8.902605029553347e-15 -1.424416804728589e-15 1 8.902605029553347e-15 -1.424416804728589e-15 1 8.902605029553347e-15 -1.424416804728589e-15 1 8.902605029553347e-15 -1.424416804728589e-15 1 8.902605029553347e-15 -1.424416804728589e-15 1 8.902605029553347e-15 -1.424416804728589e-15 1 8.902605029553347e-15 -1.424416804728589e-15 1 8.902605029553347e-15 -1.424416804728589e-15 1 8.902605029553347e-15 -1.424416804728589e-15 1 8.902605029553347e-15 -1.424416804728589e-15 1 8.902605029553347e-15 -1.424416804728589e-15 1 8.902605029553347e-15 -1.424416804728589e-15 1 8.902605029553347e-15 -1.424416804728589e-15 1 8.902605029553347e-15 -1.424416804728589e-15 1 8.902605029553347e-15 -1.424416804728589e-15 1 8.902605029553347e-15 -1.424416804728589e-15 1 8.902605029553347e-15 -1.424416804728589e-15 1 8.902605029553347e-15 -1.424416804728589e-15 1 8.902605029553347e-15 -1.424416804728589e-15 1 8.902605029553347e-15 -1.424416804728589e-15 1 8.902605029553347e-15 -1.424416804728589e-15 1 8.902605029553347e-15 -1.424416804728589e-15 1 -2.967535009851169e-15 0 1 -2.967535009851169e-15 0 1 -2.967535009851169e-15 0 1 -2.967535009851169e-15 0 1 -2.967535009851169e-15 0 1 -2.967535009851169e-15 0 1 -2.967535009851169e-15 0 1 -2.967535009851169e-15 0 1 -2.967535009851169e-15 0 1 -2.967535009851169e-15 0 1 -2.967535009851169e-15 0 1 -2.967535009851169e-15 0 1 -2.967535009851169e-15 0 1 -2.967535009851169e-15 0 1 -2.967535009851169e-15 0 1 -2.967535009851169e-15 0 1 -2.967535009851169e-15 0 1 -2.967535009851169e-15 0 1 -2.967535009851169e-15 0 1 -2.967535009851169e-15 0 1 -2.967535009851169e-15 0 1 -2.967535009851169e-15 0 1 -2.967535009851169e-15 0 1 -2.967535009851169e-15 0 0 0 -1 0 0 -1 0 0 -1 0 0 -1 0 0 -1 0 0 -1 0 2.368475785868039e-13 -1 0 2.368475785868039e-13 -1 0 2.368475785868039e-13 -1 -2.370406608518518e-13 0 -1 -2.370406608518518e-13 0 -1 -2.370406608518518e-13 0 -1 -1.183274053085753e-13 0 -1 -1.183274053085753e-13 0 -1 -1.183274053085753e-13 0 -1 0 0 -1 0 0 -1 0 0 -1 1.184237892933216e-13 0 -1 1.184237892933216e-13 0 -1 1.184237892933216e-13 0 -1 6.344131569286567e-16 0 -1 6.344131569286567e-16 0 -1 6.344131569286567e-16 0 -1 6.344131569286591e-16 6.344131569283315e-16 -1 6.344131569286591e-16 6.344131569283315e-16 -1 6.344131569286591e-16 6.344131569283315e-16 -1 9.54175562793023e-16 -1.184237892933455e-13 -1 9.54175562793023e-16 -1.184237892933455e-13 -1 9.54175562793023e-16 -1.184237892933455e-13 -1 9.541755627933268e-16 9.541755627933083e-16 -1 9.541755627933268e-16 9.541755627933083e-16 -1 9.541755627933268e-16 9.541755627933083e-16 -1 6.378301039143631e-16 1.184237892932894e-13 -1 6.378301039143631e-16 1.184237892932894e-13 -1 6.378301039143631e-16 1.184237892932894e-13 -1 0 0 -1 0 0 -1 0 0 -1 0 0 -1 0 0 -1 0 0 -1 0 0 -1 0 0 -1 0 0 -1 0 0 -1 0 0 -1 0 0 -1 0 0 -1 0 0 -1 0 0 -1 0 -1.1842378929335e-13 -1 0 -1.1842378929335e-13 -1 0 -1.1842378929335e-13 -1 0 0 -1 0 0 -1 0 0 -1 0 0 -1 0 0 -1 0 0 -1 0 -1.184237892933496e-13 -1 0 -1.184237892933496e-13 -1 0 -1.184237892933496e-13 -1 0 1.184237892933501e-13 -1 0 1.184237892933501e-13 -1 0 1.184237892933501e-13 -1 0 1.184237892933783e-13 -1 0 1.184237892933783e-13 -1 0 1.184237892933783e-13 -1 0 0 -1 0 0 -1 0 0 -1 -3.077273492863247e-15 -0.8660254037844767 -0.499999999999934 -3.077273492863247e-15 -0.8660254037844767 -0.499999999999934 -3.077273492863247e-15 -0.8660254037844767 -0.499999999999934 -3.077273492863247e-15 -0.8660254037844767 -0.499999999999934 -3.077273492863247e-15 -0.8660254037844767 -0.499999999999934 -3.077273492863247e-15 -0.8660254037844767 -0.499999999999934 -3.077273492863247e-15 -0.8660254037844767 -0.499999999999934 -3.077273492863247e-15 -0.8660254037844767 -0.499999999999934 -3.077273492863247e-15 -0.8660254037844767 -0.499999999999934 -3.077273492863247e-15 -0.8660254037844767 -0.499999999999934 -3.077273492863247e-15 -0.8660254037844767 -0.499999999999934 -3.077273492863247e-15 -0.8660254037844767 -0.499999999999934 -3.077273492863247e-15 -0.8660254037844767 -0.499999999999934 2.59670741753855e-15 0.8660254037844831 -0.4999999999999232 2.59670741753855e-15 0.8660254037844831 -0.4999999999999232 2.59670741753855e-15 0.8660254037844831 -0.4999999999999232 2.59670741753855e-15 0.8660254037844831 -0.4999999999999232 2.59670741753855e-15 0.8660254037844831 -0.4999999999999232 2.59670741753855e-15 0.8660254037844831 -0.4999999999999232 2.59670741753855e-15 0.8660254037844831 -0.4999999999999232 2.59670741753855e-15 0.8660254037844831 -0.4999999999999232 2.59670741753855e-15 0.8660254037844831 -0.4999999999999232 2.59670741753855e-15 0.8660254037844831 -0.4999999999999232 2.59670741753855e-15 0.8660254037844831 -0.4999999999999232 6.361170418622179e-16 6.361170418621937e-16 1 6.361170418622179e-16 6.361170418621937e-16 1 6.361170418622179e-16 6.361170418621937e-16 1 6.378301039139099e-16 0 1 6.378301039139099e-16 0 1 6.378301039139099e-16 0 1 -2.90096380958172e-16 -2.900963809581257e-16 1 -2.90096380958172e-16 -2.900963809581257e-16 1 -2.90096380958172e-16 -2.900963809581257e-16 1 -1.182300753523033e-13 0 1 -1.182300753523033e-13 0 1 -1.182300753523033e-13 0 1 6.361170418622163e-16 0 1 6.361170418622163e-16 0 1 6.361170418622163e-16 0 1 0 2.368475785866917e-13 1 0 2.368475785866917e-13 1 0 2.368475785866917e-13 1 0 0 1 0 0 1 0 0 1 6.32718375564937e-16 -2.362148602111262e-13 1 6.32718375564937e-16 -2.362148602111262e-13 1 6.32718375564937e-16 -2.362148602111262e-13 1 6.327183755655347e-16 0 1 6.327183755655347e-16 0 1 6.327183755655347e-16 0 1 0 2.368475785866916e-13 1 0 2.368475785866916e-13 1 0 2.368475785866916e-13 1 -2.369438059344459e-13 0 1 -2.369438059344459e-13 0 1 -2.369438059344459e-13 0 1 2.891519543243606e-16 -2.891519543245138e-16 1 2.891519543243606e-16 -2.891519543245138e-16 1 2.891519543243606e-16 -2.891519543245138e-16 1 -3.155163125044819e-16 3.155163125045637e-16 1 -3.155163125044819e-16 3.155163125045637e-16 1 -3.155163125044819e-16 3.155163125045637e-16 1 0 1.184237892933501e-13 1 0 1.184237892933501e-13 1 0 1.184237892933501e-13 1 0 0 1 0 0 1 0 0 1 -3.172065784647135e-16 -1.1842378929335e-13 1 -3.172065784647135e-16 -1.1842378929335e-13 1 -3.172065784647135e-16 -1.1842378929335e-13 1 -3.172065784643277e-16 3.172065784643277e-16 1 -3.172065784643277e-16 3.172065784643277e-16 1 -3.172065784643277e-16 3.172065784643277e-16 1 -3.180585209311086e-16 0 1 -3.180585209311086e-16 0 1 -3.180585209311086e-16 0 1 -3.180585209314933e-16 -1.181057307724472e-13 1 -3.180585209314933e-16 -1.181057307724472e-13 1 -3.180585209314933e-16 -1.181057307724472e-13 1 0 0 1 0 0 1 0 0 1 2.900963809581268e-16 -2.900963809581268e-16 1 2.900963809581268e-16 -2.900963809581268e-16 1 2.900963809581268e-16 -2.900963809581268e-16 1 -2.369441197192758e-13 0 1 -2.369441197192758e-13 0 1 -2.369441197192758e-13 0 1 0 0 1 0 0 1 0 0 1 2.365584266323752e-13 -2.891519543249337e-16 1 2.365584266323752e-13 -2.891519543249337e-16 1 2.365584266323752e-13 -2.891519543249337e-16 1 -3.841061882000997e-15 -0.8660254037844815 0.4999999999999257 -3.841061882000997e-15 -0.8660254037844815 0.4999999999999257 -3.841061882000997e-15 -0.8660254037844815 0.4999999999999257 -3.841061882000997e-15 -0.8660254037844815 0.4999999999999257 -3.841061882000997e-15 -0.8660254037844815 0.4999999999999257 -3.841061882000997e-15 -0.8660254037844815 0.4999999999999257 -3.841061882000997e-15 -0.8660254037844815 0.4999999999999257 -3.841061882000997e-15 -0.8660254037844815 0.4999999999999257 -3.841061882000997e-15 -0.8660254037844815 0.4999999999999257 -3.841061882000997e-15 -0.8660254037844815 0.4999999999999257 2.335500162519831e-15 0.8660254037844655 0.4999999999999534 2.335500162519831e-15 0.8660254037844655 0.4999999999999534 2.335500162519831e-15 0.8660254037844655 0.4999999999999534 2.335500162519831e-15 0.8660254037844655 0.4999999999999534 2.335500162519831e-15 0.8660254037844655 0.4999999999999534 2.335500162519831e-15 0.8660254037844655 0.4999999999999534 2.335500162519831e-15 0.8660254037844655 0.4999999999999534 2.335500162519831e-15 0.8660254037844655 0.4999999999999534 2.335500162519831e-15 0.8660254037844655 0.4999999999999534 2.335500162519831e-15 0.8660254037844655 0.4999999999999534 0.866025403784439 -1.451524262963487e-15 -0.4999999999999995 0.866025403784439 -1.451524262963487e-15 -0.4999999999999995 0.866025403784439 -1.451524262963487e-15 -0.4999999999999995 0.866025403784439 -1.451524262963487e-15 -0.4999999999999995 0.866025403784439 -1.451524262963487e-15 -0.4999999999999995 0.866025403784439 -1.451524262963487e-15 -0.4999999999999995 0.866025403784439 -1.451524262963487e-15 -0.4999999999999995 0.866025403784439 -1.451524262963487e-15 -0.4999999999999995 0.866025403784439 -1.451524262963487e-15 -0.4999999999999995 0.866025403784439 -1.451524262963487e-15 -0.4999999999999995 0.866025403784439 -1.451524262963487e-15 -0.4999999999999995 0.866025403784439 -1.451524262963487e-15 -0.4999999999999995 0.866025403784439 -1.451524262963487e-15 -0.4999999999999995 -0.8660254037844591 1.650491111413597e-15 -0.4999999999999644 -0.8660254037844591 1.650491111413597e-15 -0.4999999999999644 -0.8660254037844591 1.650491111413597e-15 -0.4999999999999644 -0.8660254037844591 1.650491111413597e-15 -0.4999999999999644 -0.8660254037844591 1.650491111413597e-15 -0.4999999999999644 -0.8660254037844591 1.650491111413597e-15 -0.4999999999999644 -0.8660254037844591 1.650491111413597e-15 -0.4999999999999644 -0.8660254037844591 1.650491111413597e-15 -0.4999999999999644 -0.8660254037844591 1.650491111413597e-15 -0.4999999999999644 -0.8660254037844591 1.650491111413597e-15 -0.4999999999999644 -0.8660254037844591 1.650491111413597e-15 -0.4999999999999644 -0.8660254037844591 1.650491111413597e-15 -0.4999999999999644 -0.8660254037844554 1.568399005330341e-15 0.4999999999999709 -0.8660254037844554 1.568399005330341e-15 0.4999999999999709 -0.8660254037844554 1.568399005330341e-15 0.4999999999999709 -0.8660254037844554 1.568399005330341e-15 0.4999999999999709 -0.8660254037844554 1.568399005330341e-15 0.4999999999999709 -0.8660254037844554 1.568399005330341e-15 0.4999999999999709 -0.8660254037844554 1.568399005330341e-15 0.4999999999999709 -0.8660254037844554 1.568399005330341e-15 0.4999999999999709 -0.8660254037844554 1.568399005330341e-15 0.4999999999999709 -0.8660254037844554 1.568399005330341e-15 0.4999999999999709 -0.8660254037844554 1.568399005330341e-15 0.4999999999999709 -0.8660254037844554 1.568399005330341e-15 0.4999999999999709 0.866025403784441 -1.473038560578791e-15 0.499999999999996 0.866025403784441 -1.473038560578791e-15 0.499999999999996 0.866025403784441 -1.473038560578791e-15 0.499999999999996 0.866025403784441 -1.473038560578791e-15 0.499999999999996 0.866025403784441 -1.473038560578791e-15 0.499999999999996 0.866025403784441 -1.473038560578791e-15 0.499999999999996 0.866025403784441 -1.473038560578791e-15 0.499999999999996 0.866025403784441 -1.473038560578791e-15 0.499999999999996 0.866025403784441 -1.473038560578791e-15 0.499999999999996 0.866025403784441 -1.473038560578791e-15 0.499999999999996 0.866025403784441 -1.473038560578791e-15 0.499999999999996 0.866025403784441 -1.473038560578791e-15 0.499999999999996 0.866025403784441 -1.473038560578791e-15 0.499999999999996 2.258835849306771e-15 0.866025403784432 -0.5000000000000114 2.258835849306771e-15 0.866025403784432 -0.5000000000000114 2.258835849306771e-15 0.866025403784432 -0.5000000000000114 2.258835849306771e-15 0.866025403784432 -0.5000000000000114 2.258835849306771e-15 0.866025403784432 -0.5000000000000114 2.258835849306771e-15 0.866025403784432 -0.5000000000000114 2.258835849306771e-15 0.866025403784432 -0.5000000000000114 2.258835849306771e-15 0.866025403784432 -0.5000000000000114 2.258835849306771e-15 0.866025403784432 -0.5000000000000114 2.258835849306771e-15 0.866025403784432 -0.5000000000000114 -3.411059447890625e-15 -0.8660254037844188 -0.5000000000000345 -3.411059447890625e-15 -0.8660254037844188 -0.5000000000000345 -3.411059447890625e-15 -0.8660254037844188 -0.5000000000000345 -3.411059447890625e-15 -0.8660254037844188 -0.5000000000000345 -3.411059447890625e-15 -0.8660254037844188 -0.5000000000000345 -3.411059447890625e-15 -0.8660254037844188 -0.5000000000000345 -3.411059447890625e-15 -0.8660254037844188 -0.5000000000000345 -3.411059447890625e-15 -0.8660254037844188 -0.5000000000000345 -3.411059447890625e-15 -0.8660254037844188 -0.5000000000000345 -3.411059447890625e-15 -0.8660254037844188 -0.5000000000000345 -3.411059447890625e-15 -0.8660254037844188 -0.5000000000000345 2.565912612230964e-15 0.866025403784432 0.5000000000000115 2.565912612230964e-15 0.866025403784432 0.5000000000000115 2.565912612230964e-15 0.866025403784432 0.5000000000000115 2.565912612230964e-15 0.866025403784432 0.5000000000000115 2.565912612230964e-15 0.866025403784432 0.5000000000000115 2.565912612230964e-15 0.866025403784432 0.5000000000000115 2.565912612230964e-15 0.866025403784432 0.5000000000000115 2.565912612230964e-15 0.866025403784432 0.5000000000000115 2.565912612230964e-15 0.866025403784432 0.5000000000000115 2.565912612230964e-15 0.866025403784432 0.5000000000000115 2.565912612230964e-15 0.866025403784432 0.5000000000000115 2.565912612230964e-15 0.866025403784432 0.5000000000000115 2.565912612230964e-15 0.866025403784432 0.5000000000000115 -3.380329182594357e-15 -0.866025403784415 0.500000000000041 -3.380329182594357e-15 -0.866025403784415 0.500000000000041 -3.380329182594357e-15 -0.866025403784415 0.500000000000041 -3.380329182594357e-15 -0.866025403784415 0.500000000000041 -3.380329182594357e-15 -0.866025403784415 0.500000000000041 -3.380329182594357e-15 -0.866025403784415 0.500000000000041 -3.380329182594357e-15 -0.866025403784415 0.500000000000041 -3.380329182594357e-15 -0.866025403784415 0.500000000000041 -3.380329182594357e-15 -0.866025403784415 0.500000000000041 -3.380329182594357e-15 -0.866025403784415 0.500000000000041 -3.380329182594357e-15 -0.866025403784415 0.500000000000041 -3.380329182594357e-15 -0.866025403784415 0.500000000000041 1 8.902605029553182e-15 -1.424416804728563e-15 1 8.902605029553182e-15 -1.424416804728563e-15 1 8.902605029553182e-15 -1.424416804728563e-15 1 8.902605029553182e-15 -1.424416804728563e-15 1 8.902605029553182e-15 -1.424416804728563e-15 1 8.902605029553182e-15 -1.424416804728563e-15 1 8.902605029553182e-15 -1.424416804728563e-15 1 8.902605029553182e-15 -1.424416804728563e-15 1 8.902605029553182e-15 -1.424416804728563e-15 1 8.902605029553182e-15 -1.424416804728563e-15 1 8.902605029553182e-15 -1.424416804728563e-15 1 8.902605029553182e-15 -1.424416804728563e-15 1 8.902605029553182e-15 -1.424416804728563e-15 1 8.902605029553182e-15 -1.424416804728563e-15 1 8.902605029553182e-15 -1.424416804728563e-15 1 8.902605029553182e-15 -1.424416804728563e-15 1 8.902605029553182e-15 -1.424416804728563e-15 1 8.902605029553182e-15 -1.424416804728563e-15 1 8.902605029553182e-15 -1.424416804728563e-15 1 8.902605029553182e-15 -1.424416804728563e-15 1 8.902605029553182e-15 -1.424416804728563e-15 1 8.902605029553182e-15 -1.424416804728563e-15 1 8.902605029553182e-15 -1.424416804728563e-15 1 8.902605029553182e-15 -1.424416804728563e-15 1 0 0 1 0 0 1 0 0 1 0 0 1 0 0 1 0 0 1 0 0 1 0 0 1 0 0 1 0 0 1 0 0 1 0 0 1 0 0 1 0 0 1 0 0 1 0 0 1 0 0 1 0 0 1 0 0 1 0 0 1 0 0 1 0 0 1 0 0 1 0 0 -3.163591877824676e-16 1.184237892933455e-13 -1 -3.163591877824676e-16 1.184237892933455e-13 -1 -3.163591877824676e-16 1.184237892933455e-13 -1 0 0 -1 0 0 -1 0 0 -1 -3.163591877824685e-16 1.18107430105619e-13 -1 -3.163591877824685e-16 1.18107430105619e-13 -1 -3.163591877824685e-16 1.18107430105619e-13 -1 -1.185203304259259e-13 0 -1 -1.185203304259259e-13 0 -1 -1.185203304259259e-13 0 -1 -1.257228681403613e-13 0 -1 -1.257228681403613e-13 0 -1 -1.257228681403613e-13 0 -1 0 0 -1 0 0 -1 0 0 -1 1.258252761241542e-13 0 -1 1.258252761241542e-13 0 -1 1.258252761241542e-13 0 -1 3.172065784638776e-16 -1.184237892933455e-13 -1 3.172065784638776e-16 -1.184237892933455e-13 -1 3.172065784638776e-16 -1.184237892933455e-13 -1 3.172065784643295e-16 3.172065784641657e-16 -1 3.172065784643295e-16 3.172065784641657e-16 -1 3.172065784643295e-16 3.172065784641657e-16 -1 6.559956994200905e-16 -1.258252761241797e-13 -1 6.559956994200905e-16 -1.258252761241797e-13 -1 6.559956994200905e-16 -1.258252761241797e-13 -1 6.559956994204122e-16 6.559956994203904e-16 -1 6.559956994204122e-16 6.559956994203904e-16 -1 6.559956994204122e-16 6.559956994203904e-16 -1 3.189150519574365e-16 1.2582527612412e-13 -1 3.189150519574365e-16 1.2582527612412e-13 -1 3.189150519574365e-16 1.2582527612412e-13 -1 0 0 -1 0 0 -1 0 0 -1 0 0 -1 0 0 -1 0 0 -1 -3.180585209311077e-16 3.180585209311077e-16 -1 -3.180585209311077e-16 3.180585209311077e-16 -1 -3.180585209311077e-16 3.180585209311077e-16 -1 0 1.184237892933212e-13 -1 0 1.184237892933212e-13 -1 0 1.184237892933212e-13 -1 -3.180585209314172e-16 -1.1842378929335e-13 -1 -3.180585209314172e-16 -1.1842378929335e-13 -1 -3.180585209314172e-16 -1.1842378929335e-13 -1 0 -1.258252761241844e-13 -1 0 -1.258252761241844e-13 -1 0 -1.258252761241844e-13 -1 0 0 -1 0 0 -1 0 0 -1 0 0 -1 0 0 -1 0 0 -1 0 -1.25825276124184e-13 -1 0 -1.25825276124184e-13 -1 0 -1.25825276124184e-13 -1 0 1.258252761241845e-13 -1 0 1.258252761241845e-13 -1 0 1.258252761241845e-13 -1 0 1.258252761242144e-13 -1 0 1.258252761242144e-13 -1 0 1.258252761242144e-13 -1 0 0 -1 0 0 -1 0 0 -1 -2.969926743112242e-15 -0.866025403784473 -0.4999999999999404 -2.969926743112242e-15 -0.866025403784473 -0.4999999999999404 -2.969926743112242e-15 -0.866025403784473 -0.4999999999999404 -2.969926743112242e-15 -0.866025403784473 -0.4999999999999404 -2.969926743112242e-15 -0.866025403784473 -0.4999999999999404 -2.969926743112242e-15 -0.866025403784473 -0.4999999999999404 -2.969926743112242e-15 -0.866025403784473 -0.4999999999999404 -2.969926743112242e-15 -0.866025403784473 -0.4999999999999404 -2.969926743112242e-15 -0.866025403784473 -0.4999999999999404 -2.969926743112242e-15 -0.866025403784473 -0.4999999999999404 -2.969926743112242e-15 -0.866025403784473 -0.4999999999999404 -2.969926743112242e-15 -0.866025403784473 -0.4999999999999404 -2.969926743112242e-15 -0.866025403784473 -0.4999999999999404 2.606950839303987e-15 0.8660254037844831 -0.4999999999999232 2.606950839303987e-15 0.8660254037844831 -0.4999999999999232 2.606950839303987e-15 0.8660254037844831 -0.4999999999999232 2.606950839303987e-15 0.8660254037844831 -0.4999999999999232 2.606950839303987e-15 0.8660254037844831 -0.4999999999999232 2.606950839303987e-15 0.8660254037844831 -0.4999999999999232 2.606950839303987e-15 0.8660254037844831 -0.4999999999999232 2.606950839303987e-15 0.8660254037844831 -0.4999999999999232 2.606950839303987e-15 0.8660254037844831 -0.4999999999999232 2.606950839303987e-15 0.8660254037844831 -0.4999999999999232 2.606950839303987e-15 0.8660254037844831 -0.4999999999999232 3.180585209311089e-16 3.180585209310968e-16 1 3.180585209311089e-16 3.180585209310968e-16 1 3.180585209311089e-16 3.180585209310968e-16 1 3.189150519569549e-16 0 1 3.189150519569549e-16 0 1 3.189150519569549e-16 0 1 0 0 1 0 0 1 0 0 1 -1.183269323228268e-13 0 1 -1.183269323228268e-13 0 1 -1.183269323228268e-13 0 1 3.180585209311081e-16 0 1 3.180585209311081e-16 0 1 3.180585209311081e-16 0 1 0 1.184237892933458e-13 1 0 1.184237892933458e-13 1 0 1.184237892933458e-13 1 0 0 1 0 0 1 0 0 1 3.163591877824685e-16 -1.181074301055631e-13 1 3.163591877824685e-16 -1.181074301055631e-13 1 3.163591877824685e-16 -1.181074301055631e-13 1 3.163591877827673e-16 0 1 3.163591877827673e-16 0 1 3.163591877827673e-16 0 1 0 1.184237892933458e-13 1 0 1.184237892933458e-13 1 0 1.184237892933458e-13 1 -1.185200166410962e-13 0 1 -1.185200166410962e-13 0 1 -1.185200166410962e-13 0 1 -1.183274053085468e-13 0 1 -1.183274053085468e-13 0 1 -1.183274053085468e-13 0 1 -3.155163125049409e-16 -1.18108272980845e-13 1 -3.155163125049409e-16 -1.18108272980845e-13 1 -3.155163125049409e-16 -1.18108272980845e-13 1 3.163591877832283e-16 1.184237892933501e-13 1 3.163591877832283e-16 1.184237892933501e-13 1 3.163591877832283e-16 1.184237892933501e-13 1 3.16359187783227e-16 1.181074301055955e-13 1 3.16359187783227e-16 1.181074301055955e-13 1 3.16359187783227e-16 1.181074301055955e-13 1 -3.172065784647135e-16 -1.1842378929335e-13 1 -3.172065784647135e-16 -1.1842378929335e-13 1 -3.172065784647135e-16 -1.1842378929335e-13 1 -3.172065784643277e-16 3.172065784643277e-16 1 -3.172065784643277e-16 3.172065784643277e-16 1 -3.172065784643277e-16 3.172065784643277e-16 1 -3.180585209311086e-16 0 1 -3.180585209311086e-16 0 1 -3.180585209311086e-16 0 1 -3.180585209314933e-16 -1.181057307724472e-13 1 -3.180585209314933e-16 -1.181057307724472e-13 1 -3.180585209314933e-16 -1.181057307724472e-13 1 0 0 1 0 0 1 0 0 1 0 0 1 0 0 1 0 0 1 -1.185203304259259e-13 0 1 -1.185203304259259e-13 0 1 -1.185203304259259e-13 0 1 1.185203304259262e-13 0 1 1.185203304259262e-13 0 1 1.185203304259262e-13 0 1 1.18327405308575e-13 0 1 1.18327405308575e-13 0 1 1.18327405308575e-13 0 1 -3.861880645589029e-15 -0.8660254037844852 0.4999999999999192 -3.861880645589029e-15 -0.8660254037844852 0.4999999999999192 -3.861880645589029e-15 -0.8660254037844852 0.4999999999999192 -3.861880645589029e-15 -0.8660254037844852 0.4999999999999192 -3.861880645589029e-15 -0.8660254037844852 0.4999999999999192 -3.861880645589029e-15 -0.8660254037844852 0.4999999999999192 -3.861880645589029e-15 -0.8660254037844852 0.4999999999999192 -3.861880645589029e-15 -0.8660254037844852 0.4999999999999192 -3.861880645589029e-15 -0.8660254037844852 0.4999999999999192 -3.861880645589029e-15 -0.8660254037844852 0.4999999999999192 2.34062187340249e-15 0.866025403784473 0.4999999999999407 2.34062187340249e-15 0.866025403784473 0.4999999999999407 2.34062187340249e-15 0.866025403784473 0.4999999999999407 2.34062187340249e-15 0.866025403784473 0.4999999999999407 2.34062187340249e-15 0.866025403784473 0.4999999999999407 2.34062187340249e-15 0.866025403784473 0.4999999999999407 2.34062187340249e-15 0.866025403784473 0.4999999999999407 2.34062187340249e-15 0.866025403784473 0.4999999999999407 2.34062187340249e-15 0.866025403784473 0.4999999999999407 2.34062187340249e-15 0.866025403784473 0.4999999999999407 0.866025403784437 -1.445997654401764e-15 -0.5000000000000028 0.866025403784437 -1.445997654401764e-15 -0.5000000000000028 0.866025403784437 -1.445997654401764e-15 -0.5000000000000028 0.866025403784437 -1.445997654401764e-15 -0.5000000000000028 0.866025403784437 -1.445997654401764e-15 -0.5000000000000028 0.866025403784437 -1.445997654401764e-15 -0.5000000000000028 0.866025403784437 -1.445997654401764e-15 -0.5000000000000028 0.866025403784437 -1.445997654401764e-15 -0.5000000000000028 0.866025403784437 -1.445997654401764e-15 -0.5000000000000028 0.866025403784437 -1.445997654401764e-15 -0.5000000000000028 0.866025403784437 -1.445997654401764e-15 -0.5000000000000028 0.866025403784437 -1.445997654401764e-15 -0.5000000000000028 0.866025403784437 -1.445997654401764e-15 -0.5000000000000028 -0.8660254037844584 1.659237829859379e-15 -0.4999999999999659 -0.8660254037844584 1.659237829859379e-15 -0.4999999999999659 -0.8660254037844584 1.659237829859379e-15 -0.4999999999999659 -0.8660254037844584 1.659237829859379e-15 -0.4999999999999659 -0.8660254037844584 1.659237829859379e-15 -0.4999999999999659 -0.8660254037844584 1.659237829859379e-15 -0.4999999999999659 -0.8660254037844584 1.659237829859379e-15 -0.4999999999999659 -0.8660254037844584 1.659237829859379e-15 -0.4999999999999659 -0.8660254037844584 1.659237829859379e-15 -0.4999999999999659 -0.8660254037844584 1.659237829859379e-15 -0.4999999999999659 -0.8660254037844584 1.659237829859379e-15 -0.4999999999999659 -0.8660254037844584 1.659237829859379e-15 -0.4999999999999659 -0.8660254037844614 1.564392128723863e-15 0.4999999999999604 -0.8660254037844614 1.564392128723863e-15 0.4999999999999604 -0.8660254037844614 1.564392128723863e-15 0.4999999999999604 -0.8660254037844614 1.564392128723863e-15 0.4999999999999604 -0.8660254037844614 1.564392128723863e-15 0.4999999999999604 -0.8660254037844614 1.564392128723863e-15 0.4999999999999604 -0.8660254037844614 1.564392128723863e-15 0.4999999999999604 -0.8660254037844614 1.564392128723863e-15 0.4999999999999604 -0.8660254037844614 1.564392128723863e-15 0.4999999999999604 -0.8660254037844614 1.564392128723863e-15 0.4999999999999604 -0.8660254037844614 1.564392128723863e-15 0.4999999999999604 -0.8660254037844614 1.564392128723863e-15 0.4999999999999604 0.8660254037844442 -1.460406312437672e-15 0.4999999999999903 0.8660254037844442 -1.460406312437672e-15 0.4999999999999903 0.8660254037844442 -1.460406312437672e-15 0.4999999999999903 0.8660254037844442 -1.460406312437672e-15 0.4999999999999903 0.8660254037844442 -1.460406312437672e-15 0.4999999999999903 0.8660254037844442 -1.460406312437672e-15 0.4999999999999903 0.8660254037844442 -1.460406312437672e-15 0.4999999999999903 0.8660254037844442 -1.460406312437672e-15 0.4999999999999903 0.8660254037844442 -1.460406312437672e-15 0.4999999999999903 0.8660254037844442 -1.460406312437672e-15 0.4999999999999903 0.8660254037844442 -1.460406312437672e-15 0.4999999999999903 0.8660254037844442 -1.460406312437672e-15 0.4999999999999903 0.8660254037844442 -1.460406312437672e-15 0.4999999999999903 2.443602376150989e-15 0.866025403784432 -0.5000000000000114 2.443602376150989e-15 0.866025403784432 -0.5000000000000114 2.443602376150989e-15 0.866025403784432 -0.5000000000000114 2.443602376150989e-15 0.866025403784432 -0.5000000000000114 2.443602376150989e-15 0.866025403784432 -0.5000000000000114 2.443602376150989e-15 0.866025403784432 -0.5000000000000114 2.443602376150989e-15 0.866025403784432 -0.5000000000000114 2.443602376150989e-15 0.866025403784432 -0.5000000000000114 2.443602376150989e-15 0.866025403784432 -0.5000000000000114 2.443602376150989e-15 0.866025403784432 -0.5000000000000114 -3.454593990393733e-15 -0.8660254037844188 -0.5000000000000345 -3.454593990393733e-15 -0.8660254037844188 -0.5000000000000345 -3.454593990393733e-15 -0.8660254037844188 -0.5000000000000345 -3.454593990393733e-15 -0.8660254037844188 -0.5000000000000345 -3.454593990393733e-15 -0.8660254037844188 -0.5000000000000345 -3.454593990393733e-15 -0.8660254037844188 -0.5000000000000345 -3.454593990393733e-15 -0.8660254037844188 -0.5000000000000345 -3.454593990393733e-15 -0.8660254037844188 -0.5000000000000345 -3.454593990393733e-15 -0.8660254037844188 -0.5000000000000345 -3.454593990393733e-15 -0.8660254037844188 -0.5000000000000345 -3.454593990393733e-15 -0.8660254037844188 -0.5000000000000345 2.599743103061528e-15 0.8660254037844393 0.4999999999999987 2.599743103061528e-15 0.8660254037844393 0.4999999999999987 2.599743103061528e-15 0.8660254037844393 0.4999999999999987 2.599743103061528e-15 0.8660254037844393 0.4999999999999987 2.599743103061528e-15 0.8660254037844393 0.4999999999999987 2.599743103061528e-15 0.8660254037844393 0.4999999999999987 2.599743103061528e-15 0.8660254037844393 0.4999999999999987 2.599743103061528e-15 0.8660254037844393 0.4999999999999987 2.599743103061528e-15 0.8660254037844393 0.4999999999999987 2.599743103061528e-15 0.8660254037844393 0.4999999999999987 2.599743103061528e-15 0.8660254037844393 0.4999999999999987 2.599743103061528e-15 0.8660254037844393 0.4999999999999987 2.599743103061528e-15 0.8660254037844393 0.4999999999999987 -3.349598917297959e-15 -0.8660254037844224 0.5000000000000281 -3.349598917297959e-15 -0.8660254037844224 0.5000000000000281 -3.349598917297959e-15 -0.8660254037844224 0.5000000000000281 -3.349598917297959e-15 -0.8660254037844224 0.5000000000000281 -3.349598917297959e-15 -0.8660254037844224 0.5000000000000281 -3.349598917297959e-15 -0.8660254037844224 0.5000000000000281 -3.349598917297959e-15 -0.8660254037844224 0.5000000000000281 -3.349598917297959e-15 -0.8660254037844224 0.5000000000000281 -3.349598917297959e-15 -0.8660254037844224 0.5000000000000281 -3.349598917297959e-15 -0.8660254037844224 0.5000000000000281 -3.349598917297959e-15 -0.8660254037844224 0.5000000000000281 -3.349598917297959e-15 -0.8660254037844224 0.5000000000000281 1 7.418837524627727e-15 -1.424416804728578e-15 1 7.418837524627727e-15 -1.424416804728578e-15 1 7.418837524627727e-15 -1.424416804728578e-15 1 7.418837524627727e-15 -1.424416804728578e-15 1 7.418837524627727e-15 -1.424416804728578e-15 1 7.418837524627727e-15 -1.424416804728578e-15 1 7.418837524627727e-15 -1.424416804728578e-15 1 7.418837524627727e-15 -1.424416804728578e-15 1 7.418837524627727e-15 -1.424416804728578e-15 1 7.418837524627727e-15 -1.424416804728578e-15 1 7.418837524627727e-15 -1.424416804728578e-15 1 7.418837524627727e-15 -1.424416804728578e-15 1 7.418837524627727e-15 -1.424416804728578e-15 1 7.418837524627727e-15 -1.424416804728578e-15 1 7.418837524627727e-15 -1.424416804728578e-15 1 7.418837524627727e-15 -1.424416804728578e-15 1 7.418837524627727e-15 -1.424416804728578e-15 1 7.418837524627727e-15 -1.424416804728578e-15 1 7.418837524627727e-15 -1.424416804728578e-15 1 7.418837524627727e-15 -1.424416804728578e-15 1 7.418837524627727e-15 -1.424416804728578e-15 1 7.418837524627727e-15 -1.424416804728578e-15 1 7.418837524627727e-15 -1.424416804728578e-15 1 7.418837524627727e-15 -1.424416804728578e-15 1 0 0 1 0 0 1 0 0 1 0 0 1 0 0 1 0 0 1 0 0 1 0 0 1 0 0 1 0 0 1 0 0 1 0 0 1 0 0 1 0 0 1 0 0 1 0 0 1 0 0 1 0 0 1 0 0 1 0 0 1 0 0 1 0 0 1 0 0 1 0 0 0 0 -1 0 0 -1 0 0 -1 0 0 -1 0 0 -1 0 0 -1 0 0 -1 0 0 -1 0 0 -1 0 0 -1 0 0 -1 0 0 -1 0 0 -1 0 0 -1 0 0 -1 0 0 -1 0 0 -1 0 0 -1 0 0 -1 0 0 -1 0 0 -1 0 0 -1 0 0 -1 0 0 -1 0 1.221245327087052e-13 -1 0 1.221245327087052e-13 -1 0 1.221245327087052e-13 -1 3.279978497102052e-16 0 -1 3.279978497102052e-16 0 -1 3.279978497102052e-16 0 -1 3.279978497102061e-16 3.279978497101952e-16 -1 3.279978497102061e-16 3.279978497101952e-16 -1 3.279978497102061e-16 3.279978497101952e-16 -1 3.288811473306097e-16 0 -1 3.288811473306097e-16 0 -1 3.288811473306097e-16 0 -1 0 0 -1 0 0 -1 0 0 -1 0 0 -1 0 0 -1 0 0 -1 0 0 -1 0 0 -1 0 0 -1 0 0 -1 0 0 -1 0 0 -1 0 0 -1 0 0 -1 0 0 -1 0 0 -1 0 0 -1 0 0 -1 0 0 -1 0 0 -1 0 0 -1 0 0 -1 0 0 -1 0 0 -1 0 0 -1 0 0 -1 0 0 -1 0 0 -1 0 0 -1 0 0 -1 0 0 -1 0 0 -1 0 0 -1 -1.222242533397214e-13 0 -1 -1.222242533397214e-13 0 -1 -1.222242533397214e-13 0 -1 -3.010263097564071e-15 -0.8660254037844805 -0.4999999999999273 -3.010263097564071e-15 -0.8660254037844805 -0.4999999999999273 -3.010263097564071e-15 -0.8660254037844805 -0.4999999999999273 -3.010263097564071e-15 -0.8660254037844805 -0.4999999999999273 -3.010263097564071e-15 -0.8660254037844805 -0.4999999999999273 -3.010263097564071e-15 -0.8660254037844805 -0.4999999999999273 -3.010263097564071e-15 -0.8660254037844805 -0.4999999999999273 -3.010263097564071e-15 -0.8660254037844805 -0.4999999999999273 -3.010263097564071e-15 -0.8660254037844805 -0.4999999999999273 -3.010263097564071e-15 -0.8660254037844805 -0.4999999999999273 -3.010263097564071e-15 -0.8660254037844805 -0.4999999999999273 -3.010263097564071e-15 -0.8660254037844805 -0.4999999999999273 -3.010263097564071e-15 -0.8660254037844805 -0.4999999999999273 2.70170249063422e-15 0.8660254037844904 -0.4999999999999104 2.70170249063422e-15 0.8660254037844904 -0.4999999999999104 2.70170249063422e-15 0.8660254037844904 -0.4999999999999104 2.70170249063422e-15 0.8660254037844904 -0.4999999999999104 2.70170249063422e-15 0.8660254037844904 -0.4999999999999104 2.70170249063422e-15 0.8660254037844904 -0.4999999999999104 2.70170249063422e-15 0.8660254037844904 -0.4999999999999104 2.70170249063422e-15 0.8660254037844904 -0.4999999999999104 2.70170249063422e-15 0.8660254037844904 -0.4999999999999104 2.70170249063422e-15 0.8660254037844904 -0.4999999999999104 2.70170249063422e-15 0.8660254037844904 -0.4999999999999104 0 1.258252761241799e-13 1 0 1.258252761241799e-13 1 0 1.258252761241799e-13 1 3.388472427042646e-16 0 1 3.388472427042646e-16 0 1 3.388472427042646e-16 0 1 -1.258252761241842e-13 0 1 -1.258252761241842e-13 0 1 -1.258252761241842e-13 0 1 0 0 1 0 0 1 0 0 1 0 0 1 0 0 1 0 0 1 0 0 1 0 0 1 0 0 1 0 0 1 0 0 1 0 0 1 0 0 1 0 0 1 0 0 1 0 0 1 0 0 1 0 0 1 0 0 1 0 0 1 0 0 1 0 0 1 0 0 1 0 0 1 -1.184237892933216e-13 0 1 -1.184237892933216e-13 0 1 -1.184237892933216e-13 0 1 -3.155163125049409e-16 -1.18108272980845e-13 1 -3.155163125049409e-16 -1.18108272980845e-13 1 -3.155163125049409e-16 -1.18108272980845e-13 1 0 0 1 0 0 1 0 0 1 0 0 1 0 0 1 0 0 1 0 0 1 0 0 1 0 0 1 0 0 1 0 0 1 0 0 1 0 0 1 0 0 1 0 0 1 0 0 1 0 0 1 0 0 1 0 0 1 0 0 1 0 0 1 0 0 1 0 0 1 0 0 1 0 0 1 0 0 1 0 0 1 0 0 1 0 0 1 0 0 1 0 0 1 0 0 1 0 0 1 -3.773400900339785e-15 -0.8660254037844776 0.4999999999999324 -3.773400900339785e-15 -0.8660254037844776 0.4999999999999324 -3.773400900339785e-15 -0.8660254037844776 0.4999999999999324 -3.773400900339785e-15 -0.8660254037844776 0.4999999999999324 -3.773400900339785e-15 -0.8660254037844776 0.4999999999999324 -3.773400900339785e-15 -0.8660254037844776 0.4999999999999324 -3.773400900339785e-15 -0.8660254037844776 0.4999999999999324 -3.773400900339785e-15 -0.8660254037844776 0.4999999999999324 -3.773400900339785e-15 -0.8660254037844776 0.4999999999999324 -3.773400900339785e-15 -0.8660254037844776 0.4999999999999324 2.384156415905665e-15 0.866025403784465 0.4999999999999544 2.384156415905665e-15 0.866025403784465 0.4999999999999544 2.384156415905665e-15 0.866025403784465 0.4999999999999544 2.384156415905665e-15 0.866025403784465 0.4999999999999544 2.384156415905665e-15 0.866025403784465 0.4999999999999544 2.384156415905665e-15 0.866025403784465 0.4999999999999544 2.384156415905665e-15 0.866025403784465 0.4999999999999544 2.384156415905665e-15 0.866025403784465 0.4999999999999544 2.384156415905665e-15 0.866025403784465 0.4999999999999544 2.384156415905665e-15 0.866025403784465 0.4999999999999544 0.8660254037844435 -1.482117988930194e-15 -0.4999999999999914 0.8660254037844435 -1.482117988930194e-15 -0.4999999999999914 0.8660254037844435 -1.482117988930194e-15 -0.4999999999999914 0.8660254037844435 -1.482117988930194e-15 -0.4999999999999914 0.8660254037844435 -1.482117988930194e-15 -0.4999999999999914 0.8660254037844435 -1.482117988930194e-15 -0.4999999999999914 0.8660254037844435 -1.482117988930194e-15 -0.4999999999999914 0.8660254037844435 -1.482117988930194e-15 -0.4999999999999914 0.8660254037844435 -1.482117988930194e-15 -0.4999999999999914 0.8660254037844435 -1.482117988930194e-15 -0.4999999999999914 0.8660254037844435 -1.482117988930194e-15 -0.4999999999999914 0.8660254037844435 -1.482117988930194e-15 -0.4999999999999914 0.8660254037844435 -1.482117988930194e-15 -0.4999999999999914 -0.8660254037844655 1.640229598153151e-15 -0.4999999999999533 -0.8660254037844655 1.640229598153151e-15 -0.4999999999999533 -0.8660254037844655 1.640229598153151e-15 -0.4999999999999533 -0.8660254037844655 1.640229598153151e-15 -0.4999999999999533 -0.8660254037844655 1.640229598153151e-15 -0.4999999999999533 -0.8660254037844655 1.640229598153151e-15 -0.4999999999999533 -0.8660254037844655 1.640229598153151e-15 -0.4999999999999533 -0.8660254037844655 1.640229598153151e-15 -0.4999999999999533 -0.8660254037844655 1.640229598153151e-15 -0.4999999999999533 -0.8660254037844655 1.640229598153151e-15 -0.4999999999999533 -0.8660254037844655 1.640229598153151e-15 -0.4999999999999533 -0.8660254037844655 1.640229598153151e-15 -0.4999999999999533 -0.8660254037844546 1.579588941219078e-15 0.4999999999999723 -0.8660254037844546 1.579588941219078e-15 0.4999999999999723 -0.8660254037844546 1.579588941219078e-15 0.4999999999999723 -0.8660254037844546 1.579588941219078e-15 0.4999999999999723 -0.8660254037844546 1.579588941219078e-15 0.4999999999999723 -0.8660254037844546 1.579588941219078e-15 0.4999999999999723 -0.8660254037844546 1.579588941219078e-15 0.4999999999999723 -0.8660254037844546 1.579588941219078e-15 0.4999999999999723 -0.8660254037844546 1.579588941219078e-15 0.4999999999999723 -0.8660254037844546 1.579588941219078e-15 0.4999999999999723 -0.8660254037844546 1.579588941219078e-15 0.4999999999999723 -0.8660254037844546 1.579588941219078e-15 0.4999999999999723 0.8660254037844357 -1.476196622614093e-15 0.5000000000000051 0.8660254037844357 -1.476196622614093e-15 0.5000000000000051 0.8660254037844357 -1.476196622614093e-15 0.5000000000000051 0.8660254037844357 -1.476196622614093e-15 0.5000000000000051 0.8660254037844357 -1.476196622614093e-15 0.5000000000000051 0.8660254037844357 -1.476196622614093e-15 0.5000000000000051 0.8660254037844357 -1.476196622614093e-15 0.5000000000000051 0.8660254037844357 -1.476196622614093e-15 0.5000000000000051 0.8660254037844357 -1.476196622614093e-15 0.5000000000000051 0.8660254037844357 -1.476196622614093e-15 0.5000000000000051 0.8660254037844357 -1.476196622614093e-15 0.5000000000000051 0.8660254037844357 -1.476196622614093e-15 0.5000000000000051 0.8660254037844357 -1.476196622614093e-15 0.5000000000000051 2.274449921997773e-15 0.8660254037844394 -0.4999999999999985 2.274449921997773e-15 0.8660254037844394 -0.4999999999999985 2.274449921997773e-15 0.8660254037844394 -0.4999999999999985 2.274449921997773e-15 0.8660254037844394 -0.4999999999999985 2.274449921997773e-15 0.8660254037844394 -0.4999999999999985 2.274449921997773e-15 0.8660254037844394 -0.4999999999999985 2.274449921997773e-15 0.8660254037844394 -0.4999999999999985 2.274449921997773e-15 0.8660254037844394 -0.4999999999999985 2.274449921997773e-15 0.8660254037844394 -0.4999999999999985 2.274449921997773e-15 0.8660254037844394 -0.4999999999999985 -3.30094266391209e-15 -0.8660254037844261 -0.5000000000000217 -3.30094266391209e-15 -0.8660254037844261 -0.5000000000000217 -3.30094266391209e-15 -0.8660254037844261 -0.5000000000000217 -3.30094266391209e-15 -0.8660254037844261 -0.5000000000000217 -3.30094266391209e-15 -0.8660254037844261 -0.5000000000000217 -3.30094266391209e-15 -0.8660254037844261 -0.5000000000000217 -3.30094266391209e-15 -0.8660254037844261 -0.5000000000000217 -3.30094266391209e-15 -0.8660254037844261 -0.5000000000000217 -3.30094266391209e-15 -0.8660254037844261 -0.5000000000000217 -3.30094266391209e-15 -0.8660254037844261 -0.5000000000000217 -3.30094266391209e-15 -0.8660254037844261 -0.5000000000000217 2.576321994025008e-15 0.8660254037844316 0.5000000000000124 2.576321994025008e-15 0.8660254037844316 0.5000000000000124 2.576321994025008e-15 0.8660254037844316 0.5000000000000124 2.576321994025008e-15 0.8660254037844316 0.5000000000000124 2.576321994025008e-15 0.8660254037844316 0.5000000000000124 2.576321994025008e-15 0.8660254037844316 0.5000000000000124 2.576321994025008e-15 0.8660254037844316 0.5000000000000124 2.576321994025008e-15 0.8660254037844316 0.5000000000000124 2.576321994025008e-15 0.8660254037844316 0.5000000000000124 2.576321994025008e-15 0.8660254037844316 0.5000000000000124 2.576321994025008e-15 0.8660254037844316 0.5000000000000124 2.576321994025008e-15 0.8660254037844316 0.5000000000000124 2.576321994025008e-15 0.8660254037844316 0.5000000000000124 -3.339355495532612e-15 -0.8660254037844146 0.5000000000000417 -3.339355495532612e-15 -0.8660254037844146 0.5000000000000417 -3.339355495532612e-15 -0.8660254037844146 0.5000000000000417 -3.339355495532612e-15 -0.8660254037844146 0.5000000000000417 -3.339355495532612e-15 -0.8660254037844146 0.5000000000000417 -3.339355495532612e-15 -0.8660254037844146 0.5000000000000417 -3.339355495532612e-15 -0.8660254037844146 0.5000000000000417 -3.339355495532612e-15 -0.8660254037844146 0.5000000000000417 -3.339355495532612e-15 -0.8660254037844146 0.5000000000000417 -3.339355495532612e-15 -0.8660254037844146 0.5000000000000417 -3.339355495532612e-15 -0.8660254037844146 0.5000000000000417 -3.339355495532612e-15 -0.8660254037844146 0.5000000000000417 1 0 5.341563017731478e-15 1 0 5.341563017731478e-15 1 0 5.341563017731478e-15 1 0 5.341563017731478e-15 1 0 5.341563017731478e-15 1 0 5.341563017731478e-15 1 0 5.341563017731478e-15 1 0 5.341563017731478e-15 1 0 5.341563017731478e-15 1 0 5.341563017731478e-15 1 0 5.341563017731478e-15 1 0 5.341563017731478e-15 1 0 5.341563017731478e-15 1 0 5.341563017731478e-15 1 0 5.341563017731478e-15 1 0 5.341563017731478e-15 1 0 5.341563017731478e-15 1 0 5.341563017731478e-15 1 0 5.341563017731478e-15 1 0 5.341563017731478e-15 1 0 5.341563017731478e-15 1 0 5.341563017731478e-15 1 0 5.341563017731478e-15 1 0 5.341563017731478e-15 1 5.246784685863737e-15 0 1 5.246784685863737e-15 0 1 5.246784685863737e-15 0 1 5.246784685863737e-15 0 1 5.246784685863737e-15 0 1 5.246784685863737e-15 0 1 5.246784685863737e-15 0 1 5.246784685863737e-15 0 1 5.246784685863737e-15 0 1 5.246784685863737e-15 0 1 5.246784685863737e-15 0 1 5.246784685863737e-15 0 1 5.246784685863737e-15 0 1 5.246784685863737e-15 0 1 5.246784685863737e-15 0 1 5.246784685863737e-15 0 1 5.246784685863737e-15 0 1 5.246784685863737e-15 0 1 5.246784685863737e-15 0 1 5.246784685863737e-15 0 1 5.246784685863737e-15 0 1 5.246784685863737e-15 0 1 5.246784685863737e-15 0 1 5.246784685863737e-15 0 2.789043044415e-15 0.8660254037844237 0.5000000000000258 2.789043044415e-15 0.8660254037844237 0.5000000000000258 2.789043044415e-15 0.8660254037844237 0.5000000000000258 2.789043044415e-15 0.8660254037844237 0.5000000000000258 2.789043044415e-15 0.8660254037844237 0.5000000000000258 2.789043044415e-15 0.8660254037844237 0.5000000000000258 2.789043044415e-15 0.8660254037844237 0.5000000000000258 2.789043044415e-15 0.8660254037844237 0.5000000000000258 2.789043044415e-15 0.8660254037844237 0.5000000000000258 2.789043044415e-15 0.8660254037844237 0.5000000000000258 2.789043044415e-15 0.8660254037844237 0.5000000000000258 -2.458046802602382e-15 -0.8660254037844237 0.500000000000026 -2.458046802602382e-15 -0.8660254037844237 0.500000000000026 -2.458046802602382e-15 -0.8660254037844237 0.500000000000026 -2.458046802602382e-15 -0.8660254037844237 0.500000000000026 -2.458046802602382e-15 -0.8660254037844237 0.500000000000026 -2.458046802602382e-15 -0.8660254037844237 0.500000000000026 -2.458046802602382e-15 -0.8660254037844237 0.500000000000026 -2.458046802602382e-15 -0.8660254037844237 0.500000000000026 -2.458046802602382e-15 -0.8660254037844237 0.500000000000026 -2.458046802602382e-15 -0.8660254037844237 0.500000000000026 -6.366870392111028e-16 1.776356839400919e-13 1 -6.366870392111028e-16 1.776356839400919e-13 1 -6.366870392111028e-16 1.776356839400919e-13 1 0 0 1 0 0 1 0 0 1 0 0 1 0 0 1 0 0 1 0 0 1 0 0 1 0 0 1 0 0 1 0 0 1 0 0 1 0 0 1 0 0 1 0 0 1 0 0 1 0 0 1 0 0 1 0 0 1 0 0 1 0 0 1 0 0 1 0 0 1 0 0 1 0 0 1 0 0 1 0 0 1 0 0 1 0 0 1 0 0 1 0 0 1 0 0 1 0 0 1 0 -1.776356839400243e-13 1 0 -1.776356839400243e-13 1 0 -1.776356839400243e-13 1 6.36687039211556e-16 0 1 6.36687039211556e-16 0 1 6.36687039211556e-16 0 1 6.366870392115539e-16 -6.366870392115458e-16 1 6.366870392115539e-16 -6.366870392115458e-16 1 6.366870392115539e-16 -6.366870392115458e-16 1 0 -1.77635683940025e-13 1 0 -1.77635683940025e-13 1 0 -1.77635683940025e-13 1 0 0 1 0 0 1 0 0 1 0 0 1 0 0 1 0 0 1 -6.366870392111042e-16 1.769989969008177e-13 1 -6.366870392111042e-16 1.769989969008177e-13 1 -6.366870392111042e-16 1.769989969008177e-13 1 -1.774421810163427e-13 0 1 -1.774421810163427e-13 0 1 -1.774421810163427e-13 0 1 0 0 1 0 0 1 0 0 1 -1.778291868637074e-13 0 1 -1.778291868637074e-13 0 1 -1.778291868637074e-13 0 1 0 0 1 0 0 1 0 0 1 0 0 1 0 0 1 0 0 1 -6.321554588612948e-16 0 -1 -6.321554588612948e-16 0 -1 -6.321554588612948e-16 0 -1 -6.299137728369665e-16 -6.2991377283698e-16 -1 -6.299137728369665e-16 -6.2991377283698e-16 -1 -6.299137728369665e-16 -6.2991377283698e-16 -1 -6.321554588612972e-16 -6.321554588610863e-16 -1 -6.321554588612972e-16 -6.321554588610863e-16 -1 -6.321554588612972e-16 -6.321554588610863e-16 -1 0 0 -1 0 0 -1 0 0 -1 -1.776356839400253e-13 0 -1 -1.776356839400253e-13 0 -1 -1.776356839400253e-13 0 -1 0 0 -1 0 0 -1 0 0 -1 0 0 -1 0 0 -1 0 0 -1 -6.344131569286565e-16 0 -1 -6.344131569286565e-16 0 -1 -6.344131569286565e-16 0 -1 -6.34413156928659e-16 -6.344131569287122e-16 -1 -6.34413156928659e-16 -6.344131569287122e-16 -1 -6.34413156928659e-16 -6.344131569287122e-16 -1 0 -1.77635683940092e-13 -1 0 -1.77635683940092e-13 -1 0 -1.77635683940092e-13 -1 0 0 -1 0 0 -1 0 0 -1 0 0 -1 0 0 -1 0 0 -1 0 0 -1 0 0 -1 0 0 -1 -1.776356839400253e-13 0 -1 -1.776356839400253e-13 0 -1 -1.776356839400253e-13 0 -1 0 -1.776356839400246e-13 -1 0 -1.776356839400246e-13 -1 0 -1.776356839400246e-13 -1 6.38977280359799e-16 0 -1 6.38977280359799e-16 0 -1 6.38977280359799e-16 0 -1 0 0 -1 0 0 -1 0 0 -1 6.344131569291198e-16 1.776356839400252e-13 -1 6.344131569291198e-16 1.776356839400252e-13 -1 6.344131569291198e-16 1.776356839400252e-13 -1 6.344131569291181e-16 1.770012707830638e-13 -1 6.344131569291181e-16 1.770012707830638e-13 -1 6.344131569291181e-16 1.770012707830638e-13 -1 -6.321554588612962e-16 0 -1 -6.321554588612962e-16 0 -1 -6.321554588612962e-16 0 -1 -6.321554588618688e-16 -1.770035284811953e-13 -1 -6.321554588618688e-16 -1.770035284811953e-13 -1 -6.321554588618688e-16 -1.770035284811953e-13 -1 -6.299137728369628e-16 6.299137728370776e-16 -1 -6.299137728369628e-16 6.299137728370776e-16 -1 -6.299137728369628e-16 6.299137728370776e-16 -1 1.774426016749054e-13 0 -1 1.774426016749054e-13 0 -1 1.774426016749054e-13 0 -1 0 0 -1 0 0 -1 0 0 -1 -2.381722100929352e-15 -0.866025403784428 -0.5000000000000184 -2.381722100929352e-15 -0.866025403784428 -0.5000000000000184 -2.381722100929352e-15 -0.866025403784428 -0.5000000000000184 -2.381722100929352e-15 -0.866025403784428 -0.5000000000000184 -2.381722100929352e-15 -0.866025403784428 -0.5000000000000184 -2.381722100929352e-15 -0.866025403784428 -0.5000000000000184 -2.381722100929352e-15 -0.866025403784428 -0.5000000000000184 -2.381722100929352e-15 -0.866025403784428 -0.5000000000000184 -2.381722100929352e-15 -0.866025403784428 -0.5000000000000184 -2.381722100929352e-15 -0.866025403784428 -0.5000000000000184 -2.381722100929352e-15 -0.866025403784428 -0.5000000000000184 3.126180115717875e-15 0.8660254037844358 -0.5000000000000049 3.126180115717875e-15 0.8660254037844358 -0.5000000000000049 3.126180115717875e-15 0.8660254037844358 -0.5000000000000049 3.126180115717875e-15 0.8660254037844358 -0.5000000000000049 3.126180115717875e-15 0.8660254037844358 -0.5000000000000049 3.126180115717875e-15 0.8660254037844358 -0.5000000000000049 3.126180115717875e-15 0.8660254037844358 -0.5000000000000049 3.126180115717875e-15 0.8660254037844358 -0.5000000000000049 3.126180115717875e-15 0.8660254037844358 -0.5000000000000049 3.126180115717875e-15 0.8660254037844358 -0.5000000000000049 3.126180115717875e-15 0.8660254037844358 -0.5000000000000049 3.126180115717875e-15 0.8660254037844358 -0.5000000000000049 3.126180115717875e-15 0.8660254037844358 -0.5000000000000049 -0.8660254037844459 1.513902169572131e-15 0.4999999999999875 -0.8660254037844459 1.513902169572131e-15 0.4999999999999875 -0.8660254037844459 1.513902169572131e-15 0.4999999999999875 -0.8660254037844459 1.513902169572131e-15 0.4999999999999875 -0.8660254037844459 1.513902169572131e-15 0.4999999999999875 -0.8660254037844459 1.513902169572131e-15 0.4999999999999875 -0.8660254037844459 1.513902169572131e-15 0.4999999999999875 -0.8660254037844459 1.513902169572131e-15 0.4999999999999875 -0.8660254037844459 1.513902169572131e-15 0.4999999999999875 -0.8660254037844459 1.513902169572131e-15 0.4999999999999875 -0.8660254037844459 1.513902169572131e-15 0.4999999999999875 -0.8660254037844459 1.513902169572131e-15 0.4999999999999875 -0.8660254037844459 1.513902169572131e-15 0.4999999999999875 -0.8660254037844459 1.513902169572131e-15 0.4999999999999875 0.8660254037844499 -1.534519732364894e-15 0.4999999999999805 0.8660254037844499 -1.534519732364894e-15 0.4999999999999805 0.8660254037844499 -1.534519732364894e-15 0.4999999999999805 0.8660254037844499 -1.534519732364894e-15 0.4999999999999805 0.8660254037844499 -1.534519732364894e-15 0.4999999999999805 0.8660254037844499 -1.534519732364894e-15 0.4999999999999805 0.8660254037844499 -1.534519732364894e-15 0.4999999999999805 0.8660254037844499 -1.534519732364894e-15 0.4999999999999805 0.8660254037844499 -1.534519732364894e-15 0.4999999999999805 0.8660254037844499 -1.534519732364894e-15 0.4999999999999805 0.8660254037844499 -1.534519732364894e-15 0.4999999999999805 0.8660254037844499 -1.534519732364894e-15 0.4999999999999805 0.8660254037844499 -1.534519732364894e-15 0.4999999999999805 0.8660254037844378 -1.487701237293528e-15 -0.5000000000000014 0.8660254037844378 -1.487701237293528e-15 -0.5000000000000014 0.8660254037844378 -1.487701237293528e-15 -0.5000000000000014 0.8660254037844378 -1.487701237293528e-15 -0.5000000000000014 0.8660254037844378 -1.487701237293528e-15 -0.5000000000000014 0.8660254037844378 -1.487701237293528e-15 -0.5000000000000014 0.8660254037844378 -1.487701237293528e-15 -0.5000000000000014 0.8660254037844378 -1.487701237293528e-15 -0.5000000000000014 0.8660254037844378 -1.487701237293528e-15 -0.5000000000000014 0.8660254037844378 -1.487701237293528e-15 -0.5000000000000014 0.8660254037844378 -1.487701237293528e-15 -0.5000000000000014 0.8660254037844378 -1.487701237293528e-15 -0.5000000000000014 0.8660254037844378 -1.487701237293528e-15 -0.5000000000000014 0.8660254037844378 -1.487701237293528e-15 -0.5000000000000014 -0.8660254037844332 1.499705677842769e-15 -0.5000000000000094 -0.8660254037844332 1.499705677842769e-15 -0.5000000000000094 -0.8660254037844332 1.499705677842769e-15 -0.5000000000000094 -0.8660254037844332 1.499705677842769e-15 -0.5000000000000094 -0.8660254037844332 1.499705677842769e-15 -0.5000000000000094 -0.8660254037844332 1.499705677842769e-15 -0.5000000000000094 -0.8660254037844332 1.499705677842769e-15 -0.5000000000000094 -0.8660254037844332 1.499705677842769e-15 -0.5000000000000094 -0.8660254037844332 1.499705677842769e-15 -0.5000000000000094 -0.8660254037844332 1.499705677842769e-15 -0.5000000000000094 -0.8660254037844332 1.499705677842769e-15 -0.5000000000000094 -0.8660254037844332 1.499705677842769e-15 -0.5000000000000094 -0.8660254037844332 1.499705677842769e-15 -0.5000000000000094 -0.8660254037844332 1.499705677842769e-15 -0.5000000000000094 2.681149776723975e-15 0.8660254037844349 0.5000000000000064 2.681149776723975e-15 0.8660254037844349 0.5000000000000064 2.681149776723975e-15 0.8660254037844349 0.5000000000000064 2.681149776723975e-15 0.8660254037844349 0.5000000000000064 2.681149776723975e-15 0.8660254037844349 0.5000000000000064 2.681149776723975e-15 0.8660254037844349 0.5000000000000064 2.681149776723975e-15 0.8660254037844349 0.5000000000000064 2.681149776723975e-15 0.8660254037844349 0.5000000000000064 2.681149776723975e-15 0.8660254037844349 0.5000000000000064 2.681149776723975e-15 0.8660254037844349 0.5000000000000064 2.681149776723975e-15 0.8660254037844349 0.5000000000000064 2.681149776723975e-15 0.8660254037844349 0.5000000000000064 2.681149776723975e-15 0.8660254037844349 0.5000000000000064 -2.773718632083085e-15 -0.8660254037844338 0.5000000000000083 -2.773718632083085e-15 -0.8660254037844338 0.5000000000000083 -2.773718632083085e-15 -0.8660254037844338 0.5000000000000083 -2.773718632083085e-15 -0.8660254037844338 0.5000000000000083 -2.773718632083085e-15 -0.8660254037844338 0.5000000000000083 -2.773718632083085e-15 -0.8660254037844338 0.5000000000000083 -2.773718632083085e-15 -0.8660254037844338 0.5000000000000083 -2.773718632083085e-15 -0.8660254037844338 0.5000000000000083 -2.773718632083085e-15 -0.8660254037844338 0.5000000000000083 -2.773718632083085e-15 -0.8660254037844338 0.5000000000000083 -2.773718632083085e-15 -0.8660254037844338 0.5000000000000083 -2.773718632083085e-15 -0.8660254037844338 0.5000000000000083 -2.773718632083085e-15 -0.8660254037844338 0.5000000000000083 2.896424576315006e-15 0.8660254037844294 -0.500000000000016 2.896424576315006e-15 0.8660254037844294 -0.500000000000016 2.896424576315006e-15 0.8660254037844294 -0.500000000000016 2.896424576315006e-15 0.8660254037844294 -0.500000000000016 2.896424576315006e-15 0.8660254037844294 -0.500000000000016 2.896424576315006e-15 0.8660254037844294 -0.500000000000016 2.896424576315006e-15 0.8660254037844294 -0.500000000000016 2.896424576315006e-15 0.8660254037844294 -0.500000000000016 2.896424576315006e-15 0.8660254037844294 -0.500000000000016 2.896424576315006e-15 0.8660254037844294 -0.500000000000016 2.896424576315006e-15 0.8660254037844294 -0.500000000000016 2.896424576315006e-15 0.8660254037844294 -0.500000000000016 2.896424576315006e-15 0.8660254037844294 -0.500000000000016 -2.89122939287209e-15 -0.8660254037844393 -0.4999999999999988 -2.89122939287209e-15 -0.8660254037844393 -0.4999999999999988 -2.89122939287209e-15 -0.8660254037844393 -0.4999999999999988 -2.89122939287209e-15 -0.8660254037844393 -0.4999999999999988 -2.89122939287209e-15 -0.8660254037844393 -0.4999999999999988 -2.89122939287209e-15 -0.8660254037844393 -0.4999999999999988 -2.89122939287209e-15 -0.8660254037844393 -0.4999999999999988 -2.89122939287209e-15 -0.8660254037844393 -0.4999999999999988 -2.89122939287209e-15 -0.8660254037844393 -0.4999999999999988 -2.89122939287209e-15 -0.8660254037844393 -0.4999999999999988 -2.89122939287209e-15 -0.8660254037844393 -0.4999999999999988</float_array>
          <technique_common>
            <accessor source="#representation-1079068-material-3732-normals-array" count="2574" stride="3">
              <param name="X" type="float"/>
              <param name="Y" type="float"/>
              <param name="Z" type="float"/>
            </accessor>
          </technique_common>
        </source>
        <vertices id="representation-1079068-material-3732-vertices">
          <input semantic="POSITION" source="#representation-1079068-material-3732-positions"/>
        </vertices>
        <triangles material="IfcMaterial-3732" count="1586">
          <input semantic="VERTEX" source="#representation-1079068-material-3732-vertices" offset="0"/>
          <input semantic="NORMAL" source="#representation-1079068-material-3732-normals" offset="1"/>
          <p>3 3 0 0 1 1 3 3 1 1 2 2 4 4 5 5 6 6 4 4 6 6 7 7 9 9 10 10 11 11 9 9 11 11 8 8 13 13 12 12 14 14 13 13 14 14 15 15 18 18 16 16 17 17 19 19 16 16 18 18 23 23 21 21 22 22 20 20 21 21 23 23 27 27 24 24 25 25 27 27 25 25 26 26 28 28 29 29 30 30 28 28 30 30 31 31 35 35 32 32 33 33 35 35 33 33 34 34 38 38 37 37 36 36 38 38 39 39 37 37 43 43 40 40 41 41 43 43 41 41 42 42 46 46 44 44 45 45 46 46 47 47 44 44 51 51 48 48 49 49 51 51 49 49 50 50 52 52 53 53 54 54 52 52 54 54 55 55 59 59 56 56 57 57 59 59 57 57 58 58 62 62 61 61 60 60 62 62 63 63 61 61 67 67 64 64 65 65 67 67 65 65 66 66 70 70 68 68 69 69 70 70 71 71 68 68 75 75 72 72 73 73 75 75 73 73 74 74 76 76 77 77 78 78 76 76 78 78 79 79 81 81 82 82 83 83 81 81 83 83 80 80 85 85 84 84 86 86 85 85 86 86 87 87 91 91 89 89 90 90 88 88 89 89 91 91 94 94 92 92 93 93 95 95 92 92 94 94 99 99 96 96 97 97 99 99 97 97 98 98 100 100 101 101 102 102 100 100 102 102 103 103 105 105 106 106 107 107 105 105 107 107 104 104 109 109 108 108 110 110 109 109 110 110 111 111 112 112 113 113 114 114 112 112 114 114 115 115 119 119 116 116 117 117 119 119 117 117 118 118 123 123 120 120 121 121 123 123 121 121 122 122 124 124 125 125 126 126 124 124 126 126 127 127 131 131 128 128 129 129 131 131 129 129 130 130 133 133 132 132 134 134 133 133 134 134 135 135 136 136 138 138 139 139 137 137 138 138 136 136 141 141 143 143 140 140 142 142 143 143 141 141 145 145 146 146 147 147 145 145 147 147 144 144 150 150 148 148 149 149 150 150 151 151 148 148 153 153 154 154 155 155 153 153 155 155 152 152 157 157 156 156 158 158 157 157 158 158 159 159 163 163 161 161 162 162 160 160 161 161 163 163 166 166 164 164 165 165 167 167 164 164 166 166 171 171 168 168 169 169 171 171 169 169 170 170 172 172 173 173 174 174 172 172 174 174 175 175 177 177 178 178 179 179 177 177 179 179 176 176 181 181 180 180 182 182 181 181 182 182 183 183 184 184 186 186 187 187 185 185 186 186 184 184 189 189 191 191 188 188 190 190 191 191 189 189 193 193 194 194 195 195 193 193 195 195 192 192 196 196 197 197 198 198 196 196 198 198 199 199 201 201 202 202 203 203 201 201 203 203 200 200 205 205 204 204 206 206 205 205 206 206 207 207 210 210 208 208 209 209 211 211 208 208 210 210 215 215 213 213 214 214 212 212 213 213 215 215 219 219 216 216 217 217 219 219 217 217 218 218 220 220 221 221 222 222 220 220 222 222 223 223 225 225 226 226 227 227 225 225 227 227 224 224 229 229 228 228 230 230 229 229 230 230 231 231 232 232 234 234 235 235 233 233 234 234 232 232 237 237 239 239 236 236 238 238 239 239 237 237 246 246 243 243 244 244 246 246 244 244 245 245 247 247 243 243 246 246 240 240 241 241 242 242 263 263 242 242 243 243 263 263 240 240 242 242 263 263 243 243 247 247 250 250 248 248 249 249 251 251 247 247 248 248 251 251 248 248 250 250 260 260 261 261 262 262 259 259 262 262 263 263 259 259 263 263 247 247 259 259 260 260 262 262 254 254 252 252 253 253 255 255 251 251 252 252 255 255 258 258 259 259 255 255 247 247 251 251 255 255 259 259 247 247 255 255 252 252 254 254 256 256 258 258 255 255 257 257 258 258 256 256 284 284 285 285 286 286 284 284 286 286 287 287 283 283 284 284 287 287 266 266 264 264 265 265 267 267 287 287 264 264 267 267 283 283 287 287 267 267 264 264 266 266 280 280 281 281 282 282 279 279 282 282 283 283 279 279 280 280 282 282 270 270 268 268 269 269 271 271 267 267 268 268 271 271 283 283 267 267 271 271 268 268 270 270 276 276 277 277 278 278 276 276 278 278 279 279 275 275 271 271 272 272 275 275 279 279 283 283 275 275 276 276 279 279 275 275 283 283 271 271 274 274 275 275 272 272 273 273 274 274 272 272 289 289 290 290 288 288 291 291 293 293 292 292 295 295 296 296 294 294 299 299 298 298 297 297 300 300 302 302 301 301 305 305 303 303 304 304 306 306 308 308 307 307 311 311 309 309 310 310 312 312 313 313 314 314 316 316 317 317 315 315 318 318 319 319 320 320 321 321 322 322 323 323 325 325 324 324 326 326 328 328 327 327 329 329 332 332 330 330 331 331 334 334 335 335 333 333 338 338 336 336 337 337 339 339 340 340 341 341 342 342 344 344 343 343 346 346 347 347 345 345 350 350 348 348 349 349 353 353 351 351 352 352 354 354 355 355 356 356 357 357 359 359 358 358 369 369 370 370 371 371 368 368 369 369 371 371 367 367 368 368 371 371 366 366 360 360 361 361 366 366 361 361 362 362 366 366 362 362 363 363 366 366 363 363 364 364 366 366 364 364 365 365 366 366 371 371 372 372 366 366 372 372 360 360 366 366 367 367 371 371 375 375 376 376 377 377 374 374 375 375 377 377 373 373 374 374 377 377 383 383 377 377 378 378 383 383 378 378 379 379 383 383 379 379 380 380 383 383 380 380 381 381 383 383 381 381 382 382 383 383 373 373 377 377 384 384 385 385 386 386 387 387 388 388 389 389 392 392 391 391 390 390 395 395 394 394 393 393 397 397 398 398 396 396 399 399 400 400 401 401 404 404 402 402 403 403 405 405 406 406 407 407 409 409 410 410 408 408 413 413 411 411 412 412 415 415 414 414 416 416 417 417 419 419 418 418 422 422 420 420 421 421 423 423 424 424 425 425 428 428 426 426 427 427 431 431 429 429 430 430 434 434 433 433 432 432 437 437 435 435 436 436 440 440 438 438 439 439 442 442 443 443 441 441 446 446 444 444 445 445 448 448 447 447 449 449 451 451 450 450 452 452 453 453 455 455 454 454 463 463 456 456 457 457 463 463 457 457 458 458 463 463 464 464 465 465 463 463 465 465 456 456 462 462 463 463 458 458 461 461 462 462 458 458 460 460 461 461 458 458 459 459 460 460 458 458 472 472 466 466 467 467 472 472 473 473 474 474 472 472 474 474 475 475 472 472 475 475 466 466 471 471 472 472 467 467 470 470 471 471 467 467 469 469 470 470 467 467 468 468 469 469 467 467 477 477 478 478 479 479 476 476 479 479 480 480 476 476 480 480 481 481 476 476 477 477 479 479 488 488 481 481 482 482 488 488 482 482 483 483 488 488 476 476 481 481 487 487 483 483 484 484 487 487 484 484 485 485 487 487 488 488 483 483 486 486 487 487 485 485 499 499 489 489 490 490 499 499 500 500 489 489 498 498 490 490 491 491 498 498 499 499 490 490 497 497 491 491 492 492 497 497 498 498 491 491 496 496 492 492 493 493 496 496 497 497 492 492 495 495 493 493 494 494 495 495 496 496 493 493 507 507 508 508 509 509 507 507 509 509 510 510 506 506 510 510 511 511 506 506 507 507 510 510 505 505 506 506 511 511 504 504 511 511 512 512 504 504 505 505 511 511 503 503 504 504 512 512 501 501 512 512 502 502 501 501 503 503 512 512 521 521 522 522 523 523 521 521 523 523 524 524 520 520 524 524 525 525 520 520 521 521 524 524 519 519 520 520 525 525 518 518 525 525 513 513 518 518 519 519 525 525 517 517 518 518 513 513 516 516 513 513 514 514 516 516 517 517 513 513 515 515 516 516 514 514 533 533 526 526 527 527 533 533 527 527 528 528 533 533 534 534 535 535 533 533 535 535 526 526 532 532 533 533 528 528 531 531 532 532 528 528 530 530 531 531 528 528 529 529 530 530 528 528 537 537 536 536 538 538 537 537 538 538 539 539 537 537 539 539 540 540 537 537 540 540 541 541 537 537 541 541 542 542 546 546 537 537 542 542 545 545 546 546 542 542 544 544 545 545 542 542 543 543 544 544 542 542 547 547 548 548 549 549 559 559 547 547 549 549 558 558 559 559 549 549 557 557 549 549 550 550 557 557 550 550 551 551 557 557 551 551 552 552 557 557 552 552 553 553 557 557 553 553 554 554 557 557 554 554 555 555 557 557 555 555 556 556 557 557 558 558 549 549 560 560 561 561 562 562 571 571 560 560 562 562 570 570 571 571 562 562 569 569 562 562 563 563 569 569 563 563 564 564 569 569 564 564 565 565 569 569 565 565 566 566 569 569 566 566 567 567 569 569 567 567 568 568 569 569 570 570 562 562 578 578 575 575 576 576 578 578 576 576 577 577 579 579 575 575 578 578 572 572 573 573 574 574 595 595 574 574 575 575 595 595 572 572 574 574 595 595 575 575 579 579 582 582 580 580 581 581 583 583 579 579 580 580 583 583 580 580 582 582 592 592 593 593 594 594 592 592 594 594 595 595 591 591 595 595 579 579 591 591 592 592 595 595 586 586 584 584 585 585 587 587 583 583 584 584 587 587 590 590 591 591 587 587 579 579 583 583 587 587 591 591 579 579 587 587 584 584 586 586 588 588 590 590 587 587 589 589 590 590 588 588 616 616 617 617 618 618 616 616 618 618 619 619 615 615 616 616 619 619 598 598 596 596 597 597 599 599 619 619 596 596 599 599 615 615 619 619 599 599 596 596 598 598 612 612 613 613 614 614 611 611 614 614 615 615 611 611 612 612 614 614 602 602 600 600 601 601 603 603 599 599 600 600 603 603 615 615 599 599 603 603 600 600 602 602 608 608 609 609 610 610 608 608 610 610 611 611 607 607 611 611 615 615 607 607 608 608 611 611 607 607 615 615 603 603 606 606 603 603 604 604 606 606 607 607 603 603 605 605 606 606 604 604 621 621 622 622 620 620 623 623 625 625 624 624 628 628 626 626 627 627 631 631 630 630 629 629 632 632 634 634 633 633 637 637 635 635 636 636 638 638 640 640 639 639 643 643 641 641 642 642 646 646 644 644 645 645 648 648 649 649 647 647 650 650 651 651 652 652 653 653 654 654 655 655 657 657 656 656 658 658 660 660 659 659 661 661 664 664 662 662 663 663 666 666 667 667 665 665 670 670 668 668 669 669 671 671 672 672 673 673 674 674 676 676 675 675 679 679 677 677 678 678 682 682 680 680 681 681 685 685 683 683 684 684 686 686 687 687 688 688 689 689 691 691 690 690 701 701 702 702 703 703 700 700 701 701 703 703 699 699 700 700 703 703 698 698 692 692 693 693 698 698 693 693 694 694 698 698 694 694 695 695 698 698 695 695 696 696 698 698 696 696 697 697 698 698 703 703 704 704 698 698 704 704 692 692 698 698 699 699 703 703 707 707 708 708 709 709 706 706 707 707 709 709 705 705 706 706 709 709 715 715 709 709 710 710 715 715 710 710 711 711 715 715 711 711 712 712 715 715 712 712 713 713 715 715 713 713 714 714 715 715 705 705 709 709 718 718 716 716 717 717 719 719 720 720 721 721 724 724 723 723 722 722 727 727 726 726 725 725 729 729 730 730 728 728 732 732 733 733 731 731 736 736 734 734 735 735 739 739 737 737 738 738 741 741 742 742 740 740 744 744 745 745 743 743 747 747 746 746 748 748 750 750 749 749 751 751 754 754 752 752 753 753 755 755 756 756 757 757 760 760 758 758 759 759 763 763 761 761 762 762 766 766 765 765 764 764 769 769 767 767 768 768 772 772 770 770 771 771 774 774 775 775 773 773 778 778 776 776 777 777 780 780 779 779 781 781 783 783 782 782 784 784 785 785 787 787 786 786 795 795 788 788 789 789 795 795 789 789 790 790 795 795 796 796 797 797 795 795 797 797 788 788 794 794 795 795 790 790 793 793 794 794 790 790 792 792 793 793 790 790 791 791 792 792 790 790 804 804 798 798 799 799 804 804 805 805 806 806 804 804 806 806 807 807 804 804 807 807 798 798 803 803 804 804 799 799 802 802 803 803 799 799 801 801 802 802 799 799 800 800 801 801 799 799 809 809 810 810 811 811 808 808 811 811 812 812 808 808 812 812 813 813 808 808 809 809 811 811 820 820 813 813 814 814 820 820 814 814 815 815 820 820 808 808 813 813 819 819 815 815 816 816 819 819 816 816 817 817 819 819 820 820 815 815 818 818 819 819 817 817 831 831 821 821 822 822 831 831 832 832 821 821 830 830 822 822 823 823 830 830 831 831 822 822 829 829 823 823 824 824 829 829 830 830 823 823 828 828 824 824 825 825 828 828 829 829 824 824 827 827 825 825 826 826 827 827 828 828 825 825 839 839 840 840 841 841 839 839 841 841 842 842 838 838 842 842 843 843 838 838 839 839 842 842 837 837 838 838 843 843 836 836 843 843 844 844 836 836 837 837 843 843 835 835 836 836 844 844 833 833 844 844 834 834 833 833 835 835 844 844 853 853 854 854 855 855 853 853 855 855 856 856 852 852 856 856 857 857 852 852 853 853 856 856 851 851 852 852 857 857 850 850 857 857 845 845 850 850 851 851 857 857 849 849 850 850 845 845 848 848 845 845 846 846 848 848 849 849 845 845 847 847 848 848 846 846 865 865 858 858 859 859 865 865 859 859 860 860 865 865 866 866 867 867 865 865 867 867 858 858 864 864 865 865 860 860 863 863 864 864 860 860 862 862 863 863 860 860 861 861 862 862 860 860 869 869 868 868 870 870 869 869 870 870 871 871 869 869 871 871 872 872 869 869 872 872 873 873 869 869 873 873 874 874 878 878 869 869 874 874 877 877 878 878 874 874 876 876 877 877 874 874 875 875 876 876 874 874 879 879 880 880 881 881 891 891 879 879 881 881 890 890 891 891 881 881 889 889 881 881 882 882 889 889 882 882 883 883 889 889 883 883 884 884 889 889 884 884 885 885 889 889 885 885 886 886 889 889 886 886 887 887 889 889 887 887 888 888 889 889 890 890 881 881 892 892 893 893 894 894 903 903 892 892 894 894 902 902 903 903 894 894 901 901 894 894 895 895 901 901 895 895 896 896 901 901 896 896 897 897 901 901 897 897 898 898 901 901 898 898 899 899 901 901 899 899 900 900 901 901 902 902 894 894 910 910 907 907 908 908 910 910 908 908 909 909 911 911 907 907 910 910 904 904 905 905 906 906 927 927 906 906 907 907 927 927 904 904 906 906 927 927 907 907 911 911 914 914 912 912 913 913 915 915 911 911 912 912 915 915 912 912 914 914 924 924 925 925 926 926 924 924 926 926 927 927 923 923 927 927 911 911 923 923 924 924 927 927 918 918 916 916 917 917 919 919 915 915 916 916 919 919 922 922 923 923 919 919 911 911 915 915 919 919 923 923 911 911 919 919 916 916 918 918 920 920 922 922 919 919 921 921 922 922 920 920 948 948 949 949 950 950 948 948 950 950 951 951 947 947 948 948 951 951 930 930 928 928 929 929 931 931 951 951 928 928 931 931 947 947 951 951 931 931 928 928 930 930 944 944 945 945 946 946 943 943 946 946 947 947 943 943 944 944 946 946 934 934 932 932 933 933 935 935 931 931 932 932 935 935 947 947 931 931 935 935 932 932 934 934 940 940 941 941 942 942 940 940 942 942 943 943 939 939 935 935 936 936 939 939 943 943 947 947 939 939 940 940 943 943 939 939 947 947 935 935 938 938 939 939 936 936 937 937 938 938 936 936 953 953 954 954 952 952 956 956 955 955 957 957 959 959 960 960 958 958 961 961 963 963 962 962 964 964 966 966 965 965 969 969 967 967 968 968 970 970 972 972 971 971 975 975 973 973 974 974 976 976 977 977 978 978 979 979 980 980 981 981 982 982 983 983 984 984 985 985 986 986 987 987 989 989 988 988 990 990 992 992 991 991 993 993 995 995 996 996 994 994 998 998 999 999 997 997 1002 1002 1000 1000 1001 1001 1003 1003 1004 1004 1005 1005 1008 1008 1007 1007 1006 1006 1011 1011 1009 1009 1010 1010 1013 1013 1014 1014 1012 1012 1016 1016 1017 1017 1015 1015 1018 1018 1019 1019 1020 1020 1021 1021 1023 1023 1022 1022 1033 1033 1034 1034 1035 1035 1032 1032 1033 1033 1035 1035 1031 1031 1032 1032 1035 1035 1030 1030 1024 1024 1025 1025 1030 1030 1025 1025 1026 1026 1030 1030 1026 1026 1027 1027 1030 1030 1027 1027 1028 1028 1030 1030 1028 1028 1029 1029 1030 1030 1035 1035 1036 1036 1030 1030 1036 1036 1024 1024 1030 1030 1031 1031 1035 1035 1039 1039 1040 1040 1041 1041 1038 1038 1039 1039 1041 1041 1037 1037 1038 1038 1041 1041 1047 1047 1041 1041 1042 1042 1047 1047 1042 1042 1043 1043 1047 1047 1043 1043 1044 1044 1047 1047 1044 1044 1045 1045 1047 1047 1045 1045 1046 1046 1047 1047 1037 1037 1041 1041 1050 1050 1048 1048 1049 1049 1051 1051 1052 1052 1053 1053 1056 1056 1055 1055 1054 1054 1057 1057 1059 1059 1058 1058 1061 1061 1062 1062 1060 1060 1064 1064 1065 1065 1063 1063 1068 1068 1066 1066 1067 1067 1069 1069 1070 1070 1071 1071 1073 1073 1074 1074 1072 1072 1077 1077 1075 1075 1076 1076 1079 1079 1078 1078 1080 1080 1082 1082 1081 1081 1083 1083 1086 1086 1084 1084 1085 1085 1087 1087 1088 1088 1089 1089 1092 1092 1090 1090 1091 1091 1093 1093 1094 1094 1095 1095 1098 1098 1097 1097 1096 1096 1101 1101 1099 1099 1100 1100 1104 1104 1102 1102 1103 1103 1106 1106 1107 1107 1105 1105 1110 1110 1108 1108 1109 1109 1112 1112 1111 1111 1113 1113 1115 1115 1114 1114 1116 1116 1117 1117 1119 1119 1118 1118 1127 1127 1120 1120 1121 1121 1127 1127 1121 1121 1122 1122 1127 1127 1128 1128 1129 1129 1127 1127 1129 1129 1120 1120 1126 1126 1127 1127 1122 1122 1125 1125 1126 1126 1122 1122 1124 1124 1125 1125 1122 1122 1123 1123 1124 1124 1122 1122 1136 1136 1130 1130 1131 1131 1136 1136 1137 1137 1138 1138 1136 1136 1138 1138 1139 1139 1136 1136 1139 1139 1130 1130 1135 1135 1136 1136 1131 1131 1134 1134 1135 1135 1131 1131 1133 1133 1134 1134 1131 1131 1132 1132 1133 1133 1131 1131 1141 1141 1142 1142 1143 1143 1140 1140 1143 1143 1144 1144 1140 1140 1144 1144 1145 1145 1140 1140 1141 1141 1143 1143 1152 1152 1145 1145 1146 1146 1152 1152 1146 1146 1147 1147 1152 1152 1140 1140 1145 1145 1151 1151 1147 1147 1148 1148 1151 1151 1148 1148 1149 1149 1151 1151 1152 1152 1147 1147 1150 1150 1151 1151 1149 1149 1163 1163 1153 1153 1154 1154 1163 1163 1164 1164 1153 1153 1162 1162 1154 1154 1155 1155 1162 1162 1163 1163 1154 1154 1161 1161 1155 1155 1156 1156 1161 1161 1162 1162 1155 1155 1160 1160 1156 1156 1157 1157 1160 1160 1161 1161 1156 1156 1159 1159 1157 1157 1158 1158 1159 1159 1160 1160 1157 1157 1171 1171 1172 1172 1173 1173 1171 1171 1173 1173 1174 1174 1170 1170 1174 1174 1175 1175 1170 1170 1171 1171 1174 1174 1169 1169 1170 1170 1175 1175 1168 1168 1175 1175 1176 1176 1168 1168 1169 1169 1175 1175 1167 1167 1168 1168 1176 1176 1165 1165 1176 1176 1166 1166 1165 1165 1167 1167 1176 1176 1185 1185 1186 1186 1187 1187 1185 1185 1187 1187 1188 1188 1184 1184 1188 1188 1189 1189 1184 1184 1185 1185 1188 1188 1183 1183 1184 1184 1189 1189 1182 1182 1189 1189 1177 1177 1182 1182 1183 1183 1189 1189 1181 1181 1182 1182 1177 1177 1180 1180 1177 1177 1178 1178 1180 1180 1181 1181 1177 1177 1179 1179 1180 1180 1178 1178 1197 1197 1190 1190 1191 1191 1197 1197 1191 1191 1192 1192 1197 1197 1198 1198 1199 1199 1197 1197 1199 1199 1190 1190 1196 1196 1197 1197 1192 1192 1195 1195 1196 1196 1192 1192 1194 1194 1195 1195 1192 1192 1193 1193 1194 1194 1192 1192 1201 1201 1200 1200 1202 1202 1201 1201 1202 1202 1203 1203 1201 1201 1203 1203 1204 1204 1201 1201 1204 1204 1205 1205 1201 1201 1205 1205 1206 1206 1210 1210 1201 1201 1206 1206 1209 1209 1210 1210 1206 1206 1208 1208 1209 1209 1206 1206 1207 1207 1208 1208 1206 1206 1211 1211 1212 1212 1213 1213 1223 1223 1211 1211 1213 1213 1222 1222 1223 1223 1213 1213 1221 1221 1213 1213 1214 1214 1221 1221 1214 1214 1215 1215 1221 1221 1215 1215 1216 1216 1221 1221 1216 1216 1217 1217 1221 1221 1217 1217 1218 1218 1221 1221 1218 1218 1219 1219 1221 1221 1219 1219 1220 1220 1221 1221 1222 1222 1213 1213 1224 1224 1225 1225 1226 1226 1235 1235 1224 1224 1226 1226 1234 1234 1235 1235 1226 1226 1233 1233 1226 1226 1227 1227 1233 1233 1227 1227 1228 1228 1233 1233 1228 1228 1229 1229 1233 1233 1229 1229 1230 1230 1233 1233 1230 1230 1231 1231 1233 1233 1231 1231 1232 1232 1233 1233 1234 1234 1226 1226 1242 1242 1239 1239 1240 1240 1242 1242 1240 1240 1241 1241 1243 1243 1239 1239 1242 1242 1236 1236 1237 1237 1238 1238 1259 1259 1238 1238 1239 1239 1259 1259 1236 1236 1238 1238 1259 1259 1239 1239 1243 1243 1246 1246 1244 1244 1245 1245 1247 1247 1243 1243 1244 1244 1247 1247 1244 1244 1246 1246 1256 1256 1257 1257 1258 1258 1256 1256 1258 1258 1259 1259 1255 1255 1259 1259 1243 1243 1255 1255 1256 1256 1259 1259 1250 1250 1248 1248 1249 1249 1251 1251 1247 1247 1248 1248 1251 1251 1254 1254 1255 1255 1251 1251 1243 1243 1247 1247 1251 1251 1255 1255 1243 1243 1251 1251 1248 1248 1250 1250 1252 1252 1254 1254 1251 1251 1253 1253 1254 1254 1252 1252 1278 1278 1275 1275 1276 1276 1278 1278 1276 1276 1277 1277 1279 1279 1275 1275 1278 1278 1272 1272 1273 1273 1274 1274 1272 1272 1274 1274 1275 1275 1271 1271 1272 1272 1275 1275 1282 1282 1280 1280 1281 1281 1283 1283 1279 1279 1280 1280 1283 1283 1280 1280 1282 1282 1268 1268 1269 1269 1270 1270 1268 1268 1270 1270 1271 1271 1267 1267 1275 1275 1279 1279 1267 1267 1271 1271 1275 1275 1267 1267 1268 1268 1271 1271 1262 1262 1260 1260 1261 1261 1263 1263 1283 1283 1260 1260 1263 1263 1267 1267 1279 1279 1263 1263 1279 1279 1283 1283 1263 1263 1260 1260 1262 1262 1264 1264 1266 1266 1267 1267 1264 1264 1267 1267 1263 1263 1265 1265 1266 1266 1264 1264 1285 1285 1286 1286 1284 1284 1287 1287 1289 1289 1288 1288 1291 1291 1292 1292 1290 1290 1295 1295 1294 1294 1293 1293 1296 1296 1298 1298 1297 1297 1301 1301 1299 1299 1300 1300 1302 1302 1304 1304 1303 1303 1307 1307 1305 1305 1306 1306 1308 1308 1309 1309 1310 1310 1311 1311 1312 1312 1313 1313 1314 1314 1315 1315 1316 1316 1317 1317 1318 1318 1319 1319 1321 1321 1320 1320 1322 1322 1324 1324 1323 1323 1325 1325 1328 1328 1326 1326 1327 1327 1330 1330 1331 1331 1329 1329 1334 1334 1332 1332 1333 1333 1335 1335 1336 1336 1337 1337 1338 1338 1340 1340 1339 1339 1342 1342 1343 1343 1341 1341 1345 1345 1346 1346 1344 1344 1348 1348 1349 1349 1347 1347 1350 1350 1351 1351 1352 1352 1353 1353 1355 1355 1354 1354 1365 1365 1366 1366 1367 1367 1364 1364 1365 1365 1367 1367 1363 1363 1364 1364 1367 1367 1362 1362 1356 1356 1357 1357 1362 1362 1357 1357 1358 1358 1362 1362 1358 1358 1359 1359 1362 1362 1359 1359 1360 1360 1362 1362 1360 1360 1361 1361 1362 1362 1367 1367 1368 1368 1362 1362 1368 1368 1356 1356 1362 1362 1363 1363 1367 1367 1371 1371 1372 1372 1373 1373 1370 1370 1371 1371 1373 1373 1369 1369 1370 1370 1373 1373 1379 1379 1373 1373 1374 1374 1379 1379 1374 1374 1375 1375 1379 1379 1375 1375 1376 1376 1379 1379 1376 1376 1377 1377 1379 1379 1377 1377 1378 1378 1379 1379 1369 1369 1373 1373 1382 1382 1380 1380 1381 1381 1383 1383 1384 1384 1385 1385 1388 1388 1387 1387 1386 1386 1389 1389 1391 1391 1390 1390 1393 1393 1394 1394 1392 1392 1396 1396 1397 1397 1395 1395 1400 1400 1398 1398 1399 1399 1401 1401 1402 1402 1403 1403 1405 1405 1406 1406 1404 1404 1409 1409 1407 1407 1408 1408 1411 1411 1410 1410 1412 1412 1413 1413 1415 1415 1414 1414 1418 1418 1416 1416 1417 1417 1419 1419 1420 1420 1421 1421 1424 1424 1422 1422 1423 1423 1425 1425 1426 1426 1427 1427 1430 1430 1429 1429 1428 1428 1433 1433 1431 1431 1432 1432 1436 1436 1434 1434 1435 1435 1438 1438 1439 1439 1437 1437 1442 1442 1440 1440 1441 1441 1444 1444 1443 1443 1445 1445 1446 1446 1448 1448 1447 1447 1449 1449 1451 1451 1450 1450 1459 1459 1452 1452 1453 1453 1459 1459 1453 1453 1454 1454 1459 1459 1460 1460 1461 1461 1459 1459 1461 1461 1452 1452 1458 1458 1459 1459 1454 1454 1457 1457 1458 1458 1454 1454 1456 1456 1457 1457 1454 1454 1455 1455 1456 1456 1454 1454 1468 1468 1462 1462 1463 1463 1468 1468 1469 1469 1470 1470 1468 1468 1470 1470 1471 1471 1468 1468 1471 1471 1462 1462 1467 1467 1468 1468 1463 1463 1466 1466 1467 1467 1463 1463 1465 1465 1466 1466 1463 1463 1464 1464 1465 1465 1463 1463 1473 1473 1474 1474 1475 1475 1472 1472 1475 1475 1476 1476 1472 1472 1476 1476 1477 1477 1472 1472 1473 1473 1475 1475 1484 1484 1477 1477 1478 1478 1484 1484 1478 1478 1479 1479 1484 1484 1472 1472 1477 1477 1483 1483 1479 1479 1480 1480 1483 1483 1480 1480 1481 1481 1483 1483 1484 1484 1479 1479 1482 1482 1483 1483 1481 1481 1495 1495 1485 1485 1486 1486 1495 1495 1496 1496 1485 1485 1494 1494 1486 1486 1487 1487 1494 1494 1495 1495 1486 1486 1493 1493 1487 1487 1488 1488 1493 1493 1494 1494 1487 1487 1492 1492 1488 1488 1489 1489 1492 1492 1493 1493 1488 1488 1491 1491 1489 1489 1490 1490 1491 1491 1492 1492 1489 1489 1503 1503 1504 1504 1505 1505 1503 1503 1505 1505 1506 1506 1502 1502 1506 1506 1507 1507 1502 1502 1503 1503 1506 1506 1501 1501 1502 1502 1507 1507 1500 1500 1507 1507 1508 1508 1500 1500 1501 1501 1507 1507 1499 1499 1500 1500 1508 1508 1497 1497 1508 1508 1498 1498 1497 1497 1499 1499 1508 1508 1517 1517 1518 1518 1519 1519 1517 1517 1519 1519 1520 1520 1516 1516 1520 1520 1521 1521 1516 1516 1517 1517 1520 1520 1515 1515 1516 1516 1521 1521 1514 1514 1521 1521 1509 1509 1514 1514 1515 1515 1521 1521 1513 1513 1514 1514 1509 1509 1512 1512 1509 1509 1510 1510 1512 1512 1513 1513 1509 1509 1511 1511 1512 1512 1510 1510 1529 1529 1522 1522 1523 1523 1529 1529 1523 1523 1524 1524 1529 1529 1530 1530 1531 1531 1529 1529 1531 1531 1522 1522 1528 1528 1529 1529 1524 1524 1527 1527 1528 1528 1524 1524 1526 1526 1527 1527 1524 1524 1525 1525 1526 1526 1524 1524 1533 1533 1532 1532 1534 1534 1533 1533 1534 1534 1535 1535 1533 1533 1535 1535 1536 1536 1533 1533 1536 1536 1537 1537 1533 1533 1537 1537 1538 1538 1542 1542 1533 1533 1538 1538 1541 1541 1542 1542 1538 1538 1540 1540 1541 1541 1538 1538 1539 1539 1540 1540 1538 1538 1543 1543 1544 1544 1545 1545 1555 1555 1543 1543 1545 1545 1554 1554 1555 1555 1545 1545 1553 1553 1545 1545 1546 1546 1553 1553 1546 1546 1547 1547 1553 1553 1547 1547 1548 1548 1553 1553 1548 1548 1549 1549 1553 1553 1549 1549 1550 1550 1553 1553 1550 1550 1551 1551 1553 1553 1551 1551 1552 1552 1553 1553 1554 1554 1545 1545 1556 1556 1557 1557 1558 1558 1567 1567 1556 1556 1558 1558 1566 1566 1567 1567 1558 1558 1565 1565 1558 1558 1559 1559 1565 1565 1559 1559 1560 1560 1565 1565 1560 1560 1561 1561 1565 1565 1561 1561 1562 1562 1565 1565 1562 1562 1563 1563 1565 1565 1563 1563 1564 1564 1565 1565 1566 1566 1558 1558 1574 1574 1571 1571 1572 1572 1574 1574 1572 1572 1573 1573 1575 1575 1571 1571 1574 1574 1568 1568 1569 1569 1570 1570 1591 1591 1570 1570 1571 1571 1591 1591 1568 1568 1570 1570 1591 1591 1571 1571 1575 1575 1578 1578 1576 1576 1577 1577 1579 1579 1575 1575 1576 1576 1579 1579 1576 1576 1578 1578 1588 1588 1589 1589 1590 1590 1588 1588 1590 1590 1591 1591 1587 1587 1591 1591 1575 1575 1587 1587 1588 1588 1591 1591 1582 1582 1580 1580 1581 1581 1583 1583 1579 1579 1580 1580 1583 1583 1586 1586 1587 1587 1583 1583 1575 1575 1579 1579 1583 1583 1587 1587 1575 1575 1583 1583 1580 1580 1582 1582 1584 1584 1586 1586 1583 1583 1585 1585 1586 1586 1584 1584 1612 1612 1613 1613 1614 1614 1612 1612 1614 1614 1615 1615 1611 1611 1612 1612 1615 1615 1594 1594 1592 1592 1593 1593 1595 1595 1615 1615 1592 1592 1595 1595 1611 1611 1615 1615 1595 1595 1592 1592 1594 1594 1608 1608 1609 1609 1610 1610 1607 1607 1610 1610 1611 1611 1607 1607 1608 1608 1610 1610 1598 1598 1596 1596 1597 1597 1599 1599 1595 1595 1596 1596 1599 1599 1611 1611 1595 1595 1599 1599 1596 1596 1598 1598 1604 1604 1605 1605 1606 1606 1604 1604 1606 1606 1607 1607 1603 1603 1599 1599 1600 1600 1603 1603 1607 1607 1611 1611 1603 1603 1604 1604 1607 1607 1603 1603 1611 1611 1599 1599 1602 1602 1603 1603 1600 1600 1601 1601 1602 1602 1600 1600 1616 1616 1617 1617 1618 1618 1619 1619 1621 1621 1620 1620 1623 1623 1624 1624 1622 1622 1627 1627 1626 1626 1625 1625 1628 1628 1630 1630 1629 1629 1632 1632 1633 1633 1631 1631 1634 1634 1636 1636 1635 1635 1638 1638 1639 1639 1637 1637 1640 1640 1641 1641 1642 1642 1643 1643 1644 1644 1645 1645 1646 1646 1647 1647 1648 1648 1649 1649 1650 1650 1651 1651 1653 1653 1652 1652 1654 1654 1656 1656 1655 1655 1657 1657 1660 1660 1658 1658 1659 1659 1661 1661 1662 1662 1663 1663 1665 1665 1666 1666 1664 1664 1667 1667 1668 1668 1669 1669 1670 1670 1672 1672 1671 1671 1674 1674 1675 1675 1673 1673 1677 1677 1678 1678 1676 1676 1680 1680 1681 1681 1679 1679 1682 1682 1683 1683 1684 1684 1685 1685 1687 1687 1686 1686 1697 1697 1698 1698 1699 1699 1696 1696 1697 1697 1699 1699 1695 1695 1696 1696 1699 1699 1694 1694 1688 1688 1689 1689 1694 1694 1689 1689 1690 1690 1694 1694 1690 1690 1691 1691 1694 1694 1691 1691 1692 1692 1694 1694 1692 1692 1693 1693 1694 1694 1699 1699 1700 1700 1694 1694 1700 1700 1688 1688 1694 1694 1695 1695 1699 1699 1703 1703 1704 1704 1705 1705 1702 1702 1703 1703 1705 1705 1701 1701 1702 1702 1705 1705 1711 1711 1705 1705 1706 1706 1711 1711 1706 1706 1707 1707 1711 1711 1707 1707 1708 1708 1711 1711 1708 1708 1709 1709 1711 1711 1709 1709 1710 1710 1711 1711 1701 1701 1705 1705 1714 1714 1712 1712 1713 1713 1715 1715 1716 1716 1717 1717 1720 1720 1719 1719 1718 1718 1721 1721 1723 1723 1722 1722 1725 1725 1726 1726 1724 1724 1728 1728 1729 1729 1727 1727 1732 1732 1730 1730 1731 1731 1733 1733 1734 1734 1735 1735 1737 1737 1738 1738 1736 1736 1741 1741 1739 1739 1740 1740 1743 1743 1742 1742 1744 1744 1746 1746 1745 1745 1747 1747 1750 1750 1748 1748 1749 1749 1751 1751 1752 1752 1753 1753 1756 1756 1754 1754 1755 1755 1757 1757 1758 1758 1759 1759 1762 1762 1761 1761 1760 1760 1765 1765 1763 1763 1764 1764 1768 1768 1766 1766 1767 1767 1770 1770 1771 1771 1769 1769 1774 1774 1772 1772 1773 1773 1776 1776 1775 1775 1777 1777 1779 1779 1778 1778 1780 1780 1781 1781 1783 1783 1782 1782 1791 1791 1784 1784 1785 1785 1791 1791 1785 1785 1786 1786 1791 1791 1792 1792 1793 1793 1791 1791 1793 1793 1784 1784 1790 1790 1791 1791 1786 1786 1789 1789 1790 1790 1786 1786 1788 1788 1789 1789 1786 1786 1787 1787 1788 1788 1786 1786 1800 1800 1794 1794 1795 1795 1800 1800 1801 1801 1802 1802 1800 1800 1802 1802 1803 1803 1800 1800 1803 1803 1794 1794 1799 1799 1800 1800 1795 1795 1798 1798 1799 1799 1795 1795 1797 1797 1798 1798 1795 1795 1796 1796 1797 1797 1795 1795 1805 1805 1806 1806 1807 1807 1804 1804 1807 1807 1808 1808 1804 1804 1808 1808 1809 1809 1804 1804 1805 1805 1807 1807 1816 1816 1809 1809 1810 1810 1816 1816 1810 1810 1811 1811 1816 1816 1804 1804 1809 1809 1815 1815 1811 1811 1812 1812 1815 1815 1812 1812 1813 1813 1815 1815 1816 1816 1811 1811 1814 1814 1815 1815 1813 1813 1827 1827 1817 1817 1818 1818 1827 1827 1828 1828 1817 1817 1826 1826 1818 1818 1819 1819 1826 1826 1827 1827 1818 1818 1825 1825 1819 1819 1820 1820 1825 1825 1826 1826 1819 1819 1824 1824 1820 1820 1821 1821 1824 1824 1825 1825 1820 1820 1823 1823 1821 1821 1822 1822 1823 1823 1824 1824 1821 1821 1835 1835 1836 1836 1837 1837 1835 1835 1837 1837 1838 1838 1834 1834 1838 1838 1839 1839 1834 1834 1835 1835 1838 1838 1833 1833 1834 1834 1839 1839 1832 1832 1839 1839 1840 1840 1832 1832 1833 1833 1839 1839 1831 1831 1832 1832 1840 1840 1829 1829 1840 1840 1830 1830 1829 1829 1831 1831 1840 1840 1849 1849 1850 1850 1851 1851 1849 1849 1851 1851 1852 1852 1848 1848 1852 1852 1853 1853 1848 1848 1849 1849 1852 1852 1847 1847 1848 1848 1853 1853 1846 1846 1853 1853 1841 1841 1846 1846 1847 1847 1853 1853 1845 1845 1846 1846 1841 1841 1844 1844 1841 1841 1842 1842 1844 1844 1845 1845 1841 1841 1843 1843 1844 1844 1842 1842 1861 1861 1854 1854 1855 1855 1861 1861 1855 1855 1856 1856 1861 1861 1862 1862 1863 1863 1861 1861 1863 1863 1854 1854 1860 1860 1861 1861 1856 1856 1859 1859 1860 1860 1856 1856 1858 1858 1859 1859 1856 1856 1857 1857 1858 1858 1856 1856 1865 1865 1864 1864 1866 1866 1865 1865 1866 1866 1867 1867 1865 1865 1867 1867 1868 1868 1865 1865 1868 1868 1869 1869 1865 1865 1869 1869 1870 1870 1874 1874 1865 1865 1870 1870 1873 1873 1874 1874 1870 1870 1872 1872 1873 1873 1870 1870 1871 1871 1872 1872 1870 1870 1875 1875 1876 1876 1877 1877 1887 1887 1875 1875 1877 1877 1886 1886 1887 1887 1877 1877 1885 1885 1877 1877 1878 1878 1885 1885 1878 1878 1879 1879 1885 1885 1879 1879 1880 1880 1885 1885 1880 1880 1881 1881 1885 1885 1881 1881 1882 1882 1885 1885 1882 1882 1883 1883 1885 1885 1883 1883 1884 1884 1885 1885 1886 1886 1877 1877 1888 1888 1889 1889 1890 1890 1899 1899 1888 1888 1890 1890 1898 1898 1899 1899 1890 1890 1897 1897 1890 1890 1891 1891 1897 1897 1891 1891 1892 1892 1897 1897 1892 1892 1893 1893 1897 1897 1893 1893 1894 1894 1897 1897 1894 1894 1895 1895 1897 1897 1895 1895 1896 1896 1897 1897 1898 1898 1890 1890 1906 1906 1903 1903 1904 1904 1906 1906 1904 1904 1905 1905 1907 1907 1903 1903 1906 1906 1900 1900 1901 1901 1902 1902 1923 1923 1902 1902 1903 1903 1923 1923 1900 1900 1902 1902 1923 1923 1903 1903 1907 1907 1910 1910 1908 1908 1909 1909 1911 1911 1907 1907 1908 1908 1911 1911 1908 1908 1910 1910 1920 1920 1921 1921 1922 1922 1920 1920 1922 1922 1923 1923 1919 1919 1923 1923 1907 1907 1919 1919 1920 1920 1923 1923 1914 1914 1912 1912 1913 1913 1915 1915 1911 1911 1912 1912 1915 1915 1907 1907 1911 1911 1915 1915 1919 1919 1907 1907 1915 1915 1912 1912 1914 1914 1916 1916 1918 1918 1919 1919 1916 1916 1919 1919 1915 1915 1917 1917 1918 1918 1916 1916 1944 1944 1945 1945 1946 1946 1944 1944 1946 1946 1947 1947 1943 1943 1944 1944 1947 1947 1926 1926 1924 1924 1925 1925 1927 1927 1947 1947 1924 1924 1927 1927 1943 1943 1947 1947 1927 1927 1924 1924 1926 1926 1940 1940 1941 1941 1942 1942 1939 1939 1942 1942 1943 1943 1939 1939 1940 1940 1942 1942 1930 1930 1928 1928 1929 1929 1931 1931 1927 1927 1928 1928 1931 1931 1943 1943 1927 1927 1931 1931 1928 1928 1930 1930 1936 1936 1937 1937 1938 1938 1936 1936 1938 1938 1939 1939 1935 1935 1939 1939 1943 1943 1935 1935 1936 1936 1939 1939 1935 1935 1943 1943 1931 1931 1934 1934 1931 1931 1932 1932 1934 1934 1935 1935 1931 1931 1933 1933 1934 1934 1932 1932 1949 1949 1950 1950 1948 1948 1951 1951 1953 1953 1952 1952 1956 1956 1954 1954 1955 1955 1959 1959 1958 1958 1957 1957 1960 1960 1962 1962 1961 1961 1965 1965 1963 1963 1964 1964 1966 1966 1968 1968 1967 1967 1971 1971 1969 1969 1970 1970 1974 1974 1972 1972 1973 1973 1976 1976 1977 1977 1975 1975 1978 1978 1979 1979 1980 1980 1981 1981 1982 1982 1983 1983 1985 1985 1984 1984 1986 1986 1988 1988 1987 1987 1989 1989 1992 1992 1990 1990 1991 1991 1994 1994 1995 1995 1993 1993 1998 1998 1996 1996 1997 1997 1999 1999 2000 2000 2001 2001 2002 2002 2004 2004 2003 2003 2007 2007 2005 2005 2006 2006 2010 2010 2008 2008 2009 2009 2013 2013 2011 2011 2012 2012 2014 2014 2015 2015 2016 2016 2017 2017 2019 2019 2018 2018 2029 2029 2030 2030 2031 2031 2028 2028 2029 2029 2031 2031 2027 2027 2028 2028 2031 2031 2026 2026 2020 2020 2021 2021 2026 2026 2021 2021 2022 2022 2026 2026 2022 2022 2023 2023 2026 2026 2023 2023 2024 2024 2026 2026 2024 2024 2025 2025 2026 2026 2031 2031 2032 2032 2026 2026 2032 2032 2020 2020 2026 2026 2027 2027 2031 2031 2035 2035 2036 2036 2037 2037 2034 2034 2035 2035 2037 2037 2033 2033 2034 2034 2037 2037 2043 2043 2037 2037 2038 2038 2043 2043 2038 2038 2039 2039 2043 2043 2039 2039 2040 2040 2043 2043 2040 2040 2041 2041 2043 2043 2041 2041 2042 2042 2043 2043 2033 2033 2037 2037 2044 2044 2045 2045 2046 2046 2047 2047 2048 2048 2049 2049 2052 2052 2051 2051 2050 2050 2055 2055 2054 2054 2053 2053 2057 2057 2058 2058 2056 2056 2059 2059 2060 2060 2061 2061 2064 2064 2062 2062 2063 2063 2067 2067 2065 2065 2066 2066 2069 2069 2070 2070 2068 2068 2072 2072 2073 2073 2071 2071 2075 2075 2074 2074 2076 2076 2078 2078 2077 2077 2079 2079 2082 2082 2080 2080 2081 2081 2083 2083 2084 2084 2085 2085 2088 2088 2086 2086 2087 2087 2091 2091 2089 2089 2090 2090 2094 2094 2093 2093 2092 2092 2097 2097 2095 2095 2096 2096 2100 2100 2098 2098 2099 2099 2102 2102 2103 2103 2101 2101 2106 2106 2104 2104 2105 2105 2108 2108 2107 2107 2109 2109 2111 2111 2110 2110 2112 2112 2113 2113 2115 2115 2114 2114 2123 2123 2116 2116 2117 2117 2123 2123 2117 2117 2118 2118 2123 2123 2124 2124 2125 2125 2123 2123 2125 2125 2116 2116 2122 2122 2123 2123 2118 2118 2121 2121 2122 2122 2118 2118 2120 2120 2121 2121 2118 2118 2119 2119 2120 2120 2118 2118 2132 2132 2126 2126 2127 2127 2132 2132 2133 2133 2134 2134 2132 2132 2134 2134 2135 2135 2132 2132 2135 2135 2126 2126 2131 2131 2132 2132 2127 2127 2130 2130 2131 2131 2127 2127 2129 2129 2130 2130 2127 2127 2128 2128 2129 2129 2127 2127 2137 2137 2138 2138 2139 2139 2136 2136 2139 2139 2140 2140 2136 2136 2140 2140 2141 2141 2136 2136 2137 2137 2139 2139 2148 2148 2141 2141 2142 2142 2148 2148 2142 2142 2143 2143 2148 2148 2136 2136 2141 2141 2147 2147 2143 2143 2144 2144 2147 2147 2144 2144 2145 2145 2147 2147 2148 2148 2143 2143 2146 2146 2147 2147 2145 2145 2159 2159 2149 2149 2150 2150 2159 2159 2160 2160 2149 2149 2158 2158 2150 2150 2151 2151 2158 2158 2159 2159 2150 2150 2157 2157 2151 2151 2152 2152 2157 2157 2158 2158 2151 2151 2156 2156 2152 2152 2153 2153 2156 2156 2157 2157 2152 2152 2155 2155 2153 2153 2154 2154 2155 2155 2156 2156 2153 2153 2167 2167 2168 2168 2169 2169 2167 2167 2169 2169 2170 2170 2166 2166 2170 2170 2171 2171 2166 2166 2167 2167 2170 2170 2165 2165 2166 2166 2171 2171 2164 2164 2171 2171 2172 2172 2164 2164 2165 2165 2171 2171 2163 2163 2164 2164 2172 2172 2161 2161 2172 2172 2162 2162 2161 2161 2163 2163 2172 2172 2181 2181 2182 2182 2183 2183 2181 2181 2183 2183 2184 2184 2180 2180 2184 2184 2185 2185 2180 2180 2181 2181 2184 2184 2179 2179 2180 2180 2185 2185 2178 2178 2185 2185 2173 2173 2178 2178 2179 2179 2185 2185 2177 2177 2178 2178 2173 2173 2176 2176 2173 2173 2174 2174 2176 2176 2177 2177 2173 2173 2175 2175 2176 2176 2174 2174 2193 2193 2186 2186 2187 2187 2193 2193 2187 2187 2188 2188 2193 2193 2194 2194 2195 2195 2193 2193 2195 2195 2186 2186 2192 2192 2193 2193 2188 2188 2191 2191 2192 2192 2188 2188 2190 2190 2191 2191 2188 2188 2189 2189 2190 2190 2188 2188 2197 2197 2196 2196 2198 2198 2197 2197 2198 2198 2199 2199 2197 2197 2199 2199 2200 2200 2197 2197 2200 2200 2201 2201 2197 2197 2201 2201 2202 2202 2206 2206 2197 2197 2202 2202 2205 2205 2206 2206 2202 2202 2204 2204 2205 2205 2202 2202 2203 2203 2204 2204 2202 2202 2207 2207 2208 2208 2209 2209 2219 2219 2207 2207 2209 2209 2218 2218 2219 2219 2209 2209 2217 2217 2209 2209 2210 2210 2217 2217 2210 2210 2211 2211 2217 2217 2211 2211 2212 2212 2217 2217 2212 2212 2213 2213 2217 2217 2213 2213 2214 2214 2217 2217 2214 2214 2215 2215 2217 2217 2215 2215 2216 2216 2217 2217 2218 2218 2209 2209 2220 2220 2221 2221 2222 2222 2231 2231 2220 2220 2222 2222 2230 2230 2231 2231 2222 2222 2229 2229 2222 2222 2223 2223 2229 2229 2223 2223 2224 2224 2229 2229 2224 2224 2225 2225 2229 2229 2225 2225 2226 2226 2229 2229 2226 2226 2227 2227 2229 2229 2227 2227 2228 2228 2229 2229 2230 2230 2222 2222 2236 2236 2237 2237 2238 2238 2235 2235 2238 2238 2239 2239 2235 2235 2236 2236 2238 2238 2242 2242 2240 2240 2241 2241 2243 2243 2239 2239 2240 2240 2243 2243 2240 2240 2242 2242 2232 2232 2233 2233 2234 2234 2255 2255 2234 2234 2235 2235 2255 2255 2232 2232 2234 2234 2246 2246 2244 2244 2245 2245 2247 2247 2243 2243 2244 2244 2247 2247 2244 2244 2246 2246 2252 2252 2253 2253 2254 2254 2251 2251 2247 2247 2248 2248 2251 2251 2254 2254 2255 2255 2251 2251 2235 2235 2239 2239 2251 2251 2239 2239 2243 2243 2251 2251 2255 2255 2235 2235 2251 2251 2243 2243 2247 2247 2251 2251 2252 2252 2254 2254 2250 2250 2251 2251 2248 2248 2249 2249 2250 2250 2248 2248 2278 2278 2276 2276 2277 2277 2279 2279 2275 2275 2276 2276 2279 2279 2276 2276 2278 2278 2272 2272 2273 2273 2274 2274 2272 2272 2274 2274 2275 2275 2271 2271 2272 2272 2275 2275 2258 2258 2256 2256 2257 2257 2259 2259 2279 2279 2256 2256 2259 2259 2256 2256 2258 2258 2268 2268 2269 2269 2270 2270 2267 2267 2270 2270 2271 2271 2267 2267 2268 2268 2270 2270 2262 2262 2260 2260 2261 2261 2263 2263 2259 2259 2260 2260 2263 2263 2266 2266 2267 2267 2263 2263 2275 2275 2279 2279 2263 2263 2271 2271 2275 2275 2263 2263 2279 2279 2259 2259 2263 2263 2267 2267 2271 2271 2263 2263 2260 2260 2262 2262 2264 2264 2266 2266 2263 2263 2265 2265 2266 2266 2264 2264 2281 2281 2280 2280 2282 2282 2281 2281 2282 2282 2283 2283 2281 2281 2283 2283 2284 2284 2281 2281 2284 2284 2285 2285 2281 2281 2285 2285 2286 2286 2290 2290 2281 2281 2286 2286 2289 2289 2290 2290 2286 2286 2288 2288 2289 2289 2286 2286 2287 2287 2288 2288 2286 2286 2294 2294 2295 2295 2296 2296 2294 2294 2296 2296 2297 2297 2294 2294 2297 2297 2298 2298 2294 2294 2298 2298 2299 2299 2293 2293 2294 2294 2299 2299 2292 2292 2293 2293 2299 2299 2291 2291 2292 2292 2299 2299 2300 2300 2291 2291 2299 2299 2302 2302 2303 2303 2301 2301 2304 2304 2305 2305 2306 2306 2309 2309 2307 2307 2308 2308 2312 2312 2310 2310 2311 2311 2314 2314 2315 2315 2313 2313 2316 2316 2318 2318 2317 2317 2319 2319 2320 2320 2321 2321 2323 2323 2322 2322 2324 2324 2326 2326 2327 2327 2325 2325 2328 2328 2329 2329 2330 2330 2332 2332 2333 2333 2331 2331 2334 2334 2335 2335 2336 2336 2338 2338 2339 2339 2337 2337 2342 2342 2340 2340 2341 2341 2344 2344 2345 2345 2343 2343 2347 2347 2348 2348 2346 2346 2349 2349 2351 2351 2350 2350 2352 2352 2353 2353 2354 2354 2355 2355 2356 2356 2357 2357 2360 2360 2359 2359 2358 2358 2361 2361 2363 2363 2362 2362 2365 2365 2364 2364 2366 2366 2368 2368 2367 2367 2369 2369 2370 2370 2372 2372 2371 2371 2374 2374 2375 2375 2373 2373 2377 2377 2376 2376 2378 2378 2381 2381 2379 2379 2380 2380 2382 2382 2384 2384 2383 2383 2385 2385 2387 2387 2386 2386 2390 2390 2388 2388 2389 2389 2391 2391 2393 2393 2392 2392 2396 2396 2394 2394 2395 2395 2399 2399 2397 2397 2398 2398 2400 2400 2401 2401 2402 2402 2403 2403 2404 2404 2405 2405 2406 2406 2407 2407 2408 2408 2411 2411 2410 2410 2409 2409 2413 2413 2412 2412 2414 2414 2415 2415 2416 2416 2417 2417 2419 2419 2418 2418 2420 2420 2422 2422 2423 2423 2421 2421 2424 2424 2425 2425 2426 2426 2429 2429 2428 2428 2427 2427 2432 2432 2430 2430 2431 2431 2433 2433 2434 2434 2435 2435 2436 2436 2437 2437 2438 2438 2441 2441 2439 2439 2440 2440 2442 2442 2444 2444 2443 2443 2452 2452 2453 2453 2454 2454 2451 2451 2452 2452 2454 2454 2450 2450 2451 2451 2454 2454 2449 2449 2445 2445 2446 2446 2449 2449 2446 2446 2447 2447 2449 2449 2447 2447 2448 2448 2449 2449 2454 2454 2455 2455 2449 2449 2455 2455 2445 2445 2449 2449 2450 2450 2454 2454 2460 2460 2461 2461 2462 2462 2459 2459 2460 2460 2462 2462 2458 2458 2459 2459 2462 2462 2457 2457 2462 2462 2463 2463 2457 2457 2463 2463 2464 2464 2457 2457 2464 2464 2465 2465 2457 2457 2465 2465 2466 2466 2457 2457 2466 2466 2467 2467 2457 2457 2467 2467 2468 2468 2457 2457 2468 2468 2456 2456 2457 2457 2458 2458 2462 2462 2480 2480 2481 2481 2482 2482 2480 2480 2482 2482 2469 2469 2479 2479 2480 2480 2469 2469 2478 2478 2469 2469 2470 2470 2478 2478 2479 2479 2469 2469 2477 2477 2478 2478 2470 2470 2476 2476 2470 2470 2471 2471 2476 2476 2477 2477 2470 2470 2475 2475 2471 2471 2472 2472 2475 2475 2476 2476 2471 2471 2474 2474 2472 2472 2473 2473 2474 2474 2475 2475 2472 2472 2484 2484 2485 2485 2486 2486 2484 2484 2486 2486 2487 2487 2483 2483 2484 2484 2487 2487 2495 2495 2487 2487 2488 2488 2495 2495 2483 2483 2487 2487 2494 2494 2495 2495 2488 2488 2493 2493 2488 2488 2489 2489 2493 2493 2494 2494 2488 2488 2492 2492 2493 2493 2489 2489 2491 2491 2489 2489 2490 2490 2491 2491 2492 2492 2489 2489 2505 2505 2506 2506 2507 2507 2504 2504 2505 2505 2507 2507 2503 2503 2507 2507 2508 2508 2503 2503 2504 2504 2507 2507 2502 2502 2503 2503 2508 2508 2501 2501 2508 2508 2509 2509 2501 2501 2502 2502 2508 2508 2500 2500 2509 2509 2496 2496 2500 2500 2501 2501 2509 2509 2499 2499 2496 2496 2497 2497 2499 2499 2500 2500 2496 2496 2498 2498 2499 2499 2497 2497 2515 2515 2516 2516 2517 2517 2515 2515 2517 2517 2518 2518 2514 2514 2518 2518 2519 2519 2514 2514 2515 2515 2518 2518 2513 2513 2519 2519 2520 2520 2513 2513 2520 2520 2521 2521 2513 2513 2514 2514 2519 2519 2512 2512 2521 2521 2522 2522 2512 2512 2522 2522 2523 2523 2512 2512 2513 2513 2521 2521 2510 2510 2523 2523 2511 2511 2510 2510 2512 2512 2523 2523 2532 2532 2533 2533 2534 2534 2531 2531 2532 2532 2534 2534 2530 2530 2531 2531 2534 2534 2529 2529 2524 2524 2525 2525 2529 2529 2525 2525 2526 2526 2529 2529 2526 2526 2527 2527 2529 2529 2527 2527 2528 2528 2529 2529 2534 2534 2535 2535 2529 2529 2535 2535 2536 2536 2529 2529 2536 2536 2524 2524 2529 2529 2530 2530 2534 2534 2539 2539 2540 2540 2541 2541 2538 2538 2539 2539 2541 2541 2537 2537 2538 2538 2541 2541 2549 2549 2541 2541 2542 2542 2549 2549 2542 2542 2543 2543 2549 2549 2543 2543 2544 2544 2549 2549 2544 2544 2545 2545 2549 2549 2545 2545 2546 2546 2549 2549 2546 2546 2547 2547 2549 2549 2547 2547 2548 2548 2549 2549 2537 2537 2541 2541 2553 2553 2554 2554 2555 2555 2553 2553 2555 2555 2556 2556 2553 2553 2556 2556 2557 2557 2553 2553 2557 2557 2558 2558 2553 2553 2558 2558 2559 2559 2553 2553 2559 2559 2560 2560 2553 2553 2560 2560 2561 2561 2552 2552 2553 2553 2561 2561 2551 2551 2552 2552 2561 2561 2550 2550 2551 2551 2561 2561 2562 2562 2550 2550 2561 2561 2567 2567 2568 2568 2569 2569 2567 2567 2569 2569 2570 2570 2567 2567 2570 2570 2571 2571 2567 2567 2571 2571 2572 2572 2567 2567 2572 2572 2573 2573 2566 2566 2567 2567 2573 2573 2565 2565 2566 2566 2573 2573 2564 2564 2565 2565 2573 2573 2563 2563 2564 2564 2573 2573</p>
        </triangles>
      </mesh>
    </geometry>
  </library_geometries>
  <library_visual_scenes>
    <visual_scene id="IfcOpenShell">
      <node id="product-8f7875d6-1dfd-4348-bc09-b4c6606cf3b3-body" name="product-8f7875d6-1dfd-4348-bc09-b4c6606cf3b3-body" type="NODE">
        <matrix>1 0 0 -0.7115952722359253 0 1 0 -2.321595272235907 0 0 1 -0.4486602540378452 0 0 0 1</matrix>
        <instance_geometry url="#representation-1079068-material-3732">
          <bind_material>
            <technique_common>
              <instance_material symbol="IfcMaterial-3732" target="#IfcMaterial-3732"/>
            </technique_common>
          </bind_material>
        </instance_geometry>
      </node>
    </visual_scene>
  </library_visual_scenes>
  <scene>
    <instance_visual_scene url="#IfcOpenShell"/>
  </scene>
</COLLADA>