<?xml version="1.0" encoding="utf-8"?>
<COLLADA xmlns="http://www.collada.org/2005/11/COLLADASchema" version="1.4.1" xmlns:xsi="http://www.w3.org/2001/XMLSchema-instance">
  <asset>
    <contributor>
      <authoring_tool>IfcOpenShell 0.8.1-c49ca69</authoring_tool>
    </contributor>
    <created>2025-04-23T00:06:42</created>
    <modified>2025-04-23T00:06:42</modified>
    <unit name="METER" meter="1"/>
    <up_axis>Z_UP</up_axis>
  </asset>
  <library_effects>
    <effect id="IfcMaterial-3732-fx">
      <profile_COMMON>
        <technique sid="common">
          <lambert/>
        </technique>
      </profile_COMMON>
    </effect>
  </library_effects>
  <library_materials>
    <material id="IfcMaterial-3732">
      <instance_effect url="#IfcMaterial-3732-fx"/>
    </material>
  </library_materials>
  <library_geometries>
    <geometry id="representation-1067068-material-3732">
      <mesh>
        <source id="representation-1067068-material-3732-positions">
          <float_array id="representation-1067068-material-3732-positions-array" count="7734">1.149087499999993 0.4800383011906197 0.8599999999999999 1.149087499999993 0.4800383011906197 0 1.161587499999993 0.4675383011906196 0 1.161587499999993 0.4675383011906196 0.8599999999999999 1.174087499999993 0.4800383011906197 0.8599999999999999 1.161587499999993 0.4675383011906196 0.8599999999999999 1.161587499999993 0.4675383011906196 0 1.174087499999993 0.4800383011906197 0 1.161587499999993 0.4925383011906205 0 1.161587499999993 0.4925383011906205 0.8599999999999999 1.174087499999993 0.4800383011906197 0.8599999999999999 1.174087499999993 0.4800383011906197 0 1.161587499999993 0.4925383011906205 0.8599999999999999 1.149087499999993 0.4800383011906197 0.8599999999999999 1.161587499999993 0.4925383011906205 0 1.149087499999993 0.4800383011906197 0 1.161587499999993 0.4925383011906205 0.8599999999999999 1.149087499999993 0.4800383011906197 0.8599999999999999 1.161587499999993 0.4675383011906196 0.8599999999999999 1.174087499999993 0.4800383011906197 0.8599999999999999 1.174087499999993 0.4800383011906197 0 1.161587499999993 0.4675383011906196 0 1.149087499999993 0.4800383011906197 0 1.161587499999993 0.4925383011906205 0 1.149087499999993 1.48003830119062 0.8599999999999999 1.149087499999993 1.48003830119062 0 1.161587499999993 1.46753830119062 0 1.161587499999993 1.46753830119062 0.8599999999999999 1.174087499999993 1.48003830119062 0.8599999999999999 1.161587499999993 1.46753830119062 0.8599999999999999 1.161587499999993 1.46753830119062 0 1.174087499999993 1.48003830119062 0 1.161587499999993 1.492538301190621 0 1.161587499999993 1.492538301190621 0.8599999999999999 1.174087499999993 1.48003830119062 0.8599999999999999 1.174087499999993 1.48003830119062 0 1.161587499999993 1.492538301190621 0.8599999999999999 1.149087499999993 1.48003830119062 0.8599999999999999 1.161587499999993 1.492538301190621 0 1.149087499999993 1.48003830119062 0 1.161587499999993 1.492538301190621 0.8599999999999999 1.149087499999993 1.48003830119062 0.8599999999999999 1.161587499999993 1.46753830119062 0.8599999999999999 1.174087499999993 1.48003830119062 0.8599999999999999 1.174087499999993 1.48003830119062 0 1.161587499999993 1.46753830119062 0 1.149087499999993 1.48003830119062 0 1.161587499999993 1.492538301190621 0 1.149087499999993 2.480038301190619 0.8599999999999999 1.149087499999993 2.480038301190619 0 1.161587499999993 2.467538301190618 0 1.161587499999993 2.467538301190618 0.8599999999999999 1.174087499999993 2.480038301190619 0.8599999999999999 1.161587499999993 2.467538301190618 0.8599999999999999 1.161587499999993 2.467538301190618 0 1.174087499999993 2.480038301190619 0 1.161587499999993 2.49253830119062 0 1.161587499999993 2.49253830119062 0.8599999999999999 1.174087499999993 2.480038301190619 0.8599999999999999 1.174087499999993 2.480038301190619 0 1.161587499999993 2.49253830119062 0.8599999999999999 1.149087499999993 2.480038301190619 0.8599999999999999 1.161587499999993 2.49253830119062 0 1.149087499999993 2.480038301190619 0 1.161587499999993 2.49253830119062 0.8599999999999999 1.149087499999993 2.480038301190619 0.8599999999999999 1.161587499999993 2.467538301190618 0.8599999999999999 1.174087499999993 2.480038301190619 0.8599999999999999 1.174087499999993 2.480038301190619 0 1.161587499999993 2.467538301190618 0 1.149087499999993 2.480038301190619 0 1.161587499999993 2.49253830119062 0 1.0015875 3.467538301190618 0.8599999999999999 1.0015875 3.467538301190618 0 1.0140875 3.48003830119062 0 1.0140875 3.48003830119062 0.8599999999999999 1.0015875 3.49253830119062 0.8599999999999999 1.0140875 3.48003830119062 0.8599999999999999 1.0140875 3.48003830119062 0 1.0015875 3.49253830119062 0 0.9890874999999987 3.48003830119062 0 0.9890874999999987 3.48003830119062 0.8599999999999999 1.0015875 3.49253830119062 0.8599999999999999 1.0015875 3.49253830119062 0 0.9890874999999987 3.48003830119062 0.8599999999999999 1.0015875 3.467538301190618 0.8599999999999999 0.9890874999999987 3.48003830119062 0 1.0015875 3.467538301190618 0 0.9890874999999987 3.48003830119062 0.8599999999999999 1.0015875 3.467538301190618 0.8599999999999999 1.0140875 3.48003830119062 0.8599999999999999 1.0015875 3.49253830119062 0.8599999999999999 1.0015875 3.49253830119062 0 1.0140875 3.48003830119062 0 1.0015875 3.467538301190618 0 0.9890874999999987 3.48003830119062 0 1.149087499999993 0.02159527223591517 0.8599999999999999 1.149087499999993 0.02159527223591517 0 1.161587499999993 0.00909527223591422 0 1.161587499999993 0.00909527223591422 0.8599999999999999 1.174087499999993 0.02159527223591517 0.8599999999999999 1.161587499999993 0.00909527223591422 0.8599999999999999 1.161587499999993 0.00909527223591422 0 1.174087499999993 0.02159527223591517 0 1.161587499999993 0.03409527223591513 0 1.161587499999993 0.03409527223591513 0.8599999999999999 1.174087499999993 0.02159527223591517 0.8599999999999999 1.174087499999993 0.02159527223591517 0 1.161587499999993 0.03409527223591513 0.8599999999999999 1.149087499999993 0.02159527223591517 0.8599999999999999 1.161587499999993 0.03409527223591513 0 1.149087499999993 0.02159527223591517 0 1.161587499999993 0.03409527223591513 0.8599999999999999 1.149087499999993 0.02159527223591517 0.8599999999999999 1.161587499999993 0.00909527223591422 0.8599999999999999 1.174087499999993 0.02159527223591517 0.8599999999999999 1.174087499999993 0.02159527223591517 0 1.161587499999993 0.00909527223591422 0 1.149087499999993 0.02159527223591517 0 1.161587499999993 0.03409527223591513 0 1.161587499999993 3.467538301190618 0.8599999999999999 1.161587499999993 3.467538301190618 0 1.174087499999993 3.48003830119062 0 1.174087499999993 3.48003830119062 0.8599999999999999 1.161587499999993 3.49253830119062 0.8599999999999999 1.174087499999993 3.48003830119062 0.8599999999999999 1.174087499999993 3.48003830119062 0 1.161587499999993 3.49253830119062 0 1.149087499999993 3.48003830119062 0 1.149087499999993 3.48003830119062 0.8599999999999999 1.161587499999993 3.49253830119062 0.8599999999999999 1.161587499999993 3.49253830119062 0 1.149087499999993 3.48003830119062 0.8599999999999999 1.161587499999993 3.467538301190618 0.8599999999999999 1.149087499999993 3.48003830119062 0 1.161587499999993 3.467538301190618 0 1.149087499999993 3.48003830119062 0.8599999999999999 1.161587499999993 3.467538301190618 0.8599999999999999 1.174087499999993 3.48003830119062 0.8599999999999999 1.161587499999993 3.49253830119062 0.8599999999999999 1.161587499999993 3.49253830119062 0 1.174087499999993 3.48003830119062 0 1.161587499999993 3.467538301190618 0 1.149087499999993 3.48003830119062 0 0.6940874999999933 0.03409527223591513 0.8599999999999999 0.6940874999999933 0.03409527223591513 0 0.6815874999999932 0.02159527223591517 0 0.6815874999999932 0.02159527223591517 0.8599999999999999 0.6940874999999933 0.00909527223591422 0.8599999999999999 0.6815874999999932 0.02159527223591517 0.8599999999999999 0.6815874999999932 0.02159527223591517 0 0.6940874999999933 0.00909527223591422 0 0.7065874999999941 0.02159527223591517 0 0.7065874999999941 0.02159527223591517 0.8599999999999999 0.6940874999999933 0.00909527223591422 0.8599999999999999 0.6940874999999933 0.00909527223591422 0 0.7065874999999941 0.02159527223591517 0.8599999999999999 0.6940874999999933 0.03409527223591513 0.8599999999999999 0.7065874999999941 0.02159527223591517 0 0.6940874999999933 0.03409527223591513 0 0.7065874999999941 0.02159527223591517 0.8599999999999999 0.6940874999999933 0.03409527223591513 0.8599999999999999 0.6815874999999932 0.02159527223591517 0.8599999999999999 0.6940874999999933 0.00909527223591422 0.8599999999999999 0.6940874999999933 0.00909527223591422 0 0.6815874999999932 0.02159527223591517 0 0.6940874999999933 0.03409527223591513 0 0.7065874999999941 0.02159527223591517 0 0.01408749999999958 3.467538301190618 0.8599999999999999 0.01408749999999958 3.467538301190618 0 0.02658749999999954 3.48003830119062 0 0.02658749999999954 3.48003830119062 0.8599999999999999 0.01408749999999958 3.49253830119062 0.8599999999999999 0.02658749999999954 3.48003830119062 0.8599999999999999 0.02658749999999954 3.48003830119062 0 0.01408749999999958 3.49253830119062 0 0.00158749999999963 3.48003830119062 0 0.00158749999999963 3.48003830119062 0.8599999999999999 0.01408749999999958 3.49253830119062 0.8599999999999999 0.01408749999999958 3.49253830119062 0 0.00158749999999963 3.48003830119062 0.8599999999999999 0.01408749999999958 3.467538301190618 0.8599999999999999 0.00158749999999963 3.48003830119062 0 0.01408749999999958 3.467538301190618 0 0.00158749999999963 3.48003830119062 0.8599999999999999 0.01408749999999958 3.467538301190618 0.8599999999999999 0.02658749999999954 3.48003830119062 0.8599999999999999 0.01408749999999958 3.49253830119062 0.8599999999999999 0.01408749999999958 3.49253830119062 0 0.02658749999999954 3.48003830119062 0 0.01408749999999958 3.467538301190618 0 0.00158749999999963 3.48003830119062 0 0.00158749999999963 3.49316330119062 0.7632475952641921 0.00158749999999963 3.49503830119062 0.76 0.00158749999999963 3.49316330119062 0.7567524047358088 0.00158749999999963 3.49128830119062 0.7535048094716171 0.00158749999999963 3.48941330119062 0.7502572142074255 0.00158749999999963 3.48753830119062 0.7470096189432338 0.00158749999999963 3.48378830119062 0.7470096189432346 0.00158749999999963 3.48003830119062 0.7470096189432338 0.00158749999999963 3.47628830119062 0.7470096189432346 0.00158749999999963 3.472538301190618 0.7470096189432338 0.00158749999999963 3.470663301190618 0.7502572142074255 0.00158749999999963 3.468788301190618 0.7535048094716171 0.00158749999999963 3.467340141735896 0.7560130952246595 0.00158749999999963 3.46503830119062 0.76 0.00158749999999963 3.467340141743096 0.763986904787815 0.00158749999999963 3.469641982295576 0.7679738095756288 0.00158749999999963 3.471090141743098 0.7704820953161974 0.00158749999999963 3.472538301190618 0.7729903810567662 0.00158749999999963 3.47628830119062 0.7729903810567662 0.00158749999999963 3.48003830119062 0.7729903810567662 0.00158749999999963 3.48378830119062 0.772990381056767 0.00158749999999963 3.48753830119062 0.7729903810567662 0.00158749999999963 3.48941330119062 0.7697427857925754 0.00158749999999963 3.49128830119062 0.7664951905283837 1.176587499999993 3.49503830119062 0.76 0.00158749999999963 3.49503830119062 0.76 1.175036858683104 3.493487659873728 0.7573142104548319 1.174285664664829 3.492736465855454 0.7560131042488397 1.172837499999994 3.49128830119062 0.7535048094716171 1.170962499999993 3.48941330119062 0.7502572142074255 1.169087499999993 3.48753830119062 0.7470096189432338 0.00158749999999963 3.48753830119062 0.7470096189432338 0.00158749999999963 3.48941330119062 0.7502572142074255 0.00158749999999963 3.49128830119062 0.7535048094716171 0.00158749999999963 3.49316330119062 0.7567524047358088 0.00158749999999963 3.467340141735896 0.7560130952246595 0.00158749999999963 3.468788301190618 0.7535048094716171 0.00158749999999963 3.470663301190618 0.7502572142074255 0.00158749999999963 3.472538301190618 0.7470096189432338 1.154087499999992 3.472538301190618 0.7470096189432338 1.152212499999992 3.470663301190618 0.7502572142074255 1.150337499999992 3.468788301190618 0.7535048094716171 1.148462499999993 3.46691330119062 0.7567524047358088 1.146587499999993 3.46503830119062 0.76 0.00158749999999963 3.46503830119062 0.76 1.157837499999993 3.47628830119062 0.7470096189432338 0.00158749999999963 3.47628830119062 0.7470096189432346 0.00158749999999963 3.48003830119062 0.7470096189432338 1.157837499999993 3.47628830119062 0.7470096189432338 0.00158749999999963 3.48003830119062 0.7470096189432338 1.161587499999993 3.48003830119062 0.7470096189432338 1.161587499999993 3.48003830119062 0.7470096189432338 0.00158749999999963 3.48003830119062 0.7470096189432338 0.00158749999999963 3.48378830119062 0.7470096189432346 1.165337499999993 3.48378830119062 0.7470096189432338 1.161587499999993 3.48003830119062 0.7470096189432338 0.00158749999999963 3.48378830119062 0.7470096189432346 1.165337499999993 3.48378830119062 0.7470096189432338 0.00158749999999963 3.48378830119062 0.7470096189432346 0.00158749999999963 3.48753830119062 0.7470096189432338 1.165337499999993 3.48378830119062 0.7470096189432338 1.169087499999993 3.48753830119062 0.7470096189432338 0.00158749999999963 3.48753830119062 0.7470096189432338 1.169087499999992 0.01409527223591522 0.7470096189432329 1.165337499999993 3.48378830119062 0.7470096189432338 1.169087499999993 3.48753830119062 0.7470096189432338 1.165337499999992 0.01784527223591603 0.7470096189432329 1.169087499999992 0.01409527223591522 0.7470096189432329 1.165337499999993 3.48378830119062 0.7470096189432338 0.6815874999999932 0.01409527223591522 0.7470096189432338 1.165337499999992 0.01784527223591603 0.7470096189432329 1.169087499999992 0.01409527223591522 0.7470096189432329 0.6815874999999932 0.01784527223591603 0.7470096189432346 0.6815874999999932 0.01409527223591522 0.7470096189432338 1.165337499999992 0.01784527223591603 0.7470096189432329 0.6815874999999932 0.01784527223591603 0.7470096189432346 1.165337499999992 0.01784527223591603 0.7470096189432329 1.161587499999992 0.02159527223591606 0.7470096189432338 1.161587499999992 0.02159527223591606 0.7470096189432338 0.6815874999999932 0.01784527223591603 0.7470096189432346 0.6815874999999932 0.02159527223591606 0.7470096189432338 0.6815874999999932 0.02159527223591606 0.7470096189432338 1.161587499999992 0.02159527223591606 0.7470096189432338 1.157837499999992 0.02534527223591609 0.7470096189432346 0.6815874999999932 0.02534527223591609 0.7470096189432338 1.157837499999992 0.02534527223591609 0.7470096189432346 0.6815874999999932 0.02159527223591606 0.7470096189432338 0.6815874999999932 0.02534527223591609 0.7470096189432338 1.157837499999992 0.02534527223591609 0.7470096189432346 1.154087499999991 0.02909527223591612 0.7470096189432346 0.6815874999999932 0.02909527223591612 0.7470096189432338 1.154087499999991 0.02909527223591612 0.7470096189432346 0.6815874999999932 0.02534527223591609 0.7470096189432338 1.157837499999992 0.02534527223591609 0.7470096189432346 1.154087499999992 3.472538301190618 0.7470096189432338 1.154087499999991 0.02909527223591612 0.7470096189432346 0.00158749999999963 3.472538301190618 0.7470096189432338 0.00158749999999963 3.47628830119062 0.7470096189432346 1.154087499999992 3.472538301190618 0.7470096189432338 1.157837499999993 3.47628830119062 0.7470096189432338 1.154087499999992 3.472538301190618 0.7470096189432338 0.00158749999999963 3.47628830119062 0.7470096189432346 1.157837499999993 3.47628830119062 0.7470096189432338 1.154087499999992 3.472538301190618 0.7470096189432338 1.157837499999992 0.02534527223591609 0.7470096189432346 1.161587499999993 3.48003830119062 0.7470096189432338 1.157837499999993 3.47628830119062 0.7470096189432338 1.161587499999992 0.02159527223591606 0.7470096189432338 1.161587499999992 0.02159527223591606 0.7470096189432338 1.157837499999993 3.47628830119062 0.7470096189432338 1.157837499999992 0.02534527223591609 0.7470096189432346 1.161587499999992 0.02159527223591606 0.7470096189432338 1.165337499999992 0.01784527223591603 0.7470096189432329 1.161587499999993 3.48003830119062 0.7470096189432338 1.165337499999992 0.01784527223591603 0.7470096189432329 1.165337499999993 3.48378830119062 0.7470096189432338 1.161587499999993 3.48003830119062 0.7470096189432338 0.00158749999999963 3.48753830119062 0.7729903810567662 0.00158749999999963 3.48378830119062 0.772990381056767 1.165337499999993 3.48378830119062 0.7729903810567662 1.165337499999993 3.48378830119062 0.7729903810567662 0.00158749999999963 3.48753830119062 0.7729903810567662 1.169087499999993 3.48753830119062 0.7729903810567662 1.165337499999993 3.48378830119062 0.7729903810567662 0.00158749999999963 3.48378830119062 0.772990381056767 1.161587499999993 3.48003830119062 0.7729903810567662 1.161587499999993 3.48003830119062 0.7729903810567662 1.165337499999993 3.48378830119062 0.7729903810567662 1.161587499999992 0.02159527223591606 0.7729903810567662 1.161587499999992 0.02159527223591606 0.7729903810567662 1.165337499999993 3.48378830119062 0.7729903810567662 1.165337499999992 0.01784527223591603 0.7729903810567662 1.169087499999993 3.48753830119062 0.7729903810567662 1.165337499999993 3.48378830119062 0.7729903810567662 1.165337499999992 0.01784527223591603 0.7729903810567662 1.165337499999992 0.01784527223591603 0.7729903810567662 1.169087499999993 3.48753830119062 0.7729903810567662 1.169087499999992 0.01409527223591522 0.772990381056767 1.161587499999993 3.48003830119062 0.7729903810567662 0.00158749999999963 3.48378830119062 0.772990381056767 0.00158749999999963 3.48003830119062 0.7729903810567662 1.157837499999993 3.47628830119062 0.7729903810567662 1.161587499999993 3.48003830119062 0.7729903810567662 0.00158749999999963 3.48003830119062 0.7729903810567662 0.00158749999999963 3.48003830119062 0.7729903810567662 0.00158749999999963 3.47628830119062 0.7729903810567662 1.157837499999993 3.47628830119062 0.7729903810567662 1.154087499999992 3.472538301190618 0.7729903810567662 1.157837499999993 3.47628830119062 0.7729903810567662 0.00158749999999963 3.47628830119062 0.7729903810567662 1.154087499999992 3.472538301190618 0.7729903810567662 0.00158749999999963 3.47628830119062 0.7729903810567662 0.00158749999999963 3.472538301190618 0.7729903810567662 1.154087499999992 3.472538301190618 0.7729903810567662 1.157837499999993 3.47628830119062 0.7729903810567662 1.154087499999991 0.02909527223591612 0.7729903810567662 1.157837499999992 0.02534527223591609 0.7729903810567662 1.154087499999991 0.02909527223591612 0.7729903810567662 1.157837499999993 3.47628830119062 0.7729903810567662 0.6815874999999932 0.02534527223591609 0.7729903810567662 1.157837499999992 0.02534527223591609 0.7729903810567662 1.154087499999991 0.02909527223591612 0.7729903810567662 0.6815874999999932 0.02534527223591609 0.7729903810567662 1.154087499999991 0.02909527223591612 0.7729903810567662 0.6815874999999932 0.02909527223591612 0.7729903810567662 0.6815874999999932 0.02159527223591606 0.7729903810567662 0.6815874999999932 0.02534527223591609 0.7729903810567662 1.157837499999992 0.02534527223591609 0.7729903810567662 0.6815874999999932 0.02159527223591606 0.7729903810567662 1.161587499999992 0.02159527223591606 0.7729903810567662 0.6815874999999932 0.01784527223591603 0.7729903810567662 1.157837499999992 0.02534527223591609 0.7729903810567662 1.161587499999992 0.02159527223591606 0.7729903810567662 0.6815874999999932 0.02159527223591606 0.7729903810567662 0.6815874999999932 0.01784527223591603 0.7729903810567662 1.165337499999992 0.01784527223591603 0.7729903810567662 0.6815874999999932 0.01409527223591522 0.7729903810567662 0.6815874999999932 0.01784527223591603 0.7729903810567662 1.165337499999992 0.01784527223591603 0.7729903810567662 1.161587499999992 0.02159527223591606 0.7729903810567662 0.6815874999999932 0.01409527223591522 0.7729903810567662 1.169087499999992 0.01409527223591522 0.772990381056767 1.165337499999992 0.01784527223591603 0.7729903810567662 1.157837499999992 0.02534527223591609 0.7729903810567662 1.161587499999992 0.02159527223591606 0.7729903810567662 1.161587499999993 3.48003830119062 0.7729903810567662 1.157837499999993 3.47628830119062 0.7729903810567662 1.161587499999993 3.48003830119062 0.7729903810567662 1.157837499999992 0.02534527223591609 0.7729903810567662 0.00158749999999963 3.467340141743096 0.763986904787815 0.00158749999999963 3.46503830119062 0.76 1.146587499999993 3.46503830119062 0.76 1.148462499999993 3.46691330119062 0.7632475952641921 1.150337499999992 3.468788301190618 0.7664951905283837 1.152212499999993 3.470663301190618 0.7697427857925744 1.154087499999992 3.472538301190618 0.7729903810567662 0.00158749999999963 3.472538301190618 0.7729903810567662 0.00158749999999963 3.471090141743098 0.7704820953161974 0.00158749999999963 3.469641982295576 0.7679738095756288 0.00158749999999963 3.49316330119062 0.7632475952641921 0.00158749999999963 3.49503830119062 0.76 0.00158749999999963 3.49128830119062 0.7664951905283837 0.00158749999999963 3.48941330119062 0.7697427857925754 0.00158749999999963 3.48753830119062 0.7729903810567662 1.169087499999993 3.48753830119062 0.7729903810567662 1.170535664664815 3.48898646585544 0.7704820862795718 1.170962499999993 3.48941330119062 0.7697427857925744 1.171983829329636 3.490434630520262 0.7679737915023756 1.172837499999994 3.49128830119062 0.7664951905283837 1.174285664664814 3.492736465855442 0.7639868957511876 1.174712499999992 3.493163301190618 0.7632475952641921 1.176587499999993 3.49503830119062 0.76 1.170962499999993 3.48941330119062 0.7502572142074255 1.172837499999994 3.49128830119062 0.7535048094716171 1.174285664664829 3.492736465855454 0.7560131042488397 1.175036858683104 3.493487659873728 0.7573142104548319 1.176587499999993 3.49503830119062 0.76 1.176587499999993 0.006595272235916049 0.76 1.17522152618856 0.007961246047347159 0.757634063956793 1.174712499999992 0.00847027223591612 0.7567524047358088 1.17385555237713 0.00932721985877738 0.7552681279135863 1.172837499999993 0.01034527223591519 0.7535048094716171 1.171471526188561 0.0117112460473463 0.7511388734284105 1.170962499999992 0.01222027223591515 0.7502572142074255 1.169087499999992 0.01409527223591522 0.7470096189432329 1.169087499999993 3.48753830119062 0.7470096189432338 1.148462499999991 0.03472027223591611 0.7567524047358088 1.148138141316884 0.03504463091902287 0.7573142104548301 1.146587499999993 0.0365952722359133 0.76 1.146587499999993 3.46503830119062 0.76 1.148462499999993 3.46691330119062 0.7567524047358088 1.150337499999992 3.468788301190618 0.7535048094716171 1.152212499999992 3.470663301190618 0.7502572142074255 1.154087499999992 3.472538301190618 0.7470096189432338 1.154087499999991 0.02909527223591612 0.7470096189432346 1.152212499999992 0.03097027223591608 0.7502572142074255 1.151888141316883 0.03129463091902462 0.7508190199264477 1.150337499999992 0.03284527223591704 0.7535048094716171 1.149688782633773 0.03349398960213412 0.7546284209096616 1.152212499999993 3.470663301190618 0.7697427857925744 1.150337499999992 3.468788301190618 0.7664951905283837 1.148462499999993 3.46691330119062 0.7632475952641921 1.146587499999993 3.46503830119062 0.76 1.146587499999993 0.0365952722359133 0.76 1.148138141317878 0.03504463091803144 0.7626857895468915 1.148462499999991 0.03472027223591611 0.7632475952641911 1.149688782635762 0.03349398960014693 0.7653715790937836 1.150337499999992 0.03284527223591704 0.7664951905283837 1.151888141317877 0.03129463091803241 0.7691809800752749 1.152212499999992 0.03097027223591608 0.7697427857925744 1.154087499999991 0.02909527223591612 0.7729903810567662 1.154087499999992 3.472538301190618 0.7729903810567662 1.169087499999992 0.01409527223591522 0.772990381056767 1.169087499999993 3.48753830119062 0.7729903810567662 1.170962499999992 0.01222027223591515 0.7697427857925754 1.172837499999993 0.01034527223591519 0.7664951905283837 1.175036858683097 0.008145913552811134 0.7626857895451789 1.17522152618856 0.00796124604734627 0.7623659360432071 1.176587499999993 0.006595272235916049 0.76 1.176587499999993 3.49503830119062 0.76 1.174712499999992 3.493163301190618 0.7632475952641921 1.174285664664814 3.492736465855442 0.7639868957511876 1.172837499999994 3.49128830119062 0.7664951905283837 1.171983829329636 3.490434630520262 0.7679737915023756 1.170962499999993 3.48941330119062 0.7697427857925744 1.170535664664815 3.48898646585544 0.7704820862795718 0.6815874999999932 0.00847027223591612 0.7567524047358088 0.6815874999999932 0.006595272235916049 0.76 0.6815874999999932 0.00847027223591612 0.7632475952641921 0.6815874999999932 0.01034527223591519 0.7664951905283837 0.6815874999999932 0.01222027223591515 0.7697427857925744 0.6815874999999932 0.01409527223591522 0.7729903810567662 0.6815874999999932 0.01784527223591603 0.7729903810567662 0.6815874999999932 0.02159527223591606 0.7729903810567662 0.6815874999999932 0.02534527223591609 0.7729903810567662 0.6815874999999932 0.02909527223591612 0.7729903810567662 0.6815874999999932 0.03147928099580343 0.7688611567589537 0.6815874999999932 0.03386328975568986 0.7647319324611403 0.6815874999999932 0.03522928099580158 0.7623659662305704 0.6815874999999932 0.03659527223591607 0.76 0.6815874999999932 0.03522928100323585 0.7576340337823044 0.6815874999999932 0.03284527223591704 0.7535048094716171 0.6815874999999932 0.03097027223591697 0.7502572142074255 0.6815874999999932 0.02909527223591612 0.7470096189432338 0.6815874999999932 0.02534527223591609 0.7470096189432338 0.6815874999999932 0.02159527223591606 0.7470096189432338 0.6815874999999932 0.01784527223591603 0.7470096189432346 0.6815874999999932 0.01409527223591522 0.7470096189432338 0.6815874999999932 0.01222027223591604 0.7502572142074255 0.6815874999999932 0.01034527223591519 0.7535048094716171 0.6815874999999932 0.01409527223591522 0.7470096189432338 1.169087499999992 0.01409527223591522 0.7470096189432329 1.170962499999992 0.01222027223591515 0.7502572142074255 1.171471526188561 0.0117112460473463 0.7511388734284105 1.172837499999993 0.01034527223591519 0.7535048094716171 1.17385555237713 0.00932721985877738 0.7552681279135863 1.174712499999992 0.00847027223591612 0.7567524047358088 1.17522152618856 0.007961246047347159 0.757634063956793 1.176587499999993 0.006595272235916049 0.76 0.6815874999999932 0.006595272235916049 0.76 0.6815874999999932 0.00847027223591612 0.7567524047358088 0.6815874999999932 0.01034527223591519 0.7535048094716171 0.6815874999999932 0.01222027223591604 0.7502572142074255 0.6815874999999932 0.03284527223591704 0.7535048094716171 0.6815874999999932 0.03522928100323585 0.7576340337823044 0.6815874999999932 0.03659527223591607 0.76 1.146587499999993 0.0365952722359133 0.76 1.148138141316884 0.03504463091902287 0.7573142104548301 1.148462499999991 0.03472027223591611 0.7567524047358088 1.149688782633773 0.03349398960213412 0.7546284209096616 1.150337499999992 0.03284527223591704 0.7535048094716171 1.151888141316883 0.03129463091902462 0.7508190199264477 1.152212499999992 0.03097027223591608 0.7502572142074255 1.154087499999991 0.02909527223591612 0.7470096189432346 0.6815874999999932 0.02909527223591612 0.7470096189432338 0.6815874999999932 0.03097027223591697 0.7502572142074255 0.6815874999999932 0.03147928099580343 0.7688611567589537 0.6815874999999932 0.02909527223591612 0.7729903810567662 1.154087499999991 0.02909527223591612 0.7729903810567662 1.152212499999992 0.03097027223591608 0.7697427857925744 1.151888141317877 0.03129463091803241 0.7691809800752749 1.150337499999992 0.03284527223591704 0.7664951905283837 1.149688782635762 0.03349398960014693 0.7653715790937836 1.148462499999991 0.03472027223591611 0.7632475952641911 1.148138141317878 0.03504463091803144 0.7626857895468915 1.146587499999993 0.0365952722359133 0.76 0.6815874999999932 0.03659527223591607 0.76 0.6815874999999932 0.03522928099580158 0.7623659662305704 0.6815874999999932 0.03386328975568986 0.7647319324611403 0.6815874999999932 0.01222027223591515 0.7697427857925744 0.6815874999999932 0.01409527223591522 0.7729903810567662 0.6815874999999932 0.01034527223591519 0.7664951905283837 0.6815874999999932 0.00847027223591612 0.7632475952641921 0.6815874999999932 0.006595272235916049 0.76 1.176587499999993 0.006595272235916049 0.76 1.17522152618856 0.00796124604734627 0.7623659360432071 1.175036858683097 0.008145913552811134 0.7626857895451789 1.172837499999993 0.01034527223591519 0.7664951905283837 1.170962499999992 0.01222027223591515 0.7697427857925754 1.169087499999992 0.01409527223591522 0.772990381056767 0.00158749999999963 3.49316330119062 0.6382475952641921 0.00158749999999963 3.49503830119062 0.635 0.00158749999999963 3.49316330119062 0.6317524047358078 0.00158749999999963 3.49128830119062 0.6285048094716171 0.00158749999999963 3.48941330119062 0.6252572142074255 0.00158749999999963 3.48753830119062 0.6220096189432338 0.00158749999999963 3.48378830119062 0.6220096189432338 0.00158749999999963 3.48003830119062 0.6220096189432338 0.00158749999999963 3.47628830119062 0.6220096189432338 0.00158749999999963 3.472538301190618 0.6220096189432338 0.00158749999999963 3.470663301190618 0.6252572142074255 0.00158749999999963 3.468788301190618 0.6285048094716171 0.00158749999999963 3.467340141735896 0.6310130952246586 0.00158749999999963 3.46503830119062 0.635 0.00158749999999963 3.467340141743096 0.6389869047878141 0.00158749999999963 3.469641982295576 0.6429738095756297 0.00158749999999963 3.471090141743098 0.6454820953161974 0.00158749999999963 3.472538301190618 0.6479903810567662 0.00158749999999963 3.47628830119062 0.6479903810567662 0.00158749999999963 3.48003830119062 0.6479903810567662 0.00158749999999963 3.48378830119062 0.6479903810567662 0.00158749999999963 3.48753830119062 0.6479903810567662 0.00158749999999963 3.48941330119062 0.6447427857925744 0.00158749999999963 3.49128830119062 0.6414951905283828 1.176587499999993 3.49503830119062 0.635 0.00158749999999963 3.49503830119062 0.635 1.175036858683104 3.493487659873728 0.632314210454831 1.174285664664829 3.492736465855454 0.6310131042488397 1.172837499999994 3.49128830119062 0.6285048094716171 1.170962499999993 3.48941330119062 0.6252572142074255 1.169087499999993 3.48753830119062 0.6220096189432338 0.00158749999999963 3.48753830119062 0.6220096189432338 0.00158749999999963 3.48941330119062 0.6252572142074255 0.00158749999999963 3.49128830119062 0.6285048094716171 0.00158749999999963 3.49316330119062 0.6317524047358078 0.00158749999999963 3.467340141735896 0.6310130952246586 0.00158749999999963 3.468788301190618 0.6285048094716171 0.00158749999999963 3.470663301190618 0.6252572142074255 0.00158749999999963 3.472538301190618 0.6220096189432338 1.154087499999992 3.472538301190618 0.6220096189432338 1.152212499999992 3.470663301190618 0.6252572142074245 1.150337499999992 3.468788301190618 0.6285048094716171 1.148462499999993 3.46691330119062 0.6317524047358088 1.146587499999993 3.46503830119062 0.635 0.00158749999999963 3.46503830119062 0.635 1.157837499999993 3.47628830119062 0.6220096189432338 0.00158749999999963 3.47628830119062 0.6220096189432338 0.00158749999999963 3.48003830119062 0.6220096189432338 1.157837499999993 3.47628830119062 0.6220096189432338 0.00158749999999963 3.48003830119062 0.6220096189432338 1.161587499999993 3.48003830119062 0.6220096189432338 1.161587499999993 3.48003830119062 0.6220096189432338 0.00158749999999963 3.48003830119062 0.6220096189432338 0.00158749999999963 3.48378830119062 0.6220096189432338 1.165337499999993 3.48378830119062 0.6220096189432338 1.161587499999993 3.48003830119062 0.6220096189432338 0.00158749999999963 3.48378830119062 0.6220096189432338 1.165337499999993 3.48378830119062 0.6220096189432338 0.00158749999999963 3.48378830119062 0.6220096189432338 0.00158749999999963 3.48753830119062 0.6220096189432338 1.165337499999993 3.48378830119062 0.6220096189432338 1.169087499999993 3.48753830119062 0.6220096189432338 0.00158749999999963 3.48753830119062 0.6220096189432338 1.169087499999992 0.01409527223591522 0.6220096189432329 1.165337499999993 3.48378830119062 0.6220096189432338 1.169087499999993 3.48753830119062 0.6220096189432338 1.165337499999992 0.01784527223591603 0.6220096189432338 1.169087499999992 0.01409527223591522 0.6220096189432329 1.165337499999993 3.48378830119062 0.6220096189432338 0.6815874999999932 0.01409527223591522 0.6220096189432338 1.165337499999992 0.01784527223591603 0.6220096189432338 1.169087499999992 0.01409527223591522 0.6220096189432329 0.6815874999999932 0.01784527223591603 0.6220096189432338 0.6815874999999932 0.01409527223591522 0.6220096189432338 1.165337499999992 0.01784527223591603 0.6220096189432338 0.6815874999999932 0.01784527223591603 0.6220096189432338 1.165337499999992 0.01784527223591603 0.6220096189432338 1.161587499999992 0.02159527223591606 0.6220096189432338 1.161587499999992 0.02159527223591606 0.6220096189432338 0.6815874999999932 0.01784527223591603 0.6220096189432338 0.6815874999999932 0.02159527223591606 0.6220096189432338 0.6815874999999932 0.02159527223591606 0.6220096189432338 1.161587499999992 0.02159527223591606 0.6220096189432338 1.157837499999992 0.02534527223591609 0.6220096189432338 0.6815874999999932 0.02534527223591609 0.6220096189432338 1.157837499999992 0.02534527223591609 0.6220096189432338 0.6815874999999932 0.02159527223591606 0.6220096189432338 0.6815874999999932 0.02534527223591609 0.6220096189432338 1.157837499999992 0.02534527223591609 0.6220096189432338 1.154087499999991 0.02909527223591612 0.6220096189432338 0.6815874999999932 0.02909527223591612 0.6220096189432338 1.154087499999991 0.02909527223591612 0.6220096189432338 0.6815874999999932 0.02534527223591609 0.6220096189432338 1.157837499999992 0.02534527223591609 0.6220096189432338 1.154087499999992 3.472538301190618 0.6220096189432338 1.154087499999991 0.02909527223591612 0.6220096189432338 0.00158749999999963 3.472538301190618 0.6220096189432338 0.00158749999999963 3.47628830119062 0.6220096189432338 1.154087499999992 3.472538301190618 0.6220096189432338 1.157837499999993 3.47628830119062 0.6220096189432338 1.154087499999992 3.472538301190618 0.6220096189432338 0.00158749999999963 3.47628830119062 0.6220096189432338 1.157837499999993 3.47628830119062 0.6220096189432338 1.154087499999992 3.472538301190618 0.6220096189432338 1.157837499999992 0.02534527223591609 0.6220096189432338 1.161587499999993 3.48003830119062 0.6220096189432338 1.157837499999993 3.47628830119062 0.6220096189432338 1.161587499999992 0.02159527223591606 0.6220096189432338 1.161587499999992 0.02159527223591606 0.6220096189432338 1.157837499999993 3.47628830119062 0.6220096189432338 1.157837499999992 0.02534527223591609 0.6220096189432338 1.161587499999992 0.02159527223591606 0.6220096189432338 1.165337499999992 0.01784527223591603 0.6220096189432338 1.161587499999993 3.48003830119062 0.6220096189432338 1.165337499999992 0.01784527223591603 0.6220096189432338 1.165337499999993 3.48378830119062 0.6220096189432338 1.161587499999993 3.48003830119062 0.6220096189432338 0.00158749999999963 3.48753830119062 0.6479903810567662 0.00158749999999963 3.48378830119062 0.6479903810567662 1.165337499999993 3.48378830119062 0.6479903810567662 1.165337499999993 3.48378830119062 0.6479903810567662 0.00158749999999963 3.48753830119062 0.6479903810567662 1.169087499999993 3.48753830119062 0.6479903810567662 1.165337499999993 3.48378830119062 0.6479903810567662 0.00158749999999963 3.48378830119062 0.6479903810567662 1.161587499999993 3.48003830119062 0.6479903810567662 1.161587499999993 3.48003830119062 0.6479903810567662 1.165337499999993 3.48378830119062 0.6479903810567662 1.161587499999992 0.02159527223591606 0.6479903810567662 1.161587499999992 0.02159527223591606 0.6479903810567662 1.165337499999993 3.48378830119062 0.6479903810567662 1.165337499999992 0.01784527223591603 0.647990381056767 1.169087499999993 3.48753830119062 0.6479903810567662 1.165337499999993 3.48378830119062 0.6479903810567662 1.165337499999992 0.01784527223591603 0.647990381056767 1.165337499999992 0.01784527223591603 0.647990381056767 1.169087499999993 3.48753830119062 0.6479903810567662 1.169087499999992 0.01409527223591522 0.647990381056767 1.161587499999993 3.48003830119062 0.6479903810567662 0.00158749999999963 3.48378830119062 0.6479903810567662 0.00158749999999963 3.48003830119062 0.6479903810567662 1.157837499999993 3.47628830119062 0.6479903810567662 1.161587499999993 3.48003830119062 0.6479903810567662 0.00158749999999963 3.48003830119062 0.6479903810567662 0.00158749999999963 3.48003830119062 0.6479903810567662 0.00158749999999963 3.47628830119062 0.6479903810567662 1.157837499999993 3.47628830119062 0.6479903810567662 1.154087499999992 3.472538301190618 0.6479903810567662 1.157837499999993 3.47628830119062 0.6479903810567662 0.00158749999999963 3.47628830119062 0.6479903810567662 1.154087499999992 3.472538301190618 0.6479903810567662 0.00158749999999963 3.47628830119062 0.6479903810567662 0.00158749999999963 3.472538301190618 0.6479903810567662 1.154087499999992 3.472538301190618 0.6479903810567662 1.157837499999993 3.47628830119062 0.6479903810567662 1.154087499999991 0.02909527223591612 0.6479903810567662 1.157837499999992 0.02534527223591609 0.6479903810567662 1.154087499999991 0.02909527223591612 0.6479903810567662 1.157837499999993 3.47628830119062 0.6479903810567662 0.6815874999999932 0.02534527223591609 0.6479903810567662 1.157837499999992 0.02534527223591609 0.6479903810567662 1.154087499999991 0.02909527223591612 0.6479903810567662 0.6815874999999932 0.02534527223591609 0.6479903810567662 1.154087499999991 0.02909527223591612 0.6479903810567662 0.6815874999999932 0.02909527223591612 0.6479903810567662 0.6815874999999932 0.02159527223591606 0.6479903810567662 0.6815874999999932 0.02534527223591609 0.6479903810567662 1.157837499999992 0.02534527223591609 0.6479903810567662 0.6815874999999932 0.02159527223591606 0.6479903810567662 1.161587499999992 0.02159527223591606 0.6479903810567662 0.6815874999999932 0.01784527223591603 0.6479903810567662 1.157837499999992 0.02534527223591609 0.6479903810567662 1.161587499999992 0.02159527223591606 0.6479903810567662 0.6815874999999932 0.02159527223591606 0.6479903810567662 0.6815874999999932 0.01784527223591603 0.6479903810567662 1.165337499999992 0.01784527223591603 0.647990381056767 0.6815874999999932 0.01409527223591522 0.6479903810567662 0.6815874999999932 0.01784527223591603 0.6479903810567662 1.165337499999992 0.01784527223591603 0.647990381056767 1.161587499999992 0.02159527223591606 0.6479903810567662 0.6815874999999932 0.01409527223591522 0.6479903810567662 1.169087499999992 0.01409527223591522 0.647990381056767 1.165337499999992 0.01784527223591603 0.647990381056767 1.157837499999992 0.02534527223591609 0.6479903810567662 1.161587499999992 0.02159527223591606 0.6479903810567662 1.161587499999993 3.48003830119062 0.6479903810567662 1.157837499999993 3.47628830119062 0.6479903810567662 1.161587499999993 3.48003830119062 0.6479903810567662 1.157837499999992 0.02534527223591609 0.6479903810567662 0.00158749999999963 3.467340141743096 0.6389869047878141 0.00158749999999963 3.46503830119062 0.635 1.146587499999993 3.46503830119062 0.635 1.148462499999993 3.46691330119062 0.6382475952641921 1.150337499999992 3.468788301190618 0.6414951905283828 1.152212499999993 3.470663301190618 0.6447427857925744 1.154087499999992 3.472538301190618 0.6479903810567662 0.00158749999999963 3.472538301190618 0.6479903810567662 0.00158749999999963 3.471090141743098 0.6454820953161974 0.00158749999999963 3.469641982295576 0.6429738095756297 0.00158749999999963 3.49316330119062 0.6382475952641921 0.00158749999999963 3.49503830119062 0.635 0.00158749999999963 3.49128830119062 0.6414951905283828 0.00158749999999963 3.48941330119062 0.6447427857925744 0.00158749999999963 3.48753830119062 0.6479903810567662 1.169087499999993 3.48753830119062 0.6479903810567662 1.170535664664815 3.48898646585544 0.6454820862795709 1.170962499999993 3.48941330119062 0.6447427857925744 1.171983829329636 3.490434630520262 0.6429737915023756 1.172837499999994 3.49128830119062 0.6414951905283828 1.174285664664814 3.492736465855442 0.6389868957511876 1.174712499999992 3.493163301190618 0.6382475952641911 1.176587499999993 3.49503830119062 0.635 1.170962499999993 3.48941330119062 0.6252572142074255 1.172837499999994 3.49128830119062 0.6285048094716171 1.174285664664829 3.492736465855454 0.6310131042488397 1.175036858683104 3.493487659873728 0.632314210454831 1.176587499999993 3.49503830119062 0.635 1.176587499999993 0.006595272235916049 0.635 1.17522152618856 0.007961246047347159 0.632634063956793 1.174712499999992 0.00847027223591612 0.6317524047358078 1.17385555237713 0.00932721985877738 0.6302681279135854 1.172837499999993 0.01034527223591519 0.6285048094716162 1.171471526188561 0.0117112460473463 0.6261388734284096 1.170962499999992 0.01222027223591515 0.6252572142074245 1.169087499999992 0.01409527223591522 0.6220096189432329 1.169087499999993 3.48753830119062 0.6220096189432338 1.148462499999991 0.03472027223591611 0.6317524047358078 1.148138141316884 0.03504463091902287 0.6323142104548301 1.146587499999993 0.0365952722359133 0.635 1.146587499999993 3.46503830119062 0.635 1.148462499999993 3.46691330119062 0.6317524047358088 1.150337499999992 3.468788301190618 0.6285048094716171 1.152212499999992 3.470663301190618 0.6252572142074245 1.154087499999992 3.472538301190618 0.6220096189432338 1.154087499999991 0.02909527223591612 0.6220096189432338 1.152212499999992 0.03097027223591608 0.6252572142074255 1.151888141316883 0.03129463091902462 0.6258190199264477 1.150337499999992 0.03284527223591704 0.6285048094716171 1.149688782633773 0.03349398960213412 0.6296284209096607 1.152212499999993 3.470663301190618 0.6447427857925744 1.150337499999992 3.468788301190618 0.6414951905283828 1.148462499999993 3.46691330119062 0.6382475952641921 1.146587499999993 3.46503830119062 0.635 1.146587499999993 0.0365952722359133 0.635 1.148138141317878 0.03504463091803144 0.6376857895468924 1.148462499999991 0.03472027223591611 0.6382475952641921 1.149688782635762 0.03349398960014693 0.6403715790937836 1.150337499999992 0.03284527223591704 0.6414951905283828 1.151888141317877 0.03129463091803241 0.644180980075274 1.152212499999992 0.03097027223591608 0.6447427857925744 1.154087499999991 0.02909527223591612 0.6479903810567662 1.154087499999992 3.472538301190618 0.6479903810567662 1.169087499999992 0.01409527223591522 0.647990381056767 1.169087499999993 3.48753830119062 0.6479903810567662 1.170962499999992 0.01222027223591515 0.6447427857925754 1.172837499999993 0.01034527223591519 0.6414951905283837 1.175036858683097 0.008145913552811134 0.637685789545178 1.17522152618856 0.00796124604734627 0.6373659360432061 1.176587499999993 0.006595272235916049 0.635 1.176587499999993 3.49503830119062 0.635 1.174712499999992 3.493163301190618 0.6382475952641911 1.174285664664814 3.492736465855442 0.6389868957511876 1.172837499999994 3.49128830119062 0.6414951905283828 1.171983829329636 3.490434630520262 0.6429737915023756 1.170962499999993 3.48941330119062 0.6447427857925744 1.170535664664815 3.48898646585544 0.6454820862795709 0.6815874999999932 0.00847027223591612 0.6317524047358078 0.6815874999999932 0.006595272235916049 0.635 0.6815874999999932 0.00847027223591612 0.6382475952641921 0.6815874999999932 0.01034527223591519 0.6414951905283828 0.6815874999999932 0.01222027223591515 0.6447427857925744 0.6815874999999932 0.01409527223591522 0.6479903810567662 0.6815874999999932 0.01784527223591603 0.6479903810567662 0.6815874999999932 0.02159527223591606 0.6479903810567662 0.6815874999999932 0.02534527223591609 0.6479903810567662 0.6815874999999932 0.02909527223591612 0.6479903810567662 0.6815874999999932 0.03147928099580343 0.6438611567589537 0.6815874999999932 0.03386328975568986 0.6397319324611403 0.6815874999999932 0.03522928099580158 0.6373659662305704 0.6815874999999932 0.03659527223591607 0.635 0.6815874999999932 0.03522928100323585 0.6326340337823035 0.6815874999999932 0.03284527223591704 0.6285048094716171 0.6815874999999932 0.03097027223591697 0.6252572142074255 0.6815874999999932 0.02909527223591612 0.6220096189432338 0.6815874999999932 0.02534527223591609 0.6220096189432338 0.6815874999999932 0.02159527223591606 0.6220096189432338 0.6815874999999932 0.01784527223591603 0.6220096189432338 0.6815874999999932 0.01409527223591522 0.6220096189432338 0.6815874999999932 0.01222027223591604 0.6252572142074255 0.6815874999999932 0.01034527223591519 0.6285048094716171 0.6815874999999932 0.01409527223591522 0.6220096189432338 1.169087499999992 0.01409527223591522 0.6220096189432329 1.170962499999992 0.01222027223591515 0.6252572142074245 1.171471526188561 0.0117112460473463 0.6261388734284096 1.172837499999993 0.01034527223591519 0.6285048094716162 1.17385555237713 0.00932721985877738 0.6302681279135854 1.174712499999992 0.00847027223591612 0.6317524047358078 1.17522152618856 0.007961246047347159 0.632634063956793 1.176587499999993 0.006595272235916049 0.635 0.6815874999999932 0.006595272235916049 0.635 0.6815874999999932 0.00847027223591612 0.6317524047358078 0.6815874999999932 0.01034527223591519 0.6285048094716171 0.6815874999999932 0.01222027223591604 0.6252572142074255 0.6815874999999932 0.03284527223591704 0.6285048094716171 0.6815874999999932 0.03522928100323585 0.6326340337823035 0.6815874999999932 0.03659527223591607 0.635 1.146587499999993 0.0365952722359133 0.635 1.148138141316884 0.03504463091902287 0.6323142104548301 1.148462499999991 0.03472027223591611 0.6317524047358078 1.149688782633773 0.03349398960213412 0.6296284209096607 1.150337499999992 0.03284527223591704 0.6285048094716171 1.151888141316883 0.03129463091902462 0.6258190199264477 1.152212499999992 0.03097027223591608 0.6252572142074255 1.154087499999991 0.02909527223591612 0.6220096189432338 0.6815874999999932 0.02909527223591612 0.6220096189432338 0.6815874999999932 0.03097027223591697 0.6252572142074255 0.6815874999999932 0.03147928099580343 0.6438611567589537 0.6815874999999932 0.02909527223591612 0.6479903810567662 1.154087499999991 0.02909527223591612 0.6479903810567662 1.152212499999992 0.03097027223591608 0.6447427857925744 1.151888141317877 0.03129463091803241 0.644180980075274 1.150337499999992 0.03284527223591704 0.6414951905283828 1.149688782635762 0.03349398960014693 0.6403715790937836 1.148462499999991 0.03472027223591611 0.6382475952641921 1.148138141317878 0.03504463091803144 0.6376857895468924 1.146587499999993 0.0365952722359133 0.635 0.6815874999999932 0.03659527223591607 0.635 0.6815874999999932 0.03522928099580158 0.6373659662305704 0.6815874999999932 0.03386328975568986 0.6397319324611403 0.6815874999999932 0.01222027223591515 0.6447427857925744 0.6815874999999932 0.01409527223591522 0.6479903810567662 0.6815874999999932 0.01034527223591519 0.6414951905283828 0.6815874999999932 0.00847027223591612 0.6382475952641921 0.6815874999999932 0.006595272235916049 0.635 1.176587499999993 0.006595272235916049 0.635 1.17522152618856 0.00796124604734627 0.6373659360432061 1.175036858683097 0.008145913552811134 0.637685789545178 1.172837499999993 0.01034527223591519 0.6414951905283837 1.170962499999992 0.01222027223591515 0.6447427857925754 1.169087499999992 0.01409527223591522 0.647990381056767 0.00158749999999963 3.49316330119062 0.5132475952641911 0.00158749999999963 3.49503830119062 0.51 0.00158749999999963 3.49316330119062 0.5067524047358078 0.00158749999999963 3.49128830119062 0.5035048094716162 0.00158749999999963 3.48941330119062 0.500257214207425 0.00158749999999963 3.48753830119062 0.4970096189432333 0.00158749999999963 3.48378830119062 0.4970096189432333 0.00158749999999963 3.48003830119062 0.4970096189432333 0.00158749999999963 3.47628830119062 0.4970096189432333 0.00158749999999963 3.472538301190618 0.4970096189432333 0.00158749999999963 3.470663301190618 0.500257214207425 0.00158749999999963 3.468788301190618 0.5035048094716162 0.00158749999999963 3.467340141735896 0.5060130952246582 0.00158749999999963 3.46503830119062 0.51 0.00158749999999963 3.467340141743096 0.5139869047878141 0.00158749999999963 3.469641982295576 0.5179738095756293 0.00158749999999963 3.471090141743098 0.5204820953161974 0.00158749999999963 3.472538301190618 0.5229903810567662 0.00158749999999963 3.47628830119062 0.5229903810567657 0.00158749999999963 3.48003830119062 0.5229903810567662 0.00158749999999963 3.48378830119062 0.5229903810567662 0.00158749999999963 3.48753830119062 0.5229903810567662 0.00158749999999963 3.48941330119062 0.5197427857925744 0.00158749999999963 3.49128830119062 0.5164951905283833 1.176587499999993 3.49503830119062 0.51 0.00158749999999963 3.49503830119062 0.51 1.175036858683104 3.493487659873728 0.507314210454831 1.174285664664829 3.492736465855454 0.5060131042488388 1.172837499999994 3.49128830119062 0.5035048094716162 1.170962499999993 3.48941330119062 0.500257214207425 1.169087499999993 3.48753830119062 0.4970096189432333 0.00158749999999963 3.48753830119062 0.4970096189432333 0.00158749999999963 3.48941330119062 0.500257214207425 0.00158749999999963 3.49128830119062 0.5035048094716162 0.00158749999999963 3.49316330119062 0.5067524047358078 0.00158749999999963 3.467340141735896 0.5060130952246582 0.00158749999999963 3.468788301190618 0.5035048094716162 0.00158749999999963 3.470663301190618 0.500257214207425 0.00158749999999963 3.472538301190618 0.4970096189432333 1.154087499999992 3.472538301190618 0.4970096189432333 1.152212499999992 3.470663301190618 0.5002572142074245 1.150337499999992 3.468788301190618 0.5035048094716162 1.148462499999993 3.46691330119062 0.5067524047358078 1.146587499999993 3.46503830119062 0.51 0.00158749999999963 3.46503830119062 0.51 1.157837499999993 3.47628830119062 0.4970096189432333 0.00158749999999963 3.47628830119062 0.4970096189432333 0.00158749999999963 3.48003830119062 0.4970096189432333 1.157837499999993 3.47628830119062 0.4970096189432333 0.00158749999999963 3.48003830119062 0.4970096189432333 1.161587499999993 3.48003830119062 0.4970096189432333 1.161587499999993 3.48003830119062 0.4970096189432333 0.00158749999999963 3.48003830119062 0.4970096189432333 0.00158749999999963 3.48378830119062 0.4970096189432333 1.165337499999993 3.48378830119062 0.4970096189432333 1.161587499999993 3.48003830119062 0.4970096189432333 0.00158749999999963 3.48378830119062 0.4970096189432333 1.165337499999993 3.48378830119062 0.4970096189432333 0.00158749999999963 3.48378830119062 0.4970096189432333 0.00158749999999963 3.48753830119062 0.4970096189432333 1.165337499999993 3.48378830119062 0.4970096189432333 1.169087499999993 3.48753830119062 0.4970096189432333 0.00158749999999963 3.48753830119062 0.4970096189432333 1.169087499999992 0.01409527223591522 0.4970096189432329 1.165337499999993 3.48378830119062 0.4970096189432333 1.169087499999993 3.48753830119062 0.4970096189432333 1.165337499999992 0.01784527223591603 0.4970096189432329 1.169087499999992 0.01409527223591522 0.4970096189432329 1.165337499999993 3.48378830119062 0.4970096189432333 0.6815874999999932 0.01409527223591522 0.4970096189432333 1.165337499999992 0.01784527223591603 0.4970096189432329 1.169087499999992 0.01409527223591522 0.4970096189432329 0.6815874999999932 0.01784527223591603 0.4970096189432333 0.6815874999999932 0.01409527223591522 0.4970096189432333 1.165337499999992 0.01784527223591603 0.4970096189432329 0.6815874999999932 0.01784527223591603 0.4970096189432333 1.165337499999992 0.01784527223591603 0.4970096189432329 1.161587499999992 0.02159527223591606 0.4970096189432333 1.161587499999992 0.02159527223591606 0.4970096189432333 0.6815874999999932 0.01784527223591603 0.4970096189432333 0.6815874999999932 0.02159527223591606 0.4970096189432333 0.6815874999999932 0.02159527223591606 0.4970096189432333 1.161587499999992 0.02159527223591606 0.4970096189432333 1.157837499999992 0.02534527223591609 0.4970096189432333 0.6815874999999932 0.02534527223591609 0.4970096189432338 1.157837499999992 0.02534527223591609 0.4970096189432333 0.6815874999999932 0.02159527223591606 0.4970096189432333 0.6815874999999932 0.02534527223591609 0.4970096189432338 1.157837499999992 0.02534527223591609 0.4970096189432333 1.154087499999991 0.02909527223591612 0.4970096189432338 0.6815874999999932 0.02909527223591612 0.4970096189432333 1.154087499999991 0.02909527223591612 0.4970096189432338 0.6815874999999932 0.02534527223591609 0.4970096189432338 1.157837499999992 0.02534527223591609 0.4970096189432333 1.154087499999992 3.472538301190618 0.4970096189432333 1.154087499999991 0.02909527223591612 0.4970096189432338 0.00158749999999963 3.472538301190618 0.4970096189432333 0.00158749999999963 3.47628830119062 0.4970096189432333 1.154087499999992 3.472538301190618 0.4970096189432333 1.157837499999993 3.47628830119062 0.4970096189432333 1.154087499999992 3.472538301190618 0.4970096189432333 0.00158749999999963 3.47628830119062 0.4970096189432333 1.157837499999993 3.47628830119062 0.4970096189432333 1.154087499999992 3.472538301190618 0.4970096189432333 1.157837499999992 0.02534527223591609 0.4970096189432333 1.161587499999993 3.48003830119062 0.4970096189432333 1.157837499999993 3.47628830119062 0.4970096189432333 1.161587499999992 0.02159527223591606 0.4970096189432333 1.161587499999992 0.02159527223591606 0.4970096189432333 1.157837499999993 3.47628830119062 0.4970096189432333 1.157837499999992 0.02534527223591609 0.4970096189432333 1.161587499999992 0.02159527223591606 0.4970096189432333 1.165337499999992 0.01784527223591603 0.4970096189432329 1.161587499999993 3.48003830119062 0.4970096189432333 1.165337499999992 0.01784527223591603 0.4970096189432329 1.165337499999993 3.48378830119062 0.4970096189432333 1.161587499999993 3.48003830119062 0.4970096189432333 0.00158749999999963 3.48753830119062 0.5229903810567662 0.00158749999999963 3.48378830119062 0.5229903810567662 1.165337499999993 3.48378830119062 0.5229903810567662 1.165337499999993 3.48378830119062 0.5229903810567662 0.00158749999999963 3.48753830119062 0.5229903810567662 1.169087499999993 3.48753830119062 0.5229903810567662 1.165337499999993 3.48378830119062 0.5229903810567662 0.00158749999999963 3.48378830119062 0.5229903810567662 1.161587499999993 3.48003830119062 0.5229903810567662 1.161587499999993 3.48003830119062 0.5229903810567662 1.165337499999993 3.48378830119062 0.5229903810567662 1.161587499999992 0.02159527223591606 0.5229903810567662 1.161587499999992 0.02159527223591606 0.5229903810567662 1.165337499999993 3.48378830119062 0.5229903810567662 1.165337499999992 0.01784527223591603 0.5229903810567666 1.169087499999993 3.48753830119062 0.5229903810567662 1.165337499999993 3.48378830119062 0.5229903810567662 1.165337499999992 0.01784527223591603 0.5229903810567666 1.165337499999992 0.01784527223591603 0.5229903810567666 1.169087499999993 3.48753830119062 0.5229903810567662 1.169087499999992 0.01409527223591522 0.5229903810567666 1.161587499999993 3.48003830119062 0.5229903810567662 0.00158749999999963 3.48378830119062 0.5229903810567662 0.00158749999999963 3.48003830119062 0.5229903810567662 1.157837499999993 3.47628830119062 0.5229903810567657 1.161587499999993 3.48003830119062 0.5229903810567662 0.00158749999999963 3.48003830119062 0.5229903810567662 0.00158749999999963 3.48003830119062 0.5229903810567662 0.00158749999999963 3.47628830119062 0.5229903810567657 1.157837499999993 3.47628830119062 0.5229903810567657 1.154087499999992 3.472538301190618 0.5229903810567662 1.157837499999993 3.47628830119062 0.5229903810567657 0.00158749999999963 3.47628830119062 0.5229903810567657 1.154087499999992 3.472538301190618 0.5229903810567662 0.00158749999999963 3.47628830119062 0.5229903810567657 0.00158749999999963 3.472538301190618 0.5229903810567662 1.154087499999992 3.472538301190618 0.5229903810567662 1.157837499999993 3.47628830119062 0.5229903810567657 1.154087499999991 0.02909527223591612 0.5229903810567657 1.157837499999992 0.02534527223591609 0.5229903810567662 1.154087499999991 0.02909527223591612 0.5229903810567657 1.157837499999993 3.47628830119062 0.5229903810567657 0.6815874999999932 0.02534527223591609 0.5229903810567657 1.157837499999992 0.02534527223591609 0.5229903810567662 1.154087499999991 0.02909527223591612 0.5229903810567657 0.6815874999999932 0.02534527223591609 0.5229903810567657 1.154087499999991 0.02909527223591612 0.5229903810567657 0.6815874999999932 0.02909527223591612 0.5229903810567662 0.6815874999999932 0.02159527223591606 0.5229903810567662 0.6815874999999932 0.02534527223591609 0.5229903810567657 1.157837499999992 0.02534527223591609 0.5229903810567662 0.6815874999999932 0.02159527223591606 0.5229903810567662 1.161587499999992 0.02159527223591606 0.5229903810567662 0.6815874999999932 0.01784527223591603 0.5229903810567662 1.157837499999992 0.02534527223591609 0.5229903810567662 1.161587499999992 0.02159527223591606 0.5229903810567662 0.6815874999999932 0.02159527223591606 0.5229903810567662 0.6815874999999932 0.01784527223591603 0.5229903810567662 1.165337499999992 0.01784527223591603 0.5229903810567666 0.6815874999999932 0.01409527223591522 0.5229903810567662 0.6815874999999932 0.01784527223591603 0.5229903810567662 1.165337499999992 0.01784527223591603 0.5229903810567666 1.161587499999992 0.02159527223591606 0.5229903810567662 0.6815874999999932 0.01409527223591522 0.5229903810567662 1.169087499999992 0.01409527223591522 0.5229903810567666 1.165337499999992 0.01784527223591603 0.5229903810567666 1.157837499999992 0.02534527223591609 0.5229903810567662 1.161587499999992 0.02159527223591606 0.5229903810567662 1.161587499999993 3.48003830119062 0.5229903810567662 1.157837499999993 3.47628830119062 0.5229903810567657 1.161587499999993 3.48003830119062 0.5229903810567662 1.157837499999992 0.02534527223591609 0.5229903810567662 0.00158749999999963 3.467340141743096 0.5139869047878141 0.00158749999999963 3.46503830119062 0.51 1.146587499999993 3.46503830119062 0.51 1.148462499999993 3.46691330119062 0.5132475952641911 1.150337499999992 3.468788301190618 0.5164951905283833 1.152212499999993 3.470663301190618 0.5197427857925744 1.154087499999992 3.472538301190618 0.5229903810567662 0.00158749999999963 3.472538301190618 0.5229903810567662 0.00158749999999963 3.471090141743098 0.5204820953161974 0.00158749999999963 3.469641982295576 0.5179738095756293 0.00158749999999963 3.49316330119062 0.5132475952641911 0.00158749999999963 3.49503830119062 0.51 0.00158749999999963 3.49128830119062 0.5164951905283833 0.00158749999999963 3.48941330119062 0.5197427857925744 0.00158749999999963 3.48753830119062 0.5229903810567662 1.169087499999993 3.48753830119062 0.5229903810567662 1.170535664664815 3.48898646585544 0.5204820862795709 1.170962499999993 3.48941330119062 0.5197427857925749 1.171983829329636 3.490434630520262 0.5179737915023752 1.172837499999994 3.49128830119062 0.5164951905283833 1.174285664664814 3.492736465855442 0.5139868957511876 1.174712499999992 3.493163301190618 0.5132475952641907 1.176587499999993 3.49503830119062 0.51 1.170962499999993 3.48941330119062 0.500257214207425 1.172837499999994 3.49128830119062 0.5035048094716162 1.174285664664829 3.492736465855454 0.5060131042488388 1.175036858683104 3.493487659873728 0.507314210454831 1.176587499999993 3.49503830119062 0.51 1.176587499999993 0.006595272235916049 0.51 1.17522152618856 0.007961246047347159 0.5076340639567924 1.174712499999992 0.00847027223591612 0.5067524047358078 1.17385555237713 0.00932721985877738 0.5052681279135854 1.172837499999993 0.01034527223591519 0.5035048094716162 1.171471526188561 0.0117112460473463 0.5011388734284096 1.170962499999992 0.01222027223591515 0.5002572142074245 1.169087499999992 0.01409527223591522 0.4970096189432329 1.169087499999993 3.48753830119062 0.4970096189432333 1.148462499999991 0.03472027223591611 0.5067524047358078 1.148138141316884 0.03504463091902287 0.5073142104548301 1.146587499999993 0.0365952722359133 0.51 1.146587499999993 3.46503830119062 0.51 1.148462499999993 3.46691330119062 0.5067524047358078 1.150337499999992 3.468788301190618 0.5035048094716162 1.152212499999992 3.470663301190618 0.5002572142074245 1.154087499999992 3.472538301190618 0.4970096189432333 1.154087499999991 0.02909527223591612 0.4970096189432338 1.152212499999992 0.03097027223591608 0.5002572142074245 1.151888141316883 0.03129463091902462 0.5008190199264477 1.150337499999992 0.03284527223591704 0.5035048094716162 1.149688782633773 0.03349398960213412 0.5046284209096612 1.152212499999993 3.470663301190618 0.5197427857925744 1.150337499999992 3.468788301190618 0.5164951905283833 1.148462499999993 3.46691330119062 0.5132475952641911 1.146587499999993 3.46503830119062 0.51 1.146587499999993 0.0365952722359133 0.51 1.148138141317878 0.03504463091803144 0.5126857895468911 1.148462499999991 0.03472027223591611 0.5132475952641911 1.149688782635762 0.03349398960014693 0.5153715790937826 1.150337499999992 0.03284527223591704 0.5164951905283833 1.151888141317877 0.03129463091803241 0.519180980075274 1.152212499999992 0.03097027223591608 0.5197427857925744 1.154087499999991 0.02909527223591612 0.5229903810567657 1.154087499999992 3.472538301190618 0.5229903810567662 1.169087499999992 0.01409527223591522 0.5229903810567666 1.169087499999993 3.48753830119062 0.5229903810567662 1.170962499999992 0.01222027223591515 0.5197427857925749 1.172837499999993 0.01034527223591519 0.5164951905283833 1.175036858683097 0.008145913552811134 0.512685789545178 1.17522152618856 0.00796124604734627 0.5123659360432061 1.176587499999993 0.006595272235916049 0.51 1.176587499999993 3.49503830119062 0.51 1.174712499999992 3.493163301190618 0.5132475952641907 1.174285664664814 3.492736465855442 0.5139868957511876 1.172837499999994 3.49128830119062 0.5164951905283833 1.171983829329636 3.490434630520262 0.5179737915023752 1.170962499999993 3.48941330119062 0.5197427857925749 1.170535664664815 3.48898646585544 0.5204820862795709 0.6815874999999932 0.00847027223591612 0.5067524047358084 0.6815874999999932 0.006595272235916049 0.51 0.6815874999999932 0.00847027223591612 0.5132475952641911 0.6815874999999932 0.01034527223591519 0.5164951905283833 0.6815874999999932 0.01222027223591515 0.5197427857925744 0.6815874999999932 0.01409527223591522 0.5229903810567662 0.6815874999999932 0.01784527223591603 0.5229903810567662 0.6815874999999932 0.02159527223591606 0.5229903810567662 0.6815874999999932 0.02534527223591609 0.5229903810567657 0.6815874999999932 0.02909527223591612 0.5229903810567662 0.6815874999999932 0.03147928099580343 0.5188611567589528 0.6815874999999932 0.03386328975568986 0.5147319324611394 0.6815874999999932 0.03522928099580158 0.5123659662305699 0.6815874999999932 0.03659527223591607 0.51 0.6815874999999932 0.03522928100323585 0.507634033782303 0.6815874999999932 0.03284527223591704 0.5035048094716162 0.6815874999999932 0.03097027223591697 0.500257214207425 0.6815874999999932 0.02909527223591612 0.4970096189432333 0.6815874999999932 0.02534527223591609 0.4970096189432338 0.6815874999999932 0.02159527223591606 0.4970096189432333 0.6815874999999932 0.01784527223591603 0.4970096189432333 0.6815874999999932 0.01409527223591522 0.4970096189432333 0.6815874999999932 0.01222027223591604 0.500257214207425 0.6815874999999932 0.01034527223591519 0.5035048094716162 0.6815874999999932 0.01409527223591522 0.4970096189432333 1.169087499999992 0.01409527223591522 0.4970096189432329 1.170962499999992 0.01222027223591515 0.5002572142074245 1.171471526188561 0.0117112460473463 0.5011388734284096 1.172837499999993 0.01034527223591519 0.5035048094716162 1.17385555237713 0.00932721985877738 0.5052681279135854 1.174712499999992 0.00847027223591612 0.5067524047358078 1.17522152618856 0.007961246047347159 0.5076340639567924 1.176587499999993 0.006595272235916049 0.51 0.6815874999999932 0.006595272235916049 0.51 0.6815874999999932 0.00847027223591612 0.5067524047358084 0.6815874999999932 0.01034527223591519 0.5035048094716162 0.6815874999999932 0.01222027223591604 0.500257214207425 0.6815874999999932 0.03284527223591704 0.5035048094716162 0.6815874999999932 0.03522928100323585 0.507634033782303 0.6815874999999932 0.03659527223591607 0.51 1.146587499999993 0.0365952722359133 0.51 1.148138141316884 0.03504463091902287 0.5073142104548301 1.148462499999991 0.03472027223591611 0.5067524047358078 1.149688782633773 0.03349398960213412 0.5046284209096612 1.150337499999992 0.03284527223591704 0.5035048094716162 1.151888141316883 0.03129463091902462 0.5008190199264477 1.152212499999992 0.03097027223591608 0.5002572142074245 1.154087499999991 0.02909527223591612 0.4970096189432338 0.6815874999999932 0.02909527223591612 0.4970096189432333 0.6815874999999932 0.03097027223591697 0.500257214207425 0.6815874999999932 0.03147928099580343 0.5188611567589528 0.6815874999999932 0.02909527223591612 0.5229903810567662 1.154087499999991 0.02909527223591612 0.5229903810567657 1.152212499999992 0.03097027223591608 0.5197427857925744 1.151888141317877 0.03129463091803241 0.519180980075274 1.150337499999992 0.03284527223591704 0.5164951905283833 1.149688782635762 0.03349398960014693 0.5153715790937826 1.148462499999991 0.03472027223591611 0.5132475952641911 1.148138141317878 0.03504463091803144 0.5126857895468911 1.146587499999993 0.0365952722359133 0.51 0.6815874999999932 0.03659527223591607 0.51 0.6815874999999932 0.03522928099580158 0.5123659662305699 0.6815874999999932 0.03386328975568986 0.5147319324611394 0.6815874999999932 0.01222027223591515 0.5197427857925744 0.6815874999999932 0.01409527223591522 0.5229903810567662 0.6815874999999932 0.01034527223591519 0.5164951905283833 0.6815874999999932 0.00847027223591612 0.5132475952641911 0.6815874999999932 0.006595272235916049 0.51 1.176587499999993 0.006595272235916049 0.51 1.17522152618856 0.00796124604734627 0.5123659360432061 1.175036858683097 0.008145913552811134 0.512685789545178 1.172837499999993 0.01034527223591519 0.5164951905283833 1.170962499999992 0.01222027223591515 0.5197427857925749 1.169087499999992 0.01409527223591522 0.5229903810567666 0.00158749999999963 3.49316330119062 0.3882475952641912 0.00158749999999963 3.49503830119062 0.385 0.00158749999999963 3.49316330119062 0.3817524047358084 0.00158749999999963 3.49128830119062 0.3785048094716166 0.00158749999999963 3.48941330119062 0.3752572142074255 0.00158749999999963 3.48753830119062 0.3720096189432338 0.00158749999999963 3.48378830119062 0.3720096189432338 0.00158749999999963 3.48003830119062 0.3720096189432338 0.00158749999999963 3.47628830119062 0.3720096189432338 0.00158749999999963 3.472538301190618 0.3720096189432338 0.00158749999999963 3.470663301190618 0.3752572142074246 0.00158749999999963 3.468788301190618 0.3785048094716166 0.00158749999999963 3.467340141735896 0.3810130952246582 0.00158749999999963 3.46503830119062 0.385 0.00158749999999963 3.467340141743096 0.3889869047878147 0.00158749999999963 3.469641982295576 0.3929738095756293 0.00158749999999963 3.471090141743098 0.3954820953161974 0.00158749999999963 3.472538301190618 0.3979903810567662 0.00158749999999963 3.47628830119062 0.3979903810567657 0.00158749999999963 3.48003830119062 0.3979903810567662 0.00158749999999963 3.48378830119062 0.3979903810567662 0.00158749999999963 3.48753830119062 0.3979903810567662 0.00158749999999963 3.48941330119062 0.3947427857925746 0.00158749999999963 3.49128830119062 0.3914951905283833 1.176587499999993 3.49503830119062 0.385 0.00158749999999963 3.49503830119062 0.385 1.175036858683104 3.493487659873728 0.3823142104548319 1.174285664664829 3.492736465855454 0.3810131042488392 1.172837499999994 3.49128830119062 0.3785048094716166 1.170962499999993 3.48941330119062 0.3752572142074255 1.169087499999993 3.48753830119062 0.3720096189432338 0.00158749999999963 3.48753830119062 0.3720096189432338 0.00158749999999963 3.48941330119062 0.3752572142074255 0.00158749999999963 3.49128830119062 0.3785048094716166 0.00158749999999963 3.49316330119062 0.3817524047358084 0.00158749999999963 3.467340141735896 0.3810130952246582 0.00158749999999963 3.468788301190618 0.3785048094716166 0.00158749999999963 3.470663301190618 0.3752572142074246 0.00158749999999963 3.472538301190618 0.3720096189432338 1.154087499999992 3.472538301190618 0.3720096189432338 1.152212499999992 3.470663301190618 0.3752572142074246 1.150337499999992 3.468788301190618 0.3785048094716166 1.148462499999993 3.46691330119062 0.3817524047358084 1.146587499999993 3.46503830119062 0.385 0.00158749999999963 3.46503830119062 0.385 1.157837499999993 3.47628830119062 0.3720096189432338 0.00158749999999963 3.47628830119062 0.3720096189432338 0.00158749999999963 3.48003830119062 0.3720096189432338 1.157837499999993 3.47628830119062 0.3720096189432338 0.00158749999999963 3.48003830119062 0.3720096189432338 1.161587499999993 3.48003830119062 0.3720096189432338 1.161587499999993 3.48003830119062 0.3720096189432338 0.00158749999999963 3.48003830119062 0.3720096189432338 0.00158749999999963 3.48378830119062 0.3720096189432338 1.165337499999993 3.48378830119062 0.3720096189432338 1.161587499999993 3.48003830119062 0.3720096189432338 0.00158749999999963 3.48378830119062 0.3720096189432338 1.165337499999993 3.48378830119062 0.3720096189432338 0.00158749999999963 3.48378830119062 0.3720096189432338 0.00158749999999963 3.48753830119062 0.3720096189432338 1.165337499999993 3.48378830119062 0.3720096189432338 1.169087499999993 3.48753830119062 0.3720096189432338 0.00158749999999963 3.48753830119062 0.3720096189432338 1.169087499999992 0.01409527223591522 0.3720096189432329 1.165337499999993 3.48378830119062 0.3720096189432338 1.169087499999993 3.48753830119062 0.3720096189432338 1.165337499999992 0.01784527223591603 0.3720096189432329 1.169087499999992 0.01409527223591522 0.3720096189432329 1.165337499999993 3.48378830119062 0.3720096189432338 0.6815874999999932 0.01409527223591522 0.3720096189432338 1.165337499999992 0.01784527223591603 0.3720096189432329 1.169087499999992 0.01409527223591522 0.3720096189432329 0.6815874999999932 0.01784527223591603 0.3720096189432338 0.6815874999999932 0.01409527223591522 0.3720096189432338 1.165337499999992 0.01784527223591603 0.3720096189432329 0.6815874999999932 0.01784527223591603 0.3720096189432338 1.165337499999992 0.01784527223591603 0.3720096189432329 1.161587499999992 0.02159527223591606 0.3720096189432338 1.161587499999992 0.02159527223591606 0.3720096189432338 0.6815874999999932 0.01784527223591603 0.3720096189432338 0.6815874999999932 0.02159527223591606 0.3720096189432338 0.6815874999999932 0.02159527223591606 0.3720096189432338 1.161587499999992 0.02159527223591606 0.3720096189432338 1.157837499999992 0.02534527223591609 0.3720096189432342 0.6815874999999932 0.02534527223591609 0.3720096189432342 1.157837499999992 0.02534527223591609 0.3720096189432342 0.6815874999999932 0.02159527223591606 0.3720096189432338 0.6815874999999932 0.02534527223591609 0.3720096189432342 1.157837499999992 0.02534527223591609 0.3720096189432342 1.154087499999991 0.02909527223591612 0.3720096189432342 0.6815874999999932 0.02909527223591612 0.3720096189432338 1.154087499999991 0.02909527223591612 0.3720096189432342 0.6815874999999932 0.02534527223591609 0.3720096189432342 1.157837499999992 0.02534527223591609 0.3720096189432342 1.154087499999992 3.472538301190618 0.3720096189432338 1.154087499999991 0.02909527223591612 0.3720096189432342 0.00158749999999963 3.472538301190618 0.3720096189432338 0.00158749999999963 3.47628830119062 0.3720096189432338 1.154087499999992 3.472538301190618 0.3720096189432338 1.157837499999993 3.47628830119062 0.3720096189432338 1.154087499999992 3.472538301190618 0.3720096189432338 0.00158749999999963 3.47628830119062 0.3720096189432338 1.157837499999993 3.47628830119062 0.3720096189432338 1.154087499999992 3.472538301190618 0.3720096189432338 1.157837499999992 0.02534527223591609 0.3720096189432342 1.161587499999993 3.48003830119062 0.3720096189432338 1.157837499999993 3.47628830119062 0.3720096189432338 1.161587499999992 0.02159527223591606 0.3720096189432338 1.161587499999992 0.02159527223591606 0.3720096189432338 1.157837499999993 3.47628830119062 0.3720096189432338 1.157837499999992 0.02534527223591609 0.3720096189432342 1.161587499999992 0.02159527223591606 0.3720096189432338 1.165337499999992 0.01784527223591603 0.3720096189432329 1.161587499999993 3.48003830119062 0.3720096189432338 1.165337499999992 0.01784527223591603 0.3720096189432329 1.165337499999993 3.48378830119062 0.3720096189432338 1.161587499999993 3.48003830119062 0.3720096189432338 0.00158749999999963 3.48753830119062 0.3979903810567662 0.00158749999999963 3.48378830119062 0.3979903810567662 1.165337499999993 3.48378830119062 0.3979903810567662 1.165337499999993 3.48378830119062 0.3979903810567662 0.00158749999999963 3.48753830119062 0.3979903810567662 1.169087499999993 3.48753830119062 0.3979903810567662 1.165337499999993 3.48378830119062 0.3979903810567662 0.00158749999999963 3.48378830119062 0.3979903810567662 1.161587499999993 3.48003830119062 0.3979903810567662 1.161587499999993 3.48003830119062 0.3979903810567662 1.165337499999993 3.48378830119062 0.3979903810567662 1.161587499999992 0.02159527223591606 0.3979903810567662 1.161587499999992 0.02159527223591606 0.3979903810567662 1.165337499999993 3.48378830119062 0.3979903810567662 1.165337499999992 0.01784527223591603 0.397990381056767 1.169087499999993 3.48753830119062 0.3979903810567662 1.165337499999993 3.48378830119062 0.3979903810567662 1.165337499999992 0.01784527223591603 0.397990381056767 1.165337499999992 0.01784527223591603 0.397990381056767 1.169087499999993 3.48753830119062 0.3979903810567662 1.169087499999992 0.01409527223591522 0.397990381056767 1.161587499999993 3.48003830119062 0.3979903810567662 0.00158749999999963 3.48378830119062 0.3979903810567662 0.00158749999999963 3.48003830119062 0.3979903810567662 1.157837499999993 3.47628830119062 0.3979903810567657 1.161587499999993 3.48003830119062 0.3979903810567662 0.00158749999999963 3.48003830119062 0.3979903810567662 0.00158749999999963 3.48003830119062 0.3979903810567662 0.00158749999999963 3.47628830119062 0.3979903810567657 1.157837499999993 3.47628830119062 0.3979903810567657 1.154087499999992 3.472538301190618 0.3979903810567662 1.157837499999993 3.47628830119062 0.3979903810567657 0.00158749999999963 3.47628830119062 0.3979903810567657 1.154087499999992 3.472538301190618 0.3979903810567662 0.00158749999999963 3.47628830119062 0.3979903810567657 0.00158749999999963 3.472538301190618 0.3979903810567662 1.154087499999992 3.472538301190618 0.3979903810567662 1.157837499999993 3.47628830119062 0.3979903810567657 1.154087499999991 0.02909527223591612 0.3979903810567657 1.157837499999992 0.02534527223591609 0.3979903810567662 1.154087499999991 0.02909527223591612 0.3979903810567657 1.157837499999993 3.47628830119062 0.3979903810567657 0.6815874999999932 0.02534527223591609 0.3979903810567657 1.157837499999992 0.02534527223591609 0.3979903810567662 1.154087499999991 0.02909527223591612 0.3979903810567657 0.6815874999999932 0.02534527223591609 0.3979903810567657 1.154087499999991 0.02909527223591612 0.3979903810567657 0.6815874999999932 0.02909527223591612 0.3979903810567662 0.6815874999999932 0.02159527223591606 0.3979903810567662 0.6815874999999932 0.02534527223591609 0.3979903810567657 1.157837499999992 0.02534527223591609 0.3979903810567662 0.6815874999999932 0.02159527223591606 0.3979903810567662 1.161587499999992 0.02159527223591606 0.3979903810567662 0.6815874999999932 0.01784527223591603 0.3979903810567662 1.157837499999992 0.02534527223591609 0.3979903810567662 1.161587499999992 0.02159527223591606 0.3979903810567662 0.6815874999999932 0.02159527223591606 0.3979903810567662 0.6815874999999932 0.01784527223591603 0.3979903810567662 1.165337499999992 0.01784527223591603 0.397990381056767 0.6815874999999932 0.01409527223591522 0.3979903810567662 0.6815874999999932 0.01784527223591603 0.3979903810567662 1.165337499999992 0.01784527223591603 0.397990381056767 1.161587499999992 0.02159527223591606 0.3979903810567662 0.6815874999999932 0.01409527223591522 0.3979903810567662 1.169087499999992 0.01409527223591522 0.397990381056767 1.165337499999992 0.01784527223591603 0.397990381056767 1.157837499999992 0.02534527223591609 0.3979903810567662 1.161587499999992 0.02159527223591606 0.3979903810567662 1.161587499999993 3.48003830119062 0.3979903810567662 1.157837499999993 3.47628830119062 0.3979903810567657 1.161587499999993 3.48003830119062 0.3979903810567662 1.157837499999992 0.02534527223591609 0.3979903810567662 0.00158749999999963 3.467340141743096 0.3889869047878147 0.00158749999999963 3.46503830119062 0.385 1.146587499999993 3.46503830119062 0.385 1.148462499999993 3.46691330119062 0.3882475952641917 1.150337499999992 3.468788301190618 0.3914951905283833 1.152212499999993 3.470663301190618 0.3947427857925746 1.154087499999992 3.472538301190618 0.3979903810567662 0.00158749999999963 3.472538301190618 0.3979903810567662 0.00158749999999963 3.471090141743098 0.3954820953161974 0.00158749999999963 3.469641982295576 0.3929738095756293 0.00158749999999963 3.49316330119062 0.3882475952641912 0.00158749999999963 3.49503830119062 0.385 0.00158749999999963 3.49128830119062 0.3914951905283833 0.00158749999999963 3.48941330119062 0.3947427857925746 0.00158749999999963 3.48753830119062 0.3979903810567662 1.169087499999993 3.48753830119062 0.3979903810567662 1.170535664664815 3.48898646585544 0.3954820862795713 1.170962499999993 3.48941330119062 0.394742785792575 1.171983829329636 3.490434630520262 0.3929737915023756 1.172837499999994 3.49128830119062 0.3914951905283833 1.174285664664814 3.492736465855442 0.3889868957511876 1.174712499999992 3.493163301190618 0.3882475952641912 1.176587499999993 3.49503830119062 0.385 1.170962499999993 3.48941330119062 0.3752572142074255 1.172837499999994 3.49128830119062 0.3785048094716166 1.174285664664829 3.492736465855454 0.3810131042488392 1.175036858683104 3.493487659873728 0.3823142104548319 1.176587499999993 3.49503830119062 0.385 1.176587499999993 0.006595272235916049 0.385 1.17522152618856 0.007961246047347159 0.3826340639567934 1.174712499999992 0.00847027223591612 0.3817524047358084 1.17385555237713 0.00932721985877738 0.3802681279135858 1.172837499999993 0.01034527223591519 0.3785048094716166 1.171471526188561 0.0117112460473463 0.3761388734284101 1.170962499999992 0.01222027223591515 0.3752572142074246 1.169087499999992 0.01409527223591522 0.3720096189432329 1.169087499999993 3.48753830119062 0.3720096189432338 1.148462499999991 0.03472027223591611 0.3817524047358084 1.148138141316884 0.03504463091902287 0.3823142104548301 1.146587499999993 0.0365952722359133 0.385 1.146587499999993 3.46503830119062 0.385 1.148462499999993 3.46691330119062 0.3817524047358084 1.150337499999992 3.468788301190618 0.3785048094716166 1.152212499999992 3.470663301190618 0.3752572142074246 1.154087499999992 3.472538301190618 0.3720096189432338 1.154087499999991 0.02909527223591612 0.3720096189432342 1.152212499999992 0.03097027223591608 0.3752572142074246 1.151888141316883 0.03129463091902462 0.3758190199264477 1.150337499999992 0.03284527223591704 0.3785048094716166 1.149688782633773 0.03349398960213412 0.3796284209096612 1.152212499999993 3.470663301190618 0.3947427857925746 1.150337499999992 3.468788301190618 0.3914951905283833 1.148462499999993 3.46691330119062 0.3882475952641917 1.146587499999993 3.46503830119062 0.385 1.146587499999993 0.0365952722359133 0.385 1.148138141317878 0.03504463091803144 0.3876857895468915 1.148462499999991 0.03472027223591611 0.3882475952641917 1.149688782635762 0.03349398960014693 0.3903715790937831 1.150337499999992 0.03284527223591704 0.3914951905283833 1.151888141317877 0.03129463091803241 0.3941809800752744 1.152212499999992 0.03097027223591608 0.3947427857925746 1.154087499999991 0.02909527223591612 0.3979903810567657 1.154087499999992 3.472538301190618 0.3979903810567662 1.169087499999992 0.01409527223591522 0.397990381056767 1.169087499999993 3.48753830119062 0.3979903810567662 1.170962499999992 0.01222027223591515 0.394742785792575 1.172837499999993 0.01034527223591519 0.3914951905283833 1.175036858683097 0.008145913552811134 0.3876857895451789 1.17522152618856 0.00796124604734627 0.3873659360432066 1.176587499999993 0.006595272235916049 0.385 1.176587499999993 3.49503830119062 0.385 1.174712499999992 3.493163301190618 0.3882475952641912 1.174285664664814 3.492736465855442 0.3889868957511876 1.172837499999994 3.49128830119062 0.3914951905283833 1.171983829329636 3.490434630520262 0.3929737915023756 1.170962499999993 3.48941330119062 0.394742785792575 1.170535664664815 3.48898646585544 0.3954820862795713 0.6815874999999932 0.00847027223591612 0.3817524047358088 0.6815874999999932 0.006595272235916049 0.385 0.6815874999999932 0.00847027223591612 0.3882475952641917 0.6815874999999932 0.01034527223591519 0.3914951905283833 0.6815874999999932 0.01222027223591515 0.3947427857925746 0.6815874999999932 0.01409527223591522 0.3979903810567662 0.6815874999999932 0.01784527223591603 0.3979903810567662 0.6815874999999932 0.02159527223591606 0.3979903810567662 0.6815874999999932 0.02534527223591609 0.3979903810567657 0.6815874999999932 0.02909527223591612 0.3979903810567662 0.6815874999999932 0.03147928099580343 0.3938611567589532 0.6815874999999932 0.03386328975568986 0.3897319324611399 0.6815874999999932 0.03522928099580158 0.3873659662305695 0.6815874999999932 0.03659527223591607 0.385 0.6815874999999932 0.03522928100323585 0.3826340337823035 0.6815874999999932 0.03284527223591704 0.3785048094716166 0.6815874999999932 0.03097027223591697 0.3752572142074255 0.6815874999999932 0.02909527223591612 0.3720096189432338 0.6815874999999932 0.02534527223591609 0.3720096189432342 0.6815874999999932 0.02159527223591606 0.3720096189432338 0.6815874999999932 0.01784527223591603 0.3720096189432338 0.6815874999999932 0.01409527223591522 0.3720096189432338 0.6815874999999932 0.01222027223591604 0.3752572142074255 0.6815874999999932 0.01034527223591519 0.3785048094716166 0.6815874999999932 0.01409527223591522 0.3720096189432338 1.169087499999992 0.01409527223591522 0.3720096189432329 1.170962499999992 0.01222027223591515 0.3752572142074246 1.171471526188561 0.0117112460473463 0.3761388734284101 1.172837499999993 0.01034527223591519 0.3785048094716166 1.17385555237713 0.00932721985877738 0.3802681279135858 1.174712499999992 0.00847027223591612 0.3817524047358084 1.17522152618856 0.007961246047347159 0.3826340639567934 1.176587499999993 0.006595272235916049 0.385 0.6815874999999932 0.006595272235916049 0.385 0.6815874999999932 0.00847027223591612 0.3817524047358088 0.6815874999999932 0.01034527223591519 0.3785048094716166 0.6815874999999932 0.01222027223591604 0.3752572142074255 0.6815874999999932 0.03284527223591704 0.3785048094716166 0.6815874999999932 0.03522928100323585 0.3826340337823035 0.6815874999999932 0.03659527223591607 0.385 1.146587499999993 0.0365952722359133 0.385 1.148138141316884 0.03504463091902287 0.3823142104548301 1.148462499999991 0.03472027223591611 0.3817524047358084 1.149688782633773 0.03349398960213412 0.3796284209096612 1.150337499999992 0.03284527223591704 0.3785048094716166 1.151888141316883 0.03129463091902462 0.3758190199264477 1.152212499999992 0.03097027223591608 0.3752572142074246 1.154087499999991 0.02909527223591612 0.3720096189432342 0.6815874999999932 0.02909527223591612 0.3720096189432338 0.6815874999999932 0.03097027223591697 0.3752572142074255 0.6815874999999932 0.03147928099580343 0.3938611567589532 0.6815874999999932 0.02909527223591612 0.3979903810567662 1.154087499999991 0.02909527223591612 0.3979903810567657 1.152212499999992 0.03097027223591608 0.3947427857925746 1.151888141317877 0.03129463091803241 0.3941809800752744 1.150337499999992 0.03284527223591704 0.3914951905283833 1.149688782635762 0.03349398960014693 0.3903715790937831 1.148462499999991 0.03472027223591611 0.3882475952641917 1.148138141317878 0.03504463091803144 0.3876857895468915 1.146587499999993 0.0365952722359133 0.385 0.6815874999999932 0.03659527223591607 0.385 0.6815874999999932 0.03522928099580158 0.3873659662305695 0.6815874999999932 0.03386328975568986 0.3897319324611399 0.6815874999999932 0.01222027223591515 0.3947427857925746 0.6815874999999932 0.01409527223591522 0.3979903810567662 0.6815874999999932 0.01034527223591519 0.3914951905283833 0.6815874999999932 0.00847027223591612 0.3882475952641917 0.6815874999999932 0.006595272235916049 0.385 1.176587499999993 0.006595272235916049 0.385 1.17522152618856 0.00796124604734627 0.3873659360432066 1.175036858683097 0.008145913552811134 0.3876857895451789 1.172837499999993 0.01034527223591519 0.3914951905283833 1.170962499999992 0.01222027223591515 0.394742785792575 1.169087499999992 0.01409527223591522 0.397990381056767 0.00158749999999963 3.49316330119062 0.2632475952641912 0.00158749999999963 3.49503830119062 0.26 0.00158749999999963 3.49316330119062 0.2567524047358084 0.00158749999999963 3.49128830119062 0.2535048094716166 0.00158749999999963 3.48941330119062 0.2502572142074255 0.00158749999999963 3.48753830119062 0.2470096189432338 0.00158749999999963 3.48378830119062 0.2470096189432338 0.00158749999999963 3.48003830119062 0.2470096189432338 0.00158749999999963 3.47628830119062 0.2470096189432338 0.00158749999999963 3.472538301190618 0.2470096189432338 0.00158749999999963 3.470663301190618 0.250257214207425 0.00158749999999963 3.468788301190618 0.2535048094716166 0.00158749999999963 3.467340141735896 0.2560130952246586 0.00158749999999963 3.46503830119062 0.26 0.00158749999999963 3.467340141743096 0.2639869047878151 0.00158749999999963 3.469641982295576 0.2679738095756293 0.00158749999999963 3.471090141743098 0.2704820953161979 0.00158749999999963 3.472538301190618 0.2729903810567666 0.00158749999999963 3.47628830119062 0.2729903810567662 0.00158749999999963 3.48003830119062 0.2729903810567666 0.00158749999999963 3.48378830119062 0.272990381056767 0.00158749999999963 3.48753830119062 0.2729903810567666 0.00158749999999963 3.48941330119062 0.269742785792575 0.00158749999999963 3.49128830119062 0.2664951905283837 1.176587499999993 3.49503830119062 0.26 0.00158749999999963 3.49503830119062 0.26 1.175036858683104 3.493487659873728 0.2573142104548319 1.174285664664829 3.492736465855454 0.2560131042488397 1.172837499999994 3.49128830119062 0.2535048094716166 1.170962499999993 3.48941330119062 0.2502572142074255 1.169087499999993 3.48753830119062 0.2470096189432338 0.00158749999999963 3.48753830119062 0.2470096189432338 0.00158749999999963 3.48941330119062 0.2502572142074255 0.00158749999999963 3.49128830119062 0.2535048094716166 0.00158749999999963 3.49316330119062 0.2567524047358084 0.00158749999999963 3.467340141735896 0.2560130952246586 0.00158749999999963 3.468788301190618 0.2535048094716166 0.00158749999999963 3.470663301190618 0.250257214207425 0.00158749999999963 3.472538301190618 0.2470096189432338 1.154087499999992 3.472538301190618 0.2470096189432338 1.152212499999992 3.470663301190618 0.250257214207425 1.150337499999992 3.468788301190618 0.2535048094716166 1.148462499999993 3.46691330119062 0.2567524047358092 1.146587499999993 3.46503830119062 0.26 0.00158749999999963 3.46503830119062 0.26 1.157837499999993 3.47628830119062 0.2470096189432338 0.00158749999999963 3.47628830119062 0.2470096189432338 0.00158749999999963 3.48003830119062 0.2470096189432338 1.157837499999993 3.47628830119062 0.2470096189432338 0.00158749999999963 3.48003830119062 0.2470096189432338 1.161587499999993 3.48003830119062 0.2470096189432338 1.161587499999993 3.48003830119062 0.2470096189432338 0.00158749999999963 3.48003830119062 0.2470096189432338 0.00158749999999963 3.48378830119062 0.2470096189432338 1.165337499999993 3.48378830119062 0.2470096189432338 1.161587499999993 3.48003830119062 0.2470096189432338 0.00158749999999963 3.48378830119062 0.2470096189432338 1.165337499999993 3.48378830119062 0.2470096189432338 0.00158749999999963 3.48378830119062 0.2470096189432338 0.00158749999999963 3.48753830119062 0.2470096189432338 1.165337499999993 3.48378830119062 0.2470096189432338 1.169087499999993 3.48753830119062 0.2470096189432338 0.00158749999999963 3.48753830119062 0.2470096189432338 1.169087499999992 0.01409527223591522 0.2470096189432333 1.165337499999993 3.48378830119062 0.2470096189432338 1.169087499999993 3.48753830119062 0.2470096189432338 1.165337499999992 0.01784527223591603 0.2470096189432333 1.169087499999992 0.01409527223591522 0.2470096189432333 1.165337499999993 3.48378830119062 0.2470096189432338 0.6815874999999932 0.01409527223591522 0.2470096189432338 1.165337499999992 0.01784527223591603 0.2470096189432333 1.169087499999992 0.01409527223591522 0.2470096189432333 0.6815874999999932 0.01784527223591603 0.2470096189432338 0.6815874999999932 0.01409527223591522 0.2470096189432338 1.165337499999992 0.01784527223591603 0.2470096189432333 0.6815874999999932 0.01784527223591603 0.2470096189432338 1.165337499999992 0.01784527223591603 0.2470096189432333 1.161587499999992 0.02159527223591606 0.2470096189432338 1.161587499999992 0.02159527223591606 0.2470096189432338 0.6815874999999932 0.01784527223591603 0.2470096189432338 0.6815874999999932 0.02159527223591606 0.2470096189432338 0.6815874999999932 0.02159527223591606 0.2470096189432338 1.161587499999992 0.02159527223591606 0.2470096189432338 1.157837499999992 0.02534527223591609 0.2470096189432338 0.6815874999999932 0.02534527223591609 0.2470096189432342 1.157837499999992 0.02534527223591609 0.2470096189432338 0.6815874999999932 0.02159527223591606 0.2470096189432338 0.6815874999999932 0.02534527223591609 0.2470096189432342 1.157837499999992 0.02534527223591609 0.2470096189432338 1.154087499999991 0.02909527223591612 0.2470096189432342 0.6815874999999932 0.02909527223591612 0.2470096189432338 1.154087499999991 0.02909527223591612 0.2470096189432342 0.6815874999999932 0.02534527223591609 0.2470096189432342 1.157837499999992 0.02534527223591609 0.2470096189432338 1.154087499999992 3.472538301190618 0.2470096189432338 1.154087499999991 0.02909527223591612 0.2470096189432342 0.00158749999999963 3.472538301190618 0.2470096189432338 0.00158749999999963 3.47628830119062 0.2470096189432338 1.154087499999992 3.472538301190618 0.2470096189432338 1.157837499999993 3.47628830119062 0.2470096189432338 1.154087499999992 3.472538301190618 0.2470096189432338 0.00158749999999963 3.47628830119062 0.2470096189432338 1.157837499999993 3.47628830119062 0.2470096189432338 1.154087499999992 3.472538301190618 0.2470096189432338 1.157837499999992 0.02534527223591609 0.2470096189432338 1.161587499999993 3.48003830119062 0.2470096189432338 1.157837499999993 3.47628830119062 0.2470096189432338 1.161587499999992 0.02159527223591606 0.2470096189432338 1.161587499999992 0.02159527223591606 0.2470096189432338 1.157837499999993 3.47628830119062 0.2470096189432338 1.157837499999992 0.02534527223591609 0.2470096189432338 1.161587499999992 0.02159527223591606 0.2470096189432338 1.165337499999992 0.01784527223591603 0.2470096189432333 1.161587499999993 3.48003830119062 0.2470096189432338 1.165337499999992 0.01784527223591603 0.2470096189432333 1.165337499999993 3.48378830119062 0.2470096189432338 1.161587499999993 3.48003830119062 0.2470096189432338 0.00158749999999963 3.48753830119062 0.2729903810567666 0.00158749999999963 3.48378830119062 0.272990381056767 1.165337499999993 3.48378830119062 0.2729903810567666 1.165337499999993 3.48378830119062 0.2729903810567666 0.00158749999999963 3.48753830119062 0.2729903810567666 1.169087499999993 3.48753830119062 0.2729903810567666 1.165337499999993 3.48378830119062 0.2729903810567666 0.00158749999999963 3.48378830119062 0.272990381056767 1.161587499999993 3.48003830119062 0.2729903810567666 1.161587499999993 3.48003830119062 0.2729903810567666 1.165337499999993 3.48378830119062 0.2729903810567666 1.161587499999992 0.02159527223591606 0.2729903810567666 1.161587499999992 0.02159527223591606 0.2729903810567666 1.165337499999993 3.48378830119062 0.2729903810567666 1.165337499999992 0.01784527223591603 0.272990381056767 1.169087499999993 3.48753830119062 0.2729903810567666 1.165337499999993 3.48378830119062 0.2729903810567666 1.165337499999992 0.01784527223591603 0.272990381056767 1.165337499999992 0.01784527223591603 0.272990381056767 1.169087499999993 3.48753830119062 0.2729903810567666 1.169087499999992 0.01409527223591522 0.272990381056767 1.161587499999993 3.48003830119062 0.2729903810567666 0.00158749999999963 3.48378830119062 0.272990381056767 0.00158749999999963 3.48003830119062 0.2729903810567666 1.157837499999993 3.47628830119062 0.2729903810567662 1.161587499999993 3.48003830119062 0.2729903810567666 0.00158749999999963 3.48003830119062 0.2729903810567666 0.00158749999999963 3.48003830119062 0.2729903810567666 0.00158749999999963 3.47628830119062 0.2729903810567662 1.157837499999993 3.47628830119062 0.2729903810567662 1.154087499999992 3.472538301190618 0.2729903810567666 1.157837499999993 3.47628830119062 0.2729903810567662 0.00158749999999963 3.47628830119062 0.2729903810567662 1.154087499999992 3.472538301190618 0.2729903810567666 0.00158749999999963 3.47628830119062 0.2729903810567662 0.00158749999999963 3.472538301190618 0.2729903810567666 1.154087499999992 3.472538301190618 0.2729903810567666 1.157837499999993 3.47628830119062 0.2729903810567662 1.154087499999991 0.02909527223591612 0.2729903810567662 1.157837499999992 0.02534527223591609 0.2729903810567666 1.154087499999991 0.02909527223591612 0.2729903810567662 1.157837499999993 3.47628830119062 0.2729903810567662 0.6815874999999932 0.02534527223591609 0.2729903810567662 1.157837499999992 0.02534527223591609 0.2729903810567666 1.154087499999991 0.02909527223591612 0.2729903810567662 0.6815874999999932 0.02534527223591609 0.2729903810567662 1.154087499999991 0.02909527223591612 0.2729903810567662 0.6815874999999932 0.02909527223591612 0.2729903810567666 0.6815874999999932 0.02159527223591606 0.2729903810567666 0.6815874999999932 0.02534527223591609 0.2729903810567662 1.157837499999992 0.02534527223591609 0.2729903810567666 0.6815874999999932 0.02159527223591606 0.2729903810567666 1.161587499999992 0.02159527223591606 0.2729903810567666 0.6815874999999932 0.01784527223591603 0.2729903810567666 1.157837499999992 0.02534527223591609 0.2729903810567666 1.161587499999992 0.02159527223591606 0.2729903810567666 0.6815874999999932 0.02159527223591606 0.2729903810567666 0.6815874999999932 0.01784527223591603 0.2729903810567666 1.165337499999992 0.01784527223591603 0.272990381056767 0.6815874999999932 0.01409527223591522 0.2729903810567666 0.6815874999999932 0.01784527223591603 0.2729903810567666 1.165337499999992 0.01784527223591603 0.272990381056767 1.161587499999992 0.02159527223591606 0.2729903810567666 0.6815874999999932 0.01409527223591522 0.2729903810567666 1.169087499999992 0.01409527223591522 0.272990381056767 1.165337499999992 0.01784527223591603 0.272990381056767 1.157837499999992 0.02534527223591609 0.2729903810567666 1.161587499999992 0.02159527223591606 0.2729903810567666 1.161587499999993 3.48003830119062 0.2729903810567666 1.157837499999993 3.47628830119062 0.2729903810567662 1.161587499999993 3.48003830119062 0.2729903810567666 1.157837499999992 0.02534527223591609 0.2729903810567666 0.00158749999999963 3.467340141743096 0.2639869047878151 0.00158749999999963 3.46503830119062 0.26 1.146587499999993 3.46503830119062 0.26 1.148462499999993 3.46691330119062 0.2632475952641921 1.150337499999992 3.468788301190618 0.2664951905283837 1.152212499999993 3.470663301190618 0.269742785792575 1.154087499999992 3.472538301190618 0.2729903810567666 0.00158749999999963 3.472538301190618 0.2729903810567666 0.00158749999999963 3.471090141743098 0.2704820953161979 0.00158749999999963 3.469641982295576 0.2679738095756293 0.00158749999999963 3.49316330119062 0.2632475952641912 0.00158749999999963 3.49503830119062 0.26 0.00158749999999963 3.49128830119062 0.2664951905283837 0.00158749999999963 3.48941330119062 0.269742785792575 0.00158749999999963 3.48753830119062 0.2729903810567666 1.169087499999993 3.48753830119062 0.2729903810567666 1.170535664664815 3.48898646585544 0.2704820862795713 1.170962499999993 3.48941330119062 0.2697427857925754 1.171983829329636 3.490434630520262 0.2679737915023756 1.172837499999994 3.49128830119062 0.2664951905283837 1.174285664664814 3.492736465855442 0.263986895751188 1.174712499999992 3.493163301190618 0.2632475952641912 1.176587499999993 3.49503830119062 0.26 1.170962499999993 3.48941330119062 0.2502572142074255 1.172837499999994 3.49128830119062 0.2535048094716166 1.174285664664829 3.492736465855454 0.2560131042488397 1.175036858683104 3.493487659873728 0.2573142104548319 1.176587499999993 3.49503830119062 0.26 1.176587499999993 0.006595272235916049 0.26 1.17522152618856 0.007961246047347159 0.2576340639567938 1.174712499999992 0.00847027223591612 0.2567524047358084 1.17385555237713 0.00932721985877738 0.2552681279135858 1.172837499999993 0.01034527223591519 0.2535048094716166 1.171471526188561 0.0117112460473463 0.2511388734284101 1.170962499999992 0.01222027223591515 0.250257214207425 1.169087499999992 0.01409527223591522 0.2470096189432333 1.169087499999993 3.48753830119062 0.2470096189432338 1.148462499999991 0.03472027223591611 0.2567524047358084 1.148138141316884 0.03504463091902287 0.257314210454831 1.146587499999993 0.0365952722359133 0.26 1.146587499999993 3.46503830119062 0.26 1.148462499999993 3.46691330119062 0.2567524047358092 1.150337499999992 3.468788301190618 0.2535048094716166 1.152212499999992 3.470663301190618 0.250257214207425 1.154087499999992 3.472538301190618 0.2470096189432338 1.154087499999991 0.02909527223591612 0.2470096189432342 1.152212499999992 0.03097027223591608 0.2502572142074255 1.151888141316883 0.03129463091902462 0.2508190199264481 1.150337499999992 0.03284527223591704 0.2535048094716166 1.149688782633773 0.03349398960213412 0.2546284209096612 1.152212499999993 3.470663301190618 0.269742785792575 1.150337499999992 3.468788301190618 0.2664951905283837 1.148462499999993 3.46691330119062 0.2632475952641921 1.146587499999993 3.46503830119062 0.26 1.146587499999993 0.0365952722359133 0.26 1.148138141317878 0.03504463091803144 0.2626857895468924 1.148462499999991 0.03472027223591611 0.2632475952641921 1.149688782635762 0.03349398960014693 0.2653715790937831 1.150337499999992 0.03284527223591704 0.2664951905283837 1.151888141317877 0.03129463091803241 0.2691809800752753 1.152212499999992 0.03097027223591608 0.269742785792575 1.154087499999991 0.02909527223591612 0.2729903810567662 1.154087499999992 3.472538301190618 0.2729903810567666 1.169087499999992 0.01409527223591522 0.272990381056767 1.169087499999993 3.48753830119062 0.2729903810567666 1.170962499999992 0.01222027223591515 0.2697427857925754 1.172837499999993 0.01034527223591519 0.2664951905283837 1.175036858683097 0.008145913552811134 0.2626857895451785 1.17522152618856 0.00796124604734627 0.2623659360432066 1.176587499999993 0.006595272235916049 0.26 1.176587499999993 3.49503830119062 0.26 1.174712499999992 3.493163301190618 0.2632475952641912 1.174285664664814 3.492736465855442 0.263986895751188 1.172837499999994 3.49128830119062 0.2664951905283837 1.171983829329636 3.490434630520262 0.2679737915023756 1.170962499999993 3.48941330119062 0.2697427857925754 1.170535664664815 3.48898646585544 0.2704820862795713 0.6815874999999932 0.00847027223591612 0.2567524047358092 0.6815874999999932 0.006595272235916049 0.26 0.6815874999999932 0.00847027223591612 0.2632475952641921 0.6815874999999932 0.01034527223591519 0.2664951905283837 0.6815874999999932 0.01222027223591515 0.269742785792575 0.6815874999999932 0.01409527223591522 0.2729903810567666 0.6815874999999932 0.01784527223591603 0.2729903810567666 0.6815874999999932 0.02159527223591606 0.2729903810567666 0.6815874999999932 0.02534527223591609 0.2729903810567662 0.6815874999999932 0.02909527223591612 0.2729903810567666 0.6815874999999932 0.03147928099580343 0.2688611567589532 0.6815874999999932 0.03386328975568986 0.2647319324611403 0.6815874999999932 0.03522928099580158 0.2623659662305704 0.6815874999999932 0.03659527223591607 0.26 0.6815874999999932 0.03522928100323585 0.2576340337823044 0.6815874999999932 0.03284527223591704 0.2535048094716166 0.6815874999999932 0.03097027223591697 0.2502572142074255 0.6815874999999932 0.02909527223591612 0.2470096189432338 0.6815874999999932 0.02534527223591609 0.2470096189432342 0.6815874999999932 0.02159527223591606 0.2470096189432338 0.6815874999999932 0.01784527223591603 0.2470096189432338 0.6815874999999932 0.01409527223591522 0.2470096189432338 0.6815874999999932 0.01222027223591604 0.2502572142074255 0.6815874999999932 0.01034527223591519 0.2535048094716166 0.6815874999999932 0.01409527223591522 0.2470096189432338 1.169087499999992 0.01409527223591522 0.2470096189432333 1.170962499999992 0.01222027223591515 0.250257214207425 1.171471526188561 0.0117112460473463 0.2511388734284101 1.172837499999993 0.01034527223591519 0.2535048094716166 1.17385555237713 0.00932721985877738 0.2552681279135858 1.174712499999992 0.00847027223591612 0.2567524047358084 1.17522152618856 0.007961246047347159 0.2576340639567938 1.176587499999993 0.006595272235916049 0.26 0.6815874999999932 0.006595272235916049 0.26 0.6815874999999932 0.00847027223591612 0.2567524047358092 0.6815874999999932 0.01034527223591519 0.2535048094716166 0.6815874999999932 0.01222027223591604 0.2502572142074255 0.6815874999999932 0.03284527223591704 0.2535048094716166 0.6815874999999932 0.03522928100323585 0.2576340337823044 0.6815874999999932 0.03659527223591607 0.26 1.146587499999993 0.0365952722359133 0.26 1.148138141316884 0.03504463091902287 0.257314210454831 1.148462499999991 0.03472027223591611 0.2567524047358084 1.149688782633773 0.03349398960213412 0.2546284209096612 1.150337499999992 0.03284527223591704 0.2535048094716166 1.151888141316883 0.03129463091902462 0.2508190199264481 1.152212499999992 0.03097027223591608 0.2502572142074255 1.154087499999991 0.02909527223591612 0.2470096189432342 0.6815874999999932 0.02909527223591612 0.2470096189432338 0.6815874999999932 0.03097027223591697 0.2502572142074255 0.6815874999999932 0.03147928099580343 0.2688611567589532 0.6815874999999932 0.02909527223591612 0.2729903810567666 1.154087499999991 0.02909527223591612 0.2729903810567662 1.152212499999992 0.03097027223591608 0.269742785792575 1.151888141317877 0.03129463091803241 0.2691809800752753 1.150337499999992 0.03284527223591704 0.2664951905283837 1.149688782635762 0.03349398960014693 0.2653715790937831 1.148462499999991 0.03472027223591611 0.2632475952641921 1.148138141317878 0.03504463091803144 0.2626857895468924 1.146587499999993 0.0365952722359133 0.26 0.6815874999999932 0.03659527223591607 0.26 0.6815874999999932 0.03522928099580158 0.2623659662305704 0.6815874999999932 0.03386328975568986 0.2647319324611403 0.6815874999999932 0.01222027223591515 0.269742785792575 0.6815874999999932 0.01409527223591522 0.2729903810567666 0.6815874999999932 0.01034527223591519 0.2664951905283837 0.6815874999999932 0.00847027223591612 0.2632475952641921 0.6815874999999932 0.006595272235916049 0.26 1.176587499999993 0.006595272235916049 0.26 1.17522152618856 0.00796124604734627 0.2623659360432066 1.175036858683097 0.008145913552811134 0.2626857895451785 1.172837499999993 0.01034527223591519 0.2664951905283837 1.170962499999992 0.01222027223591515 0.2697427857925754 1.169087499999992 0.01409527223591522 0.272990381056767 0.00158749999999963 3.49316330119062 0.1382475952641917 0.00158749999999963 3.49503830119062 0.135 0.00158749999999963 3.49316330119062 0.1317524047358088 0.00158749999999963 3.49128830119062 0.1285048094716171 0.00158749999999963 3.48941330119062 0.1252572142074255 0.00158749999999963 3.48753830119062 0.1220096189432333 0.00158749999999963 3.48378830119062 0.1220096189432333 0.00158749999999963 3.48003830119062 0.1220096189432333 0.00158749999999963 3.47628830119062 0.1220096189432342 0.00158749999999963 3.472538301190618 0.1220096189432333 0.00158749999999963 3.470663301190618 0.1252572142074255 0.00158749999999963 3.468788301190618 0.1285048094716171 0.00158749999999963 3.467340141735896 0.1310130952246582 0.00158749999999963 3.46503830119062 0.135 0.00158749999999963 3.467340141743096 0.1389869047878141 0.00158749999999963 3.469641982295576 0.1429738095756288 0.00158749999999963 3.471090141743098 0.1454820953161974 0.00158749999999963 3.472538301190618 0.1479903810567662 0.00158749999999963 3.47628830119062 0.1479903810567662 0.00158749999999963 3.48003830119062 0.1479903810567662 0.00158749999999963 3.48378830119062 0.1479903810567662 0.00158749999999963 3.48753830119062 0.1479903810567662 0.00158749999999963 3.48941330119062 0.1447427857925744 0.00158749999999963 3.49128830119062 0.1414951905283828 1.176587499999993 3.49503830119062 0.135 0.00158749999999963 3.49503830119062 0.135 1.175036858683104 3.493487659873728 0.1323142104548319 1.174285664664829 3.492736465855454 0.1310131042488392 1.172837499999994 3.49128830119062 0.1285048094716171 1.170962499999993 3.48941330119062 0.1252572142074255 1.169087499999993 3.48753830119062 0.1220096189432333 0.00158749999999963 3.48753830119062 0.1220096189432333 0.00158749999999963 3.48941330119062 0.1252572142074255 0.00158749999999963 3.49128830119062 0.1285048094716171 0.00158749999999963 3.49316330119062 0.1317524047358088 0.00158749999999963 3.467340141735896 0.1310130952246582 0.00158749999999963 3.468788301190618 0.1285048094716171 0.00158749999999963 3.470663301190618 0.1252572142074255 0.00158749999999963 3.472538301190618 0.1220096189432333 1.154087499999992 3.472538301190618 0.1220096189432333 1.152212499999992 3.470663301190618 0.1252572142074246 1.150337499999992 3.468788301190618 0.1285048094716171 1.148462499999993 3.46691330119062 0.1317524047358084 1.146587499999993 3.46503830119062 0.135 0.00158749999999963 3.46503830119062 0.135 1.157837499999993 3.47628830119062 0.1220096189432333 0.00158749999999963 3.47628830119062 0.1220096189432342 0.00158749999999963 3.48003830119062 0.1220096189432333 1.157837499999993 3.47628830119062 0.1220096189432333 0.00158749999999963 3.48003830119062 0.1220096189432333 1.161587499999993 3.48003830119062 0.1220096189432333 1.161587499999993 3.48003830119062 0.1220096189432333 0.00158749999999963 3.48003830119062 0.1220096189432333 0.00158749999999963 3.48378830119062 0.1220096189432333 1.165337499999993 3.48378830119062 0.1220096189432333 1.161587499999993 3.48003830119062 0.1220096189432333 0.00158749999999963 3.48378830119062 0.1220096189432333 1.165337499999993 3.48378830119062 0.1220096189432333 0.00158749999999963 3.48378830119062 0.1220096189432333 0.00158749999999963 3.48753830119062 0.1220096189432333 1.165337499999993 3.48378830119062 0.1220096189432333 1.169087499999993 3.48753830119062 0.1220096189432333 0.00158749999999963 3.48753830119062 0.1220096189432333 1.169087499999992 0.01409527223591522 0.1220096189432329 1.165337499999993 3.48378830119062 0.1220096189432333 1.169087499999993 3.48753830119062 0.1220096189432333 1.165337499999992 0.01784527223591603 0.1220096189432329 1.169087499999992 0.01409527223591522 0.1220096189432329 1.165337499999993 3.48378830119062 0.1220096189432333 0.6815874999999932 0.01409527223591522 0.1220096189432333 1.165337499999992 0.01784527223591603 0.1220096189432329 1.169087499999992 0.01409527223591522 0.1220096189432329 0.6815874999999932 0.01784527223591603 0.1220096189432333 0.6815874999999932 0.01409527223591522 0.1220096189432333 1.165337499999992 0.01784527223591603 0.1220096189432329 0.6815874999999932 0.01784527223591603 0.1220096189432333 1.165337499999992 0.01784527223591603 0.1220096189432329 1.161587499999992 0.02159527223591606 0.1220096189432333 1.161587499999992 0.02159527223591606 0.1220096189432333 0.6815874999999932 0.01784527223591603 0.1220096189432333 0.6815874999999932 0.02159527223591606 0.1220096189432333 0.6815874999999932 0.02159527223591606 0.1220096189432333 1.161587499999992 0.02159527223591606 0.1220096189432333 1.157837499999992 0.02534527223591609 0.1220096189432342 0.6815874999999932 0.02534527223591609 0.1220096189432333 1.157837499999992 0.02534527223591609 0.1220096189432342 0.6815874999999932 0.02159527223591606 0.1220096189432333 0.6815874999999932 0.02534527223591609 0.1220096189432333 1.157837499999992 0.02534527223591609 0.1220096189432342 1.154087499999991 0.02909527223591612 0.1220096189432342 0.6815874999999932 0.02909527223591612 0.1220096189432333 1.154087499999991 0.02909527223591612 0.1220096189432342 0.6815874999999932 0.02534527223591609 0.1220096189432333 1.157837499999992 0.02534527223591609 0.1220096189432342 1.154087499999992 3.472538301190618 0.1220096189432333 1.154087499999991 0.02909527223591612 0.1220096189432342 0.00158749999999963 3.472538301190618 0.1220096189432333 0.00158749999999963 3.47628830119062 0.1220096189432342 1.154087499999992 3.472538301190618 0.1220096189432333 1.157837499999993 3.47628830119062 0.1220096189432333 1.154087499999992 3.472538301190618 0.1220096189432333 0.00158749999999963 3.47628830119062 0.1220096189432342 1.157837499999993 3.47628830119062 0.1220096189432333 1.154087499999992 3.472538301190618 0.1220096189432333 1.157837499999992 0.02534527223591609 0.1220096189432342 1.161587499999993 3.48003830119062 0.1220096189432333 1.157837499999993 3.47628830119062 0.1220096189432333 1.161587499999992 0.02159527223591606 0.1220096189432333 1.161587499999992 0.02159527223591606 0.1220096189432333 1.157837499999993 3.47628830119062 0.1220096189432333 1.157837499999992 0.02534527223591609 0.1220096189432342 1.161587499999992 0.02159527223591606 0.1220096189432333 1.165337499999992 0.01784527223591603 0.1220096189432329 1.161587499999993 3.48003830119062 0.1220096189432333 1.165337499999992 0.01784527223591603 0.1220096189432329 1.165337499999993 3.48378830119062 0.1220096189432333 1.161587499999993 3.48003830119062 0.1220096189432333 0.00158749999999963 3.48753830119062 0.1479903810567662 0.00158749999999963 3.48378830119062 0.1479903810567662 1.165337499999993 3.48378830119062 0.1479903810567662 1.165337499999993 3.48378830119062 0.1479903810567662 0.00158749999999963 3.48753830119062 0.1479903810567662 1.169087499999993 3.48753830119062 0.1479903810567662 1.165337499999993 3.48378830119062 0.1479903810567662 0.00158749999999963 3.48378830119062 0.1479903810567662 1.161587499999993 3.48003830119062 0.1479903810567662 1.161587499999993 3.48003830119062 0.1479903810567662 1.165337499999993 3.48378830119062 0.1479903810567662 1.161587499999992 0.02159527223591606 0.1479903810567662 1.161587499999992 0.02159527223591606 0.1479903810567662 1.165337499999993 3.48378830119062 0.1479903810567662 1.165337499999992 0.01784527223591603 0.1479903810567662 1.169087499999993 3.48753830119062 0.1479903810567662 1.165337499999993 3.48378830119062 0.1479903810567662 1.165337499999992 0.01784527223591603 0.1479903810567662 1.165337499999992 0.01784527223591603 0.1479903810567662 1.169087499999993 3.48753830119062 0.1479903810567662 1.169087499999992 0.01409527223591522 0.1479903810567666 1.161587499999993 3.48003830119062 0.1479903810567662 0.00158749999999963 3.48378830119062 0.1479903810567662 0.00158749999999963 3.48003830119062 0.1479903810567662 1.157837499999993 3.47628830119062 0.1479903810567662 1.161587499999993 3.48003830119062 0.1479903810567662 0.00158749999999963 3.48003830119062 0.1479903810567662 0.00158749999999963 3.48003830119062 0.1479903810567662 0.00158749999999963 3.47628830119062 0.1479903810567662 1.157837499999993 3.47628830119062 0.1479903810567662 1.154087499999992 3.472538301190618 0.1479903810567662 1.157837499999993 3.47628830119062 0.1479903810567662 0.00158749999999963 3.47628830119062 0.1479903810567662 1.154087499999992 3.472538301190618 0.1479903810567662 0.00158749999999963 3.47628830119062 0.1479903810567662 0.00158749999999963 3.472538301190618 0.1479903810567662 1.154087499999992 3.472538301190618 0.1479903810567662 1.157837499999993 3.47628830119062 0.1479903810567662 1.154087499999991 0.02909527223591612 0.1479903810567657 1.157837499999992 0.02534527223591609 0.1479903810567662 1.154087499999991 0.02909527223591612 0.1479903810567657 1.157837499999993 3.47628830119062 0.1479903810567662 0.6815874999999932 0.02534527223591609 0.1479903810567662 1.157837499999992 0.02534527223591609 0.1479903810567662 1.154087499999991 0.02909527223591612 0.1479903810567657 0.6815874999999932 0.02534527223591609 0.1479903810567662 1.154087499999991 0.02909527223591612 0.1479903810567657 0.6815874999999932 0.02909527223591612 0.1479903810567662 0.6815874999999932 0.02159527223591606 0.1479903810567662 0.6815874999999932 0.02534527223591609 0.1479903810567662 1.157837499999992 0.02534527223591609 0.1479903810567662 0.6815874999999932 0.02159527223591606 0.1479903810567662 1.161587499999992 0.02159527223591606 0.1479903810567662 0.6815874999999932 0.01784527223591603 0.1479903810567662 1.157837499999992 0.02534527223591609 0.1479903810567662 1.161587499999992 0.02159527223591606 0.1479903810567662 0.6815874999999932 0.02159527223591606 0.1479903810567662 0.6815874999999932 0.01784527223591603 0.1479903810567662 1.165337499999992 0.01784527223591603 0.1479903810567662 0.6815874999999932 0.01409527223591522 0.1479903810567662 0.6815874999999932 0.01784527223591603 0.1479903810567662 1.165337499999992 0.01784527223591603 0.1479903810567662 1.161587499999992 0.02159527223591606 0.1479903810567662 0.6815874999999932 0.01409527223591522 0.1479903810567662 1.169087499999992 0.01409527223591522 0.1479903810567666 1.165337499999992 0.01784527223591603 0.1479903810567662 1.157837499999992 0.02534527223591609 0.1479903810567662 1.161587499999992 0.02159527223591606 0.1479903810567662 1.161587499999993 3.48003830119062 0.1479903810567662 1.157837499999993 3.47628830119062 0.1479903810567662 1.161587499999993 3.48003830119062 0.1479903810567662 1.157837499999992 0.02534527223591609 0.1479903810567662 0.00158749999999963 3.467340141743096 0.1389869047878141 0.00158749999999963 3.46503830119062 0.135 1.146587499999993 3.46503830119062 0.135 1.148462499999993 3.46691330119062 0.1382475952641917 1.150337499999992 3.468788301190618 0.1414951905283828 1.152212499999993 3.470663301190618 0.1447427857925744 1.154087499999992 3.472538301190618 0.1479903810567662 0.00158749999999963 3.472538301190618 0.1479903810567662 0.00158749999999963 3.471090141743098 0.1454820953161974 0.00158749999999963 3.469641982295576 0.1429738095756288 0.00158749999999963 3.49316330119062 0.1382475952641917 0.00158749999999963 3.49503830119062 0.135 0.00158749999999963 3.49128830119062 0.1414951905283828 0.00158749999999963 3.48941330119062 0.1447427857925744 0.00158749999999963 3.48753830119062 0.1479903810567662 1.169087499999993 3.48753830119062 0.1479903810567662 1.170535664664815 3.48898646585544 0.1454820862795704 1.170962499999993 3.48941330119062 0.1447427857925744 1.171983829329636 3.490434630520262 0.1429737915023756 1.172837499999994 3.49128830119062 0.1414951905283828 1.174285664664814 3.492736465855442 0.1389868957511876 1.174712499999992 3.493163301190618 0.1382475952641911 1.176587499999993 3.49503830119062 0.135 1.170962499999993 3.48941330119062 0.1252572142074255 1.172837499999994 3.49128830119062 0.1285048094716171 1.174285664664829 3.492736465855454 0.1310131042488392 1.175036858683104 3.493487659873728 0.1323142104548319 1.176587499999993 3.49503830119062 0.135 1.176587499999993 0.006595272235916049 0.135 1.17522152618856 0.007961246047347159 0.132634063956793 1.174712499999992 0.00847027223591612 0.1317524047358084 1.17385555237713 0.00932721985877738 0.1302681279135863 1.172837499999993 0.01034527223591519 0.1285048094716166 1.171471526188561 0.0117112460473463 0.1261388734284101 1.170962499999992 0.01222027223591515 0.1252572142074246 1.169087499999992 0.01409527223591522 0.1220096189432329 1.169087499999993 3.48753830119062 0.1220096189432333 1.148462499999991 0.03472027223591611 0.1317524047358084 1.148138141316884 0.03504463091902287 0.1323142104548306 1.146587499999993 0.0365952722359133 0.135 1.146587499999993 3.46503830119062 0.135 1.148462499999993 3.46691330119062 0.1317524047358084 1.150337499999992 3.468788301190618 0.1285048094716171 1.152212499999992 3.470663301190618 0.1252572142074246 1.154087499999992 3.472538301190618 0.1220096189432333 1.154087499999991 0.02909527223591612 0.1220096189432342 1.152212499999992 0.03097027223591608 0.1252572142074255 1.151888141316883 0.03129463091902462 0.1258190199264472 1.150337499999992 0.03284527223591704 0.1285048094716171 1.149688782633773 0.03349398960213412 0.1296284209096612 1.152212499999993 3.470663301190618 0.1447427857925744 1.150337499999992 3.468788301190618 0.1414951905283828 1.148462499999993 3.46691330119062 0.1382475952641917 1.146587499999993 3.46503830119062 0.135 1.146587499999993 0.0365952722359133 0.135 1.148138141317878 0.03504463091803144 0.1376857895468915 1.148462499999991 0.03472027223591611 0.1382475952641911 1.149688782635762 0.03349398960014693 0.1403715790937836 1.150337499999992 0.03284527223591704 0.1414951905283828 1.151888141317877 0.03129463091803241 0.1441809800752744 1.152212499999992 0.03097027223591608 0.1447427857925744 1.154087499999991 0.02909527223591612 0.1479903810567657 1.154087499999992 3.472538301190618 0.1479903810567662 1.169087499999992 0.01409527223591522 0.1479903810567666 1.169087499999993 3.48753830119062 0.1479903810567662 1.170962499999992 0.01222027223591515 0.144742785792575 1.172837499999993 0.01034527223591519 0.1414951905283833 1.175036858683097 0.008145913552811134 0.1376857895451785 1.17522152618856 0.00796124604734627 0.1373659360432061 1.176587499999993 0.006595272235916049 0.135 1.176587499999993 3.49503830119062 0.135 1.174712499999992 3.493163301190618 0.1382475952641911 1.174285664664814 3.492736465855442 0.1389868957511876 1.172837499999994 3.49128830119062 0.1414951905283828 1.171983829329636 3.490434630520262 0.1429737915023756 1.170962499999993 3.48941330119062 0.1447427857925744 1.170535664664815 3.48898646585544 0.1454820862795704 0.6815874999999932 0.00847027223591612 0.1317524047358084 0.6815874999999932 0.006595272235916049 0.135 0.6815874999999932 0.00847027223591612 0.1382475952641917 0.6815874999999932 0.01034527223591519 0.1414951905283828 0.6815874999999932 0.01222027223591515 0.1447427857925744 0.6815874999999932 0.01409527223591522 0.1479903810567662 0.6815874999999932 0.01784527223591603 0.1479903810567662 0.6815874999999932 0.02159527223591606 0.1479903810567662 0.6815874999999932 0.02534527223591609 0.1479903810567662 0.6815874999999932 0.02909527223591612 0.1479903810567662 0.6815874999999932 0.03147928099580343 0.1438611567589532 0.6815874999999932 0.03386328975568986 0.1397319324611399 0.6815874999999932 0.03522928099580158 0.1373659662305704 0.6815874999999932 0.03659527223591607 0.135 0.6815874999999932 0.03522928100323585 0.1326340337823035 0.6815874999999932 0.03284527223591704 0.1285048094716171 0.6815874999999932 0.03097027223591697 0.1252572142074255 0.6815874999999932 0.02909527223591612 0.1220096189432333 0.6815874999999932 0.02534527223591609 0.1220096189432333 0.6815874999999932 0.02159527223591606 0.1220096189432333 0.6815874999999932 0.01784527223591603 0.1220096189432333 0.6815874999999932 0.01409527223591522 0.1220096189432333 0.6815874999999932 0.01222027223591604 0.1252572142074255 0.6815874999999932 0.01034527223591519 0.1285048094716171 0.6815874999999932 0.01409527223591522 0.1220096189432333 1.169087499999992 0.01409527223591522 0.1220096189432329 1.170962499999992 0.01222027223591515 0.1252572142074246 1.171471526188561 0.0117112460473463 0.1261388734284101 1.172837499999993 0.01034527223591519 0.1285048094716166 1.17385555237713 0.00932721985877738 0.1302681279135863 1.174712499999992 0.00847027223591612 0.1317524047358084 1.17522152618856 0.007961246047347159 0.132634063956793 1.176587499999993 0.006595272235916049 0.135 0.6815874999999932 0.006595272235916049 0.135 0.6815874999999932 0.00847027223591612 0.1317524047358084 0.6815874999999932 0.01034527223591519 0.1285048094716171 0.6815874999999932 0.01222027223591604 0.1252572142074255 0.6815874999999932 0.03284527223591704 0.1285048094716171 0.6815874999999932 0.03522928100323585 0.1326340337823035 0.6815874999999932 0.03659527223591607 0.135 1.146587499999993 0.0365952722359133 0.135 1.148138141316884 0.03504463091902287 0.1323142104548306 1.148462499999991 0.03472027223591611 0.1317524047358084 1.149688782633773 0.03349398960213412 0.1296284209096612 1.150337499999992 0.03284527223591704 0.1285048094716171 1.151888141316883 0.03129463091902462 0.1258190199264472 1.152212499999992 0.03097027223591608 0.1252572142074255 1.154087499999991 0.02909527223591612 0.1220096189432342 0.6815874999999932 0.02909527223591612 0.1220096189432333 0.6815874999999932 0.03097027223591697 0.1252572142074255 0.6815874999999932 0.03147928099580343 0.1438611567589532 0.6815874999999932 0.02909527223591612 0.1479903810567662 1.154087499999991 0.02909527223591612 0.1479903810567657 1.152212499999992 0.03097027223591608 0.1447427857925744 1.151888141317877 0.03129463091803241 0.1441809800752744 1.150337499999992 0.03284527223591704 0.1414951905283828 1.149688782635762 0.03349398960014693 0.1403715790937836 1.148462499999991 0.03472027223591611 0.1382475952641911 1.148138141317878 0.03504463091803144 0.1376857895468915 1.146587499999993 0.0365952722359133 0.135 0.6815874999999932 0.03659527223591607 0.135 0.6815874999999932 0.03522928099580158 0.1373659662305704 0.6815874999999932 0.03386328975568986 0.1397319324611399 0.6815874999999932 0.01222027223591515 0.1447427857925744 0.6815874999999932 0.01409527223591522 0.1479903810567662 0.6815874999999932 0.01034527223591519 0.1414951905283828 0.6815874999999932 0.00847027223591612 0.1382475952641917 0.6815874999999932 0.006595272235916049 0.135 1.176587499999993 0.006595272235916049 0.135 1.17522152618856 0.00796124604734627 0.1373659360432061 1.175036858683097 0.008145913552811134 0.1376857895451785 1.172837499999993 0.01034527223591519 0.1414951905283833 1.170962499999992 0.01222027223591515 0.144742785792575 1.169087499999992 0.01409527223591522 0.1479903810567666 0.001587500000000519 3.49253830119062 0.8670096189432338 0.00158749999999963 3.49003830119062 0.8626794919243115 0.00158749999999963 3.48503830119062 0.8626794919243115 0.00158749999999963 3.48003830119062 0.8626794919243115 0.001587500000000519 3.47503830119062 0.8626794919243115 0.00158749999999963 3.47003830119062 0.8626794919243107 0.00158749999999963 3.467538301190618 0.8670096189432329 0.00158749999999963 3.46503830119062 0.871339745962156 0.001587500000000519 3.46253830119062 0.8756698729810782 0.00158749999999963 3.46003830119062 0.88 0.00158749999999963 3.461802750573303 0.8830561159781923 0.00158749999999963 3.463567199955987 0.8861122319563861 0.00158749999999963 3.465331649338672 0.8891683479345779 0.00158749999999963 3.467096098721357 0.8922244639127716 0.00158749999999963 3.47003830119062 0.8973205080756884 0.00158749999999963 3.47503830119062 0.8973205080756884 0.00158749999999963 3.48003830119062 0.8973205080756884 0.001587500000000519 3.48503830119062 0.8973205080756893 0.00158749999999963 3.49003830119062 0.8973205080756893 0.00158749999999963 3.492538301190618 0.892990381056767 0.00158749999999963 3.49503830119062 0.8886602540378439 0.00158749999999963 3.497538301190618 0.8843301270189217 0.00158749999999963 3.500038301190619 0.88 0.00158749999999963 3.49753830119062 0.8756698729810782 0.00158749999999963 3.49503830119062 0.871339745962156 1.151587499999993 3.47003830119062 0.8973205080756884 0.00158749999999963 3.47003830119062 0.8973205080756884 0.00158749999999963 3.467096098721357 0.8922244639127716 0.00158749999999963 3.465331649338672 0.8891683479345779 0.00158749999999963 3.463567199955987 0.8861122319563861 0.00158749999999963 3.461802750573303 0.8830561159781923 0.00158749999999963 3.46003830119062 0.88 1.141587499999993 3.46003830119062 0.88 1.143968043926825 3.462418845117452 0.8841232230309238 1.144087499999994 3.46253830119062 0.8843301270189226 1.146348587853659 3.464799389044285 0.8882464460618462 1.146587499999993 3.46503830119062 0.8886602540378439 1.148968043926825 3.467418845117451 0.8927834770687672 1.149087499999993 3.467538301190618 0.8929903810567662 1.161587499999993 3.48003830119062 0.8973205080756884 0.001587500000000519 3.48503830119062 0.8973205080756893 0.00158749999999963 3.48003830119062 0.8973205080756884 1.156587499999993 3.47503830119062 0.8973205080756893 1.161587499999993 3.48003830119062 0.8973205080756884 0.00158749999999963 3.48003830119062 0.8973205080756884 0.00158749999999963 3.48003830119062 0.8973205080756884 0.00158749999999963 3.47503830119062 0.8973205080756884 1.156587499999993 3.47503830119062 0.8973205080756893 1.156587499999993 3.47503830119062 0.8973205080756893 1.151587499999993 3.47003830119062 0.8973205080756884 0.00158749999999963 3.47503830119062 0.8973205080756884 1.151587499999993 3.47003830119062 0.8973205080756884 0.00158749999999963 3.47503830119062 0.8973205080756884 0.00158749999999963 3.47003830119062 0.8973205080756884 1.151587499999992 0.03159527223591607 0.8973205080756884 1.156587499999993 3.47503830119062 0.8973205080756893 1.151587499999993 3.47003830119062 0.8973205080756884 1.156587499999993 0.02659527223591606 0.8973205080756884 1.151587499999992 0.03159527223591607 0.8973205080756884 1.156587499999993 3.47503830119062 0.8973205080756893 0.6815874999999932 0.02659527223591606 0.8973205080756884 1.156587499999993 0.02659527223591606 0.8973205080756884 1.151587499999992 0.03159527223591607 0.8973205080756884 0.6815874999999932 0.02659527223591606 0.8973205080756884 1.151587499999992 0.03159527223591607 0.8973205080756884 0.6815874999999932 0.03159527223591607 0.8973205080756884 0.6815874999999932 0.02159527223591606 0.8973205080756884 0.6815874999999932 0.02659527223591606 0.8973205080756884 1.156587499999993 0.02659527223591606 0.8973205080756884 0.6815874999999932 0.02159527223591606 0.8973205080756884 1.156587499999993 0.02659527223591606 0.8973205080756884 1.161587499999992 0.02159527223591606 0.8973205080756884 0.6815874999999932 0.01659527223591605 0.8973205080756884 1.161587499999992 0.02159527223591606 0.8973205080756884 0.6815874999999932 0.02159527223591606 0.8973205080756884 0.6815874999999932 0.01659527223591605 0.8973205080756884 1.161587499999992 0.02159527223591606 0.8973205080756884 1.166587499999992 0.01659527223591605 0.8973205080756893 1.166587499999992 0.01659527223591605 0.8973205080756893 0.6815874999999932 0.01659527223591605 0.8973205080756884 0.6815874999999932 0.01159527223591605 0.8973205080756893 1.171587499999992 0.01159527223591605 0.8973205080756893 0.6815874999999932 0.01159527223591605 0.8973205080756893 1.166587499999992 0.01659527223591605 0.8973205080756893 1.171587499999993 3.49003830119062 0.8973205080756893 1.171587499999992 0.01159527223591605 0.8973205080756893 1.166587499999992 0.01659527223591605 0.8973205080756893 1.166587499999993 3.48503830119062 0.8973205080756884 1.171587499999993 3.49003830119062 0.8973205080756893 1.166587499999992 0.01659527223591605 0.8973205080756893 1.166587499999993 3.48503830119062 0.8973205080756884 1.171587499999993 3.49003830119062 0.8973205080756893 0.00158749999999963 3.49003830119062 0.8973205080756893 0.00158749999999963 3.49003830119062 0.8973205080756893 0.001587500000000519 3.48503830119062 0.8973205080756893 1.166587499999993 3.48503830119062 0.8973205080756884 1.161587499999993 3.48003830119062 0.8973205080756884 0.001587500000000519 3.48503830119062 0.8973205080756893 1.166587499999993 3.48503830119062 0.8973205080756884 1.161587499999992 0.02159527223591606 0.8973205080756884 1.161587499999993 3.48003830119062 0.8973205080756884 1.166587499999993 3.48503830119062 0.8973205080756884 1.166587499999992 0.01659527223591605 0.8973205080756893 1.161587499999992 0.02159527223591606 0.8973205080756884 1.166587499999993 3.48503830119062 0.8973205080756884 1.156587499999993 0.02659527223591606 0.8973205080756884 1.161587499999993 3.48003830119062 0.8973205080756884 1.161587499999992 0.02159527223591606 0.8973205080756884 1.156587499999993 3.47503830119062 0.8973205080756893 1.161587499999993 3.48003830119062 0.8973205080756884 1.156587499999993 0.02659527223591606 0.8973205080756884 0.00158749999999963 3.49503830119062 0.8886602540378439 0.00158749999999963 3.492538301190618 0.892990381056767 0.00158749999999963 3.49003830119062 0.8973205080756893 1.171587499999993 3.49003830119062 0.8973205080756893 1.174087499999993 3.492538301190618 0.892990381056767 1.174529730629083 3.492980531819709 0.8922244151385216 1.17629417297181 3.494744974162435 0.8891683113538906 1.176587499999993 3.49503830119062 0.8886602540378439 1.178058615314538 3.496509416505163 0.8861122075692605 1.179087499999993 3.49753830119062 0.8843301270189226 1.179823057657265 3.498273858847892 0.8830561037846305 1.181587499999993 3.500038301190619 0.88 0.00158749999999963 3.500038301190619 0.88 0.00158749999999963 3.497538301190618 0.8843301270189217 1.156587499999993 3.47503830119062 0.8626794919243107 1.151587499999993 3.47003830119062 0.8626794919243107 0.001587500000000519 3.47503830119062 0.8626794919243115 0.00158749999999963 3.47003830119062 0.8626794919243107 0.001587500000000519 3.47503830119062 0.8626794919243115 1.151587499999993 3.47003830119062 0.8626794919243107 1.156587499999993 3.47503830119062 0.8626794919243107 1.151587499999993 3.47003830119062 0.8626794919243107 1.156587499999992 0.02659527223591606 0.8626794919243115 1.156587499999992 0.02659527223591606 0.8626794919243115 1.151587499999993 3.47003830119062 0.8626794919243107 1.151587499999992 0.03159527223591607 0.8626794919243115 1.156587499999993 3.47503830119062 0.8626794919243107 0.001587500000000519 3.47503830119062 0.8626794919243115 0.00158749999999963 3.48003830119062 0.8626794919243115 1.156587499999993 3.47503830119062 0.8626794919243107 0.00158749999999963 3.48003830119062 0.8626794919243115 1.161587499999992 3.480038301190618 0.8626794919243107 1.161587499999992 3.480038301190618 0.8626794919243107 0.00158749999999963 3.48003830119062 0.8626794919243115 0.00158749999999963 3.48503830119062 0.8626794919243115 1.166587499999993 3.48503830119062 0.8626794919243115 1.161587499999992 3.480038301190618 0.8626794919243107 0.00158749999999963 3.48503830119062 0.8626794919243115 1.166587499999993 3.48503830119062 0.8626794919243115 0.00158749999999963 3.48503830119062 0.8626794919243115 0.00158749999999963 3.49003830119062 0.8626794919243115 1.171587499999993 3.49003830119062 0.8626794919243115 1.166587499999993 3.48503830119062 0.8626794919243115 0.00158749999999963 3.49003830119062 0.8626794919243115 1.171587499999992 0.01159527223591605 0.8626794919243107 1.171587499999993 3.49003830119062 0.8626794919243115 1.166587499999993 3.48503830119062 0.8626794919243115 1.166587499999992 0.01659527223591605 0.8626794919243115 1.171587499999992 0.01159527223591605 0.8626794919243107 1.166587499999993 3.48503830119062 0.8626794919243115 0.6815874999999932 0.01159527223591605 0.8626794919243115 1.166587499999992 0.01659527223591605 0.8626794919243115 1.171587499999992 0.01159527223591605 0.8626794919243107 0.6815874999999932 0.01659527223591605 0.8626794919243107 0.6815874999999932 0.01159527223591605 0.8626794919243115 1.166587499999992 0.01659527223591605 0.8626794919243115 0.6815874999999932 0.01659527223591605 0.8626794919243107 1.166587499999992 0.01659527223591605 0.8626794919243115 1.161587499999992 0.02159527223591606 0.8626794919243115 1.161587499999992 0.02159527223591606 0.8626794919243115 0.6815874999999932 0.01659527223591605 0.8626794919243107 0.6815874999999932 0.02159527223591606 0.8626794919243115 1.161587499999992 0.02159527223591606 0.8626794919243115 1.156587499999992 0.02659527223591606 0.8626794919243115 0.6815874999999932 0.02159527223591606 0.8626794919243115 0.6815874999999932 0.02659527223591606 0.8626794919243107 0.6815874999999932 0.02159527223591606 0.8626794919243115 1.156587499999992 0.02659527223591606 0.8626794919243115 1.151587499999992 0.03159527223591607 0.8626794919243115 1.156587499999992 0.02659527223591606 0.8626794919243115 0.6815874999999932 0.02659527223591606 0.8626794919243107 0.6815874999999932 0.02659527223591606 0.8626794919243107 1.151587499999992 0.03159527223591607 0.8626794919243115 0.6815874999999932 0.03159527223591607 0.8626794919243107 1.156587499999992 0.02659527223591606 0.8626794919243115 1.156587499999993 3.47503830119062 0.8626794919243107 1.161587499999992 0.02159527223591606 0.8626794919243115 1.161587499999992 3.480038301190618 0.8626794919243107 1.156587499999993 3.47503830119062 0.8626794919243107 1.161587499999992 0.02159527223591606 0.8626794919243115 1.161587499999992 0.02159527223591606 0.8626794919243115 1.166587499999992 0.01659527223591605 0.8626794919243115 1.161587499999992 3.480038301190618 0.8626794919243107 1.166587499999993 3.48503830119062 0.8626794919243115 1.161587499999992 3.480038301190618 0.8626794919243107 1.166587499999992 0.01659527223591605 0.8626794919243115 1.146587499999993 3.46503830119062 0.871339745962156 1.144087499999993 3.46253830119062 0.8756698729810782 1.141587499999993 3.46003830119062 0.88 0.00158749999999963 3.46003830119062 0.88 0.001587500000000519 3.46253830119062 0.8756698729810782 0.00158749999999963 3.46503830119062 0.871339745962156 0.00158749999999963 3.467538301190618 0.8670096189432329 0.00158749999999963 3.47003830119062 0.8626794919243107 1.151587499999993 3.47003830119062 0.8626794919243107 1.149087499999994 3.467538301190618 0.8670096189432329 1.174087499999993 3.492538301190618 0.8670096189432338 1.171587499999993 3.49003830119062 0.8626794919243115 0.00158749999999963 3.49003830119062 0.8626794919243115 0.001587500000000519 3.49253830119062 0.8670096189432338 0.00158749999999963 3.49503830119062 0.871339745962156 0.00158749999999963 3.49753830119062 0.8756698729810782 0.00158749999999963 3.500038301190619 0.88 1.181587499999993 3.500038301190619 0.88 1.179823057653069 3.498273858843695 0.8769438962081026 1.179087499999992 3.49753830119062 0.8756698729810782 1.178058615306145 3.49650941649677 0.8738877924162048 1.176587499999993 3.49503830119062 0.871339745962156 1.144087499999994 0.03909527223591513 0.8843301270189217 1.146587499999993 0.03659527223591607 0.8886602540378439 1.149087499999993 0.03409527223591612 0.8929903810567662 1.151587499999992 0.03159527223591607 0.8973205080756884 1.151587499999993 3.47003830119062 0.8973205080756884 1.149087499999993 3.467538301190618 0.8929903810567662 1.148968043926825 3.467418845117451 0.8927834770687672 1.146587499999993 3.46503830119062 0.8886602540378439 1.146348587853659 3.464799389044285 0.8882464460618462 1.144087499999994 3.46253830119062 0.8843301270189226 1.143968043926825 3.462418845117452 0.8841232230309238 1.141587499999993 3.46003830119062 0.88 1.141587499999993 0.04159527223591608 0.88 1.179823057657265 3.498273858847892 0.8830561037846305 1.179087499999993 3.49753830119062 0.8843301270189226 1.178058615314538 3.496509416505163 0.8861122075692605 1.176587499999993 3.49503830119062 0.8886602540378439 1.17629417297181 3.494744974162435 0.8891683113538906 1.174529730629083 3.492980531819709 0.8922244151385216 1.174087499999993 3.492538301190618 0.892990381056767 1.171587499999993 3.49003830119062 0.8973205080756893 1.171587499999992 0.01159527223591605 0.8973205080756893 1.174087499999991 0.009095272235915108 0.892990381056767 1.176587499999993 0.006595272235916049 0.8886602540378448 1.17920695607316 0.00397581616274778 0.8841232230309247 1.179505495994666 0.003677276241241922 0.8836061367187862 1.181587499999993 0.001595272235915157 0.88 1.181587499999993 3.500038301190619 0.88 1.179505495974695 0.003677276261212614 0.8763938632466238 1.179206956071387 0.003975816164520362 0.8758767769660067 1.177423491949398 0.005759280286510071 0.8727877264932463 1.176587499999993 0.006595272235916049 0.871339745962156 1.174505495974695 0.008677276261212618 0.8677336092087793 1.174087499999992 0.009095272235915108 0.8670096189432329 1.171587499999992 0.01159527223591605 0.8626794919243107 1.171587499999993 3.49003830119062 0.8626794919243115 1.174087499999993 3.492538301190618 0.8670096189432338 1.176587499999993 3.49503830119062 0.871339745962156 1.178058615306145 3.49650941649677 0.8738877924162048 1.179087499999992 3.49753830119062 0.8756698729810782 1.179823057653069 3.498273858843695 0.8769438962081026 1.181587499999993 3.500038301190619 0.88 1.181587499999993 0.001595272235915157 0.88 1.149087499999991 0.03409527223591612 0.8670096189432329 1.148968043926835 0.03421472830907346 0.8672165229312145 1.146587499999992 0.03659527223591607 0.871339745962156 1.146348587853678 0.03683418438222907 0.8717535539381183 1.144087499999993 0.03909527223591513 0.8756698729810782 1.143968043926836 0.03921472830907168 0.8758767769690589 1.141587499999993 0.04159527223591608 0.88 1.141587499999993 3.46003830119062 0.88 1.144087499999993 3.46253830119062 0.8756698729810782 1.146587499999993 3.46503830119062 0.871339745962156 1.149087499999994 3.467538301190618 0.8670096189432329 1.151587499999993 3.47003830119062 0.8626794919243107 1.151587499999992 0.03159527223591607 0.8626794919243115 0.6815874999999932 0.01659527223591605 0.8626794919243107 0.6815874999999932 0.01159527223591605 0.8626794919243115 0.6815874999999932 0.009095272235915108 0.8670096189432338 0.6815874999999932 0.006595272235916049 0.871339745962156 0.6815874999999932 0.004095272235916991 0.8756698729810773 0.6815874999999932 0.001595272235916045 0.88 0.6815874999999932 0.004095272235915214 0.8843301270189226 0.6815874999999932 0.006595272235916049 0.8886602540378448 0.6815874999999932 0.009095272235916995 0.892990381056767 0.6815874999999932 0.01159527223591605 0.8973205080756893 0.6815874999999932 0.01659527223591605 0.8973205080756884 0.6815874999999932 0.02159527223591606 0.8973205080756884 0.6815874999999932 0.02659527223591606 0.8973205080756884 0.6815874999999932 0.03159527223591607 0.8973205080756884 0.6815874999999932 0.03451322196432193 0.8922664708921561 0.6815874999999932 0.03743117169272947 0.8872124337086229 0.6815874999999932 0.03951322196432183 0.8836062168543117 0.6815874999999932 0.04159527223591608 0.88 0.6815874999999932 0.03951322196428463 0.8763937831456209 0.6815874999999932 0.03659527223591607 0.871339745962156 0.6815874999999932 0.03409527223591612 0.8670096189432329 0.6815874999999932 0.03159527223591607 0.8626794919243107 0.6815874999999932 0.02659527223591606 0.8626794919243107 0.6815874999999932 0.02159527223591606 0.8626794919243115 1.144087499999994 0.03909527223591513 0.8843301270189217 1.141587499999993 0.04159527223591608 0.88 0.6815874999999932 0.04159527223591608 0.88 0.6815874999999932 0.03951322196432183 0.8836062168543117 0.6815874999999932 0.03743117169272947 0.8872124337086229 0.6815874999999932 0.03451322196432193 0.8922664708921561 0.6815874999999932 0.03159527223591607 0.8973205080756884 1.151587499999992 0.03159527223591607 0.8973205080756884 1.149087499999993 0.03409527223591612 0.8929903810567662 1.146587499999993 0.03659527223591607 0.8886602540378439 0.6815874999999932 0.004095272235915214 0.8843301270189226 0.6815874999999932 0.001595272235916045 0.88 1.181587499999993 0.001595272235915157 0.88 1.179505495994666 0.003677276241241922 0.8836061367187862 1.17920695607316 0.00397581616274778 0.8841232230309247 1.176587499999993 0.006595272235916049 0.8886602540378448 1.174087499999991 0.009095272235915108 0.892990381056767 1.171587499999992 0.01159527223591605 0.8973205080756893 0.6815874999999932 0.01159527223591605 0.8973205080756893 0.6815874999999932 0.009095272235916995 0.892990381056767 0.6815874999999932 0.006595272235916049 0.8886602540378448 0.6815874999999932 0.01159527223591605 0.8626794919243115 1.171587499999992 0.01159527223591605 0.8626794919243107 1.174087499999992 0.009095272235915108 0.8670096189432329 1.174505495974695 0.008677276261212618 0.8677336092087793 1.176587499999993 0.006595272235916049 0.871339745962156 1.177423491949398 0.005759280286510071 0.8727877264932463 1.179206956071387 0.003975816164520362 0.8758767769660067 1.179505495974695 0.003677276261212614 0.8763938632466238 1.181587499999993 0.001595272235915157 0.88 0.6815874999999932 0.001595272235916045 0.88 0.6815874999999932 0.004095272235916991 0.8756698729810773 0.6815874999999932 0.006595272235916049 0.871339745962156 0.6815874999999932 0.009095272235915108 0.8670096189432338 0.6815874999999932 0.03951322196428463 0.8763937831456209 0.6815874999999932 0.04159527223591608 0.88 1.141587499999993 0.04159527223591608 0.88 1.143968043926836 0.03921472830907168 0.8758767769690589 1.144087499999993 0.03909527223591513 0.8756698729810782 1.146348587853678 0.03683418438222907 0.8717535539381183 1.146587499999992 0.03659527223591607 0.871339745962156 1.148968043926835 0.03421472830907346 0.8672165229312145 1.149087499999991 0.03409527223591612 0.8670096189432329 1.151587499999992 0.03159527223591607 0.8626794919243115 0.6815874999999932 0.03159527223591607 0.8626794919243107 0.6815874999999932 0.03409527223591612 0.8670096189432329 0.6815874999999932 0.03659527223591607 0.871339745962156</float_array>
          <technique_common>
            <accessor source="#representation-1067068-material-3732-positions-array" count="2578" stride="3">
              <param name="X" type="float"/>
              <param name="Y" type="float"/>
              <param name="Z" type="float"/>
            </accessor>
          </technique_common>
        </source>
        <source id="representation-1067068-material-3732-normals">
          <float_array id="representation-1067068-material-3732-normals-array" count="7734">-0.7071067811865502 -0.7071067811865447 0 -0.7071067811865502 -0.7071067811865447 0 -0.7071067811865502 -0.7071067811865447 0 -0.7071067811865502 -0.7071067811865447 0 0.7071067811865502 -0.7071067811865447 0 0.7071067811865502 -0.7071067811865447 0 0.7071067811865502 -0.7071067811865447 0 0.7071067811865502 -0.7071067811865447 0 0.7071067811865753 0.7071067811865197 0 0.7071067811865753 0.7071067811865197 0 0.7071067811865753 0.7071067811865197 0 0.7071067811865753 0.7071067811865197 0 -0.7071067811865753 0.7071067811865197 0 -0.7071067811865753 0.7071067811865197 0 -0.7071067811865753 0.7071067811865197 0 -0.7071067811865753 0.7071067811865197 0 0 0 1 0 0 1 0 0 1 0 0 1 0 0 -1 0 0 -1 0 0 -1 0 0 -1 -0.7071067811865486 -0.7071067811865463 0 -0.7071067811865486 -0.7071067811865463 0 -0.7071067811865486 -0.7071067811865463 0 -0.7071067811865486 -0.7071067811865463 0 0.7071067811865486 -0.7071067811865463 0 0.7071067811865486 -0.7071067811865463 0 0.7071067811865486 -0.7071067811865463 0 0.7071067811865486 -0.7071067811865463 0 0.7071067811865737 0.7071067811865212 0 0.7071067811865737 0.7071067811865212 0 0.7071067811865737 0.7071067811865212 0 0.7071067811865737 0.7071067811865212 0 -0.7071067811865737 0.7071067811865212 0 -0.7071067811865737 0.7071067811865212 0 -0.7071067811865737 0.7071067811865212 0 -0.7071067811865737 0.7071067811865212 0 -5.551115123125779e-15 0 1 -5.551115123125779e-15 0 1 -5.551115123125779e-15 0 1 -5.551115123125779e-15 0 1 0 0 -1 0 0 -1 0 0 -1 0 0 -1 -0.7071067811865926 -0.7071067811865023 0 -0.7071067811865926 -0.7071067811865023 0 -0.7071067811865926 -0.7071067811865023 0 -0.7071067811865926 -0.7071067811865023 0 0.7071067811865926 -0.7071067811865023 0 0.7071067811865926 -0.7071067811865023 0 0.7071067811865926 -0.7071067811865023 0 0.7071067811865926 -0.7071067811865023 0 0.7071067811865549 0.7071067811865401 0 0.7071067811865549 0.7071067811865401 0 0.7071067811865549 0.7071067811865401 0 0.7071067811865549 0.7071067811865401 0 -0.7071067811865549 0.7071067811865401 0 -0.7071067811865549 0.7071067811865401 0 -0.7071067811865549 0.7071067811865401 0 -0.7071067811865549 0.7071067811865401 0 -5.551115123125532e-15 0 1 -5.551115123125532e-15 0 1 -5.551115123125532e-15 0 1 -5.551115123125532e-15 0 1 0 0 -1 0 0 -1 0 0 -1 0 0 -1 0.7071067811866015 -0.7071067811864935 0 0.7071067811866015 -0.7071067811864935 0 0.7071067811866015 -0.7071067811864935 0 0.7071067811866015 -0.7071067811864935 0 0.7071067811865388 0.7071067811865563 0 0.7071067811865388 0.7071067811865563 0 0.7071067811865388 0.7071067811865563 0 0.7071067811865388 0.7071067811865563 0 -0.7071067811865168 0.7071067811865782 0 -0.7071067811865168 0.7071067811865782 0 -0.7071067811865168 0.7071067811865782 0 -0.7071067811865168 0.7071067811865782 0 -0.7071067811865796 -0.7071067811865153 0 -0.7071067811865796 -0.7071067811865153 0 -0.7071067811865796 -0.7071067811865153 0 -0.7071067811865796 -0.7071067811865153 0 0 0 1 0 0 1 0 0 1 0 0 1 0 0 -1 0 0 -1 0 0 -1 0 0 -1 -0.7071067811865756 -0.7071067811865193 0 -0.7071067811865756 -0.7071067811865193 0 -0.7071067811865756 -0.7071067811865193 0 -0.7071067811865756 -0.7071067811865193 0 0.7071067811865756 -0.7071067811865193 0 0.7071067811865756 -0.7071067811865193 0 0.7071067811865756 -0.7071067811865193 0 0.7071067811865756 -0.7071067811865193 0 0.70710678118655 0.707106781186545 0 0.70710678118655 0.707106781186545 0 0.70710678118655 0.707106781186545 0 0.70710678118655 0.707106781186545 0 -0.70710678118655 0.707106781186545 0 -0.70710678118655 0.707106781186545 0 -0.70710678118655 0.707106781186545 0 -0.70710678118655 0.707106781186545 0 -5.551115123125601e-15 0 1 -5.551115123125601e-15 0 1 -5.551115123125601e-15 0 1 -5.551115123125601e-15 0 1 0 0 -1 0 0 -1 0 0 -1 0 0 -1 0.7071067811866051 -0.7071067811864898 0 0.7071067811866051 -0.7071067811864898 0 0.7071067811866051 -0.7071067811864898 0 0.7071067811866051 -0.7071067811864898 0 0.7071067811865424 0.7071067811865526 0 0.7071067811865424 0.7071067811865526 0 0.7071067811865424 0.7071067811865526 0 0.7071067811865424 0.7071067811865526 0 -0.7071067811865424 0.7071067811865526 0 -0.7071067811865424 0.7071067811865526 0 -0.7071067811865424 0.7071067811865526 0 -0.7071067811865424 0.7071067811865526 0 -0.7071067811866051 -0.7071067811864898 0 -0.7071067811866051 -0.7071067811864898 0 -0.7071067811866051 -0.7071067811864898 0 -0.7071067811866051 -0.7071067811864898 0 0 0 1 0 0 1 0 0 1 0 0 1 0 0 -1 0 0 -1 0 0 -1 0 0 -1 -0.7071067811865464 0.7071067811865486 0 -0.7071067811865464 0.7071067811865486 0 -0.7071067811865464 0.7071067811865486 0 -0.7071067811865464 0.7071067811865486 0 -0.7071067811865719 -0.707106781186523 0 -0.7071067811865719 -0.707106781186523 0 -0.7071067811865719 -0.707106781186523 0 -0.7071067811865719 -0.707106781186523 0 0.7071067811865501 -0.707106781186545 0 0.7071067811865501 -0.707106781186545 0 0.7071067811865501 -0.707106781186545 0 0.7071067811865501 -0.707106781186545 0 0.7071067811865244 0.7071067811865705 0 0.7071067811865244 0.7071067811865705 0 0.7071067811865244 0.7071067811865705 0 0.7071067811865244 0.7071067811865705 0 0 0 1 0 0 1 0 0 1 0 0 1 0 0 -1 0 0 -1 0 0 -1 0 0 -1 0.7071067811866027 -0.7071067811864922 0 0.7071067811866027 -0.7071067811864922 0 0.7071067811866027 -0.7071067811864922 0 0.7071067811866027 -0.7071067811864922 0 0.7071067811865399 0.7071067811865551 0 0.7071067811865399 0.7071067811865551 0 0.7071067811865399 0.7071067811865551 0 0.7071067811865399 0.7071067811865551 0 -0.70710678118654 0.707106781186555 0 -0.70710678118654 0.707106781186555 0 -0.70710678118654 0.707106781186555 0 -0.70710678118654 0.707106781186555 0 -0.7071067811866028 -0.7071067811864922 0 -0.7071067811866028 -0.7071067811864922 0 -0.7071067811866028 -0.7071067811864922 0 -0.7071067811866028 -0.7071067811864922 0 0 0 1 0 0 1 0 0 1 0 0 1 0 0 -1 0 0 -1 0 0 -1 0 0 -1 -1 0 0 -1 0 0 -1 0 0 -1 0 0 -1 0 0 -1 0 0 -1 0 0 -1 0 0 -1 0 0 -1 0 0 -1 0 0 -1 0 0 -1 0 0 -1 0 0 -1 0 0 -1 0 0 -1 0 0 -1 0 0 -1 0 0 -1 0 0 -1 0 0 -1 0 0 -1 0 0 -1 0 0 3.702718198456431e-16 0.866025403784424 -0.5000000000000254 3.702718198456431e-16 0.866025403784424 -0.5000000000000254 3.702718198456431e-16 0.866025403784424 -0.5000000000000254 3.702718198456431e-16 0.866025403784424 -0.5000000000000254 3.702718198456431e-16 0.866025403784424 -0.5000000000000254 3.702718198456431e-16 0.866025403784424 -0.5000000000000254 3.702718198456431e-16 0.866025403784424 -0.5000000000000254 3.702718198456431e-16 0.866025403784424 -0.5000000000000254 3.702718198456431e-16 0.866025403784424 -0.5000000000000254 3.702718198456431e-16 0.866025403784424 -0.5000000000000254 3.702718198456431e-16 0.866025403784424 -0.5000000000000254 0 -0.8660254037844864 -0.4999999999999172 0 -0.8660254037844864 -0.4999999999999172 0 -0.8660254037844864 -0.4999999999999172 0 -0.8660254037844864 -0.4999999999999172 0 -0.8660254037844864 -0.4999999999999172 0 -0.8660254037844864 -0.4999999999999172 0 -0.8660254037844864 -0.4999999999999172 0 -0.8660254037844864 -0.4999999999999172 0 -0.8660254037844864 -0.4999999999999172 0 -0.8660254037844864 -0.4999999999999172 -7.681543089298424e-16 -2.368475785866911e-13 -1 -7.681543089298424e-16 -2.368475785866911e-13 -1 -7.681543089298424e-16 -2.368475785866911e-13 -1 0 0 -1 0 0 -1 0 0 -1 0 2.368475785867191e-13 -1 0 2.368475785867191e-13 -1 0 2.368475785867191e-13 -1 -7.632037978089197e-16 7.632037978089648e-16 -1 -7.632037978089197e-16 7.632037978089648e-16 -1 -7.632037978089197e-16 7.632037978089648e-16 -1 -7.632037978089196e-16 -2.368475785866911e-13 -1 -7.632037978089196e-16 -2.368475785866911e-13 -1 -7.632037978089196e-16 -2.368475785866911e-13 -1 0 0 -1 0 0 -1 0 0 -1 -2.557054807855631e-16 2.557054807855631e-16 -1 -2.557054807855631e-16 2.557054807855631e-16 -1 -2.557054807855631e-16 2.557054807855631e-16 -1 2.56258805260334e-16 2.56258805260279e-16 -1 2.56258805260334e-16 2.56258805260279e-16 -1 2.56258805260334e-16 2.56258805260279e-16 -1 -1.821904450666927e-15 -1.821904450666447e-15 -1 -1.821904450666927e-15 -1.821904450666447e-15 -1 -1.821904450666927e-15 -1.821904450666447e-15 -1 -3.672055481964349e-15 2.368475785866428e-13 -1 -3.672055481964349e-15 2.368475785866428e-13 -1 -3.672055481964349e-15 2.368475785866428e-13 -1 -3.67205548196435e-15 2.331755231047356e-13 -1 -3.67205548196435e-15 2.331755231047356e-13 -1 -3.67205548196435e-15 2.331755231047356e-13 -1 0 -2.368475785866999e-13 -1 0 -2.368475785866999e-13 -1 0 -2.368475785866999e-13 -1 0 2.368475785867001e-13 -1 0 2.368475785867001e-13 -1 0 2.368475785867001e-13 -1 1.864941563674807e-15 0 -1 1.864941563674807e-15 0 -1 1.864941563674807e-15 0 -1 1.864941563674807e-15 1.864941563675254e-15 -1 1.864941563674807e-15 1.864941563675254e-15 -1 1.864941563674807e-15 1.864941563675254e-15 -1 1.879742687196039e-15 0 -1 1.879742687196039e-15 0 -1 1.879742687196039e-15 0 -1 -2.579332407220197e-16 -2.579332407220753e-16 -1 -2.579332407220197e-16 -2.579332407220753e-16 -1 -2.579332407220197e-16 -2.579332407220753e-16 -1 0 2.368475785865789e-13 -1 0 2.368475785865789e-13 -1 0 2.368475785865789e-13 -1 -7.681543089298425e-16 7.681543089296151e-16 -1 -7.681543089298425e-16 7.681543089296151e-16 -1 -7.681543089298425e-16 7.681543089296151e-16 -1 2.573726695133235e-16 -2.573726695132247e-16 -1 2.573726695133235e-16 -2.573726695132247e-16 -1 2.573726695133235e-16 -2.573726695132247e-16 -1 0 0 -1 0 0 -1 0 0 -1 -2.371049512562043e-13 -2.573726695131636e-16 -1 -2.371049512562043e-13 -2.573726695131636e-16 -1 -2.371049512562043e-13 -2.573726695131636e-16 -1 -2.368475785867051e-13 0 -1 -2.368475785867051e-13 0 -1 -2.368475785867051e-13 0 -1 -2.562588052602639e-16 2.562588052602791e-16 -1 -2.562588052602639e-16 2.562588052602791e-16 -1 -2.562588052602639e-16 2.562588052602791e-16 -1 7.632037978089195e-16 2.368475785866911e-13 1 7.632037978089195e-16 2.368475785866911e-13 1 7.632037978089195e-16 2.368475785866911e-13 1 0 0 1 0 0 1 0 0 1 7.632037978089197e-16 -7.632037978089648e-16 1 7.632037978089197e-16 -7.632037978089648e-16 1 7.632037978089197e-16 -7.632037978089648e-16 1 0 0 1 0 0 1 0 0 1 0 0 1 0 0 1 0 0 1 0 0 1 0 0 1 0 0 1 -2.365918731059194e-13 2.557054807856387e-16 1 -2.365918731059194e-13 2.557054807856387e-16 1 -2.365918731059194e-13 2.557054807856387e-16 1 0 -2.368475785867191e-13 1 0 -2.368475785867191e-13 1 0 -2.368475785867191e-13 1 0 0 1 0 0 1 0 0 1 0 0 1 0 0 1 0 0 1 0 0 1 0 0 1 0 0 1 0 0 1 0 0 1 0 0 1 0 0 1 0 0 1 0 0 1 0 0 1 0 0 1 0 0 1 0 0 1 0 0 1 0 0 1 0 0 1 0 0 1 0 0 1 0 0 1 0 0 1 0 0 1 0 0 1 0 0 1 0 0 1 0 0 1 0 0 1 0 0 1 0 0 1 0 0 1 0 0 1 0 0 1 0 0 1 0 0 1 -1.821904450666927e-15 2.350256741359763e-13 1 -1.821904450666927e-15 2.350256741359763e-13 1 -1.821904450666927e-15 2.350256741359763e-13 1 0 0 1 0 0 1 0 0 1 0 0 1 0 0 1 0 0 1 -3.020193211711798e-16 -0.8660254037844864 0.4999999999999172 -3.020193211711798e-16 -0.8660254037844864 0.4999999999999172 -3.020193211711798e-16 -0.8660254037844864 0.4999999999999172 -3.020193211711798e-16 -0.8660254037844864 0.4999999999999172 -3.020193211711798e-16 -0.8660254037844864 0.4999999999999172 -3.020193211711798e-16 -0.8660254037844864 0.4999999999999172 -3.020193211711798e-16 -0.8660254037844864 0.4999999999999172 -3.020193211711798e-16 -0.8660254037844864 0.4999999999999172 -3.020193211711798e-16 -0.8660254037844864 0.4999999999999172 -3.020193211711798e-16 -0.8660254037844864 0.4999999999999172 2.221630919073803e-16 0.8660254037844022 0.5000000000000631 2.221630919073803e-16 0.8660254037844022 0.5000000000000631 2.221630919073803e-16 0.8660254037844022 0.5000000000000631 2.221630919073803e-16 0.8660254037844022 0.5000000000000631 2.221630919073803e-16 0.8660254037844022 0.5000000000000631 2.221630919073803e-16 0.8660254037844022 0.5000000000000631 2.221630919073803e-16 0.8660254037844022 0.5000000000000631 2.221630919073803e-16 0.8660254037844022 0.5000000000000631 2.221630919073803e-16 0.8660254037844022 0.5000000000000631 2.221630919073803e-16 0.8660254037844022 0.5000000000000631 2.221630919073803e-16 0.8660254037844022 0.5000000000000631 2.221630919073803e-16 0.8660254037844022 0.5000000000000631 2.221630919073803e-16 0.8660254037844022 0.5000000000000631 0.8660254037844256 0 -0.5000000000000226 0.8660254037844256 0 -0.5000000000000226 0.8660254037844256 0 -0.5000000000000226 0.8660254037844256 0 -0.5000000000000226 0.8660254037844256 0 -0.5000000000000226 0.8660254037844256 0 -0.5000000000000226 0.8660254037844256 0 -0.5000000000000226 0.8660254037844256 0 -0.5000000000000226 0.8660254037844256 0 -0.5000000000000226 0.8660254037844256 0 -0.5000000000000226 0.8660254037844256 0 -0.5000000000000226 0.8660254037844256 0 -0.5000000000000226 0.8660254037844256 0 -0.5000000000000226 0.8660254037844256 0 -0.5000000000000226 -0.8660254037844615 0 -0.4999999999999603 -0.8660254037844615 0 -0.4999999999999603 -0.8660254037844615 0 -0.4999999999999603 -0.8660254037844615 0 -0.4999999999999603 -0.8660254037844615 0 -0.4999999999999603 -0.8660254037844615 0 -0.4999999999999603 -0.8660254037844615 0 -0.4999999999999603 -0.8660254037844615 0 -0.4999999999999603 -0.8660254037844615 0 -0.4999999999999603 -0.8660254037844615 0 -0.4999999999999603 -0.8660254037844615 0 -0.4999999999999603 -0.8660254037844615 0 -0.4999999999999603 -0.8660254037844615 0 -0.4999999999999603 -0.8660254037844684 0 0.4999999999999483 -0.8660254037844684 0 0.4999999999999483 -0.8660254037844684 0 0.4999999999999483 -0.8660254037844684 0 0.4999999999999483 -0.8660254037844684 0 0.4999999999999483 -0.8660254037844684 0 0.4999999999999483 -0.8660254037844684 0 0.4999999999999483 -0.8660254037844684 0 0.4999999999999483 -0.8660254037844684 0 0.4999999999999483 -0.8660254037844684 0 0.4999999999999483 -0.8660254037844684 0 0.4999999999999483 -0.8660254037844684 0 0.4999999999999483 -0.8660254037844684 0 0.4999999999999483 0.8660254037844268 0 0.5000000000000204 0.8660254037844268 0 0.5000000000000204 0.8660254037844268 0 0.5000000000000204 0.8660254037844268 0 0.5000000000000204 0.8660254037844268 0 0.5000000000000204 0.8660254037844268 0 0.5000000000000204 0.8660254037844268 0 0.5000000000000204 0.8660254037844268 0 0.5000000000000204 0.8660254037844268 0 0.5000000000000204 0.8660254037844268 0 0.5000000000000204 0.8660254037844268 0 0.5000000000000204 0.8660254037844268 0 0.5000000000000204 0.8660254037844268 0 0.5000000000000204 0.8660254037844268 0 0.5000000000000204 -1 1.483767504925591e-15 0 -1 1.483767504925591e-15 0 -1 1.483767504925591e-15 0 -1 1.483767504925591e-15 0 -1 1.483767504925591e-15 0 -1 1.483767504925591e-15 0 -1 1.483767504925591e-15 0 -1 1.483767504925591e-15 0 -1 1.483767504925591e-15 0 -1 1.483767504925591e-15 0 -1 1.483767504925591e-15 0 -1 1.483767504925591e-15 0 -1 1.483767504925591e-15 0 -1 1.483767504925591e-15 0 -1 1.483767504925591e-15 0 -1 1.483767504925591e-15 0 -1 1.483767504925591e-15 0 -1 1.483767504925591e-15 0 -1 1.483767504925591e-15 0 -1 1.483767504925591e-15 0 -1 1.483767504925591e-15 0 -1 1.483767504925591e-15 0 -1 1.483767504925591e-15 0 -1 1.483767504925591e-15 0 -5.00259526575175e-16 -0.866025403784466 -0.4999999999999527 -5.00259526575175e-16 -0.866025403784466 -0.4999999999999527 -5.00259526575175e-16 -0.866025403784466 -0.4999999999999527 -5.00259526575175e-16 -0.866025403784466 -0.4999999999999527 -5.00259526575175e-16 -0.866025403784466 -0.4999999999999527 -5.00259526575175e-16 -0.866025403784466 -0.4999999999999527 -5.00259526575175e-16 -0.866025403784466 -0.4999999999999527 -5.00259526575175e-16 -0.866025403784466 -0.4999999999999527 -5.00259526575175e-16 -0.866025403784466 -0.4999999999999527 -5.00259526575175e-16 -0.866025403784466 -0.4999999999999527 -5.00259526575175e-16 -0.866025403784466 -0.4999999999999527 -5.00259526575175e-16 -0.866025403784466 -0.4999999999999527 -5.00259526575175e-16 -0.866025403784466 -0.4999999999999527 2.467162276945026e-15 0.8660254037844645 -0.4999999999999551 2.467162276945026e-15 0.8660254037844645 -0.4999999999999551 2.467162276945026e-15 0.8660254037844645 -0.4999999999999551 2.467162276945026e-15 0.8660254037844645 -0.4999999999999551 2.467162276945026e-15 0.8660254037844645 -0.4999999999999551 2.467162276945026e-15 0.8660254037844645 -0.4999999999999551 2.467162276945026e-15 0.8660254037844645 -0.4999999999999551 2.467162276945026e-15 0.8660254037844645 -0.4999999999999551 2.467162276945026e-15 0.8660254037844645 -0.4999999999999551 2.467162276945026e-15 0.8660254037844645 -0.4999999999999551 2.467162276945026e-15 0.8660254037844645 -0.4999999999999551 2.467162276945026e-15 0.8660254037844645 -0.4999999999999551 2.467162276945026e-15 0.8660254037844645 -0.4999999999999551 2.775557561563083e-16 0.8660254037844714 0.4999999999999433 2.775557561563083e-16 0.8660254037844714 0.4999999999999433 2.775557561563083e-16 0.8660254037844714 0.4999999999999433 2.775557561563083e-16 0.8660254037844714 0.4999999999999433 2.775557561563083e-16 0.8660254037844714 0.4999999999999433 2.775557561563083e-16 0.8660254037844714 0.4999999999999433 2.775557561563083e-16 0.8660254037844714 0.4999999999999433 2.775557561563083e-16 0.8660254037844714 0.4999999999999433 2.775557561563083e-16 0.8660254037844714 0.4999999999999433 2.775557561563083e-16 0.8660254037844714 0.4999999999999433 2.775557561563083e-16 0.8660254037844714 0.4999999999999433 2.775557561563083e-16 0.8660254037844714 0.4999999999999433 2.775557561563083e-16 0.8660254037844714 0.4999999999999433 -7.062487434002464e-16 -0.8660254037844661 0.4999999999999523 -7.062487434002464e-16 -0.8660254037844661 0.4999999999999523 -7.062487434002464e-16 -0.8660254037844661 0.4999999999999523 -7.062487434002464e-16 -0.8660254037844661 0.4999999999999523 -7.062487434002464e-16 -0.8660254037844661 0.4999999999999523 -7.062487434002464e-16 -0.8660254037844661 0.4999999999999523 -7.062487434002464e-16 -0.8660254037844661 0.4999999999999523 -7.062487434002464e-16 -0.8660254037844661 0.4999999999999523 -7.062487434002464e-16 -0.8660254037844661 0.4999999999999523 -7.062487434002464e-16 -0.8660254037844661 0.4999999999999523 -7.062487434002464e-16 -0.8660254037844661 0.4999999999999523 -1 0 0 -1 0 0 -1 0 0 -1 0 0 -1 0 0 -1 0 0 -1 0 0 -1 0 0 -1 0 0 -1 0 0 -1 0 0 -1 0 0 -1 0 0 -1 0 0 -1 0 0 -1 0 0 -1 0 0 -1 0 0 -1 0 0 -1 0 0 -1 0 0 -1 0 0 -1 0 0 -1 0 0 4.319837898199171e-16 0.866025403784424 -0.5000000000000254 4.319837898199171e-16 0.866025403784424 -0.5000000000000254 4.319837898199171e-16 0.866025403784424 -0.5000000000000254 4.319837898199171e-16 0.866025403784424 -0.5000000000000254 4.319837898199171e-16 0.866025403784424 -0.5000000000000254 4.319837898199171e-16 0.866025403784424 -0.5000000000000254 4.319837898199171e-16 0.866025403784424 -0.5000000000000254 4.319837898199171e-16 0.866025403784424 -0.5000000000000254 4.319837898199171e-16 0.866025403784424 -0.5000000000000254 4.319837898199171e-16 0.866025403784424 -0.5000000000000254 4.319837898199171e-16 0.866025403784424 -0.5000000000000254 0 -0.8660254037844864 -0.4999999999999172 0 -0.8660254037844864 -0.4999999999999172 0 -0.8660254037844864 -0.4999999999999172 0 -0.8660254037844864 -0.4999999999999172 0 -0.8660254037844864 -0.4999999999999172 0 -0.8660254037844864 -0.4999999999999172 0 -0.8660254037844864 -0.4999999999999172 0 -0.8660254037844864 -0.4999999999999172 0 -0.8660254037844864 -0.4999999999999172 0 -0.8660254037844864 -0.4999999999999172 0 0 -1 0 0 -1 0 0 -1 0 0 -1 0 0 -1 0 0 -1 0 0 -1 0 0 -1 0 0 -1 0 0 -1 0 0 -1 0 0 -1 0 0 -1 0 0 -1 0 0 -1 0 0 -1 0 0 -1 0 0 -1 -2.557054807855631e-16 2.557054807855631e-16 -1 -2.557054807855631e-16 2.557054807855631e-16 -1 -2.557054807855631e-16 2.557054807855631e-16 -1 -2.368475785867051e-13 0 -1 -2.368475785867051e-13 0 -1 -2.368475785867051e-13 0 -1 -1.821904450666927e-15 2.350256741359763e-13 -1 -1.821904450666927e-15 2.350256741359763e-13 -1 -1.821904450666927e-15 2.350256741359763e-13 -1 0 0 -1 0 0 -1 0 0 -1 0 0 -1 0 0 -1 0 0 -1 0 0 -1 0 0 -1 0 0 -1 0 0 -1 0 0 -1 0 0 -1 0 0 -1 0 0 -1 0 0 -1 0 0 -1 0 0 -1 0 0 -1 0 0 -1 0 0 -1 0 0 -1 0 0 -1 0 0 -1 0 0 -1 0 0 -1 0 0 -1 0 0 -1 0 0 -1 0 0 -1 0 0 -1 0 0 -1 0 0 -1 0 0 -1 0 0 -1 0 0 -1 0 0 -1 0 0 -1 0 0 -1 0 0 -1 0 0 -1 0 0 -1 0 0 -1 0 0 -1 0 0 -1 0 0 -1 0 0 1 0 0 1 0 0 1 0 0 1 0 0 1 0 0 1 0 0 1 0 0 1 0 0 1 0 0 1 0 0 1 0 0 1 -2.365913197814447e-13 2.562588052603397e-16 1 -2.365913197814447e-13 2.562588052603397e-16 1 -2.365913197814447e-13 2.562588052603397e-16 1 -2.562588052603189e-16 2.562588052602792e-16 1 -2.562588052603189e-16 2.562588052602792e-16 1 -2.562588052603189e-16 2.562588052602792e-16 1 2.557054807856303e-16 2.55705480785563e-16 1 2.557054807856303e-16 2.55705480785563e-16 1 2.557054807856303e-16 2.55705480785563e-16 1 0 0 1 0 0 1 0 0 1 0 0 1 0 0 1 0 0 1 0 0 1 0 0 1 0 0 1 0 0 1 0 0 1 0 0 1 0 0 1 0 0 1 0 0 1 0 0 1 0 0 1 0 0 1 0 0 1 0 0 1 0 0 1 0 0 1 0 0 1 0 0 1 0 0 1 0 0 1 0 0 1 0 0 1 0 0 1 0 0 1 0 0 1 0 0 1 0 0 1 0 0 1 0 0 1 0 0 1 -1.836027740982174e-15 0 1 -1.836027740982174e-15 0 1 -1.836027740982174e-15 0 1 -1.836027740982174e-15 2.350115508457177e-13 1 -1.836027740982174e-15 2.350115508457177e-13 1 -1.836027740982174e-15 2.350115508457177e-13 1 -1.821904450666927e-15 -1.821904450666448e-15 1 -1.821904450666927e-15 -1.821904450666448e-15 1 -1.821904450666927e-15 -1.821904450666448e-15 1 0 0 1 0 0 1 0 0 1 0 0 1 0 0 1 0 0 1 -2.642669060247823e-16 -0.8660254037844864 0.4999999999999172 -2.642669060247823e-16 -0.8660254037844864 0.4999999999999172 -2.642669060247823e-16 -0.8660254037844864 0.4999999999999172 -2.642669060247823e-16 -0.8660254037844864 0.4999999999999172 -2.642669060247823e-16 -0.8660254037844864 0.4999999999999172 -2.642669060247823e-16 -0.8660254037844864 0.4999999999999172 -2.642669060247823e-16 -0.8660254037844864 0.4999999999999172 -2.642669060247823e-16 -0.8660254037844864 0.4999999999999172 -2.642669060247823e-16 -0.8660254037844864 0.4999999999999172 -2.642669060247823e-16 -0.8660254037844864 0.4999999999999172 0 0.8660254037844021 0.5000000000000631 0 0.8660254037844021 0.5000000000000631 0 0.8660254037844021 0.5000000000000631 0 0.8660254037844021 0.5000000000000631 0 0.8660254037844021 0.5000000000000631 0 0.8660254037844021 0.5000000000000631 0 0.8660254037844021 0.5000000000000631 0 0.8660254037844021 0.5000000000000631 0 0.8660254037844021 0.5000000000000631 0 0.8660254037844021 0.5000000000000631 0 0.8660254037844021 0.5000000000000631 0 0.8660254037844021 0.5000000000000631 0 0.8660254037844021 0.5000000000000631 0.8660254037844288 0 -0.5000000000000172 0.8660254037844288 0 -0.5000000000000172 0.8660254037844288 0 -0.5000000000000172 0.8660254037844288 0 -0.5000000000000172 0.8660254037844288 0 -0.5000000000000172 0.8660254037844288 0 -0.5000000000000172 0.8660254037844288 0 -0.5000000000000172 0.8660254037844288 0 -0.5000000000000172 0.8660254037844288 0 -0.5000000000000172 0.8660254037844288 0 -0.5000000000000172 0.8660254037844288 0 -0.5000000000000172 0.8660254037844288 0 -0.5000000000000172 0.8660254037844288 0 -0.5000000000000172 0.8660254037844288 0 -0.5000000000000172 -0.8660254037844671 0 -0.4999999999999509 -0.8660254037844671 0 -0.4999999999999509 -0.8660254037844671 0 -0.4999999999999509 -0.8660254037844671 0 -0.4999999999999509 -0.8660254037844671 0 -0.4999999999999509 -0.8660254037844671 0 -0.4999999999999509 -0.8660254037844671 0 -0.4999999999999509 -0.8660254037844671 0 -0.4999999999999509 -0.8660254037844671 0 -0.4999999999999509 -0.8660254037844671 0 -0.4999999999999509 -0.8660254037844671 0 -0.4999999999999509 -0.8660254037844671 0 -0.4999999999999509 -0.8660254037844671 0 -0.4999999999999509 -0.8660254037844716 0 0.4999999999999428 -0.8660254037844716 0 0.4999999999999428 -0.8660254037844716 0 0.4999999999999428 -0.8660254037844716 0 0.4999999999999428 -0.8660254037844716 0 0.4999999999999428 -0.8660254037844716 0 0.4999999999999428 -0.8660254037844716 0 0.4999999999999428 -0.8660254037844716 0 0.4999999999999428 -0.8660254037844716 0 0.4999999999999428 -0.8660254037844716 0 0.4999999999999428 -0.8660254037844716 0 0.4999999999999428 -0.8660254037844716 0 0.4999999999999428 -0.8660254037844716 0 0.4999999999999428 0.8660254037844271 0 0.50000000000002 0.8660254037844271 0 0.50000000000002 0.8660254037844271 0 0.50000000000002 0.8660254037844271 0 0.50000000000002 0.8660254037844271 0 0.50000000000002 0.8660254037844271 0 0.50000000000002 0.8660254037844271 0 0.50000000000002 0.8660254037844271 0 0.50000000000002 0.8660254037844271 0 0.50000000000002 0.8660254037844271 0 0.50000000000002 0.8660254037844271 0 0.50000000000002 0.8660254037844271 0 0.50000000000002 0.8660254037844271 0 0.50000000000002 0.8660254037844271 0 0.50000000000002 -1 0 0 -1 0 0 -1 0 0 -1 0 0 -1 0 0 -1 0 0 -1 0 0 -1 0 0 -1 0 0 -1 0 0 -1 0 0 -1 0 0 -1 0 0 -1 0 0 -1 0 0 -1 0 0 -1 0 0 -1 0 0 -1 0 0 -1 0 0 -1 0 0 -1 0 0 -1 0 0 -1 0 0 -9.416649912003288e-16 -0.8660254037844661 -0.4999999999999524 -9.416649912003288e-16 -0.8660254037844661 -0.4999999999999524 -9.416649912003288e-16 -0.8660254037844661 -0.4999999999999524 -9.416649912003288e-16 -0.8660254037844661 -0.4999999999999524 -9.416649912003288e-16 -0.8660254037844661 -0.4999999999999524 -9.416649912003288e-16 -0.8660254037844661 -0.4999999999999524 -9.416649912003288e-16 -0.8660254037844661 -0.4999999999999524 -9.416649912003288e-16 -0.8660254037844661 -0.4999999999999524 -9.416649912003288e-16 -0.8660254037844661 -0.4999999999999524 -9.416649912003288e-16 -0.8660254037844661 -0.4999999999999524 -9.416649912003288e-16 -0.8660254037844661 -0.4999999999999524 -9.416649912003288e-16 -0.8660254037844661 -0.4999999999999524 -9.416649912003288e-16 -0.8660254037844661 -0.4999999999999524 2.40548322002134e-15 0.866025403784472 -0.4999999999999423 2.40548322002134e-15 0.866025403784472 -0.4999999999999423 2.40548322002134e-15 0.866025403784472 -0.4999999999999423 2.40548322002134e-15 0.866025403784472 -0.4999999999999423 2.40548322002134e-15 0.866025403784472 -0.4999999999999423 2.40548322002134e-15 0.866025403784472 -0.4999999999999423 2.40548322002134e-15 0.866025403784472 -0.4999999999999423 2.40548322002134e-15 0.866025403784472 -0.4999999999999423 2.40548322002134e-15 0.866025403784472 -0.4999999999999423 2.40548322002134e-15 0.866025403784472 -0.4999999999999423 2.40548322002134e-15 0.866025403784472 -0.4999999999999423 2.40548322002134e-15 0.866025403784472 -0.4999999999999423 2.40548322002134e-15 0.866025403784472 -0.4999999999999423 2.775557561563084e-16 0.8660254037844713 0.4999999999999434 2.775557561563084e-16 0.8660254037844713 0.4999999999999434 2.775557561563084e-16 0.8660254037844713 0.4999999999999434 2.775557561563084e-16 0.8660254037844713 0.4999999999999434 2.775557561563084e-16 0.8660254037844713 0.4999999999999434 2.775557561563084e-16 0.8660254037844713 0.4999999999999434 2.775557561563084e-16 0.8660254037844713 0.4999999999999434 2.775557561563084e-16 0.8660254037844713 0.4999999999999434 2.775557561563084e-16 0.8660254037844713 0.4999999999999434 2.775557561563084e-16 0.8660254037844713 0.4999999999999434 2.775557561563084e-16 0.8660254037844713 0.4999999999999434 2.775557561563084e-16 0.8660254037844713 0.4999999999999434 2.775557561563084e-16 0.8660254037844713 0.4999999999999434 -6.179676504752158e-16 -0.8660254037844661 0.4999999999999524 -6.179676504752158e-16 -0.8660254037844661 0.4999999999999524 -6.179676504752158e-16 -0.8660254037844661 0.4999999999999524 -6.179676504752158e-16 -0.8660254037844661 0.4999999999999524 -6.179676504752158e-16 -0.8660254037844661 0.4999999999999524 -6.179676504752158e-16 -0.8660254037844661 0.4999999999999524 -6.179676504752158e-16 -0.8660254037844661 0.4999999999999524 -6.179676504752158e-16 -0.8660254037844661 0.4999999999999524 -6.179676504752158e-16 -0.8660254037844661 0.4999999999999524 -6.179676504752158e-16 -0.8660254037844661 0.4999999999999524 -6.179676504752158e-16 -0.8660254037844661 0.4999999999999524 -1 0 0 -1 0 0 -1 0 0 -1 0 0 -1 0 0 -1 0 0 -1 0 0 -1 0 0 -1 0 0 -1 0 0 -1 0 0 -1 0 0 -1 0 0 -1 0 0 -1 0 0 -1 0 0 -1 0 0 -1 0 0 -1 0 0 -1 0 0 -1 0 0 -1 0 0 -1 0 0 -1 0 0 3.887854108379153e-16 0.8660254037844314 -0.5000000000000125 3.887854108379153e-16 0.8660254037844314 -0.5000000000000125 3.887854108379153e-16 0.8660254037844314 -0.5000000000000125 3.887854108379153e-16 0.8660254037844314 -0.5000000000000125 3.887854108379153e-16 0.8660254037844314 -0.5000000000000125 3.887854108379153e-16 0.8660254037844314 -0.5000000000000125 3.887854108379153e-16 0.8660254037844314 -0.5000000000000125 3.887854108379153e-16 0.8660254037844314 -0.5000000000000125 3.887854108379153e-16 0.8660254037844314 -0.5000000000000125 3.887854108379153e-16 0.8660254037844314 -0.5000000000000125 3.887854108379153e-16 0.8660254037844314 -0.5000000000000125 0 -0.8660254037844937 -0.4999999999999046 0 -0.8660254037844937 -0.4999999999999046 0 -0.8660254037844937 -0.4999999999999046 0 -0.8660254037844937 -0.4999999999999046 0 -0.8660254037844937 -0.4999999999999046 0 -0.8660254037844937 -0.4999999999999046 0 -0.8660254037844937 -0.4999999999999046 0 -0.8660254037844937 -0.4999999999999046 0 -0.8660254037844937 -0.4999999999999046 0 -0.8660254037844937 -0.4999999999999046 0 0 -1 0 0 -1 0 0 -1 0 0 -1 0 0 -1 0 0 -1 0 0 -1 0 0 -1 0 0 -1 0 0 -1 0 0 -1 0 0 -1 0 0 -1 0 0 -1 0 0 -1 0 0 -1 0 0 -1 0 0 -1 0 0 -1 0 0 -1 0 0 -1 0 0 -1 0 0 -1 0 0 -1 -9.109522253334635e-16 -9.109522253332237e-16 -1 -9.109522253334635e-16 -9.109522253332237e-16 -1 -9.109522253334635e-16 -9.109522253332237e-16 -1 -9.180138704910872e-16 0 -1 -9.180138704910872e-16 0 -1 -9.180138704910872e-16 0 -1 -9.180138704910874e-16 1.175057754228589e-13 -1 -9.180138704910874e-16 1.175057754228589e-13 -1 -9.180138704910874e-16 1.175057754228589e-13 -1 0 0 -1 0 0 -1 0 0 -1 0 0 -1 0 0 -1 0 0 -1 -9.324707818374035e-16 1.1842378929335e-13 -1 -9.324707818374035e-16 1.1842378929335e-13 -1 -9.324707818374035e-16 1.1842378929335e-13 -1 -9.324707818374035e-16 1.174913185115124e-13 -1 -9.324707818374035e-16 1.174913185115124e-13 -1 -9.324707818374035e-16 1.174913185115124e-13 -1 9.398713435980196e-16 -1.1842378929335e-13 -1 9.398713435980196e-16 -1.1842378929335e-13 -1 9.398713435980196e-16 -1.1842378929335e-13 -1 -1.185527559136855e-13 0 -1 -1.185527559136855e-13 0 -1 -1.185527559136855e-13 0 -1 0 0 -1 0 0 -1 0 0 -1 0 0 -1 0 0 -1 0 0 -1 0 0 -1 0 0 -1 0 0 -1 0 0 -1 0 0 -1 0 0 -1 0 0 -1 0 0 -1 0 0 -1 -1.184237892933525e-13 0 -1 -1.184237892933525e-13 0 -1 -1.184237892933525e-13 0 -1 0 0 -1 0 0 -1 0 0 -1 0 0 1 0 0 1 0 0 1 0 0 1 0 0 1 0 0 1 0 0 1 0 0 1 0 0 1 0 0 1 0 0 1 0 0 1 -1.182956598907224e-13 0 1 -1.182956598907224e-13 0 1 -1.182956598907224e-13 0 1 0 0 1 0 0 1 0 0 1 0 0 1 0 0 1 0 0 1 0 0 1 0 0 1 0 0 1 0 -1.184237892933455e-13 1 0 -1.184237892933455e-13 1 0 -1.184237892933455e-13 1 0 -1.184237892933455e-13 1 0 -1.184237892933455e-13 1 0 -1.184237892933455e-13 1 0 1.184237892932894e-13 1 0 1.184237892932894e-13 1 0 1.184237892932894e-13 1 0 1.184237892932894e-13 1 0 1.184237892932894e-13 1 0 1.184237892932894e-13 1 1.185527559136856e-13 0 1 1.185527559136856e-13 0 1 1.185527559136856e-13 0 1 -1.182951029585679e-13 0 1 -1.182951029585679e-13 0 1 -1.182951029585679e-13 0 1 -9.324707818374037e-16 1.174913185115124e-13 1 -9.324707818374037e-16 1.174913185115124e-13 1 -9.324707818374037e-16 1.174913185115124e-13 1 9.398713435980196e-16 -1.1842378929335e-13 1 9.398713435980196e-16 -1.1842378929335e-13 1 9.398713435980196e-16 -1.1842378929335e-13 1 -9.324707818374035e-16 1.1842378929335e-13 1 -9.324707818374035e-16 1.1842378929335e-13 1 -9.324707818374035e-16 1.1842378929335e-13 1 0 0 1 0 0 1 0 0 1 0 0 1 0 0 1 0 0 1 -9.180138704910872e-16 0 1 -9.180138704910872e-16 0 1 -9.180138704910872e-16 0 1 -9.180138704910872e-16 1.175057754228588e-13 1 -9.180138704910872e-16 1.175057754228588e-13 1 -9.180138704910872e-16 1.175057754228588e-13 1 -9.109522253334636e-16 -9.109522253332238e-16 1 -9.109522253334636e-16 -9.109522253332238e-16 1 -9.109522253334636e-16 -9.109522253332238e-16 1 0 0 1 0 0 1 0 0 1 -1.185524756281022e-13 0 1 -1.185524756281022e-13 0 1 -1.185524756281022e-13 0 1 0 -0.8660254037844865 0.4999999999999172 0 -0.8660254037844865 0.4999999999999172 0 -0.8660254037844865 0.4999999999999172 0 -0.8660254037844865 0.4999999999999172 0 -0.8660254037844865 0.4999999999999172 0 -0.8660254037844865 0.4999999999999172 0 -0.8660254037844865 0.4999999999999172 0 -0.8660254037844865 0.4999999999999172 0 -0.8660254037844865 0.4999999999999172 0 -0.8660254037844865 0.4999999999999172 0 0.8660254037844021 0.5000000000000631 0 0.8660254037844021 0.5000000000000631 0 0.8660254037844021 0.5000000000000631 0 0.8660254037844021 0.5000000000000631 0 0.8660254037844021 0.5000000000000631 0 0.8660254037844021 0.5000000000000631 0 0.8660254037844021 0.5000000000000631 0 0.8660254037844021 0.5000000000000631 0 0.8660254037844021 0.5000000000000631 0 0.8660254037844021 0.5000000000000631 0 0.8660254037844021 0.5000000000000631 0 0.8660254037844021 0.5000000000000631 0 0.8660254037844021 0.5000000000000631 0.8660254037844319 -2.325627323942682e-16 -0.5000000000000116 0.8660254037844319 -2.325627323942682e-16 -0.5000000000000116 0.8660254037844319 -2.325627323942682e-16 -0.5000000000000116 0.8660254037844319 -2.325627323942682e-16 -0.5000000000000116 0.8660254037844319 -2.325627323942682e-16 -0.5000000000000116 0.8660254037844319 -2.325627323942682e-16 -0.5000000000000116 0.8660254037844319 -2.325627323942682e-16 -0.5000000000000116 0.8660254037844319 -2.325627323942682e-16 -0.5000000000000116 0.8660254037844319 -2.325627323942682e-16 -0.5000000000000116 0.8660254037844319 -2.325627323942682e-16 -0.5000000000000116 0.8660254037844319 -2.325627323942682e-16 -0.5000000000000116 0.8660254037844319 -2.325627323942682e-16 -0.5000000000000116 0.8660254037844319 -2.325627323942682e-16 -0.5000000000000116 0.8660254037844319 -2.325627323942682e-16 -0.5000000000000116 -0.8660254037844726 0 -0.4999999999999412 -0.8660254037844726 0 -0.4999999999999412 -0.8660254037844726 0 -0.4999999999999412 -0.8660254037844726 0 -0.4999999999999412 -0.8660254037844726 0 -0.4999999999999412 -0.8660254037844726 0 -0.4999999999999412 -0.8660254037844726 0 -0.4999999999999412 -0.8660254037844726 0 -0.4999999999999412 -0.8660254037844726 0 -0.4999999999999412 -0.8660254037844726 0 -0.4999999999999412 -0.8660254037844726 0 -0.4999999999999412 -0.8660254037844726 0 -0.4999999999999412 -0.8660254037844726 0 -0.4999999999999412 -0.8660254037844652 0 0.499999999999954 -0.8660254037844652 0 0.499999999999954 -0.8660254037844652 0 0.499999999999954 -0.8660254037844652 0 0.499999999999954 -0.8660254037844652 0 0.499999999999954 -0.8660254037844652 0 0.499999999999954 -0.8660254037844652 0 0.499999999999954 -0.8660254037844652 0 0.499999999999954 -0.8660254037844652 0 0.499999999999954 -0.8660254037844652 0 0.499999999999954 -0.8660254037844652 0 0.499999999999954 -0.8660254037844652 0 0.499999999999954 -0.8660254037844652 0 0.499999999999954 0.8660254037844252 0 0.5000000000000233 0.8660254037844252 0 0.5000000000000233 0.8660254037844252 0 0.5000000000000233 0.8660254037844252 0 0.5000000000000233 0.8660254037844252 0 0.5000000000000233 0.8660254037844252 0 0.5000000000000233 0.8660254037844252 0 0.5000000000000233 0.8660254037844252 0 0.5000000000000233 0.8660254037844252 0 0.5000000000000233 0.8660254037844252 0 0.5000000000000233 0.8660254037844252 0 0.5000000000000233 0.8660254037844252 0 0.5000000000000233 0.8660254037844252 0 0.5000000000000233 0.8660254037844252 0 0.5000000000000233 -1 0 0 -1 0 0 -1 0 0 -1 0 0 -1 0 0 -1 0 0 -1 0 0 -1 0 0 -1 0 0 -1 0 0 -1 0 0 -1 0 0 -1 0 0 -1 0 0 -1 0 0 -1 0 0 -1 0 0 -1 0 0 -1 0 0 -1 0 0 -1 0 0 -1 0 0 -1 0 0 -1 0 0 -7.209622588877429e-16 -0.8660254037844697 -0.4999999999999461 -7.209622588877429e-16 -0.8660254037844697 -0.4999999999999461 -7.209622588877429e-16 -0.8660254037844697 -0.4999999999999461 -7.209622588877429e-16 -0.8660254037844697 -0.4999999999999461 -7.209622588877429e-16 -0.8660254037844697 -0.4999999999999461 -7.209622588877429e-16 -0.8660254037844697 -0.4999999999999461 -7.209622588877429e-16 -0.8660254037844697 -0.4999999999999461 -7.209622588877429e-16 -0.8660254037844697 -0.4999999999999461 -7.209622588877429e-16 -0.8660254037844697 -0.4999999999999461 -7.209622588877429e-16 -0.8660254037844697 -0.4999999999999461 -7.209622588877429e-16 -0.8660254037844697 -0.4999999999999461 -7.209622588877429e-16 -0.8660254037844697 -0.4999999999999461 -7.209622588877429e-16 -0.8660254037844697 -0.4999999999999461 2.713878504639426e-15 0.8660254037844755 -0.4999999999999361 2.713878504639426e-15 0.8660254037844755 -0.4999999999999361 2.713878504639426e-15 0.8660254037844755 -0.4999999999999361 2.713878504639426e-15 0.8660254037844755 -0.4999999999999361 2.713878504639426e-15 0.8660254037844755 -0.4999999999999361 2.713878504639426e-15 0.8660254037844755 -0.4999999999999361 2.713878504639426e-15 0.8660254037844755 -0.4999999999999361 2.713878504639426e-15 0.8660254037844755 -0.4999999999999361 2.713878504639426e-15 0.8660254037844755 -0.4999999999999361 2.713878504639426e-15 0.8660254037844755 -0.4999999999999361 2.713878504639426e-15 0.8660254037844755 -0.4999999999999361 2.713878504639426e-15 0.8660254037844755 -0.4999999999999361 2.713878504639426e-15 0.8660254037844755 -0.4999999999999361 0 0.8660254037844677 0.4999999999999497 0 0.8660254037844677 0.4999999999999497 0 0.8660254037844677 0.4999999999999497 0 0.8660254037844677 0.4999999999999497 0 0.8660254037844677 0.4999999999999497 0 0.8660254037844677 0.4999999999999497 0 0.8660254037844677 0.4999999999999497 0 0.8660254037844677 0.4999999999999497 0 0.8660254037844677 0.4999999999999497 0 0.8660254037844677 0.4999999999999497 0 0.8660254037844677 0.4999999999999497 0 0.8660254037844677 0.4999999999999497 0 0.8660254037844677 0.4999999999999497 -3.825514026751385e-16 -0.8660254037844623 0.4999999999999589 -3.825514026751385e-16 -0.8660254037844623 0.4999999999999589 -3.825514026751385e-16 -0.8660254037844623 0.4999999999999589 -3.825514026751385e-16 -0.8660254037844623 0.4999999999999589 -3.825514026751385e-16 -0.8660254037844623 0.4999999999999589 -3.825514026751385e-16 -0.8660254037844623 0.4999999999999589 -3.825514026751385e-16 -0.8660254037844623 0.4999999999999589 -3.825514026751385e-16 -0.8660254037844623 0.4999999999999589 -3.825514026751385e-16 -0.8660254037844623 0.4999999999999589 -3.825514026751385e-16 -0.8660254037844623 0.4999999999999589 -3.825514026751385e-16 -0.8660254037844623 0.4999999999999589 -1 0 0 -1 0 0 -1 0 0 -1 0 0 -1 0 0 -1 0 0 -1 0 0 -1 0 0 -1 0 0 -1 0 0 -1 0 0 -1 0 0 -1 0 0 -1 0 0 -1 0 0 -1 0 0 -1 0 0 -1 0 0 -1 0 0 -1 0 0 -1 0 0 -1 0 0 -1 0 0 -1 0 0 4.134701988276349e-16 0.866025403784424 -0.5000000000000253 4.134701988276349e-16 0.866025403784424 -0.5000000000000253 4.134701988276349e-16 0.866025403784424 -0.5000000000000253 4.134701988276349e-16 0.866025403784424 -0.5000000000000253 4.134701988276349e-16 0.866025403784424 -0.5000000000000253 4.134701988276349e-16 0.866025403784424 -0.5000000000000253 4.134701988276349e-16 0.866025403784424 -0.5000000000000253 4.134701988276349e-16 0.866025403784424 -0.5000000000000253 4.134701988276349e-16 0.866025403784424 -0.5000000000000253 4.134701988276349e-16 0.866025403784424 -0.5000000000000253 4.134701988276349e-16 0.866025403784424 -0.5000000000000253 0 -0.8660254037844863 -0.4999999999999173 0 -0.8660254037844863 -0.4999999999999173 0 -0.8660254037844863 -0.4999999999999173 0 -0.8660254037844863 -0.4999999999999173 0 -0.8660254037844863 -0.4999999999999173 0 -0.8660254037844863 -0.4999999999999173 0 -0.8660254037844863 -0.4999999999999173 0 -0.8660254037844863 -0.4999999999999173 0 -0.8660254037844863 -0.4999999999999173 0 -0.8660254037844863 -0.4999999999999173 0 0 -1 0 0 -1 0 0 -1 0 0 -1 0 0 -1 0 0 -1 0 0 -1 0 0 -1 0 0 -1 0 0 -1 0 0 -1 0 0 -1 0 0 -1 0 0 -1 0 0 -1 0 0 -1 0 0 -1 0 0 -1 -2.557054807855631e-16 2.557054807855631e-16 -1 -2.557054807855631e-16 2.557054807855631e-16 -1 -2.557054807855631e-16 2.557054807855631e-16 -1 2.56258805260334e-16 2.56258805260279e-16 -1 2.56258805260334e-16 2.56258805260279e-16 -1 2.56258805260334e-16 2.56258805260279e-16 -1 -1.821904450666927e-15 -1.821904450666447e-15 -1 -1.821904450666927e-15 -1.821904450666447e-15 -1 -1.821904450666927e-15 -1.821904450666447e-15 -1 -1.836027740982174e-15 0 -1 -1.836027740982174e-15 0 -1 -1.836027740982174e-15 0 -1 -1.836027740982175e-15 2.350115508457178e-13 -1 -1.836027740982175e-15 2.350115508457178e-13 -1 -1.836027740982175e-15 2.350115508457178e-13 -1 0 0 -1 0 0 -1 0 0 -1 0 1.1842378929335e-13 -1 0 1.1842378929335e-13 -1 0 1.1842378929335e-13 -1 0 1.1842378929335e-13 -1 0 1.1842378929335e-13 -1 0 1.1842378929335e-13 -1 0 0 -1 0 0 -1 0 0 -1 9.398713435980196e-16 -1.1842378929335e-13 -1 9.398713435980196e-16 -1.1842378929335e-13 -1 9.398713435980196e-16 -1.1842378929335e-13 -1 0 0 -1 0 0 -1 0 0 -1 0 0 -1 0 0 -1 0 0 -1 0 0 -1 0 0 -1 0 0 -1 0 0 -1 0 0 -1 0 0 -1 0 0 -1 0 0 -1 0 0 -1 -1.185524756281021e-13 0 -1 -1.185524756281021e-13 0 -1 -1.185524756281021e-13 0 -1 -2.368475785867051e-13 0 -1 -2.368475785867051e-13 0 -1 -2.368475785867051e-13 0 -1 -2.562588052602639e-16 2.562588052602791e-16 -1 -2.562588052602639e-16 2.562588052602791e-16 -1 -2.562588052602639e-16 2.562588052602791e-16 -1 0 0 1 0 0 1 0 0 1 0 0 1 0 0 1 0 0 1 0 0 1 0 0 1 0 0 1 0 0 1 0 0 1 0 0 1 -2.365913197814447e-13 2.562588052603397e-16 1 -2.365913197814447e-13 2.562588052603397e-16 1 -2.365913197814447e-13 2.562588052603397e-16 1 -2.562588052603189e-16 2.562588052602792e-16 1 -2.562588052603189e-16 2.562588052602792e-16 1 -2.562588052603189e-16 2.562588052602792e-16 1 2.557054807856303e-16 2.55705480785563e-16 1 2.557054807856303e-16 2.55705480785563e-16 1 2.557054807856303e-16 2.55705480785563e-16 1 0 0 1 0 0 1 0 0 1 0 -1.184237892933455e-13 1 0 -1.184237892933455e-13 1 0 -1.184237892933455e-13 1 0 -1.184237892933455e-13 1 0 -1.184237892933455e-13 1 0 -1.184237892933455e-13 1 0 1.184237892932894e-13 1 0 1.184237892932894e-13 1 0 1.184237892932894e-13 1 0 1.184237892932894e-13 1 0 1.184237892932894e-13 1 0 1.184237892932894e-13 1 1.185527559136856e-13 0 1 1.185527559136856e-13 0 1 1.185527559136856e-13 0 1 -1.182951029585679e-13 0 1 -1.182951029585679e-13 0 1 -1.182951029585679e-13 0 1 -9.324707818374037e-16 1.174913185115124e-13 1 -9.324707818374037e-16 1.174913185115124e-13 1 -9.324707818374037e-16 1.174913185115124e-13 1 9.398713435980196e-16 -1.1842378929335e-13 1 9.398713435980196e-16 -1.1842378929335e-13 1 9.398713435980196e-16 -1.1842378929335e-13 1 -9.324707818374035e-16 1.1842378929335e-13 1 -9.324707818374035e-16 1.1842378929335e-13 1 -9.324707818374035e-16 1.1842378929335e-13 1 0 0 1 0 0 1 0 0 1 0 0 1 0 0 1 0 0 1 -1.836027740982174e-15 0 1 -1.836027740982174e-15 0 1 -1.836027740982174e-15 0 1 -1.836027740982174e-15 2.350115508457177e-13 1 -1.836027740982174e-15 2.350115508457177e-13 1 -1.836027740982174e-15 2.350115508457177e-13 1 -1.821904450666927e-15 -1.821904450666448e-15 1 -1.821904450666927e-15 -1.821904450666448e-15 1 -1.821904450666927e-15 -1.821904450666448e-15 1 0 0 1 0 0 1 0 0 1 -1.185524756281022e-13 0 1 -1.185524756281022e-13 0 1 -1.185524756281022e-13 0 1 0 -0.8660254037844864 0.4999999999999172 0 -0.8660254037844864 0.4999999999999172 0 -0.8660254037844864 0.4999999999999172 0 -0.8660254037844864 0.4999999999999172 0 -0.8660254037844864 0.4999999999999172 0 -0.8660254037844864 0.4999999999999172 0 -0.8660254037844864 0.4999999999999172 0 -0.8660254037844864 0.4999999999999172 0 -0.8660254037844864 0.4999999999999172 0 -0.8660254037844864 0.4999999999999172 0 0.8660254037844022 0.5000000000000631 0 0.8660254037844022 0.5000000000000631 0 0.8660254037844022 0.5000000000000631 0 0.8660254037844022 0.5000000000000631 0 0.8660254037844022 0.5000000000000631 0 0.8660254037844022 0.5000000000000631 0 0.8660254037844022 0.5000000000000631 0 0.8660254037844022 0.5000000000000631 0 0.8660254037844022 0.5000000000000631 0 0.8660254037844022 0.5000000000000631 0 0.8660254037844022 0.5000000000000631 0 0.8660254037844022 0.5000000000000631 0 0.8660254037844022 0.5000000000000631 0.8660254037844277 -2.242569205230477e-16 -0.5000000000000189 0.8660254037844277 -2.242569205230477e-16 -0.5000000000000189 0.8660254037844277 -2.242569205230477e-16 -0.5000000000000189 0.8660254037844277 -2.242569205230477e-16 -0.5000000000000189 0.8660254037844277 -2.242569205230477e-16 -0.5000000000000189 0.8660254037844277 -2.242569205230477e-16 -0.5000000000000189 0.8660254037844277 -2.242569205230477e-16 -0.5000000000000189 0.8660254037844277 -2.242569205230477e-16 -0.5000000000000189 0.8660254037844277 -2.242569205230477e-16 -0.5000000000000189 0.8660254037844277 -2.242569205230477e-16 -0.5000000000000189 0.8660254037844277 -2.242569205230477e-16 -0.5000000000000189 0.8660254037844277 -2.242569205230477e-16 -0.5000000000000189 0.8660254037844277 -2.242569205230477e-16 -0.5000000000000189 0.8660254037844277 -2.242569205230477e-16 -0.5000000000000189 -0.8660254037844652 0 -0.4999999999999541 -0.8660254037844652 0 -0.4999999999999541 -0.8660254037844652 0 -0.4999999999999541 -0.8660254037844652 0 -0.4999999999999541 -0.8660254037844652 0 -0.4999999999999541 -0.8660254037844652 0 -0.4999999999999541 -0.8660254037844652 0 -0.4999999999999541 -0.8660254037844652 0 -0.4999999999999541 -0.8660254037844652 0 -0.4999999999999541 -0.8660254037844652 0 -0.4999999999999541 -0.8660254037844652 0 -0.4999999999999541 -0.8660254037844652 0 -0.4999999999999541 -0.8660254037844652 0 -0.4999999999999541 -0.8660254037844652 0 0.499999999999954 -0.8660254037844652 0 0.499999999999954 -0.8660254037844652 0 0.499999999999954 -0.8660254037844652 0 0.499999999999954 -0.8660254037844652 0 0.499999999999954 -0.8660254037844652 0 0.499999999999954 -0.8660254037844652 0 0.499999999999954 -0.8660254037844652 0 0.499999999999954 -0.8660254037844652 0 0.499999999999954 -0.8660254037844652 0 0.499999999999954 -0.8660254037844652 0 0.499999999999954 -0.8660254037844652 0 0.499999999999954 -0.8660254037844652 0 0.499999999999954 0.8660254037844287 0 0.5000000000000173 0.8660254037844287 0 0.5000000000000173 0.8660254037844287 0 0.5000000000000173 0.8660254037844287 0 0.5000000000000173 0.8660254037844287 0 0.5000000000000173 0.8660254037844287 0 0.5000000000000173 0.8660254037844287 0 0.5000000000000173 0.8660254037844287 0 0.5000000000000173 0.8660254037844287 0 0.5000000000000173 0.8660254037844287 0 0.5000000000000173 0.8660254037844287 0 0.5000000000000173 0.8660254037844287 0 0.5000000000000173 0.8660254037844287 0 0.5000000000000173 0.8660254037844287 0 0.5000000000000173 -1 -1.48376750492559e-15 0 -1 -1.48376750492559e-15 0 -1 -1.48376750492559e-15 0 -1 -1.48376750492559e-15 0 -1 -1.48376750492559e-15 0 -1 -1.48376750492559e-15 0 -1 -1.48376750492559e-15 0 -1 -1.48376750492559e-15 0 -1 -1.48376750492559e-15 0 -1 -1.48376750492559e-15 0 -1 -1.48376750492559e-15 0 -1 -1.48376750492559e-15 0 -1 -1.48376750492559e-15 0 -1 -1.48376750492559e-15 0 -1 -1.48376750492559e-15 0 -1 -1.48376750492559e-15 0 -1 -1.48376750492559e-15 0 -1 -1.48376750492559e-15 0 -1 -1.48376750492559e-15 0 -1 -1.48376750492559e-15 0 -1 -1.48376750492559e-15 0 -1 -1.48376750492559e-15 0 -1 -1.48376750492559e-15 0 -1 -1.48376750492559e-15 0 -6.768217124252369e-16 -0.8660254037844659 -0.4999999999999528 -6.768217124252369e-16 -0.8660254037844659 -0.4999999999999528 -6.768217124252369e-16 -0.8660254037844659 -0.4999999999999528 -6.768217124252369e-16 -0.8660254037844659 -0.4999999999999528 -6.768217124252369e-16 -0.8660254037844659 -0.4999999999999528 -6.768217124252369e-16 -0.8660254037844659 -0.4999999999999528 -6.768217124252369e-16 -0.8660254037844659 -0.4999999999999528 -6.768217124252369e-16 -0.8660254037844659 -0.4999999999999528 -6.768217124252369e-16 -0.8660254037844659 -0.4999999999999528 -6.768217124252369e-16 -0.8660254037844659 -0.4999999999999528 -6.768217124252369e-16 -0.8660254037844659 -0.4999999999999528 -6.768217124252369e-16 -0.8660254037844659 -0.4999999999999528 -6.768217124252369e-16 -0.8660254037844659 -0.4999999999999528 2.498001805406808e-15 0.8660254037844681 -0.4999999999999489 2.498001805406808e-15 0.8660254037844681 -0.4999999999999489 2.498001805406808e-15 0.8660254037844681 -0.4999999999999489 2.498001805406808e-15 0.8660254037844681 -0.4999999999999489 2.498001805406808e-15 0.8660254037844681 -0.4999999999999489 2.498001805406808e-15 0.8660254037844681 -0.4999999999999489 2.498001805406808e-15 0.8660254037844681 -0.4999999999999489 2.498001805406808e-15 0.8660254037844681 -0.4999999999999489 2.498001805406808e-15 0.8660254037844681 -0.4999999999999489 2.498001805406808e-15 0.8660254037844681 -0.4999999999999489 2.498001805406808e-15 0.8660254037844681 -0.4999999999999489 2.498001805406808e-15 0.8660254037844681 -0.4999999999999489 2.498001805406808e-15 0.8660254037844681 -0.4999999999999489 0 0.8660254037844677 0.4999999999999497 0 0.8660254037844677 0.4999999999999497 0 0.8660254037844677 0.4999999999999497 0 0.8660254037844677 0.4999999999999497 0 0.8660254037844677 0.4999999999999497 0 0.8660254037844677 0.4999999999999497 0 0.8660254037844677 0.4999999999999497 0 0.8660254037844677 0.4999999999999497 0 0.8660254037844677 0.4999999999999497 0 0.8660254037844677 0.4999999999999497 0 0.8660254037844677 0.4999999999999497 0 0.8660254037844677 0.4999999999999497 0 0.8660254037844677 0.4999999999999497 -5.738271040127005e-16 -0.8660254037844661 0.4999999999999525 -5.738271040127005e-16 -0.8660254037844661 0.4999999999999525 -5.738271040127005e-16 -0.8660254037844661 0.4999999999999525 -5.738271040127005e-16 -0.8660254037844661 0.4999999999999525 -5.738271040127005e-16 -0.8660254037844661 0.4999999999999525 -5.738271040127005e-16 -0.8660254037844661 0.4999999999999525 -5.738271040127005e-16 -0.8660254037844661 0.4999999999999525 -5.738271040127005e-16 -0.8660254037844661 0.4999999999999525 -5.738271040127005e-16 -0.8660254037844661 0.4999999999999525 -5.738271040127005e-16 -0.8660254037844661 0.4999999999999525 -5.738271040127005e-16 -0.8660254037844661 0.4999999999999525 -1 0 0 -1 0 0 -1 0 0 -1 0 0 -1 0 0 -1 0 0 -1 0 0 -1 0 0 -1 0 0 -1 0 0 -1 0 0 -1 0 0 -1 0 0 -1 0 0 -1 0 0 -1 0 0 -1 0 0 -1 0 0 -1 0 0 -1 0 0 -1 0 0 -1 0 0 -1 0 0 -1 0 0 4.381549868173443e-16 0.866025403784424 -0.5000000000000253 4.381549868173443e-16 0.866025403784424 -0.5000000000000253 4.381549868173443e-16 0.866025403784424 -0.5000000000000253 4.381549868173443e-16 0.866025403784424 -0.5000000000000253 4.381549868173443e-16 0.866025403784424 -0.5000000000000253 4.381549868173443e-16 0.866025403784424 -0.5000000000000253 4.381549868173443e-16 0.866025403784424 -0.5000000000000253 4.381549868173443e-16 0.866025403784424 -0.5000000000000253 4.381549868173443e-16 0.866025403784424 -0.5000000000000253 4.381549868173443e-16 0.866025403784424 -0.5000000000000253 4.381549868173443e-16 0.866025403784424 -0.5000000000000253 0 -0.8660254037844864 -0.4999999999999172 0 -0.8660254037844864 -0.4999999999999172 0 -0.8660254037844864 -0.4999999999999172 0 -0.8660254037844864 -0.4999999999999172 0 -0.8660254037844864 -0.4999999999999172 0 -0.8660254037844864 -0.4999999999999172 0 -0.8660254037844864 -0.4999999999999172 0 -0.8660254037844864 -0.4999999999999172 0 -0.8660254037844864 -0.4999999999999172 0 -0.8660254037844864 -0.4999999999999172 0 0 -1 0 0 -1 0 0 -1 0 0 -1 0 0 -1 0 0 -1 0 0 -1 0 0 -1 0 0 -1 0 0 -1 0 0 -1 0 0 -1 0 0 -1 0 0 -1 0 0 -1 0 0 -1 0 0 -1 0 0 -1 0 0 -1 0 0 -1 0 0 -1 0 0 -1 0 0 -1 0 0 -1 -9.109522253334635e-16 -9.109522253332237e-16 -1 -9.109522253334635e-16 -9.109522253332237e-16 -1 -9.109522253334635e-16 -9.109522253332237e-16 -1 -9.180138704910872e-16 0 -1 -9.180138704910872e-16 0 -1 -9.180138704910872e-16 0 -1 -9.180138704910874e-16 1.175057754228589e-13 -1 -9.180138704910874e-16 1.175057754228589e-13 -1 -9.180138704910874e-16 1.175057754228589e-13 -1 0 0 -1 0 0 -1 0 0 -1 0 0 -1 0 0 -1 0 0 -1 -9.907502057022414e-16 1.258252761241844e-13 -1 -9.907502057022414e-16 1.258252761241844e-13 -1 -9.907502057022414e-16 1.258252761241844e-13 -1 -9.907502057022414e-16 1.24834525918482e-13 -1 -9.907502057022414e-16 1.24834525918482e-13 -1 -9.907502057022414e-16 1.24834525918482e-13 -1 9.986133025728959e-16 -1.258252761241844e-13 -1 9.986133025728959e-16 -1.258252761241844e-13 -1 9.986133025728959e-16 -1.258252761241844e-13 -1 -1.259623031582908e-13 0 -1 -1.259623031582908e-13 0 -1 -1.259623031582908e-13 0 -1 0 0 -1 0 0 -1 0 0 -1 0 0 -1 0 0 -1 0 0 -1 0 0 -1 0 0 -1 0 0 -1 0 0 -1 0 0 -1 0 0 -1 0 0 -1 0 0 -1 0 0 -1 -1.184237892933525e-13 0 -1 -1.184237892933525e-13 0 -1 -1.184237892933525e-13 0 -1 0 0 -1 0 0 -1 0 0 -1 3.816018989044597e-16 1.184237892933455e-13 1 3.816018989044597e-16 1.184237892933455e-13 1 3.816018989044597e-16 1.184237892933455e-13 1 0 0 1 0 0 1 0 0 1 3.816018989044598e-16 -3.816018989044824e-16 1 3.816018989044598e-16 -3.816018989044824e-16 1 3.816018989044598e-16 -3.816018989044824e-16 1 0 0 1 0 0 1 0 0 1 -1.182956598907224e-13 0 1 -1.182956598907224e-13 0 1 -1.182956598907224e-13 0 1 0 0 1 0 0 1 0 0 1 0 0 1 0 0 1 0 0 1 0 -1.184237892933595e-13 1 0 -1.184237892933595e-13 1 0 -1.184237892933595e-13 1 0 -1.184237892933455e-13 1 0 -1.184237892933455e-13 1 0 -1.184237892933455e-13 1 0 -1.184237892933455e-13 1 0 -1.184237892933455e-13 1 0 -1.184237892933455e-13 1 0 1.184237892932894e-13 1 0 1.184237892932894e-13 1 0 1.184237892932894e-13 1 0 1.184237892932894e-13 1 0 1.184237892932894e-13 1 0 1.184237892932894e-13 1 1.185527559136856e-13 0 1 1.185527559136856e-13 0 1 1.185527559136856e-13 0 1 -1.182951029585679e-13 0 1 -1.182951029585679e-13 0 1 -1.182951029585679e-13 0 1 -9.324707818374037e-16 1.174913185115124e-13 1 -9.324707818374037e-16 1.174913185115124e-13 1 -9.324707818374037e-16 1.174913185115124e-13 1 9.398713435980196e-16 -1.1842378929335e-13 1 9.398713435980196e-16 -1.1842378929335e-13 1 9.398713435980196e-16 -1.1842378929335e-13 1 -9.324707818374035e-16 1.1842378929335e-13 1 -9.324707818374035e-16 1.1842378929335e-13 1 -9.324707818374035e-16 1.1842378929335e-13 1 0 0 1 0 0 1 0 0 1 0 0 1 0 0 1 0 0 1 -9.180138704910872e-16 0 1 -9.180138704910872e-16 0 1 -9.180138704910872e-16 0 1 -9.180138704910872e-16 1.175057754228588e-13 1 -9.180138704910872e-16 1.175057754228588e-13 1 -9.180138704910872e-16 1.175057754228588e-13 1 -9.109522253334636e-16 -9.109522253332238e-16 1 -9.109522253334636e-16 -9.109522253332238e-16 1 -9.109522253334636e-16 -9.109522253332238e-16 1 0 0 1 0 0 1 0 0 1 -1.185524756281022e-13 0 1 -1.185524756281022e-13 0 1 -1.185524756281022e-13 0 1 -2.831431135979738e-16 -0.8660254037844937 0.4999999999999045 -2.831431135979738e-16 -0.8660254037844937 0.4999999999999045 -2.831431135979738e-16 -0.8660254037844937 0.4999999999999045 -2.831431135979738e-16 -0.8660254037844937 0.4999999999999045 -2.831431135979738e-16 -0.8660254037844937 0.4999999999999045 -2.831431135979738e-16 -0.8660254037844937 0.4999999999999045 -2.831431135979738e-16 -0.8660254037844937 0.4999999999999045 -2.831431135979738e-16 -0.8660254037844937 0.4999999999999045 -2.831431135979738e-16 -0.8660254037844937 0.4999999999999045 -2.831431135979738e-16 -0.8660254037844937 0.4999999999999045 0 0.8660254037844096 0.5000000000000504 0 0.8660254037844096 0.5000000000000504 0 0.8660254037844096 0.5000000000000504 0 0.8660254037844096 0.5000000000000504 0 0.8660254037844096 0.5000000000000504 0 0.8660254037844096 0.5000000000000504 0 0.8660254037844096 0.5000000000000504 0 0.8660254037844096 0.5000000000000504 0 0.8660254037844096 0.5000000000000504 0 0.8660254037844096 0.5000000000000504 0 0.8660254037844096 0.5000000000000504 0 0.8660254037844096 0.5000000000000504 0 0.8660254037844096 0.5000000000000504 0.866025403784425 0 -0.5000000000000236 0.866025403784425 0 -0.5000000000000236 0.866025403784425 0 -0.5000000000000236 0.866025403784425 0 -0.5000000000000236 0.866025403784425 0 -0.5000000000000236 0.866025403784425 0 -0.5000000000000236 0.866025403784425 0 -0.5000000000000236 0.866025403784425 0 -0.5000000000000236 0.866025403784425 0 -0.5000000000000236 0.866025403784425 0 -0.5000000000000236 0.866025403784425 0 -0.5000000000000236 0.866025403784425 0 -0.5000000000000236 0.866025403784425 0 -0.5000000000000236 0.866025403784425 0 -0.5000000000000236 -0.8660254037844647 0 -0.4999999999999548 -0.8660254037844647 0 -0.4999999999999548 -0.8660254037844647 0 -0.4999999999999548 -0.8660254037844647 0 -0.4999999999999548 -0.8660254037844647 0 -0.4999999999999548 -0.8660254037844647 0 -0.4999999999999548 -0.8660254037844647 0 -0.4999999999999548 -0.8660254037844647 0 -0.4999999999999548 -0.8660254037844647 0 -0.4999999999999548 -0.8660254037844647 0 -0.4999999999999548 -0.8660254037844647 0 -0.4999999999999548 -0.8660254037844647 0 -0.4999999999999548 -0.8660254037844647 0 -0.4999999999999548 -0.8660254037844722 0 0.4999999999999418 -0.8660254037844722 0 0.4999999999999418 -0.8660254037844722 0 0.4999999999999418 -0.8660254037844722 0 0.4999999999999418 -0.8660254037844722 0 0.4999999999999418 -0.8660254037844722 0 0.4999999999999418 -0.8660254037844722 0 0.4999999999999418 -0.8660254037844722 0 0.4999999999999418 -0.8660254037844722 0 0.4999999999999418 -0.8660254037844722 0 0.4999999999999418 -0.8660254037844722 0 0.4999999999999418 -0.8660254037844722 0 0.4999999999999418 -0.8660254037844722 0 0.4999999999999418 0.8660254037844322 0 0.5000000000000112 0.8660254037844322 0 0.5000000000000112 0.8660254037844322 0 0.5000000000000112 0.8660254037844322 0 0.5000000000000112 0.8660254037844322 0 0.5000000000000112 0.8660254037844322 0 0.5000000000000112 0.8660254037844322 0 0.5000000000000112 0.8660254037844322 0 0.5000000000000112 0.8660254037844322 0 0.5000000000000112 0.8660254037844322 0 0.5000000000000112 0.8660254037844322 0 0.5000000000000112 0.8660254037844322 0 0.5000000000000112 0.8660254037844322 0 0.5000000000000112 0.8660254037844322 0 0.5000000000000112 -1 0 0 -1 0 0 -1 0 0 -1 0 0 -1 0 0 -1 0 0 -1 0 0 -1 0 0 -1 0 0 -1 0 0 -1 0 0 -1 0 0 -1 0 0 -1 0 0 -1 0 0 -1 0 0 -1 0 0 -1 0 0 -1 0 0 -1 0 0 -1 0 0 -1 0 0 -1 0 0 -1 0 0 -6.915352279127507e-16 -0.8660254037844623 -0.499999999999959 -6.915352279127507e-16 -0.8660254037844623 -0.499999999999959 -6.915352279127507e-16 -0.8660254037844623 -0.499999999999959 -6.915352279127507e-16 -0.8660254037844623 -0.499999999999959 -6.915352279127507e-16 -0.8660254037844623 -0.499999999999959 -6.915352279127507e-16 -0.8660254037844623 -0.499999999999959 -6.915352279127507e-16 -0.8660254037844623 -0.499999999999959 -6.915352279127507e-16 -0.8660254037844623 -0.499999999999959 -6.915352279127507e-16 -0.8660254037844623 -0.499999999999959 -6.915352279127507e-16 -0.8660254037844623 -0.499999999999959 -6.915352279127507e-16 -0.8660254037844623 -0.499999999999959 -6.915352279127507e-16 -0.8660254037844623 -0.499999999999959 -6.915352279127507e-16 -0.8660254037844623 -0.499999999999959 2.605940155023153e-15 0.866025403784468 -0.4999999999999491 2.605940155023153e-15 0.866025403784468 -0.4999999999999491 2.605940155023153e-15 0.866025403784468 -0.4999999999999491 2.605940155023153e-15 0.866025403784468 -0.4999999999999491 2.605940155023153e-15 0.866025403784468 -0.4999999999999491 2.605940155023153e-15 0.866025403784468 -0.4999999999999491 2.605940155023153e-15 0.866025403784468 -0.4999999999999491 2.605940155023153e-15 0.866025403784468 -0.4999999999999491 2.605940155023153e-15 0.866025403784468 -0.4999999999999491 2.605940155023153e-15 0.866025403784468 -0.4999999999999491 2.605940155023153e-15 0.866025403784468 -0.4999999999999491 2.605940155023153e-15 0.866025403784468 -0.4999999999999491 2.605940155023153e-15 0.866025403784468 -0.4999999999999491 0 0.866025403784475 0.499999999999937 0 0.866025403784475 0.499999999999937 0 0.866025403784475 0.499999999999937 0 0.866025403784475 0.499999999999937 0 0.866025403784475 0.499999999999937 0 0.866025403784475 0.499999999999937 0 0.866025403784475 0.499999999999937 0 0.866025403784475 0.499999999999937 0 0.866025403784475 0.499999999999937 0 0.866025403784475 0.499999999999937 0 0.866025403784475 0.499999999999937 0 0.866025403784475 0.499999999999937 0 0.866025403784475 0.499999999999937 -3.384108562126139e-16 -0.8660254037844697 0.4999999999999461 -3.384108562126139e-16 -0.8660254037844697 0.4999999999999461 -3.384108562126139e-16 -0.8660254037844697 0.4999999999999461 -3.384108562126139e-16 -0.8660254037844697 0.4999999999999461 -3.384108562126139e-16 -0.8660254037844697 0.4999999999999461 -3.384108562126139e-16 -0.8660254037844697 0.4999999999999461 -3.384108562126139e-16 -0.8660254037844697 0.4999999999999461 -3.384108562126139e-16 -0.8660254037844697 0.4999999999999461 -3.384108562126139e-16 -0.8660254037844697 0.4999999999999461 -3.384108562126139e-16 -0.8660254037844697 0.4999999999999461 -3.384108562126139e-16 -0.8660254037844697 0.4999999999999461 -1 0 0 -1 0 0 -1 0 0 -1 0 0 -1 0 0 -1 0 0 -1 0 0 -1 0 0 -1 0 0 -1 0 0 -1 0 0 -1 0 0 -1 0 0 -1 0 0 -1 0 0 -1 0 0 -1 0 0 -1 0 0 -1 0 0 -1 0 0 -1 0 0 -1 0 0 -1 0 0 -1 0 0 3.394158348584975e-16 0.8660254037844313 -0.5000000000000126 3.394158348584975e-16 0.8660254037844313 -0.5000000000000126 3.394158348584975e-16 0.8660254037844313 -0.5000000000000126 3.394158348584975e-16 0.8660254037844313 -0.5000000000000126 3.394158348584975e-16 0.8660254037844313 -0.5000000000000126 3.394158348584975e-16 0.8660254037844313 -0.5000000000000126 3.394158348584975e-16 0.8660254037844313 -0.5000000000000126 3.394158348584975e-16 0.8660254037844313 -0.5000000000000126 3.394158348584975e-16 0.8660254037844313 -0.5000000000000126 3.394158348584975e-16 0.8660254037844313 -0.5000000000000126 3.394158348584975e-16 0.8660254037844313 -0.5000000000000126 0 -0.8660254037844937 -0.4999999999999045 0 -0.8660254037844937 -0.4999999999999045 0 -0.8660254037844937 -0.4999999999999045 0 -0.8660254037844937 -0.4999999999999045 0 -0.8660254037844937 -0.4999999999999045 0 -0.8660254037844937 -0.4999999999999045 0 -0.8660254037844937 -0.4999999999999045 0 -0.8660254037844937 -0.4999999999999045 0 -0.8660254037844937 -0.4999999999999045 0 -0.8660254037844937 -0.4999999999999045 -7.801567200068712e-16 -2.405483220021082e-13 -1 -7.801567200068712e-16 -2.405483220021082e-13 -1 -7.801567200068712e-16 -2.405483220021082e-13 -1 0 0 -1 0 0 -1 0 0 -1 0 0 -1 0 0 -1 0 0 -1 0 0 -1 0 0 -1 0 0 -1 0 0 -1 0 0 -1 0 0 -1 0 0 -1 0 0 -1 0 0 -1 0 0 -1 0 0 -1 0 0 -1 0 0 -1 0 0 -1 0 0 -1 -9.394194823751343e-16 -9.394194823748868e-16 -1 -9.394194823751343e-16 -9.394194823748868e-16 -1 -9.394194823751343e-16 -9.394194823748868e-16 -1 -9.467018039439336e-16 0 -1 -9.467018039439336e-16 0 -1 -9.467018039439336e-16 0 -1 -9.467018039439338e-16 1.211778309048232e-13 -1 -9.467018039439338e-16 1.211778309048232e-13 -1 -9.467018039439338e-16 1.211778309048232e-13 -1 0 0 -1 0 0 -1 0 0 -1 0 2.405483220021173e-13 -1 0 2.405483220021173e-13 -1 0 2.405483220021173e-13 -1 1.894081275607226e-15 0 -1 1.894081275607226e-15 0 -1 1.894081275607226e-15 0 -1 1.894081275607226e-15 1.89408127560762e-15 -1 1.894081275607226e-15 1.89408127560762e-15 -1 1.894081275607226e-15 1.89408127560762e-15 -1 1.909113666683477e-15 0 -1 1.909113666683477e-15 0 -1 1.909113666683477e-15 0 -1 -2.619634476083012e-16 -2.619634476083576e-16 -1 -2.619634476083012e-16 -2.619634476083576e-16 -1 -2.619634476083012e-16 -2.619634476083576e-16 -1 0 2.405483220019942e-13 -1 0 2.405483220019942e-13 -1 0 2.405483220019942e-13 -1 -7.801567200068713e-16 7.801567200066402e-16 -1 -7.801567200068713e-16 7.801567200066402e-16 -1 -7.801567200068713e-16 7.801567200066402e-16 -1 2.613941174744542e-16 -2.613941174743688e-16 -1 2.613941174744542e-16 -2.613941174743688e-16 -1 2.613941174744542e-16 -2.613941174743688e-16 -1 0 0 -1 0 0 -1 0 0 -1 -2.408097161195824e-13 -2.613941174743068e-16 -1 -2.408097161195824e-13 -2.613941174743068e-16 -1 -2.408097161195824e-13 -2.613941174743068e-16 -1 -1.221245327087698e-13 0 -1 -1.221245327087698e-13 0 -1 -1.221245327087698e-13 0 -1 0 0 -1 0 0 -1 0 0 -1 0 0 1 0 0 1 0 0 1 0 0 1 0 0 1 0 0 1 0 0 1 0 0 1 0 0 1 0 0 1 0 0 1 0 0 1 0 0 1 0 0 1 0 0 1 0 0 1 0 0 1 0 0 1 -1.256894325875197e-13 0 1 -1.256894325875197e-13 0 1 -1.256894325875197e-13 0 1 0 0 1 0 0 1 0 0 1 0 0 1 0 0 1 0 0 1 0 0 1 0 0 1 0 0 1 0 0 1 0 0 1 0 0 1 0 0 1 0 0 1 0 0 1 0 0 1 0 0 1 0 0 1 -1.184237892933245e-13 0 1 -1.184237892933245e-13 0 1 -1.184237892933245e-13 0 1 0 1.1842378929335e-13 1 0 1.1842378929335e-13 1 0 1.1842378929335e-13 1 9.398713435980196e-16 0 1 9.398713435980196e-16 0 1 9.398713435980196e-16 0 1 0 0 1 0 0 1 0 0 1 0 0 1 0 0 1 0 0 1 0 0 1 0 0 1 0 0 1 0 0 1 0 0 1 0 0 1 0 0 1 0 0 1 0 0 1 -9.678867394168047e-16 1.248573893847374e-13 1 -9.678867394168047e-16 1.248573893847374e-13 1 -9.678867394168047e-16 1.248573893847374e-13 1 0 0 1 0 0 1 0 0 1 0 0 1 0 0 1 0 0 1 -2.674129406203159e-16 -0.866025403784486 0.4999999999999181 -2.674129406203159e-16 -0.866025403784486 0.4999999999999181 -2.674129406203159e-16 -0.866025403784486 0.4999999999999181 -2.674129406203159e-16 -0.866025403784486 0.4999999999999181 -2.674129406203159e-16 -0.866025403784486 0.4999999999999181 -2.674129406203159e-16 -0.866025403784486 0.4999999999999181 -2.674129406203159e-16 -0.866025403784486 0.4999999999999181 -2.674129406203159e-16 -0.866025403784486 0.4999999999999181 -2.674129406203159e-16 -0.866025403784486 0.4999999999999181 -2.674129406203159e-16 -0.866025403784486 0.4999999999999181 0 0.8660254037844017 0.500000000000064 0 0.8660254037844017 0.500000000000064 0 0.8660254037844017 0.500000000000064 0 0.8660254037844017 0.500000000000064 0 0.8660254037844017 0.500000000000064 0 0.8660254037844017 0.500000000000064 0 0.8660254037844017 0.500000000000064 0 0.8660254037844017 0.500000000000064 0 0.8660254037844017 0.500000000000064 0 0.8660254037844017 0.500000000000064 0 0.8660254037844017 0.500000000000064 0 0.8660254037844017 0.500000000000064 0 0.8660254037844017 0.500000000000064 0.8660254037844322 0 -0.5000000000000112 0.8660254037844322 0 -0.5000000000000112 0.8660254037844322 0 -0.5000000000000112 0.8660254037844322 0 -0.5000000000000112 0.8660254037844322 0 -0.5000000000000112 0.8660254037844322 0 -0.5000000000000112 0.8660254037844322 0 -0.5000000000000112 0.8660254037844322 0 -0.5000000000000112 0.8660254037844322 0 -0.5000000000000112 0.8660254037844322 0 -0.5000000000000112 0.8660254037844322 0 -0.5000000000000112 0.8660254037844322 0 -0.5000000000000112 0.8660254037844322 0 -0.5000000000000112 0.8660254037844322 0 -0.5000000000000112 -0.8660254037844692 0 -0.499999999999947 -0.8660254037844692 0 -0.499999999999947 -0.8660254037844692 0 -0.499999999999947 -0.8660254037844692 0 -0.499999999999947 -0.8660254037844692 0 -0.499999999999947 -0.8660254037844692 0 -0.499999999999947 -0.8660254037844692 0 -0.499999999999947 -0.8660254037844692 0 -0.499999999999947 -0.8660254037844692 0 -0.499999999999947 -0.8660254037844692 0 -0.499999999999947 -0.8660254037844692 0 -0.499999999999947 -0.8660254037844692 0 -0.499999999999947 -0.8660254037844692 0 -0.499999999999947 -0.8660254037844646 0 0.4999999999999549 -0.8660254037844646 0 0.4999999999999549 -0.8660254037844646 0 0.4999999999999549 -0.8660254037844646 0 0.4999999999999549 -0.8660254037844646 0 0.4999999999999549 -0.8660254037844646 0 0.4999999999999549 -0.8660254037844646 0 0.4999999999999549 -0.8660254037844646 0 0.4999999999999549 -0.8660254037844646 0 0.4999999999999549 -0.8660254037844646 0 0.4999999999999549 -0.8660254037844646 0 0.4999999999999549 -0.8660254037844646 0 0.4999999999999549 -0.8660254037844646 0 0.4999999999999549 0.8660254037844241 -2.325627323942744e-16 0.500000000000025 0.8660254037844241 -2.325627323942744e-16 0.500000000000025 0.8660254037844241 -2.325627323942744e-16 0.500000000000025 0.8660254037844241 -2.325627323942744e-16 0.500000000000025 0.8660254037844241 -2.325627323942744e-16 0.500000000000025 0.8660254037844241 -2.325627323942744e-16 0.500000000000025 0.8660254037844241 -2.325627323942744e-16 0.500000000000025 0.8660254037844241 -2.325627323942744e-16 0.500000000000025 0.8660254037844241 -2.325627323942744e-16 0.500000000000025 0.8660254037844241 -2.325627323942744e-16 0.500000000000025 0.8660254037844241 -2.325627323942744e-16 0.500000000000025 0.8660254037844241 -2.325627323942744e-16 0.500000000000025 0.8660254037844241 -2.325627323942744e-16 0.500000000000025 0.8660254037844241 -2.325627323942744e-16 0.500000000000025 -1 2.967535009851137e-15 0 -1 2.967535009851137e-15 0 -1 2.967535009851137e-15 0 -1 2.967535009851137e-15 0 -1 2.967535009851137e-15 0 -1 2.967535009851137e-15 0 -1 2.967535009851137e-15 0 -1 2.967535009851137e-15 0 -1 2.967535009851137e-15 0 -1 2.967535009851137e-15 0 -1 2.967535009851137e-15 0 -1 2.967535009851137e-15 0 -1 2.967535009851137e-15 0 -1 2.967535009851137e-15 0 -1 2.967535009851137e-15 0 -1 2.967535009851137e-15 0 -1 2.967535009851137e-15 0 -1 2.967535009851137e-15 0 -1 2.967535009851137e-15 0 -1 2.967535009851137e-15 0 -1 2.967535009851137e-15 0 -1 2.967535009851137e-15 0 -1 2.967535009851137e-15 0 -1 2.967535009851137e-15 0 -6.694649546814753e-16 -0.8660254037844697 -0.499999999999946 -6.694649546814753e-16 -0.8660254037844697 -0.499999999999946 -6.694649546814753e-16 -0.8660254037844697 -0.499999999999946 -6.694649546814753e-16 -0.8660254037844697 -0.499999999999946 -6.694649546814753e-16 -0.8660254037844697 -0.499999999999946 -6.694649546814753e-16 -0.8660254037844697 -0.499999999999946 -6.694649546814753e-16 -0.8660254037844697 -0.499999999999946 -6.694649546814753e-16 -0.8660254037844697 -0.499999999999946 -6.694649546814753e-16 -0.8660254037844697 -0.499999999999946 -6.694649546814753e-16 -0.8660254037844697 -0.499999999999946 -6.694649546814753e-16 -0.8660254037844697 -0.499999999999946 -6.694649546814753e-16 -0.8660254037844697 -0.499999999999946 -6.694649546814753e-16 -0.8660254037844697 -0.499999999999946 2.648344506658111e-15 0.8660254037844717 -0.4999999999999427 2.648344506658111e-15 0.8660254037844717 -0.4999999999999427 2.648344506658111e-15 0.8660254037844717 -0.4999999999999427 2.648344506658111e-15 0.8660254037844717 -0.4999999999999427 2.648344506658111e-15 0.8660254037844717 -0.4999999999999427 2.648344506658111e-15 0.8660254037844717 -0.4999999999999427 2.648344506658111e-15 0.8660254037844717 -0.4999999999999427 2.648344506658111e-15 0.8660254037844717 -0.4999999999999427 2.648344506658111e-15 0.8660254037844717 -0.4999999999999427 2.648344506658111e-15 0.8660254037844717 -0.4999999999999427 2.648344506658111e-15 0.8660254037844717 -0.4999999999999427 2.648344506658111e-15 0.8660254037844717 -0.4999999999999427 2.648344506658111e-15 0.8660254037844717 -0.4999999999999427 3.083952846181246e-16 0.8660254037844673 0.4999999999999504 3.083952846181246e-16 0.8660254037844673 0.4999999999999504 3.083952846181246e-16 0.8660254037844673 0.4999999999999504 3.083952846181246e-16 0.8660254037844673 0.4999999999999504 3.083952846181246e-16 0.8660254037844673 0.4999999999999504 3.083952846181246e-16 0.8660254037844673 0.4999999999999504 3.083952846181246e-16 0.8660254037844673 0.4999999999999504 3.083952846181246e-16 0.8660254037844673 0.4999999999999504 3.083952846181246e-16 0.8660254037844673 0.4999999999999504 3.083952846181246e-16 0.8660254037844673 0.4999999999999504 3.083952846181246e-16 0.8660254037844673 0.4999999999999504 3.083952846181246e-16 0.8660254037844673 0.4999999999999504 3.083952846181246e-16 0.8660254037844673 0.4999999999999504 -4.929027688314287e-16 -0.8660254037844622 0.4999999999999592 -4.929027688314287e-16 -0.8660254037844622 0.4999999999999592 -4.929027688314287e-16 -0.8660254037844622 0.4999999999999592 -4.929027688314287e-16 -0.8660254037844622 0.4999999999999592 -4.929027688314287e-16 -0.8660254037844622 0.4999999999999592 -4.929027688314287e-16 -0.8660254037844622 0.4999999999999592 -4.929027688314287e-16 -0.8660254037844622 0.4999999999999592 -4.929027688314287e-16 -0.8660254037844622 0.4999999999999592 -4.929027688314287e-16 -0.8660254037844622 0.4999999999999592 -4.929027688314287e-16 -0.8660254037844622 0.4999999999999592 -4.929027688314287e-16 -0.8660254037844622 0.4999999999999592 -1 0 -4.375491268822257e-15 -1 0 -4.375491268822257e-15 -1 0 -4.375491268822257e-15 -1 0 -4.375491268822257e-15 -1 0 -4.375491268822257e-15 -1 0 -4.375491268822257e-15 -1 0 -4.375491268822257e-15 -1 0 -4.375491268822257e-15 -1 0 -4.375491268822257e-15 -1 0 -4.375491268822257e-15 -1 0 -4.375491268822257e-15 -1 0 -4.375491268822257e-15 -1 0 -4.375491268822257e-15 -1 0 -4.375491268822257e-15 -1 0 -4.375491268822257e-15 -1 0 -4.375491268822257e-15 -1 0 -4.375491268822257e-15 -1 0 -4.375491268822257e-15 -1 0 -4.375491268822257e-15 -1 0 -4.375491268822257e-15 -1 0 -4.375491268822257e-15 -1 0 -4.375491268822257e-15 -1 0 -4.375491268822257e-15 -1 0 -4.375491268822257e-15 -1 0 -4.375491268822257e-15 3.976986134881405e-16 -0.866025403784433 0.5000000000000096 3.976986134881405e-16 -0.866025403784433 0.5000000000000096 3.976986134881405e-16 -0.866025403784433 0.5000000000000096 3.976986134881405e-16 -0.866025403784433 0.5000000000000096 3.976986134881405e-16 -0.866025403784433 0.5000000000000096 3.976986134881405e-16 -0.866025403784433 0.5000000000000096 3.976986134881405e-16 -0.866025403784433 0.5000000000000096 3.976986134881405e-16 -0.866025403784433 0.5000000000000096 3.976986134881405e-16 -0.866025403784433 0.5000000000000096 3.976986134881405e-16 -0.866025403784433 0.5000000000000096 3.976986134881405e-16 -0.866025403784433 0.5000000000000096 3.976986134881405e-16 -0.866025403784433 0.5000000000000096 3.976986134881405e-16 -0.866025403784433 0.5000000000000096 3.976986134881405e-16 -0.866025403784433 0.5000000000000096 0 -1.776356839400288e-13 1 0 -1.776356839400288e-13 1 0 -1.776356839400288e-13 1 0 1.776356839400131e-13 1 0 1.776356839400131e-13 1 0 1.776356839400131e-13 1 -7.689856447620175e-16 0 1 -7.689856447620175e-16 0 1 -7.689856447620175e-16 0 1 -7.689856447620175e-16 -1.768666982952668e-13 1 -7.689856447620175e-16 -1.768666982952668e-13 1 -7.689856447620175e-16 -1.768666982952668e-13 1 0 0 1 0 0 1 0 0 1 -1.776356839400289e-13 0 1 -1.776356839400289e-13 0 1 -1.776356839400289e-13 0 1 -2.575592556532154e-16 -2.575592556532247e-16 1 -2.575592556532154e-16 -2.575592556532247e-16 1 -2.575592556532154e-16 -2.575592556532247e-16 1 0 0 1 0 0 1 0 0 1 0 0 1 0 0 1 0 0 1 0 0 1 0 0 1 0 0 1 0 0 1 0 0 1 0 0 1 0 0 1 0 0 1 0 0 1 -1.831295710721911e-15 1.758043882293031e-13 1 -1.831295710721911e-15 1.758043882293031e-13 1 -1.831295710721911e-15 1.758043882293031e-13 1 -1.831295710721911e-15 1.77635683940025e-13 1 -1.831295710721911e-15 1.77635683940025e-13 1 -1.831295710721911e-15 1.77635683940025e-13 1 0 0 1 0 0 1 0 0 1 0 0 1 0 0 1 0 0 1 -1.778917580379046e-13 2.560740978836134e-16 1 -1.778917580379046e-13 2.560740978836134e-16 1 -1.778917580379046e-13 2.560740978836134e-16 1 0 -1.776356839400288e-13 1 0 -1.776356839400288e-13 1 0 -1.776356839400288e-13 1 7.623849096138462e-16 0 1 7.623849096138462e-16 0 1 7.623849096138462e-16 0 1 7.623849096138462e-16 -7.623849096138462e-16 1 7.623849096138462e-16 -7.623849096138462e-16 1 7.623849096138462e-16 -7.623849096138462e-16 1 0 0 1 0 0 1 0 0 1 -1.773796098421452e-13 2.560740978836133e-16 1 -1.773796098421452e-13 2.560740978836133e-16 1 -1.773796098421452e-13 2.560740978836133e-16 1 0 0 1 0 0 1 0 0 1 1.778932431956742e-13 -2.575592556532247e-16 1 1.778932431956742e-13 -2.575592556532247e-16 1 1.778932431956742e-13 -2.575592556532247e-16 1 -3.690901012716599e-16 0.8660254037844576 0.499999999999967 -3.690901012716599e-16 0.8660254037844576 0.499999999999967 -3.690901012716599e-16 0.8660254037844576 0.499999999999967 -3.690901012716599e-16 0.8660254037844576 0.499999999999967 -3.690901012716599e-16 0.8660254037844576 0.499999999999967 -3.690901012716599e-16 0.8660254037844576 0.499999999999967 -3.690901012716599e-16 0.8660254037844576 0.499999999999967 -3.690901012716599e-16 0.8660254037844576 0.499999999999967 -3.690901012716599e-16 0.8660254037844576 0.499999999999967 -3.690901012716599e-16 0.8660254037844576 0.499999999999967 -3.690901012716599e-16 0.8660254037844576 0.499999999999967 -3.690901012716599e-16 0.8660254037844576 0.499999999999967 -3.690901012716599e-16 0.8660254037844576 0.499999999999967 -3.690901012716599e-16 0.8660254037844576 0.499999999999967 -7.689856447620179e-16 7.689856447620179e-16 -1 -7.689856447620179e-16 7.689856447620179e-16 -1 -7.689856447620179e-16 7.689856447620179e-16 -1 0 1.776356839400288e-13 -1 0 1.776356839400288e-13 -1 0 1.776356839400288e-13 -1 2.575592556532273e-16 -2.575592556532248e-16 -1 2.575592556532273e-16 -2.575592556532248e-16 -1 2.575592556532273e-16 -2.575592556532248e-16 -1 -2.583083134491115e-16 -2.58308313449106e-16 -1 -2.583083134491115e-16 -2.58308313449106e-16 -1 -2.583083134491115e-16 -2.58308313449106e-16 -1 -7.689856447620181e-16 0 -1 -7.689856447620181e-16 0 -1 -7.689856447620181e-16 0 -1 -7.656710514656285e-16 7.656710514657987e-16 -1 -7.656710514656285e-16 7.656710514657987e-16 -1 -7.656710514656285e-16 7.656710514657987e-16 -1 -7.656710514656301e-16 0 -1 -7.656710514656301e-16 0 -1 -7.656710514656301e-16 0 -1 0 1.7763568393995e-13 -1 0 1.7763568393995e-13 -1 0 1.7763568393995e-13 -1 0 0 -1 0 0 -1 0 0 -1 0 0 -1 0 0 -1 0 0 -1 -2.553379234062056e-16 2.55337923406217e-16 -1 -2.553379234062056e-16 2.55337923406217e-16 -1 -2.553379234062056e-16 2.55337923406217e-16 -1 -1.776356839400209e-13 0 -1 -1.776356839400209e-13 0 -1 -1.776356839400209e-13 0 -1 -1.812609019796177e-15 1.758230749202288e-13 -1 -1.812609019796177e-15 1.758230749202288e-13 -1 -1.812609019796177e-15 1.758230749202288e-13 -1 1.831295710721911e-15 -1.77635683940025e-13 -1 1.831295710721911e-15 -1.77635683940025e-13 -1 1.831295710721911e-15 -1.77635683940025e-13 -1 1.831295710721911e-15 1.831295710721872e-15 -1 1.831295710721911e-15 1.831295710721872e-15 -1 1.831295710721911e-15 1.831295710721872e-15 -1 0 1.77635683940025e-13 -1 0 1.77635683940025e-13 -1 0 1.77635683940025e-13 -1 0 0 -1 0 0 -1 0 0 -1 1.869849304631846e-15 -1.776356839400251e-13 -1 1.869849304631846e-15 -1.776356839400251e-13 -1 1.869849304631846e-15 -1.776356839400251e-13 -1 1.869849304631846e-15 1.869849304631835e-15 -1 1.869849304631846e-15 1.869849304631835e-15 -1 1.869849304631846e-15 1.869849304631835e-15 -1 1.889741318510908e-15 0 -1 1.889741318510908e-15 0 -1 1.889741318510908e-15 0 -1 -2.575592556532186e-16 -2.575592556532247e-16 -1 -2.575592556532186e-16 -2.575592556532247e-16 -1 -2.575592556532186e-16 -2.575592556532247e-16 -1 2.568145296203927e-16 -2.568145296204498e-16 -1 2.568145296203927e-16 -2.568145296204498e-16 -1 2.568145296203927e-16 -2.568145296204498e-16 -1 -2.568145296204721e-16 -2.568145296204498e-16 -1 -2.568145296204721e-16 -2.568145296204498e-16 -1 -2.568145296204721e-16 -2.568145296204498e-16 -1 1.776356839399973e-13 0 -1 1.776356839399973e-13 0 -1 1.776356839399973e-13 0 -1 0 -0.8660254037844481 -0.4999999999999836 0 -0.8660254037844481 -0.4999999999999836 0 -0.8660254037844481 -0.4999999999999836 0 -0.8660254037844481 -0.4999999999999836 0 -0.8660254037844481 -0.4999999999999836 0 -0.8660254037844481 -0.4999999999999836 0 -0.8660254037844481 -0.4999999999999836 0 -0.8660254037844481 -0.4999999999999836 0 -0.8660254037844481 -0.4999999999999836 0 -0.8660254037844481 -0.4999999999999836 5.720896569710878e-16 0.8660254037844351 -0.5000000000000062 5.720896569710878e-16 0.8660254037844351 -0.5000000000000062 5.720896569710878e-16 0.8660254037844351 -0.5000000000000062 5.720896569710878e-16 0.8660254037844351 -0.5000000000000062 5.720896569710878e-16 0.8660254037844351 -0.5000000000000062 5.720896569710878e-16 0.8660254037844351 -0.5000000000000062 5.720896569710878e-16 0.8660254037844351 -0.5000000000000062 5.720896569710878e-16 0.8660254037844351 -0.5000000000000062 5.720896569710878e-16 0.8660254037844351 -0.5000000000000062 5.720896569710878e-16 0.8660254037844351 -0.5000000000000062 5.720896569710878e-16 0.8660254037844351 -0.5000000000000062 5.720896569710878e-16 0.8660254037844351 -0.5000000000000062 -0.8660254037844402 0 0.4999999999999973 -0.8660254037844402 0 0.4999999999999973 -0.8660254037844402 0 0.4999999999999973 -0.8660254037844402 0 0.4999999999999973 -0.8660254037844402 0 0.4999999999999973 -0.8660254037844402 0 0.4999999999999973 -0.8660254037844402 0 0.4999999999999973 -0.8660254037844402 0 0.4999999999999973 -0.8660254037844402 0 0.4999999999999973 -0.8660254037844402 0 0.4999999999999973 -0.8660254037844402 0 0.4999999999999973 -0.8660254037844402 0 0.4999999999999973 -0.8660254037844402 0 0.4999999999999973 0.8660254037844353 0 0.5000000000000058 0.8660254037844353 0 0.5000000000000058 0.8660254037844353 0 0.5000000000000058 0.8660254037844353 0 0.5000000000000058 0.8660254037844353 0 0.5000000000000058 0.8660254037844353 0 0.5000000000000058 0.8660254037844353 0 0.5000000000000058 0.8660254037844353 0 0.5000000000000058 0.8660254037844353 0 0.5000000000000058 0.8660254037844353 0 0.5000000000000058 0.8660254037844353 0 0.5000000000000058 0.8660254037844353 0 0.5000000000000058 0.8660254037844353 0 0.5000000000000058 0.8660254037844353 0 0.5000000000000058 0.8660254037844353 0 0.5000000000000058 0.8660254037844303 0 -0.5000000000000144 0.8660254037844303 0 -0.5000000000000144 0.8660254037844303 0 -0.5000000000000144 0.8660254037844303 0 -0.5000000000000144 0.8660254037844303 0 -0.5000000000000144 0.8660254037844303 0 -0.5000000000000144 0.8660254037844303 0 -0.5000000000000144 0.8660254037844303 0 -0.5000000000000144 0.8660254037844303 0 -0.5000000000000144 0.8660254037844303 0 -0.5000000000000144 0.8660254037844303 0 -0.5000000000000144 0.8660254037844303 0 -0.5000000000000144 0.8660254037844303 0 -0.5000000000000144 0.8660254037844303 0 -0.5000000000000144 0.8660254037844303 0 -0.5000000000000144 -0.8660254037844508 2.403404822918149e-16 -0.4999999999999789 -0.8660254037844508 2.403404822918149e-16 -0.4999999999999789 -0.8660254037844508 2.403404822918149e-16 -0.4999999999999789 -0.8660254037844508 2.403404822918149e-16 -0.4999999999999789 -0.8660254037844508 2.403404822918149e-16 -0.4999999999999789 -0.8660254037844508 2.403404822918149e-16 -0.4999999999999789 -0.8660254037844508 2.403404822918149e-16 -0.4999999999999789 -0.8660254037844508 2.403404822918149e-16 -0.4999999999999789 -0.8660254037844508 2.403404822918149e-16 -0.4999999999999789 -0.8660254037844508 2.403404822918149e-16 -0.4999999999999789 -0.8660254037844508 2.403404822918149e-16 -0.4999999999999789 -0.8660254037844508 2.403404822918149e-16 -0.4999999999999789 -0.8660254037844508 2.403404822918149e-16 -0.4999999999999789 -1 -6.676953772165228e-15 0 -1 -6.676953772165228e-15 0 -1 -6.676953772165228e-15 0 -1 -6.676953772165228e-15 0 -1 -6.676953772165228e-15 0 -1 -6.676953772165228e-15 0 -1 -6.676953772165228e-15 0 -1 -6.676953772165228e-15 0 -1 -6.676953772165228e-15 0 -1 -6.676953772165228e-15 0 -1 -6.676953772165228e-15 0 -1 -6.676953772165228e-15 0 -1 -6.676953772165228e-15 0 -1 -6.676953772165228e-15 0 -1 -6.676953772165228e-15 0 -1 -6.676953772165228e-15 0 -1 -6.676953772165228e-15 0 -1 -6.676953772165228e-15 0 -1 -6.676953772165228e-15 0 -1 -6.676953772165228e-15 0 -1 -6.676953772165228e-15 0 -1 -6.676953772165228e-15 0 -1 -6.676953772165228e-15 0 -1 -6.676953772165228e-15 0 -6.528529210665501e-16 0.8660254037844341 0.5000000000000078 -6.528529210665501e-16 0.8660254037844341 0.5000000000000078 -6.528529210665501e-16 0.8660254037844341 0.5000000000000078 -6.528529210665501e-16 0.8660254037844341 0.5000000000000078 -6.528529210665501e-16 0.8660254037844341 0.5000000000000078 -6.528529210665501e-16 0.8660254037844341 0.5000000000000078 -6.528529210665501e-16 0.8660254037844341 0.5000000000000078 -6.528529210665501e-16 0.8660254037844341 0.5000000000000078 -6.528529210665501e-16 0.8660254037844341 0.5000000000000078 -6.528529210665501e-16 0.8660254037844341 0.5000000000000078 -7.447045225152717e-16 -0.8660254037844355 0.5000000000000053 -7.447045225152717e-16 -0.8660254037844355 0.5000000000000053 -7.447045225152717e-16 -0.8660254037844355 0.5000000000000053 -7.447045225152717e-16 -0.8660254037844355 0.5000000000000053 -7.447045225152717e-16 -0.8660254037844355 0.5000000000000053 -7.447045225152717e-16 -0.8660254037844355 0.5000000000000053 -7.447045225152717e-16 -0.8660254037844355 0.5000000000000053 -7.447045225152717e-16 -0.8660254037844355 0.5000000000000053 -7.447045225152717e-16 -0.8660254037844355 0.5000000000000053 -7.447045225152717e-16 -0.8660254037844355 0.5000000000000053 -7.447045225152717e-16 -0.8660254037844355 0.5000000000000053 -5.694799289822779e-16 -0.8660254037844298 -0.5000000000000153 -5.694799289822779e-16 -0.8660254037844298 -0.5000000000000153 -5.694799289822779e-16 -0.8660254037844298 -0.5000000000000153 -5.694799289822779e-16 -0.8660254037844298 -0.5000000000000153 -5.694799289822779e-16 -0.8660254037844298 -0.5000000000000153 -5.694799289822779e-16 -0.8660254037844298 -0.5000000000000153 -5.694799289822779e-16 -0.8660254037844298 -0.5000000000000153 -5.694799289822779e-16 -0.8660254037844298 -0.5000000000000153 -5.694799289822779e-16 -0.8660254037844298 -0.5000000000000153 -5.694799289822779e-16 -0.8660254037844298 -0.5000000000000153 -5.694799289822779e-16 -0.8660254037844298 -0.5000000000000153 -5.694799289822779e-16 -0.8660254037844298 -0.5000000000000153 -5.694799289822779e-16 -0.8660254037844298 -0.5000000000000153 1.398970545142583e-15 0.8660254037844398 -0.499999999999998 1.398970545142583e-15 0.8660254037844398 -0.499999999999998 1.398970545142583e-15 0.8660254037844398 -0.499999999999998 1.398970545142583e-15 0.8660254037844398 -0.499999999999998 1.398970545142583e-15 0.8660254037844398 -0.499999999999998 1.398970545142583e-15 0.8660254037844398 -0.499999999999998 1.398970545142583e-15 0.8660254037844398 -0.499999999999998 1.398970545142583e-15 0.8660254037844398 -0.499999999999998 1.398970545142583e-15 0.8660254037844398 -0.499999999999998 1.398970545142583e-15 0.8660254037844398 -0.499999999999998 1.398970545142583e-15 0.8660254037844398 -0.499999999999998 1.398970545142583e-15 0.8660254037844398 -0.499999999999998 1.398970545142583e-15 0.8660254037844398 -0.499999999999998</float_array>
          <technique_common>
            <accessor source="#representation-1067068-material-3732-normals-array" count="2578" stride="3">
              <param name="X" type="float"/>
              <param name="Y" type="float"/>
              <param name="Z" type="float"/>
            </accessor>
          </technique_common>
        </source>
        <vertices id="representation-1067068-material-3732-vertices">
          <input semantic="POSITION" source="#representation-1067068-material-3732-positions"/>
        </vertices>
        <triangles material="IfcMaterial-3732" count="1614">
          <input semantic="VERTEX" source="#representation-1067068-material-3732-vertices" offset="0"/>
          <input semantic="NORMAL" source="#representation-1067068-material-3732-normals" offset="1"/>
          <p>3 3 0 0 1 1 3 3 1 1 2 2 4 4 5 5 6 6 4 4 6 6 7 7 9 9 10 10 11 11 9 9 11 11 8 8 13 13 12 12 14 14 13 13 14 14 15 15 19 19 17 17 18 18 16 16 17 17 19 19 22 22 20 20 21 21 23 23 20 20 22 22 27 27 24 24 25 25 27 27 25 25 26 26 28 28 29 29 30 30 28 28 30 30 31 31 33 33 34 34 35 35 33 33 35 35 32 32 37 37 36 36 38 38 37 37 38 38 39 39 43 43 41 41 42 42 40 40 41 41 43 43 46 46 44 44 45 45 47 47 44 44 46 46 51 51 48 48 49 49 51 51 49 49 50 50 52 52 53 53 54 54 52 52 54 54 55 55 57 57 58 58 59 59 57 57 59 59 56 56 61 61 60 60 62 62 61 61 62 62 63 63 67 67 65 65 66 66 64 64 65 65 67 67 70 70 68 68 69 69 71 71 68 68 70 70 75 75 72 72 73 73 75 75 73 73 74 74 78 78 76 76 77 77 78 78 79 79 76 76 83 83 80 80 81 81 83 83 81 81 82 82 85 85 84 84 86 86 85 85 86 86 87 87 90 90 88 88 89 89 90 90 91 91 88 88 95 95 92 92 93 93 95 95 93 93 94 94 99 99 96 96 97 97 99 99 97 97 98 98 100 100 101 101 102 102 100 100 102 102 103 103 105 105 106 106 107 107 105 105 107 107 104 104 109 109 108 108 110 110 109 109 110 110 111 111 115 115 113 113 114 114 112 112 113 113 115 115 118 118 116 116 117 117 119 119 116 116 118 118 123 123 120 120 121 121 123 123 121 121 122 122 126 126 124 124 125 125 126 126 127 127 124 124 131 131 128 128 129 129 131 131 129 129 130 130 133 133 132 132 134 134 133 133 134 134 135 135 138 138 136 136 137 137 138 138 139 139 136 136 143 143 140 140 141 141 143 143 141 141 142 142 145 145 146 146 147 147 145 145 147 147 144 144 148 148 149 149 150 150 148 148 150 150 151 151 153 153 154 154 155 155 153 153 155 155 152 152 158 158 157 157 156 156 158 158 159 159 157 157 160 160 161 161 162 162 160 160 162 162 163 163 165 165 166 166 167 167 165 165 167 167 164 164 171 171 168 168 169 169 171 171 169 169 170 170 174 174 172 172 173 173 174 174 175 175 172 172 179 179 176 176 177 177 179 179 177 177 178 178 181 181 180 180 182 182 181 181 182 182 183 183 186 186 184 184 185 185 186 186 187 187 184 184 191 191 188 188 189 189 191 191 189 189 190 190 198 198 195 195 196 196 198 198 196 196 197 197 199 199 195 195 198 198 192 192 193 193 194 194 215 215 194 194 195 195 215 215 192 192 194 194 202 202 200 200 201 201 203 203 199 199 200 200 203 203 200 200 202 202 212 212 213 213 214 214 211 211 214 214 215 215 211 211 195 195 199 199 211 211 215 215 195 195 211 211 199 199 203 203 211 211 212 212 214 214 206 206 203 203 204 204 206 206 204 204 205 205 207 207 210 210 211 211 207 207 211 211 203 203 207 207 203 203 206 206 208 208 210 210 207 207 209 209 210 210 208 208 222 222 223 223 224 224 222 222 224 224 225 225 222 222 225 225 226 226 222 222 226 226 217 217 221 221 222 222 217 217 220 220 221 221 217 217 219 219 220 220 217 217 218 218 219 219 217 217 216 216 218 218 217 217 235 235 227 227 228 228 235 235 228 228 229 229 235 235 229 229 230 230 235 235 236 236 227 227 234 234 235 235 230 230 233 233 234 234 230 230 232 232 233 233 230 230 231 231 232 232 230 230 237 237 238 238 239 239 240 240 241 241 242 242 244 244 245 245 243 243 248 248 246 246 247 247 249 249 250 250 251 251 252 252 254 254 253 253 255 255 256 256 257 257 259 259 258 258 260 260 263 263 261 261 262 262 266 266 265 265 264 264 269 269 268 268 267 267 270 270 271 271 272 272 273 273 275 275 274 274 276 276 277 277 278 278 279 279 281 281 280 280 284 284 282 282 283 283 285 285 287 287 286 286 290 290 288 288 289 289 293 293 291 291 292 292 296 296 295 295 294 294 298 298 297 297 299 299 301 301 300 300 302 302 304 304 303 303 305 305 307 307 306 306 308 308 311 311 309 309 310 310 312 312 314 314 313 313 317 317 315 315 316 316 318 318 320 320 319 319 321 321 323 323 322 322 326 326 324 324 325 325 327 327 329 329 328 328 330 330 331 331 332 332 333 333 334 334 335 335 337 337 338 338 336 336 339 339 340 340 341 341 342 342 343 343 344 344 346 346 345 345 347 347 349 349 348 348 350 350 352 352 353 353 351 351 354 354 355 355 356 356 357 357 359 359 358 358 361 361 360 360 362 362 364 364 363 363 365 365 368 368 367 367 366 366 371 371 369 369 370 370 373 373 374 374 372 372 377 377 375 375 376 376 378 378 380 380 379 379 386 386 387 387 388 388 385 385 386 386 388 388 384 384 385 385 388 388 383 383 381 381 382 382 383 383 388 388 389 389 383 383 389 389 390 390 383 383 390 390 381 381 383 383 384 384 388 388 402 402 403 403 392 392 401 401 402 402 392 392 400 400 401 401 392 392 399 399 400 400 392 392 398 398 399 399 392 392 397 397 398 398 392 392 396 396 392 392 391 391 396 396 391 391 393 393 396 396 393 393 394 394 396 396 394 394 395 395 396 396 397 397 392 392 415 415 416 416 417 417 415 415 417 417 404 404 414 414 404 404 405 405 414 414 415 415 404 404 413 413 414 414 405 405 412 412 405 405 406 406 412 412 413 413 405 405 411 411 406 406 407 407 411 411 412 412 406 406 410 410 407 407 408 408 410 410 411 411 407 407 409 409 410 410 408 408 419 419 420 420 421 421 419 419 421 421 422 422 418 418 419 419 422 422 430 430 422 422 423 423 430 430 418 418 422 422 429 429 430 430 423 423 428 428 423 423 424 424 428 428 429 429 423 423 427 427 428 428 424 424 426 426 424 424 425 425 426 426 427 427 424 424 441 441 442 442 443 443 441 441 443 443 431 431 440 440 431 431 432 432 440 440 441 441 431 431 439 439 440 440 432 432 438 438 432 432 433 433 438 438 439 439 432 432 437 437 438 438 433 433 436 436 433 433 434 434 436 436 437 437 433 433 435 435 436 436 434 434 449 449 450 450 451 451 449 449 451 451 452 452 448 448 452 452 453 453 448 448 449 449 452 452 447 447 453 453 454 454 447 447 454 454 455 455 447 447 448 448 453 453 446 446 455 455 456 456 446 446 456 456 457 457 446 446 447 447 455 455 444 444 457 457 445 445 444 444 446 446 457 457 476 476 474 474 475 475 477 477 473 473 474 474 477 477 474 474 476 476 470 470 471 471 472 472 469 469 472 472 473 473 469 469 470 470 472 472 480 480 478 478 479 479 481 481 477 477 478 478 481 481 478 478 480 480 466 466 467 467 468 468 465 465 468 468 469 469 465 465 473 473 477 477 465 465 469 469 473 473 465 465 466 466 468 468 460 460 458 458 459 459 461 461 481 481 458 458 461 461 477 477 481 481 461 461 465 465 477 477 461 461 458 458 460 460 462 462 464 464 465 465 462 462 465 465 461 461 463 463 464 464 462 462 489 489 490 490 491 491 488 488 489 489 491 491 487 487 488 488 491 491 486 486 487 487 491 491 485 485 486 486 491 491 484 484 485 485 491 491 483 483 491 491 492 492 483 483 492 492 493 493 483 483 493 493 494 494 483 483 494 494 482 482 483 483 484 484 491 491 504 504 505 505 506 506 503 503 504 504 506 506 502 502 503 503 506 506 501 501 502 502 506 506 500 500 501 501 506 506 499 499 500 500 506 506 498 498 495 495 496 496 498 498 496 496 497 497 498 498 506 506 507 507 498 498 507 507 495 495 498 498 499 499 506 506 517 517 508 508 509 509 517 517 518 518 519 519 517 517 519 519 520 520 517 517 520 520 508 508 516 516 517 517 509 509 515 515 516 516 509 509 514 514 515 515 509 509 513 513 514 514 509 509 512 512 513 513 509 509 511 511 512 512 509 509 510 510 511 511 509 509 531 531 522 522 521 521 531 531 521 521 523 523 531 531 523 523 524 524 531 531 524 524 525 525 530 530 531 531 525 525 529 529 530 530 525 525 528 528 529 529 525 525 527 527 528 528 525 525 526 526 527 527 525 525 538 538 536 536 537 537 539 539 535 535 536 536 539 539 536 536 538 538 532 532 533 533 534 534 555 555 534 534 535 535 555 555 532 532 534 534 542 542 540 540 541 541 543 543 539 539 540 540 543 543 540 540 542 542 552 552 553 553 554 554 551 551 554 554 555 555 551 551 535 535 539 539 551 551 555 555 535 535 551 551 539 539 543 543 551 551 552 552 554 554 546 546 543 543 544 544 546 546 544 544 545 545 547 547 550 550 551 551 547 547 551 551 543 543 547 547 543 543 546 546 548 548 550 550 547 547 549 549 550 550 548 548 562 562 563 563 564 564 562 562 564 564 565 565 562 562 565 565 566 566 562 562 566 566 557 557 561 561 562 562 557 557 560 560 561 561 557 557 559 559 560 560 557 557 558 558 559 559 557 557 556 556 558 558 557 557 575 575 567 567 568 568 575 575 568 568 569 569 575 575 569 569 570 570 575 575 576 576 567 567 574 574 575 575 570 570 573 573 574 574 570 570 572 572 573 573 570 570 571 571 572 572 570 570 578 578 579 579 577 577 580 580 581 581 582 582 585 585 583 583 584 584 588 588 586 586 587 587 590 590 591 591 589 589 592 592 594 594 593 593 595 595 596 596 597 597 599 599 598 598 600 600 602 602 603 603 601 601 605 605 604 604 606 606 608 608 607 607 609 609 611 611 612 612 610 610 613 613 615 615 614 614 616 616 617 617 618 618 619 619 621 621 620 620 624 624 622 622 623 623 625 625 627 627 626 626 628 628 629 629 630 630 633 633 631 631 632 632 636 636 635 635 634 634 638 638 637 637 639 639 641 641 640 640 642 642 644 644 643 643 645 645 646 646 648 648 647 647 650 650 651 651 649 649 652 652 654 654 653 653 657 657 655 655 656 656 658 658 660 660 659 659 661 661 663 663 662 662 666 666 664 664 665 665 667 667 669 669 668 668 672 672 670 670 671 671 673 673 674 674 675 675 677 677 678 678 676 676 679 679 680 680 681 681 682 682 683 683 684 684 686 686 685 685 687 687 689 689 688 688 690 690 692 692 693 693 691 691 694 694 695 695 696 696 697 697 699 699 698 698 701 701 700 700 702 702 704 704 703 703 705 705 708 708 707 707 706 706 709 709 710 710 711 711 713 713 714 714 712 712 717 717 715 715 716 716 718 718 720 720 719 719 726 726 727 727 728 728 725 725 726 726 728 728 724 724 725 725 728 728 723 723 721 721 722 722 723 723 728 728 729 729 723 723 729 729 730 730 723 723 730 730 721 721 723 723 724 724 728 728 742 742 743 743 732 732 741 741 742 742 732 732 740 740 741 741 732 732 739 739 740 740 732 732 738 738 739 739 732 732 737 737 738 738 732 732 736 736 732 732 731 731 736 736 731 731 733 733 736 736 733 733 734 734 736 736 734 734 735 735 736 736 737 737 732 732 755 755 756 756 757 757 755 755 757 757 744 744 754 754 744 744 745 745 754 754 755 755 744 744 753 753 754 754 745 745 752 752 745 745 746 746 752 752 753 753 745 745 751 751 746 746 747 747 751 751 752 752 746 746 750 750 747 747 748 748 750 750 751 751 747 747 749 749 750 750 748 748 759 759 760 760 761 761 759 759 761 761 762 762 758 758 759 759 762 762 770 770 762 762 763 763 770 770 758 758 762 762 769 769 770 770 763 763 768 768 763 763 764 764 768 768 769 769 763 763 767 767 768 768 764 764 766 766 764 764 765 765 766 766 767 767 764 764 781 781 782 782 783 783 781 781 783 783 771 771 780 780 771 771 772 772 780 780 781 781 771 771 779 779 780 780 772 772 778 778 772 772 773 773 778 778 779 779 772 772 777 777 778 778 773 773 776 776 773 773 774 774 776 776 777 777 773 773 775 775 776 776 774 774 789 789 790 790 791 791 789 789 791 791 792 792 788 788 792 792 793 793 788 788 789 789 792 792 787 787 793 793 794 794 787 787 794 794 795 795 787 787 788 788 793 793 786 786 795 795 796 796 786 786 796 796 797 797 786 786 787 787 795 795 784 784 797 797 785 785 784 784 786 786 797 797 806 806 807 807 808 808 805 805 808 808 809 809 805 805 806 806 808 808 812 812 809 809 810 810 812 812 810 810 811 811 813 813 805 805 809 809 813 813 809 809 812 812 802 802 803 803 804 804 801 801 804 804 805 805 801 801 802 802 804 804 816 816 814 814 815 815 817 817 813 813 814 814 817 817 805 805 813 813 817 817 814 814 816 816 798 798 799 799 800 800 821 821 800 800 801 801 821 821 801 801 805 805 821 821 805 805 817 817 821 821 798 798 800 800 820 820 817 817 818 818 820 820 821 821 817 817 819 819 820 820 818 818 829 829 830 830 831 831 828 828 829 829 831 831 827 827 828 828 831 831 826 826 827 827 831 831 825 825 826 826 831 831 824 824 825 825 831 831 823 823 831 831 832 832 823 823 832 832 833 833 823 823 833 833 834 834 823 823 834 834 822 822 823 823 824 824 831 831 844 844 845 845 846 846 843 843 844 844 846 846 842 842 843 843 846 846 841 841 842 842 846 846 840 840 841 841 846 846 839 839 840 840 846 846 838 838 835 835 836 836 838 838 836 836 837 837 838 838 846 846 847 847 838 838 847 847 835 835 838 838 839 839 846 846 857 857 848 848 849 849 857 857 858 858 859 859 857 857 859 859 860 860 857 857 860 860 848 848 856 856 857 857 849 849 855 855 856 856 849 849 854 854 855 855 849 849 853 853 854 854 849 849 852 852 853 853 849 849 851 851 852 852 849 849 850 850 851 851 849 849 871 871 862 862 861 861 871 871 861 861 863 863 871 871 863 863 864 864 871 871 864 864 865 865 870 870 871 871 865 865 869 869 870 870 865 865 868 868 869 869 865 865 867 867 868 868 865 865 866 866 867 867 865 865 878 878 876 876 877 877 879 879 875 875 876 876 879 879 876 876 878 878 872 872 873 873 874 874 895 895 874 874 875 875 895 895 872 872 874 874 882 882 880 880 881 881 883 883 879 879 880 880 883 883 880 880 882 882 892 892 893 893 894 894 891 891 894 894 895 895 891 891 875 875 879 879 891 891 895 895 875 875 891 891 879 879 883 883 891 891 892 892 894 894 886 886 883 883 884 884 886 886 884 884 885 885 887 887 890 890 891 891 887 887 891 891 883 883 887 887 883 883 886 886 888 888 890 890 887 887 889 889 890 890 888 888 902 902 903 903 904 904 902 902 904 904 905 905 902 902 905 905 906 906 902 902 906 906 897 897 901 901 902 902 897 897 900 900 901 901 897 897 899 899 900 900 897 897 898 898 899 899 897 897 896 896 898 898 897 897 915 915 907 907 908 908 915 915 908 908 909 909 915 915 909 909 910 910 915 915 916 916 907 907 914 914 915 915 910 910 913 913 914 914 910 910 912 912 913 913 910 910 911 911 912 912 910 910 918 918 919 919 917 917 920 920 921 921 922 922 925 925 923 923 924 924 928 928 926 926 927 927 930 930 931 931 929 929 932 932 934 934 933 933 935 935 936 936 937 937 939 939 938 938 940 940 943 943 941 941 942 942 945 945 944 944 946 946 949 949 948 948 947 947 951 951 952 952 950 950 953 953 955 955 954 954 958 958 956 956 957 957 959 959 961 961 960 960 963 963 964 964 962 962 965 965 967 967 966 966 968 968 969 969 970 970 973 973 971 971 972 972 976 976 975 975 974 974 978 978 977 977 979 979 981 981 980 980 982 982 984 984 983 983 985 985 987 987 986 986 988 988 990 990 991 991 989 989 992 992 994 994 993 993 997 997 995 995 996 996 998 998 1000 1000 999 999 1001 1001 1003 1003 1002 1002 1006 1006 1004 1004 1005 1005 1007 1007 1009 1009 1008 1008 1012 1012 1010 1010 1011 1011 1013 1013 1014 1014 1015 1015 1018 1018 1016 1016 1017 1017 1019 1019 1020 1020 1021 1021 1023 1023 1024 1024 1022 1022 1026 1026 1025 1025 1027 1027 1029 1029 1028 1028 1030 1030 1032 1032 1033 1033 1031 1031 1035 1035 1036 1036 1034 1034 1039 1039 1038 1038 1037 1037 1041 1041 1040 1040 1042 1042 1044 1044 1043 1043 1045 1045 1048 1048 1047 1047 1046 1046 1049 1049 1050 1050 1051 1051 1053 1053 1054 1054 1052 1052 1057 1057 1055 1055 1056 1056 1058 1058 1060 1060 1059 1059 1066 1066 1067 1067 1068 1068 1065 1065 1066 1066 1068 1068 1064 1064 1065 1065 1068 1068 1063 1063 1061 1061 1062 1062 1063 1063 1068 1068 1069 1069 1063 1063 1069 1069 1070 1070 1063 1063 1070 1070 1061 1061 1063 1063 1064 1064 1068 1068 1082 1082 1083 1083 1072 1072 1081 1081 1082 1082 1072 1072 1080 1080 1081 1081 1072 1072 1079 1079 1080 1080 1072 1072 1078 1078 1079 1079 1072 1072 1077 1077 1078 1078 1072 1072 1076 1076 1072 1072 1071 1071 1076 1076 1071 1071 1073 1073 1076 1076 1073 1073 1074 1074 1076 1076 1074 1074 1075 1075 1076 1076 1077 1077 1072 1072 1095 1095 1096 1096 1097 1097 1095 1095 1097 1097 1084 1084 1094 1094 1084 1084 1085 1085 1094 1094 1095 1095 1084 1084 1093 1093 1094 1094 1085 1085 1092 1092 1085 1085 1086 1086 1092 1092 1093 1093 1085 1085 1091 1091 1086 1086 1087 1087 1091 1091 1092 1092 1086 1086 1090 1090 1087 1087 1088 1088 1090 1090 1091 1091 1087 1087 1089 1089 1090 1090 1088 1088 1099 1099 1100 1100 1101 1101 1099 1099 1101 1101 1102 1102 1098 1098 1099 1099 1102 1102 1110 1110 1102 1102 1103 1103 1110 1110 1098 1098 1102 1102 1109 1109 1110 1110 1103 1103 1108 1108 1103 1103 1104 1104 1108 1108 1109 1109 1103 1103 1107 1107 1104 1104 1105 1105 1107 1107 1108 1108 1104 1104 1106 1106 1107 1107 1105 1105 1121 1121 1122 1122 1123 1123 1121 1121 1123 1123 1111 1111 1120 1120 1111 1111 1112 1112 1120 1120 1121 1121 1111 1111 1119 1119 1120 1120 1112 1112 1118 1118 1112 1112 1113 1113 1118 1118 1119 1119 1112 1112 1117 1117 1118 1118 1113 1113 1116 1116 1113 1113 1114 1114 1116 1116 1117 1117 1113 1113 1115 1115 1116 1116 1114 1114 1129 1129 1130 1130 1131 1131 1129 1129 1131 1131 1132 1132 1128 1128 1132 1132 1133 1133 1128 1128 1129 1129 1132 1132 1127 1127 1133 1133 1134 1134 1127 1127 1134 1134 1135 1135 1127 1127 1128 1128 1133 1133 1126 1126 1135 1135 1136 1136 1126 1126 1136 1136 1137 1137 1126 1126 1127 1127 1135 1135 1124 1124 1137 1137 1125 1125 1124 1124 1126 1126 1137 1137 1146 1146 1147 1147 1148 1148 1145 1145 1148 1148 1149 1149 1145 1145 1146 1146 1148 1148 1152 1152 1149 1149 1150 1150 1152 1152 1150 1150 1151 1151 1153 1153 1145 1145 1149 1149 1153 1153 1149 1149 1152 1152 1142 1142 1143 1143 1144 1144 1141 1141 1144 1144 1145 1145 1141 1141 1142 1142 1144 1144 1156 1156 1153 1153 1154 1154 1156 1156 1154 1154 1155 1155 1157 1157 1145 1145 1153 1153 1157 1157 1153 1153 1156 1156 1138 1138 1139 1139 1140 1140 1161 1161 1140 1140 1141 1141 1161 1161 1141 1141 1145 1145 1161 1161 1145 1145 1157 1157 1161 1161 1138 1138 1140 1140 1160 1160 1157 1157 1158 1158 1160 1160 1161 1161 1157 1157 1159 1159 1160 1160 1158 1158 1169 1169 1170 1170 1171 1171 1168 1168 1169 1169 1171 1171 1167 1167 1168 1168 1171 1171 1166 1166 1167 1167 1171 1171 1165 1165 1166 1166 1171 1171 1164 1164 1165 1165 1171 1171 1163 1163 1171 1171 1172 1172 1163 1163 1172 1172 1173 1173 1163 1163 1173 1173 1174 1174 1163 1163 1174 1174 1162 1162 1163 1163 1164 1164 1171 1171 1184 1184 1185 1185 1186 1186 1183 1183 1184 1184 1186 1186 1182 1182 1183 1183 1186 1186 1181 1181 1182 1182 1186 1186 1180 1180 1181 1181 1186 1186 1179 1179 1180 1180 1186 1186 1178 1178 1175 1175 1176 1176 1178 1178 1176 1176 1177 1177 1178 1178 1186 1186 1187 1187 1178 1178 1187 1187 1175 1175 1178 1178 1179 1179 1186 1186 1197 1197 1188 1188 1189 1189 1197 1197 1198 1198 1199 1199 1197 1197 1199 1199 1200 1200 1197 1197 1200 1200 1188 1188 1196 1196 1197 1197 1189 1189 1195 1195 1196 1196 1189 1189 1194 1194 1195 1195 1189 1189 1193 1193 1194 1194 1189 1189 1192 1192 1193 1193 1189 1189 1191 1191 1192 1192 1189 1189 1190 1190 1191 1191 1189 1189 1211 1211 1202 1202 1201 1201 1211 1211 1201 1201 1203 1203 1211 1211 1203 1203 1204 1204 1211 1211 1204 1204 1205 1205 1210 1210 1211 1211 1205 1205 1209 1209 1210 1210 1205 1205 1208 1208 1209 1209 1205 1205 1207 1207 1208 1208 1205 1205 1206 1206 1207 1207 1205 1205 1218 1218 1216 1216 1217 1217 1219 1219 1215 1215 1216 1216 1219 1219 1216 1216 1218 1218 1212 1212 1213 1213 1214 1214 1235 1235 1214 1214 1215 1215 1235 1235 1212 1212 1214 1214 1222 1222 1220 1220 1221 1221 1223 1223 1219 1219 1220 1220 1223 1223 1220 1220 1222 1222 1232 1232 1233 1233 1234 1234 1231 1231 1234 1234 1235 1235 1231 1231 1215 1215 1219 1219 1231 1231 1235 1235 1215 1215 1231 1231 1219 1219 1223 1223 1231 1231 1232 1232 1234 1234 1226 1226 1223 1223 1224 1224 1226 1226 1224 1224 1225 1225 1227 1227 1230 1230 1231 1231 1227 1227 1231 1231 1223 1223 1227 1227 1223 1223 1226 1226 1228 1228 1230 1230 1227 1227 1229 1229 1230 1230 1228 1228 1242 1242 1243 1243 1244 1244 1242 1242 1244 1244 1245 1245 1242 1242 1245 1245 1246 1246 1242 1242 1246 1246 1237 1237 1241 1241 1242 1242 1237 1237 1240 1240 1241 1241 1237 1237 1239 1239 1240 1240 1237 1237 1238 1238 1239 1239 1237 1237 1236 1236 1238 1238 1237 1237 1255 1255 1247 1247 1248 1248 1255 1255 1248 1248 1249 1249 1255 1255 1249 1249 1250 1250 1255 1255 1256 1256 1247 1247 1254 1254 1255 1255 1250 1250 1253 1253 1254 1254 1250 1250 1252 1252 1253 1253 1250 1250 1251 1251 1252 1252 1250 1250 1258 1258 1259 1259 1257 1257 1260 1260 1261 1261 1262 1262 1265 1265 1263 1263 1264 1264 1268 1268 1266 1266 1267 1267 1270 1270 1271 1271 1269 1269 1272 1272 1274 1274 1273 1273 1275 1275 1276 1276 1277 1277 1279 1279 1278 1278 1280 1280 1283 1283 1281 1281 1282 1282 1285 1285 1284 1284 1286 1286 1289 1289 1288 1288 1287 1287 1291 1291 1292 1292 1290 1290 1293 1293 1295 1295 1294 1294 1298 1298 1296 1296 1297 1297 1299 1299 1301 1301 1300 1300 1303 1303 1304 1304 1302 1302 1305 1305 1307 1307 1306 1306 1308 1308 1309 1309 1310 1310 1313 1313 1311 1311 1312 1312 1316 1316 1315 1315 1314 1314 1318 1318 1317 1317 1319 1319 1321 1321 1320 1320 1322 1322 1324 1324 1323 1323 1325 1325 1327 1327 1326 1326 1328 1328 1330 1330 1331 1331 1329 1329 1332 1332 1334 1334 1333 1333 1337 1337 1335 1335 1336 1336 1338 1338 1340 1340 1339 1339 1341 1341 1343 1343 1342 1342 1346 1346 1344 1344 1345 1345 1347 1347 1349 1349 1348 1348 1352 1352 1350 1350 1351 1351 1353 1353 1354 1354 1355 1355 1358 1358 1356 1356 1357 1357 1359 1359 1360 1360 1361 1361 1363 1363 1364 1364 1362 1362 1366 1366 1365 1365 1367 1367 1369 1369 1368 1368 1370 1370 1372 1372 1373 1373 1371 1371 1375 1375 1376 1376 1374 1374 1379 1379 1378 1378 1377 1377 1381 1381 1380 1380 1382 1382 1384 1384 1383 1383 1385 1385 1388 1388 1387 1387 1386 1386 1389 1389 1390 1390 1391 1391 1393 1393 1394 1394 1392 1392 1397 1397 1395 1395 1396 1396 1398 1398 1400 1400 1399 1399 1406 1406 1407 1407 1408 1408 1405 1405 1406 1406 1408 1408 1404 1404 1405 1405 1408 1408 1403 1403 1401 1401 1402 1402 1403 1403 1408 1408 1409 1409 1403 1403 1409 1409 1410 1410 1403 1403 1410 1410 1401 1401 1403 1403 1404 1404 1408 1408 1422 1422 1423 1423 1412 1412 1421 1421 1422 1422 1412 1412 1420 1420 1421 1421 1412 1412 1419 1419 1420 1420 1412 1412 1418 1418 1419 1419 1412 1412 1417 1417 1418 1418 1412 1412 1416 1416 1412 1412 1411 1411 1416 1416 1411 1411 1413 1413 1416 1416 1413 1413 1414 1414 1416 1416 1414 1414 1415 1415 1416 1416 1417 1417 1412 1412 1435 1435 1436 1436 1437 1437 1435 1435 1437 1437 1424 1424 1434 1434 1424 1424 1425 1425 1434 1434 1435 1435 1424 1424 1433 1433 1434 1434 1425 1425 1432 1432 1425 1425 1426 1426 1432 1432 1433 1433 1425 1425 1431 1431 1426 1426 1427 1427 1431 1431 1432 1432 1426 1426 1430 1430 1427 1427 1428 1428 1430 1430 1431 1431 1427 1427 1429 1429 1430 1430 1428 1428 1439 1439 1440 1440 1441 1441 1439 1439 1441 1441 1442 1442 1438 1438 1439 1439 1442 1442 1450 1450 1442 1442 1443 1443 1450 1450 1438 1438 1442 1442 1449 1449 1450 1450 1443 1443 1448 1448 1443 1443 1444 1444 1448 1448 1449 1449 1443 1443 1447 1447 1448 1448 1444 1444 1446 1446 1444 1444 1445 1445 1446 1446 1447 1447 1444 1444 1461 1461 1462 1462 1463 1463 1461 1461 1463 1463 1451 1451 1460 1460 1451 1451 1452 1452 1460 1460 1461 1461 1451 1451 1459 1459 1460 1460 1452 1452 1458 1458 1452 1452 1453 1453 1458 1458 1459 1459 1452 1452 1457 1457 1458 1458 1453 1453 1456 1456 1453 1453 1454 1454 1456 1456 1457 1457 1453 1453 1455 1455 1456 1456 1454 1454 1469 1469 1470 1470 1471 1471 1469 1469 1471 1471 1472 1472 1468 1468 1472 1472 1473 1473 1468 1468 1469 1469 1472 1472 1467 1467 1473 1473 1474 1474 1467 1467 1474 1474 1475 1475 1467 1467 1468 1468 1473 1473 1466 1466 1475 1475 1476 1476 1466 1466 1476 1476 1477 1477 1466 1466 1467 1467 1475 1475 1464 1464 1477 1477 1465 1465 1464 1464 1466 1466 1477 1477 1496 1496 1493 1493 1494 1494 1496 1496 1494 1494 1495 1495 1497 1497 1493 1493 1496 1496 1490 1490 1491 1491 1492 1492 1489 1489 1492 1492 1493 1493 1489 1489 1490 1490 1492 1492 1500 1500 1497 1497 1498 1498 1500 1500 1498 1498 1499 1499 1501 1501 1497 1497 1500 1500 1486 1486 1487 1487 1488 1488 1485 1485 1488 1488 1489 1489 1485 1485 1493 1493 1497 1497 1485 1485 1489 1489 1493 1493 1485 1485 1486 1486 1488 1488 1480 1480 1478 1478 1479 1479 1481 1481 1501 1501 1478 1478 1481 1481 1497 1497 1501 1501 1481 1481 1485 1485 1497 1497 1481 1481 1478 1478 1480 1480 1482 1482 1484 1484 1485 1485 1482 1482 1485 1485 1481 1481 1483 1483 1484 1484 1482 1482 1509 1509 1510 1510 1511 1511 1508 1508 1509 1509 1511 1511 1507 1507 1508 1508 1511 1511 1506 1506 1507 1507 1511 1511 1505 1505 1506 1506 1511 1511 1504 1504 1505 1505 1511 1511 1503 1503 1511 1511 1512 1512 1503 1503 1512 1512 1513 1513 1503 1503 1513 1513 1514 1514 1503 1503 1514 1514 1502 1502 1503 1503 1504 1504 1511 1511 1524 1524 1525 1525 1526 1526 1523 1523 1524 1524 1526 1526 1522 1522 1523 1523 1526 1526 1521 1521 1522 1522 1526 1526 1520 1520 1521 1521 1526 1526 1519 1519 1520 1520 1526 1526 1518 1518 1515 1515 1516 1516 1518 1518 1516 1516 1517 1517 1518 1518 1526 1526 1527 1527 1518 1518 1527 1527 1515 1515 1518 1518 1519 1519 1526 1526 1537 1537 1528 1528 1529 1529 1537 1537 1538 1538 1539 1539 1537 1537 1539 1539 1540 1540 1537 1537 1540 1540 1528 1528 1536 1536 1537 1537 1529 1529 1535 1535 1536 1536 1529 1529 1534 1534 1535 1535 1529 1529 1533 1533 1534 1534 1529 1529 1532 1532 1533 1533 1529 1529 1531 1531 1532 1532 1529 1529 1530 1530 1531 1531 1529 1529 1551 1551 1542 1542 1541 1541 1551 1551 1541 1541 1543 1543 1551 1551 1543 1543 1544 1544 1551 1551 1544 1544 1545 1545 1550 1550 1551 1551 1545 1545 1549 1549 1550 1550 1545 1545 1548 1548 1549 1549 1545 1545 1547 1547 1548 1548 1545 1545 1546 1546 1547 1547 1545 1545 1558 1558 1556 1556 1557 1557 1559 1559 1555 1555 1556 1556 1559 1559 1556 1556 1558 1558 1552 1552 1553 1553 1554 1554 1552 1552 1554 1554 1555 1555 1575 1575 1552 1552 1555 1555 1562 1562 1560 1560 1561 1561 1563 1563 1559 1559 1560 1560 1563 1563 1560 1560 1562 1562 1572 1572 1573 1573 1574 1574 1571 1571 1574 1574 1575 1575 1571 1571 1555 1555 1559 1559 1571 1571 1575 1575 1555 1555 1571 1571 1559 1559 1563 1563 1571 1571 1572 1572 1574 1574 1566 1566 1563 1563 1564 1564 1566 1566 1564 1564 1565 1565 1567 1567 1570 1570 1571 1571 1567 1567 1571 1571 1563 1563 1567 1567 1563 1563 1566 1566 1568 1568 1570 1570 1567 1567 1569 1569 1570 1570 1568 1568 1582 1582 1583 1583 1584 1584 1582 1582 1584 1584 1585 1585 1582 1582 1585 1585 1586 1586 1582 1582 1586 1586 1577 1577 1581 1581 1582 1582 1577 1577 1580 1580 1581 1581 1577 1577 1579 1579 1580 1580 1577 1577 1578 1578 1579 1579 1577 1577 1576 1576 1578 1578 1577 1577 1595 1595 1587 1587 1588 1588 1595 1595 1588 1588 1589 1589 1595 1595 1589 1589 1590 1590 1595 1595 1596 1596 1587 1587 1594 1594 1595 1595 1590 1590 1593 1593 1594 1594 1590 1590 1592 1592 1593 1593 1590 1590 1591 1591 1592 1592 1590 1590 1598 1598 1599 1599 1597 1597 1600 1600 1601 1601 1602 1602 1605 1605 1603 1603 1604 1604 1608 1608 1606 1606 1607 1607 1610 1610 1611 1611 1609 1609 1612 1612 1614 1614 1613 1613 1615 1615 1616 1616 1617 1617 1619 1619 1618 1618 1620 1620 1623 1623 1621 1621 1622 1622 1625 1625 1624 1624 1626 1626 1629 1629 1628 1628 1627 1627 1631 1631 1632 1632 1630 1630 1633 1633 1635 1635 1634 1634 1638 1638 1636 1636 1637 1637 1639 1639 1641 1641 1640 1640 1643 1643 1644 1644 1642 1642 1645 1645 1647 1647 1646 1646 1648 1648 1649 1649 1650 1650 1653 1653 1651 1651 1652 1652 1656 1656 1655 1655 1654 1654 1658 1658 1657 1657 1659 1659 1661 1661 1660 1660 1662 1662 1664 1664 1663 1663 1665 1665 1667 1667 1666 1666 1668 1668 1671 1671 1669 1669 1670 1670 1672 1672 1674 1674 1673 1673 1677 1677 1675 1675 1676 1676 1678 1678 1680 1680 1679 1679 1681 1681 1683 1683 1682 1682 1686 1686 1684 1684 1685 1685 1687 1687 1689 1689 1688 1688 1690 1690 1691 1691 1692 1692 1693 1693 1694 1694 1695 1695 1698 1698 1696 1696 1697 1697 1699 1699 1700 1700 1701 1701 1703 1703 1704 1704 1702 1702 1706 1706 1705 1705 1707 1707 1709 1709 1708 1708 1710 1710 1712 1712 1713 1713 1711 1711 1715 1715 1716 1716 1714 1714 1719 1719 1718 1718 1717 1717 1721 1721 1720 1720 1722 1722 1724 1724 1723 1723 1725 1725 1728 1728 1727 1727 1726 1726 1729 1729 1730 1730 1731 1731 1733 1733 1734 1734 1732 1732 1737 1737 1735 1735 1736 1736 1738 1738 1740 1740 1739 1739 1746 1746 1747 1747 1748 1748 1745 1745 1746 1746 1748 1748 1744 1744 1745 1745 1748 1748 1743 1743 1741 1741 1742 1742 1743 1743 1748 1748 1749 1749 1743 1743 1749 1749 1750 1750 1743 1743 1750 1750 1741 1741 1743 1743 1744 1744 1748 1748 1762 1762 1763 1763 1752 1752 1761 1761 1762 1762 1752 1752 1760 1760 1761 1761 1752 1752 1759 1759 1760 1760 1752 1752 1758 1758 1759 1759 1752 1752 1757 1757 1758 1758 1752 1752 1756 1756 1752 1752 1751 1751 1756 1756 1751 1751 1753 1753 1756 1756 1753 1753 1754 1754 1756 1756 1754 1754 1755 1755 1756 1756 1757 1757 1752 1752 1775 1775 1776 1776 1777 1777 1775 1775 1777 1777 1764 1764 1774 1774 1764 1764 1765 1765 1774 1774 1775 1775 1764 1764 1773 1773 1774 1774 1765 1765 1772 1772 1765 1765 1766 1766 1772 1772 1773 1773 1765 1765 1771 1771 1766 1766 1767 1767 1771 1771 1772 1772 1766 1766 1770 1770 1767 1767 1768 1768 1770 1770 1771 1771 1767 1767 1769 1769 1770 1770 1768 1768 1779 1779 1780 1780 1781 1781 1779 1779 1781 1781 1782 1782 1778 1778 1779 1779 1782 1782 1790 1790 1782 1782 1783 1783 1790 1790 1778 1778 1782 1782 1789 1789 1790 1790 1783 1783 1788 1788 1783 1783 1784 1784 1788 1788 1789 1789 1783 1783 1787 1787 1784 1784 1785 1785 1787 1787 1788 1788 1784 1784 1786 1786 1787 1787 1785 1785 1801 1801 1802 1802 1803 1803 1801 1801 1803 1803 1791 1791 1800 1800 1791 1791 1792 1792 1800 1800 1801 1801 1791 1791 1799 1799 1800 1800 1792 1792 1798 1798 1792 1792 1793 1793 1798 1798 1799 1799 1792 1792 1797 1797 1798 1798 1793 1793 1796 1796 1793 1793 1794 1794 1796 1796 1797 1797 1793 1793 1795 1795 1796 1796 1794 1794 1809 1809 1810 1810 1811 1811 1809 1809 1811 1811 1812 1812 1808 1808 1812 1812 1813 1813 1808 1808 1809 1809 1812 1812 1807 1807 1813 1813 1814 1814 1807 1807 1814 1814 1815 1815 1807 1807 1808 1808 1813 1813 1806 1806 1815 1815 1816 1816 1806 1806 1816 1816 1817 1817 1806 1806 1807 1807 1815 1815 1804 1804 1817 1817 1805 1805 1804 1804 1806 1806 1817 1817 1826 1826 1827 1827 1828 1828 1825 1825 1828 1828 1829 1829 1825 1825 1826 1826 1828 1828 1832 1832 1829 1829 1830 1830 1832 1832 1830 1830 1831 1831 1833 1833 1825 1825 1829 1829 1833 1833 1829 1829 1832 1832 1822 1822 1823 1823 1824 1824 1821 1821 1824 1824 1825 1825 1821 1821 1822 1822 1824 1824 1836 1836 1833 1833 1834 1834 1836 1836 1834 1834 1835 1835 1837 1837 1825 1825 1833 1833 1837 1837 1833 1833 1836 1836 1818 1818 1819 1819 1820 1820 1818 1818 1820 1820 1821 1821 1841 1841 1821 1821 1825 1825 1841 1841 1818 1818 1821 1821 1841 1841 1825 1825 1837 1837 1840 1840 1837 1837 1838 1838 1840 1840 1841 1841 1837 1837 1839 1839 1840 1840 1838 1838 1849 1849 1850 1850 1851 1851 1848 1848 1849 1849 1851 1851 1847 1847 1848 1848 1851 1851 1846 1846 1847 1847 1851 1851 1845 1845 1846 1846 1851 1851 1844 1844 1845 1845 1851 1851 1843 1843 1851 1851 1852 1852 1843 1843 1852 1852 1853 1853 1843 1843 1853 1853 1854 1854 1843 1843 1854 1854 1842 1842 1843 1843 1844 1844 1851 1851 1864 1864 1865 1865 1866 1866 1863 1863 1864 1864 1866 1866 1862 1862 1863 1863 1866 1866 1861 1861 1862 1862 1866 1866 1860 1860 1861 1861 1866 1866 1859 1859 1860 1860 1866 1866 1858 1858 1855 1855 1856 1856 1858 1858 1856 1856 1857 1857 1858 1858 1866 1866 1867 1867 1858 1858 1867 1867 1855 1855 1858 1858 1859 1859 1866 1866 1877 1877 1868 1868 1869 1869 1877 1877 1878 1878 1879 1879 1877 1877 1879 1879 1880 1880 1877 1877 1880 1880 1868 1868 1876 1876 1877 1877 1869 1869 1875 1875 1876 1876 1869 1869 1874 1874 1875 1875 1869 1869 1873 1873 1874 1874 1869 1869 1872 1872 1873 1873 1869 1869 1871 1871 1872 1872 1869 1869 1870 1870 1871 1871 1869 1869 1891 1891 1882 1882 1881 1881 1891 1891 1881 1881 1883 1883 1891 1891 1883 1883 1884 1884 1891 1891 1884 1884 1885 1885 1890 1890 1891 1891 1885 1885 1889 1889 1890 1890 1885 1885 1888 1888 1889 1889 1885 1885 1887 1887 1888 1888 1885 1885 1886 1886 1887 1887 1885 1885 1898 1898 1896 1896 1897 1897 1899 1899 1895 1895 1896 1896 1899 1899 1896 1896 1898 1898 1892 1892 1893 1893 1894 1894 1915 1915 1894 1894 1895 1895 1915 1915 1892 1892 1894 1894 1902 1902 1900 1900 1901 1901 1903 1903 1899 1899 1900 1900 1903 1903 1900 1900 1902 1902 1912 1912 1913 1913 1914 1914 1911 1911 1914 1914 1915 1915 1911 1911 1895 1895 1899 1899 1911 1911 1915 1915 1895 1895 1911 1911 1899 1899 1903 1903 1911 1911 1912 1912 1914 1914 1906 1906 1903 1903 1904 1904 1906 1906 1904 1904 1905 1905 1907 1907 1910 1910 1911 1911 1907 1907 1911 1911 1903 1903 1907 1907 1903 1903 1906 1906 1908 1908 1910 1910 1907 1907 1909 1909 1910 1910 1908 1908 1922 1922 1923 1923 1924 1924 1922 1922 1924 1924 1925 1925 1922 1922 1925 1925 1926 1926 1922 1922 1926 1926 1917 1917 1921 1921 1922 1922 1917 1917 1920 1920 1921 1921 1917 1917 1919 1919 1920 1920 1917 1917 1918 1918 1919 1919 1917 1917 1916 1916 1918 1918 1917 1917 1935 1935 1927 1927 1928 1928 1935 1935 1928 1928 1929 1929 1935 1935 1929 1929 1930 1930 1935 1935 1936 1936 1927 1927 1934 1934 1935 1935 1930 1930 1933 1933 1934 1934 1930 1930 1932 1932 1933 1933 1930 1930 1931 1931 1932 1932 1930 1930 1937 1937 1938 1938 1939 1939 1940 1940 1941 1941 1942 1942 1945 1945 1943 1943 1944 1944 1948 1948 1946 1946 1947 1947 1950 1950 1951 1951 1949 1949 1952 1952 1954 1954 1953 1953 1955 1955 1956 1956 1957 1957 1959 1959 1958 1958 1960 1960 1963 1963 1961 1961 1962 1962 1965 1965 1964 1964 1966 1966 1969 1969 1968 1968 1967 1967 1971 1971 1972 1972 1970 1970 1973 1973 1975 1975 1974 1974 1976 1976 1977 1977 1978 1978 1979 1979 1981 1981 1980 1980 1984 1984 1982 1982 1983 1983 1985 1985 1987 1987 1986 1986 1990 1990 1988 1988 1989 1989 1993 1993 1991 1991 1992 1992 1996 1996 1995 1995 1994 1994 1998 1998 1997 1997 1999 1999 2001 2001 2000 2000 2002 2002 2004 2004 2003 2003 2005 2005 2007 2007 2006 2006 2008 2008 2010 2010 2011 2011 2009 2009 2012 2012 2014 2014 2013 2013 2017 2017 2015 2015 2016 2016 2018 2018 2020 2020 2019 2019 2021 2021 2023 2023 2022 2022 2026 2026 2024 2024 2025 2025 2027 2027 2029 2029 2028 2028 2032 2032 2030 2030 2031 2031 2033 2033 2034 2034 2035 2035 2037 2037 2038 2038 2036 2036 2039 2039 2040 2040 2041 2041 2042 2042 2043 2043 2044 2044 2046 2046 2045 2045 2047 2047 2049 2049 2048 2048 2050 2050 2052 2052 2053 2053 2051 2051 2054 2054 2055 2055 2056 2056 2057 2057 2059 2059 2058 2058 2061 2061 2060 2060 2062 2062 2064 2064 2063 2063 2065 2065 2068 2068 2067 2067 2066 2066 2071 2071 2069 2069 2070 2070 2073 2073 2074 2074 2072 2072 2077 2077 2075 2075 2076 2076 2078 2078 2080 2080 2079 2079 2086 2086 2087 2087 2088 2088 2085 2085 2086 2086 2088 2088 2084 2084 2085 2085 2088 2088 2083 2083 2081 2081 2082 2082 2083 2083 2088 2088 2089 2089 2083 2083 2089 2089 2090 2090 2083 2083 2090 2090 2081 2081 2083 2083 2084 2084 2088 2088 2102 2102 2103 2103 2092 2092 2101 2101 2102 2102 2092 2092 2100 2100 2101 2101 2092 2092 2099 2099 2100 2100 2092 2092 2098 2098 2099 2099 2092 2092 2097 2097 2098 2098 2092 2092 2096 2096 2092 2092 2091 2091 2096 2096 2091 2091 2093 2093 2096 2096 2093 2093 2094 2094 2096 2096 2094 2094 2095 2095 2096 2096 2097 2097 2092 2092 2115 2115 2116 2116 2117 2117 2115 2115 2117 2117 2104 2104 2114 2114 2104 2104 2105 2105 2114 2114 2115 2115 2104 2104 2113 2113 2114 2114 2105 2105 2112 2112 2105 2105 2106 2106 2112 2112 2113 2113 2105 2105 2111 2111 2106 2106 2107 2107 2111 2111 2112 2112 2106 2106 2110 2110 2107 2107 2108 2108 2110 2110 2111 2111 2107 2107 2109 2109 2110 2110 2108 2108 2119 2119 2120 2120 2121 2121 2119 2119 2121 2121 2122 2122 2118 2118 2119 2119 2122 2122 2130 2130 2122 2122 2123 2123 2130 2130 2118 2118 2122 2122 2129 2129 2130 2130 2123 2123 2128 2128 2123 2123 2124 2124 2128 2128 2129 2129 2123 2123 2127 2127 2128 2128 2124 2124 2126 2126 2124 2124 2125 2125 2126 2126 2127 2127 2124 2124 2141 2141 2142 2142 2143 2143 2141 2141 2143 2143 2131 2131 2140 2140 2131 2131 2132 2132 2140 2140 2141 2141 2131 2131 2139 2139 2140 2140 2132 2132 2138 2138 2132 2132 2133 2133 2138 2138 2139 2139 2132 2132 2137 2137 2138 2138 2133 2133 2136 2136 2133 2133 2134 2134 2136 2136 2137 2137 2133 2133 2135 2135 2136 2136 2134 2134 2149 2149 2150 2150 2151 2151 2149 2149 2151 2151 2152 2152 2148 2148 2152 2152 2153 2153 2148 2148 2149 2149 2152 2152 2147 2147 2153 2153 2154 2154 2147 2147 2154 2154 2155 2155 2147 2147 2148 2148 2153 2153 2146 2146 2155 2155 2156 2156 2146 2146 2156 2156 2157 2157 2146 2146 2147 2147 2155 2155 2144 2144 2157 2157 2145 2145 2144 2144 2146 2146 2157 2157 2176 2176 2174 2174 2175 2175 2177 2177 2173 2173 2174 2174 2177 2177 2174 2174 2176 2176 2170 2170 2171 2171 2172 2172 2169 2169 2172 2172 2173 2173 2169 2169 2170 2170 2172 2172 2180 2180 2177 2177 2178 2178 2180 2180 2178 2178 2179 2179 2181 2181 2177 2177 2180 2180 2166 2166 2167 2167 2168 2168 2165 2165 2168 2168 2169 2169 2165 2165 2173 2173 2177 2177 2165 2165 2169 2169 2173 2173 2165 2165 2166 2166 2168 2168 2160 2160 2158 2158 2159 2159 2161 2161 2181 2181 2158 2158 2161 2161 2177 2177 2181 2181 2161 2161 2165 2165 2177 2177 2161 2161 2158 2158 2160 2160 2162 2162 2164 2164 2165 2165 2162 2162 2165 2165 2161 2161 2163 2163 2164 2164 2162 2162 2189 2189 2190 2190 2191 2191 2188 2188 2189 2189 2191 2191 2187 2187 2188 2188 2191 2191 2186 2186 2187 2187 2191 2191 2185 2185 2186 2186 2191 2191 2184 2184 2185 2185 2191 2191 2183 2183 2191 2191 2192 2192 2183 2183 2192 2192 2193 2193 2183 2183 2193 2193 2194 2194 2183 2183 2194 2194 2182 2182 2183 2183 2184 2184 2191 2191 2204 2204 2205 2205 2206 2206 2203 2203 2204 2204 2206 2206 2202 2202 2203 2203 2206 2206 2201 2201 2202 2202 2206 2206 2200 2200 2201 2201 2206 2206 2199 2199 2200 2200 2206 2206 2198 2198 2195 2195 2196 2196 2198 2198 2196 2196 2197 2197 2198 2198 2206 2206 2207 2207 2198 2198 2207 2207 2195 2195 2198 2198 2199 2199 2206 2206 2217 2217 2208 2208 2209 2209 2217 2217 2218 2218 2219 2219 2217 2217 2219 2219 2220 2220 2217 2217 2220 2220 2208 2208 2216 2216 2217 2217 2209 2209 2215 2215 2216 2216 2209 2209 2214 2214 2215 2215 2209 2209 2213 2213 2214 2214 2209 2209 2212 2212 2213 2213 2209 2209 2211 2211 2212 2212 2209 2209 2210 2210 2211 2211 2209 2209 2231 2231 2222 2222 2221 2221 2231 2231 2221 2221 2223 2223 2231 2231 2223 2223 2224 2224 2231 2231 2224 2224 2225 2225 2230 2230 2231 2231 2225 2225 2229 2229 2230 2230 2225 2225 2228 2228 2229 2229 2225 2225 2227 2227 2228 2228 2225 2225 2226 2226 2227 2227 2225 2225 2249 2249 2250 2250 2251 2251 2248 2248 2251 2251 2252 2252 2248 2248 2249 2249 2251 2251 2255 2255 2253 2253 2254 2254 2256 2256 2252 2252 2253 2253 2256 2256 2253 2253 2255 2255 2245 2245 2246 2246 2247 2247 2245 2245 2247 2247 2248 2248 2244 2244 2245 2245 2248 2248 2234 2234 2232 2232 2233 2233 2235 2235 2256 2256 2232 2232 2235 2235 2232 2232 2234 2234 2240 2240 2241 2241 2242 2242 2240 2240 2242 2242 2243 2243 2239 2239 2235 2235 2236 2236 2239 2239 2243 2243 2244 2244 2239 2239 2248 2248 2252 2252 2239 2239 2252 2252 2256 2256 2239 2239 2244 2244 2248 2248 2239 2239 2256 2256 2235 2235 2239 2239 2240 2240 2243 2243 2238 2238 2239 2239 2236 2236 2237 2237 2238 2238 2236 2236 2270 2270 2257 2257 2258 2258 2269 2269 2270 2270 2258 2258 2268 2268 2269 2269 2258 2258 2267 2267 2268 2268 2258 2258 2266 2266 2267 2267 2258 2258 2265 2265 2266 2266 2258 2258 2264 2264 2258 2258 2259 2259 2264 2264 2259 2259 2260 2260 2264 2264 2260 2260 2261 2261 2264 2264 2261 2261 2262 2262 2264 2264 2262 2262 2263 2263 2264 2264 2265 2265 2258 2258 2271 2271 2272 2272 2273 2273 2274 2274 2275 2275 2276 2276 2278 2278 2279 2279 2277 2277 2281 2281 2280 2280 2282 2282 2283 2283 2284 2284 2285 2285 2286 2286 2287 2287 2288 2288 2289 2289 2291 2291 2290 2290 2293 2293 2294 2294 2292 2292 2295 2295 2296 2296 2297 2297 2298 2298 2300 2300 2299 2299 2302 2302 2301 2301 2303 2303 2304 2304 2305 2305 2306 2306 2309 2309 2308 2308 2307 2307 2310 2310 2311 2311 2312 2312 2313 2313 2315 2315 2314 2314 2318 2318 2317 2317 2316 2316 2319 2319 2321 2321 2320 2320 2324 2324 2322 2322 2323 2323 2326 2326 2327 2327 2325 2325 2330 2330 2329 2329 2328 2328 2333 2333 2332 2332 2331 2331 2335 2335 2334 2334 2336 2336 2337 2337 2339 2339 2338 2338 2340 2340 2342 2342 2341 2341 2353 2353 2354 2354 2355 2355 2352 2352 2353 2353 2355 2355 2351 2351 2352 2352 2355 2355 2350 2350 2351 2351 2355 2355 2349 2349 2350 2350 2355 2355 2348 2348 2349 2349 2355 2355 2347 2347 2348 2348 2355 2355 2346 2346 2343 2343 2344 2344 2346 2346 2344 2344 2345 2345 2346 2346 2355 2355 2356 2356 2346 2346 2356 2356 2343 2343 2346 2346 2347 2347 2355 2355 2359 2359 2357 2357 2358 2358 2362 2362 2360 2360 2361 2361 2365 2365 2364 2364 2363 2363 2366 2366 2368 2368 2367 2367 2370 2370 2371 2371 2369 2369 2374 2374 2372 2372 2373 2373 2377 2377 2375 2375 2376 2376 2380 2380 2378 2378 2379 2379 2382 2382 2383 2383 2381 2381 2385 2385 2386 2386 2384 2384 2388 2388 2387 2387 2389 2389 2391 2391 2390 2390 2392 2392 2394 2394 2395 2395 2393 2393 2398 2398 2397 2397 2396 2396 2400 2400 2399 2399 2401 2401 2402 2402 2403 2403 2404 2404 2407 2407 2406 2406 2405 2405 2410 2410 2409 2409 2408 2408 2412 2412 2413 2413 2411 2411 2416 2416 2415 2415 2414 2414 2419 2419 2417 2417 2418 2418 2422 2422 2421 2421 2420 2420 2424 2424 2423 2423 2425 2425 2428 2428 2427 2427 2426 2426 2431 2431 2432 2432 2433 2433 2431 2431 2433 2433 2434 2434 2431 2431 2434 2434 2435 2435 2431 2431 2435 2435 2436 2436 2430 2430 2431 2431 2436 2436 2429 2429 2430 2430 2436 2436 2438 2438 2429 2429 2436 2436 2437 2437 2438 2438 2436 2436 2440 2440 2441 2441 2442 2442 2440 2440 2442 2442 2443 2443 2440 2440 2443 2443 2444 2444 2440 2440 2444 2444 2445 2445 2439 2439 2440 2440 2445 2445 2450 2450 2439 2439 2445 2445 2449 2449 2450 2450 2445 2445 2448 2448 2449 2449 2445 2445 2447 2447 2448 2448 2445 2445 2446 2446 2447 2447 2445 2445 2454 2454 2455 2455 2456 2456 2453 2453 2456 2456 2457 2457 2453 2453 2454 2454 2456 2456 2452 2452 2457 2457 2458 2458 2452 2452 2458 2458 2459 2459 2452 2452 2453 2453 2457 2457 2451 2451 2459 2459 2460 2460 2451 2451 2460 2460 2461 2461 2451 2451 2452 2452 2459 2459 2463 2463 2461 2461 2462 2462 2463 2463 2451 2451 2461 2461 2477 2477 2478 2478 2464 2464 2476 2476 2464 2464 2465 2465 2476 2476 2477 2477 2464 2464 2475 2475 2465 2465 2466 2466 2475 2475 2476 2476 2465 2465 2474 2474 2466 2466 2467 2467 2474 2474 2467 2467 2468 2468 2474 2474 2468 2468 2469 2469 2474 2474 2475 2475 2466 2466 2473 2473 2469 2469 2470 2470 2473 2473 2474 2474 2469 2469 2472 2472 2470 2470 2471 2471 2472 2472 2473 2473 2470 2470 2485 2485 2486 2486 2487 2487 2484 2484 2485 2485 2487 2487 2483 2483 2487 2487 2488 2488 2483 2483 2484 2484 2487 2487 2482 2482 2483 2483 2488 2488 2481 2481 2488 2488 2489 2489 2481 2481 2482 2482 2488 2488 2480 2480 2489 2489 2490 2490 2480 2480 2481 2481 2489 2489 2479 2479 2490 2490 2491 2491 2479 2479 2480 2480 2490 2490 2493 2493 2491 2491 2492 2492 2493 2493 2479 2479 2491 2491 2499 2499 2500 2500 2501 2501 2499 2499 2501 2501 2502 2502 2498 2498 2499 2499 2502 2502 2497 2497 2502 2502 2503 2503 2497 2497 2498 2498 2502 2502 2496 2496 2497 2497 2503 2503 2495 2495 2503 2503 2504 2504 2495 2495 2496 2496 2503 2503 2494 2494 2495 2495 2504 2504 2506 2506 2504 2504 2505 2505 2506 2506 2494 2494 2504 2504 2529 2529 2527 2527 2528 2528 2530 2530 2526 2526 2527 2527 2530 2530 2527 2527 2529 2529 2523 2523 2524 2524 2525 2525 2522 2522 2525 2525 2526 2526 2522 2522 2523 2523 2525 2525 2509 2509 2507 2507 2508 2508 2510 2510 2530 2530 2507 2507 2510 2510 2507 2507 2509 2509 2519 2519 2520 2520 2521 2521 2518 2518 2521 2521 2522 2522 2518 2518 2526 2526 2530 2530 2518 2518 2522 2522 2526 2526 2518 2518 2519 2519 2521 2521 2513 2513 2511 2511 2512 2512 2514 2514 2510 2510 2511 2511 2514 2514 2530 2530 2510 2510 2514 2514 2518 2518 2530 2530 2514 2514 2511 2511 2513 2513 2515 2515 2517 2517 2518 2518 2515 2515 2518 2518 2514 2514 2516 2516 2517 2517 2515 2515 2532 2532 2533 2533 2534 2534 2532 2532 2534 2534 2535 2535 2532 2532 2535 2535 2536 2536 2532 2532 2536 2536 2537 2537 2531 2531 2532 2532 2537 2537 2540 2540 2531 2531 2537 2537 2539 2539 2540 2540 2537 2537 2538 2538 2539 2539 2537 2537 2548 2548 2541 2541 2542 2542 2548 2548 2549 2549 2550 2550 2548 2548 2550 2550 2551 2551 2548 2548 2551 2551 2541 2541 2547 2547 2548 2548 2542 2542 2546 2546 2547 2547 2542 2542 2545 2545 2546 2546 2542 2542 2544 2544 2545 2545 2542 2542 2543 2543 2544 2544 2542 2542 2559 2559 2560 2560 2561 2561 2558 2558 2559 2559 2561 2561 2557 2557 2558 2558 2561 2561 2556 2556 2557 2557 2561 2561 2555 2555 2556 2556 2561 2561 2554 2554 2555 2555 2561 2561 2553 2553 2561 2561 2562 2562 2553 2553 2562 2562 2563 2563 2553 2553 2563 2563 2564 2564 2553 2553 2564 2564 2552 2552 2553 2553 2554 2554 2561 2561 2573 2573 2574 2574 2575 2575 2572 2572 2573 2573 2575 2575 2571 2571 2572 2572 2575 2575 2570 2570 2571 2571 2575 2575 2569 2569 2570 2570 2575 2575 2568 2568 2569 2569 2575 2575 2567 2567 2565 2565 2566 2566 2567 2567 2575 2575 2576 2576 2567 2567 2576 2576 2577 2577 2567 2567 2577 2577 2565 2565 2567 2567 2568 2568 2575 2575</p>
        </triangles>
      </mesh>
    </geometry>
  </library_geometries>
  <library_visual_scenes>
    <visual_scene id="IfcOpenShell">
      <node id="product-db4f99f7-93c0-46ed-afa3-aa23b645379f-body" name="product-db4f99f7-93c0-46ed-afa3-aa23b645379f-body" type="NODE">
        <matrix>1 0 0 -0.5915874999999957 0 1 0 -1.750816786713267 0 0 1 -0.4486602540378452 0 0 0 1</matrix>
        <instance_geometry url="#representation-1067068-material-3732">
          <bind_material>
            <technique_common>
              <instance_material symbol="IfcMaterial-3732" target="#IfcMaterial-3732"/>
            </technique_common>
          </bind_material>
        </instance_geometry>
      </node>
    </visual_scene>
  </library_visual_scenes>
  <scene>
    <instance_visual_scene url="#IfcOpenShell"/>
  </scene>
</COLLADA>