<?xml version="1.0" encoding="utf-8"?>
<COLLADA xmlns="http://www.collada.org/2005/11/COLLADASchema" version="1.4.1" xmlns:xsi="http://www.w3.org/2001/XMLSchema-instance">
  <asset>
    <contributor>
      <authoring_tool>IfcOpenShell 0.8.1-c49ca69</authoring_tool>
    </contributor>
    <created>2025-04-25T00:28:39</created>
    <modified>2025-04-25T00:28:39</modified>
    <unit name="METER" meter="1"/>
    <up_axis>Z_UP</up_axis>
  </asset>
  <library_effects>
    <effect id="IfcMaterial-3732-fx">
      <profile_COMMON>
        <technique sid="common">
          <lambert/>
        </technique>
      </profile_COMMON>
    </effect>
  </library_effects>
  <library_materials>
    <material id="IfcMaterial-3732">
      <instance_effect url="#IfcMaterial-3732-fx"/>
    </material>
  </library_materials>
  <library_geometries>
    <geometry id="representation-3726-material-3732">
      <mesh>
        <source id="representation-3726-material-3732-positions">
          <float_array id="representation-3726-material-3732-positions-array" count="6192">1.641429491924304 -0.06699999999999994 0.8599969134955136 1.644607864376262 -0.06699999999999994 0.8558547778717827 1.652864138796027 -0.06699999999999994 0.8582683183497998 1.639431483474211 -0.06699999999999994 0.8648205325934631 1.641429491924304 -0.06699999999999994 0.8599969134955136 1.652864138796027 -0.06699999999999994 0.8582683183497998 1.648749999999993 -0.06699999999999994 0.8526764054198249 1.644607864376262 -0.06699999999999994 0.8558547778717827 1.652864138796027 -0.06699999999999994 0.8582683183497998 1.648749999999993 -0.06699999999999994 0.8526764054198249 1.652864138796027 -0.06699999999999994 0.8582683183497998 1.653573619097942 -0.06699999999999994 0.8506783969697322 1.653573619097942 -0.06699999999999994 0.8506783969697322 1.652864138796027 -0.06699999999999994 0.8582683183497998 1.658749999999993 -0.06699999999999994 0.8499969134955138 1.639431483474211 -0.06699999999999994 0.8648205325934631 1.652864138796027 -0.06699999999999994 0.8582683183497998 1.655442052863355 -0.06699999999999994 0.8735350148602716 1.655442052863355 -0.06699999999999994 0.8735350148602716 1.652864138796027 -0.06699999999999994 0.8582683183497998 1.656492967230023 -0.06699999999999994 0.8728227542439405 1.664635861203957 -0.06699999999999994 0.8582683183497998 1.658749999999993 -0.06699999999999994 0.8499969134955138 1.652864138796027 -0.06699999999999994 0.8582683183497998 1.663926380902043 -0.06699999999999994 0.8506783969697324 1.664635861203957 -0.06699999999999994 0.8582683183497998 1.658749999999993 -0.06699999999999994 0.8499969134955138 1.668749999999993 -0.06699999999999994 0.8526764054198251 1.663926380902043 -0.06699999999999994 0.8506783969697324 1.664635861203957 -0.06699999999999994 0.8582683183497998 1.672892135623724 -0.06699999999999994 0.8558547778717828 1.668749999999993 -0.06699999999999994 0.8526764054198251 1.664635861203957 -0.06699999999999994 0.8582683183497998 1.676070508075681 -0.06699999999999994 0.8599969134955139 1.672892135623724 -0.06699999999999994 0.8558547778717828 1.664635861203957 -0.06699999999999994 0.8582683183497998 1.678068516525774 -0.06699999999999994 0.8648205325934635 1.676070508075681 -0.06699999999999994 0.8599969134955139 1.664635861203957 -0.06699999999999994 0.8582683183497998 1.678068516525774 -0.06699999999999994 0.8648205325934635 1.664635861203957 -0.06699999999999994 0.8582683183497998 1.662057947136629 -0.06699999999999994 0.8735350148602716 1.661007032769962 -0.06699999999999994 0.8728227542439405 1.662057947136629 -0.06699999999999994 0.8735350148602716 1.664635861203957 -0.06699999999999994 0.8582683183497998 1.662057947136629 -0.06699999999999994 0.8735350148602716 1.678068516525774 -0.06699999999999994 0.8648205325934635 1.66289559997849 -0.06699999999999994 0.8744889927993072 1.66289559997849 -0.06699999999999994 0.8744889927993072 1.678068516525774 -0.06699999999999994 0.8648205325934635 1.678749999999993 -0.06699999999999994 0.869996913495514 1.678749999999993 -0.06699999999999994 0.869996913495514 1.66289559997849 -0.06699999999999994 0.8744889927993072 1.663465988279493 -0.06699999999999994 0.8756231856302321 1.663465988279493 -0.06699999999999994 0.8756231856302321 1.678749999999993 -0.06699999999999994 0.869996913495514 1.678068516525774 -0.06699999999999994 0.8751732943975643 1.678068516525774 -0.06699999999999994 0.8751732943975643 1.663465988279493 -0.06699999999999994 0.8756231856302321 1.66373233942092 -0.06699999999999994 0.8768644725676902 1.66373233942092 -0.06699999999999994 0.8768644725676902 1.678068516525774 -0.06699999999999994 0.8751732943975643 1.676070508075681 -0.06699999999999994 0.8799969134955138 1.663677481891795 -0.06699999999999994 0.8781328285284293 1.676070508075681 -0.06699999999999994 0.8799969134955138 1.66373233942092 -0.06699999999999994 0.8768644725676902 1.663677481891795 -0.06699999999999994 0.8781328285284293 1.676070508075681 -0.06699999999999994 0.8799969134955138 1.672892135623723 -0.06699999999999994 0.8841390491192447 1.663304952326724 -0.06699999999999994 0.8793464833042164 1.672892135623723 -0.06699999999999994 0.8841390491192447 1.663677481891795 -0.06699999999999994 0.8781328285284293 1.663304952326724 -0.06699999999999994 0.8793464833042164 1.672892135623723 -0.06699999999999994 0.8841390491192447 1.668749999999992 -0.06699999999999994 0.8873174215712026 1.662638767501004 -0.06699999999999994 0.8804271932419999 1.668749999999992 -0.06699999999999994 0.8873174215712026 1.663304952326724 -0.06699999999999994 0.8793464833042164 1.661721875982393 -0.06699999999999994 0.881305285569004 1.662638767501004 -0.06699999999999994 0.8804271932419999 1.668749999999992 -0.06699999999999994 0.8873174215712026 1.663926380902043 -0.06699999999999994 0.8893154300212952 1.661721875982393 -0.06699999999999994 0.881305285569004 1.668749999999992 -0.06699999999999994 0.8873174215712026 1.660613389260666 -0.06699999999999994 0.8819241501579073 1.663926380902043 -0.06699999999999994 0.8893154300212952 1.661721875982393 -0.06699999999999994 0.881305285569004 1.660613389260666 -0.06699999999999994 0.8819241501579073 1.663926380902043 -0.06699999999999994 0.8893154300212952 1.659384770862518 -0.06699999999999994 0.8822438891504833 1.659384770862518 -0.06699999999999994 0.8822438891504833 1.663926380902043 -0.06699999999999994 0.8893154300212952 1.658749999999993 -0.06699999999999994 0.8899969134955137 1.658749999999993 -0.06699999999999994 0.8899969134955137 1.659384770862518 -0.06699999999999994 0.8822438891504833 1.658115229137467 -0.06699999999999994 0.8822438891504833 1.658115229137467 -0.06699999999999994 0.8822438891504833 1.658749999999993 -0.06699999999999994 0.8899969134955137 1.653573619097942 -0.06699999999999994 0.889315430021295 1.656886610739318 -0.06699999999999994 0.8819241501579073 1.653573619097942 -0.06699999999999994 0.889315430021295 1.658115229137467 -0.06699999999999994 0.8822438891504833 1.656886610739318 -0.06699999999999994 0.8819241501579073 1.653573619097942 -0.06699999999999994 0.889315430021295 1.655778124017591 -0.06699999999999994 0.881305285569004 1.655778124017591 -0.06699999999999994 0.881305285569004 1.653573619097942 -0.06699999999999994 0.889315430021295 1.648749999999992 -0.06699999999999994 0.8873174215712024 1.654861232498981 -0.06699999999999994 0.8804271932419999 1.648749999999992 -0.06699999999999994 0.8873174215712024 1.655778124017591 -0.06699999999999994 0.881305285569004 1.654195047673261 -0.06699999999999994 0.8793464833042163 1.654861232498981 -0.06699999999999994 0.8804271932419999 1.648749999999992 -0.06699999999999994 0.8873174215712024 1.644607864376261 -0.06699999999999994 0.8841390491192446 1.654195047673261 -0.06699999999999994 0.8793464833042163 1.648749999999992 -0.06699999999999994 0.8873174215712024 1.653822518108189 -0.06699999999999994 0.8781328285284292 1.644607864376261 -0.06699999999999994 0.8841390491192446 1.654195047673261 -0.06699999999999994 0.8793464833042163 1.653822518108189 -0.06699999999999994 0.8781328285284292 1.644607864376261 -0.06699999999999994 0.8841390491192446 1.641429491924304 -0.06699999999999994 0.8799969134955136 1.641429491924304 -0.06699999999999994 0.8799969134955136 1.653822518108189 -0.06699999999999994 0.8781328285284292 1.653767660579065 -0.06699999999999994 0.8768644725676902 1.639431483474211 -0.06699999999999994 0.8751732943975641 1.653767660579065 -0.06699999999999994 0.8768644725676902 1.641429491924304 -0.06699999999999994 0.8799969134955136 1.639431483474211 -0.06699999999999994 0.8751732943975641 1.653767660579065 -0.06699999999999994 0.8768644725676902 1.654034011720491 -0.06699999999999994 0.8756231856302321 1.654034011720491 -0.06699999999999994 0.8756231856302321 1.639431483474211 -0.06699999999999994 0.8751732943975641 1.638749999999992 -0.06699999999999994 0.8699969134955136 1.654604400021495 -0.06699999999999994 0.8744889927993072 1.638749999999992 -0.06699999999999994 0.8699969134955136 1.654034011720491 -0.06699999999999994 0.8756231856302321 1.654604400021495 -0.06699999999999994 0.8744889927993072 1.655442052863355 -0.06699999999999994 0.8735350148602716 1.639431483474211 -0.06699999999999994 0.8648205325934631 1.654604400021495 -0.06699999999999994 0.8744889927993072 1.638749999999992 -0.06699999999999994 0.8699969134955136 1.639431483474211 -0.06699999999999994 0.8648205325934631 1.653573619097942 -0.07499999999999995 0.889315430021295 1.656886610739318 -0.07499999999999995 0.8819241501579073 1.655778124017591 -0.07499999999999995 0.881305285569004 1.653573619097942 -0.07499999999999995 0.889315430021295 1.655778124017591 -0.07499999999999995 0.881305285569004 1.648749999999992 -0.07499999999999995 0.8873174215712024 1.654861232498981 -0.07499999999999995 0.8804271932419999 1.648749999999992 -0.07499999999999995 0.8873174215712024 1.655778124017591 -0.07499999999999995 0.881305285569004 1.653573619097942 -0.07499999999999995 0.889315430021295 1.656886610739318 -0.07499999999999995 0.8819241501579073 1.658115229137467 -0.07499999999999995 0.8822438891504831 1.658749999999993 -0.07499999999999995 0.8899969134955137 1.658115229137467 -0.07499999999999995 0.8822438891504831 1.653573619097942 -0.07499999999999995 0.889315430021295 1.659384770862518 -0.07499999999999995 0.8822438891504833 1.658749999999993 -0.07499999999999995 0.8899969134955137 1.658115229137467 -0.07499999999999995 0.8822438891504831 1.659384770862518 -0.07499999999999995 0.8822438891504833 1.658749999999993 -0.07499999999999995 0.8899969134955137 1.663926380902043 -0.07499999999999995 0.8893154300212952 1.660613389260666 -0.07499999999999995 0.8819241501579074 1.663926380902043 -0.07499999999999995 0.8893154300212952 1.659384770862518 -0.07499999999999995 0.8822438891504833 1.660613389260666 -0.07499999999999995 0.8819241501579074 1.663926380902043 -0.07499999999999995 0.8893154300212952 1.661721875982393 -0.07499999999999995 0.8813052855690041 1.661721875982393 -0.07499999999999995 0.8813052855690041 1.663926380902043 -0.07499999999999995 0.8893154300212952 1.668749999999992 -0.07499999999999995 0.8873174215712026 1.662638767501004 -0.07499999999999995 0.880427193242 1.668749999999992 -0.07499999999999995 0.8873174215712026 1.661721875982393 -0.07499999999999995 0.8813052855690041 1.662638767501004 -0.07499999999999995 0.880427193242 1.668749999999992 -0.07499999999999995 0.8873174215712026 1.663304952326724 -0.07499999999999995 0.8793464833042164 1.663304952326724 -0.07499999999999995 0.8793464833042164 1.668749999999992 -0.07499999999999995 0.8873174215712026 1.672892135623724 -0.07499999999999995 0.8841390491192447 1.672892135623724 -0.07499999999999995 0.8841390491192447 1.663304952326724 -0.07499999999999995 0.8793464833042164 1.663677481891795 -0.07499999999999995 0.8781328285284293 1.663677481891795 -0.07499999999999995 0.8781328285284293 1.672892135623724 -0.07499999999999995 0.8841390491192447 1.676070508075681 -0.07499999999999995 0.8799969134955138 1.66373233942092 -0.07499999999999995 0.8768644725676904 1.676070508075681 -0.07499999999999995 0.8799969134955138 1.663677481891795 -0.07499999999999995 0.8781328285284293 1.66373233942092 -0.07499999999999995 0.8768644725676904 1.676070508075681 -0.07499999999999995 0.8799969134955138 1.678068516525774 -0.07499999999999995 0.8751732943975643 1.663465988279493 -0.07499999999999995 0.8756231856302322 1.678068516525774 -0.07499999999999995 0.8751732943975643 1.66373233942092 -0.07499999999999995 0.8768644725676904 1.663465988279493 -0.07499999999999995 0.8756231856302322 1.678068516525774 -0.07499999999999995 0.8751732943975643 1.678749999999993 -0.07499999999999995 0.8699969134955137 1.66289559997849 -0.07499999999999995 0.8744889927993072 1.678749999999993 -0.07499999999999995 0.8699969134955137 1.663465988279493 -0.07499999999999995 0.8756231856302322 1.678068516525774 -0.07499999999999995 0.8648205325934635 1.66289559997849 -0.07499999999999995 0.8744889927993072 1.678749999999993 -0.07499999999999995 0.8699969134955137 1.662057947136629 -0.07499999999999995 0.8735350148602716 1.678068516525774 -0.07499999999999995 0.8648205325934635 1.66289559997849 -0.07499999999999995 0.8744889927993072 1.664635861203957 -0.07499999999999995 0.8582683183497998 1.662057947136629 -0.07499999999999995 0.8735350148602716 1.678068516525774 -0.07499999999999995 0.8648205325934635 1.661007032769962 -0.07499999999999995 0.8728227542439406 1.664635861203957 -0.07499999999999995 0.8582683183497998 1.662057947136629 -0.07499999999999995 0.8735350148602716 1.664635861203957 -0.07499999999999995 0.8582683183497998 1.678068516525774 -0.07499999999999995 0.8648205325934635 1.676070508075681 -0.07499999999999995 0.8599969134955139 1.672892135623724 -0.07499999999999995 0.8558547778717828 1.676070508075681 -0.07499999999999995 0.8599969134955139 1.664635861203957 -0.07499999999999995 0.8582683183497998 1.668749999999993 -0.07499999999999995 0.8526764054198251 1.672892135623724 -0.07499999999999995 0.8558547778717828 1.664635861203957 -0.07499999999999995 0.8582683183497998 1.663926380902043 -0.07499999999999995 0.8506783969697324 1.668749999999993 -0.07499999999999995 0.8526764054198251 1.664635861203957 -0.07499999999999995 0.8582683183497998 1.658749999999993 -0.07499999999999995 0.8499969134955138 1.663926380902043 -0.07499999999999995 0.8506783969697324 1.664635861203957 -0.07499999999999995 0.8582683183497998 1.658749999999993 -0.07499999999999995 0.8499969134955138 1.664635861203957 -0.07499999999999995 0.8582683183497998 1.652864138796027 -0.07499999999999995 0.8582683183497998 1.653573619097942 -0.07499999999999995 0.8506783969697322 1.652864138796027 -0.07499999999999995 0.8582683183497998 1.658749999999993 -0.07499999999999995 0.8499969134955138 1.648749999999993 -0.07499999999999995 0.8526764054198249 1.653573619097942 -0.07499999999999995 0.8506783969697322 1.652864138796027 -0.07499999999999995 0.8582683183497998 1.644607864376262 -0.07499999999999995 0.8558547778717827 1.648749999999993 -0.07499999999999995 0.8526764054198249 1.652864138796027 -0.07499999999999995 0.8582683183497998 1.641429491924304 -0.07499999999999995 0.8599969134955136 1.644607864376262 -0.07499999999999995 0.8558547778717827 1.652864138796027 -0.07499999999999995 0.8582683183497998 1.639431483474211 -0.07499999999999995 0.8648205325934631 1.641429491924304 -0.07499999999999995 0.8599969134955136 1.652864138796027 -0.07499999999999995 0.8582683183497998 1.655442052863356 -0.07499999999999995 0.8735350148602715 1.639431483474211 -0.07499999999999995 0.8648205325934631 1.652864138796027 -0.07499999999999995 0.8582683183497998 1.656492967230023 -0.07499999999999995 0.8728227542439405 1.655442052863356 -0.07499999999999995 0.8735350148602715 1.652864138796027 -0.07499999999999995 0.8582683183497998 1.654604400021495 -0.07499999999999995 0.874488992799307 1.655442052863356 -0.07499999999999995 0.8735350148602715 1.639431483474211 -0.07499999999999995 0.8648205325934631 1.638749999999992 -0.07499999999999995 0.8699969134955135 1.654604400021495 -0.07499999999999995 0.874488992799307 1.639431483474211 -0.07499999999999995 0.8648205325934631 1.638749999999992 -0.07499999999999995 0.8699969134955135 1.654604400021495 -0.07499999999999995 0.874488992799307 1.654034011720491 -0.07499999999999995 0.8756231856302321 1.654034011720491 -0.07499999999999995 0.8756231856302321 1.638749999999992 -0.07499999999999995 0.8699969134955135 1.639431483474211 -0.07499999999999995 0.8751732943975641 1.653767660579065 -0.07499999999999995 0.8768644725676902 1.639431483474211 -0.07499999999999995 0.8751732943975641 1.654034011720491 -0.07499999999999995 0.8756231856302321 1.653767660579065 -0.07499999999999995 0.8768644725676902 1.639431483474211 -0.07499999999999995 0.8751732943975641 1.641429491924304 -0.07499999999999995 0.8799969134955136 1.653822518108189 -0.07499999999999995 0.8781328285284292 1.641429491924304 -0.07499999999999995 0.8799969134955136 1.653767660579065 -0.07499999999999995 0.8768644725676902 1.644607864376261 -0.07499999999999995 0.8841390491192446 1.653822518108189 -0.07499999999999995 0.8781328285284292 1.641429491924304 -0.07499999999999995 0.8799969134955136 1.654195047673261 -0.07499999999999995 0.8793464833042163 1.644607864376261 -0.07499999999999995 0.8841390491192446 1.653822518108189 -0.07499999999999995 0.8781328285284292 1.654195047673261 -0.07499999999999995 0.8793464833042163 1.644607864376261 -0.07499999999999995 0.8841390491192446 1.648749999999992 -0.07499999999999995 0.8873174215712024 1.654195047673261 -0.07499999999999995 0.8793464833042163 1.654861232498981 -0.07499999999999995 0.8804271932419999 1.648749999999992 -0.07499999999999995 0.8873174215712024 1.678068516525774 -0.07499999999999995 0.8648205325934635 1.678749999999993 -0.07499999999999995 0.8699969134955137 1.678068516525774 -0.06699999999999994 0.8648205325934635 1.678749999999993 -0.06699999999999994 0.869996913495514 1.676070508075681 -0.07499999999999995 0.8599969134955139 1.678068516525774 -0.07499999999999995 0.8648205325934635 1.676070508075681 -0.06699999999999994 0.8599969134955139 1.678068516525774 -0.06699999999999994 0.8648205325934635 1.668749999999993 -0.07499999999999995 0.8526764054198251 1.668749999999993 -0.06699999999999994 0.8526764054198251 1.672892135623724 -0.06699999999999994 0.8558547778717828 1.672892135623724 -0.07499999999999995 0.8558547778717828 1.676070508075681 -0.07499999999999995 0.8599969134955139 1.676070508075681 -0.06699999999999994 0.8599969134955139 1.672892135623724 -0.07499999999999995 0.8558547778717828 1.672892135623724 -0.06699999999999994 0.8558547778717828 1.663926380902043 -0.07499999999999995 0.8506783969697324 1.663926380902043 -0.06699999999999994 0.8506783969697324 1.668749999999993 -0.06699999999999994 0.8526764054198251 1.668749999999993 -0.07499999999999995 0.8526764054198251 1.658749999999993 -0.07499999999999995 0.8499969134955138 1.658749999999993 -0.06699999999999994 0.8499969134955138 1.663926380902043 -0.06699999999999994 0.8506783969697324 1.663926380902043 -0.07499999999999995 0.8506783969697324 1.653573619097942 -0.07499999999999995 0.8506783969697322 1.658749999999993 -0.07499999999999995 0.8499969134955138 1.653573619097942 -0.06699999999999994 0.8506783969697322 1.658749999999993 -0.06699999999999994 0.8499969134955138 1.648749999999993 -0.07499999999999995 0.8526764054198249 1.653573619097942 -0.07499999999999995 0.8506783969697322 1.648749999999993 -0.06699999999999994 0.8526764054198249 1.653573619097942 -0.06699999999999994 0.8506783969697322 1.641429491924304 -0.07499999999999995 0.8599969134955136 1.641429491924304 -0.06699999999999994 0.8599969134955136 1.644607864376262 -0.06699999999999994 0.8558547778717827 1.644607864376262 -0.07499999999999995 0.8558547778717827 1.648749999999993 -0.07499999999999995 0.8526764054198249 1.648749999999993 -0.06699999999999994 0.8526764054198249 1.644607864376262 -0.07499999999999995 0.8558547778717827 1.644607864376262 -0.06699999999999994 0.8558547778717827 1.639431483474211 -0.07499999999999995 0.8648205325934631 1.639431483474211 -0.06699999999999994 0.8648205325934631 1.641429491924304 -0.06699999999999994 0.8599969134955136 1.641429491924304 -0.07499999999999995 0.8599969134955136 1.638749999999992 -0.07499999999999995 0.8699969134955135 1.638749999999992 -0.06699999999999994 0.8699969134955136 1.639431483474211 -0.06699999999999994 0.8648205325934631 1.639431483474211 -0.07499999999999995 0.8648205325934631 1.639431483474211 -0.07499999999999995 0.8751732943975641 1.638749999999992 -0.07499999999999995 0.8699969134955135 1.639431483474211 -0.06699999999999994 0.8751732943975641 1.638749999999992 -0.06699999999999994 0.8699969134955136 1.641429491924304 -0.07499999999999995 0.8799969134955136 1.639431483474211 -0.07499999999999995 0.8751732943975641 1.641429491924304 -0.06699999999999994 0.8799969134955136 1.639431483474211 -0.06699999999999994 0.8751732943975641 1.648749999999992 -0.07499999999999995 0.8873174215712024 1.648749999999992 -0.06699999999999994 0.8873174215712024 1.644607864376261 -0.06699999999999994 0.8841390491192446 1.644607864376261 -0.07499999999999995 0.8841390491192446 1.641429491924304 -0.07499999999999995 0.8799969134955136 1.641429491924304 -0.06699999999999994 0.8799969134955136 1.644607864376261 -0.07499999999999995 0.8841390491192446 1.644607864376261 -0.06699999999999994 0.8841390491192446 1.653573619097942 -0.07499999999999995 0.889315430021295 1.653573619097942 -0.06699999999999994 0.889315430021295 1.648749999999992 -0.06699999999999994 0.8873174215712024 1.648749999999992 -0.07499999999999995 0.8873174215712024 1.658749999999993 -0.07499999999999995 0.8899969134955137 1.658749999999993 -0.06699999999999994 0.8899969134955137 1.653573619097942 -0.06699999999999994 0.889315430021295 1.653573619097942 -0.07499999999999995 0.889315430021295 1.663926380902043 -0.07499999999999995 0.8893154300212952 1.658749999999993 -0.07499999999999995 0.8899969134955137 1.663926380902043 -0.06699999999999994 0.8893154300212952 1.658749999999993 -0.06699999999999994 0.8899969134955137 1.668749999999992 -0.07499999999999995 0.8873174215712026 1.663926380902043 -0.07499999999999995 0.8893154300212952 1.668749999999992 -0.06699999999999994 0.8873174215712026 1.663926380902043 -0.06699999999999994 0.8893154300212952 1.676070508075681 -0.07499999999999995 0.8799969134955138 1.676070508075681 -0.06699999999999994 0.8799969134955138 1.672892135623723 -0.06699999999999994 0.8841390491192447 1.672892135623724 -0.07499999999999995 0.8841390491192447 1.668749999999992 -0.07499999999999995 0.8873174215712026 1.668749999999992 -0.06699999999999994 0.8873174215712026 1.672892135623724 -0.07499999999999995 0.8841390491192447 1.672892135623723 -0.06699999999999994 0.8841390491192447 1.678068516525774 -0.07499999999999995 0.8751732943975643 1.678068516525774 -0.06699999999999994 0.8751732943975643 1.676070508075681 -0.06699999999999994 0.8799969134955138 1.676070508075681 -0.07499999999999995 0.8799969134955138 1.678749999999993 -0.07499999999999995 0.8699969134955137 1.678749999999993 -0.06699999999999994 0.869996913495514 1.678068516525774 -0.06699999999999994 0.8751732943975643 1.678068516525774 -0.07499999999999995 0.8751732943975643 1.656492967230023 -0.07499999999999995 0.8728227542439405 1.656492967230023 -0.06699999999999994 0.8728227542439405 1.652864138796027 -0.07499999999999995 0.8582683183497998 1.652864138796027 -0.06699999999999994 0.8582683183497998 1.656492967230023 -0.07499999999999995 0.8728227542439405 1.655442052863356 -0.07499999999999995 0.8735350148602715 1.656492967230023 -0.06699999999999994 0.8728227542439405 1.655442052863355 -0.06699999999999994 0.8735350148602716 1.654034011720491 -0.07499999999999995 0.8756231856302321 1.654604400021495 -0.07499999999999995 0.874488992799307 1.654604400021495 -0.06699999999999994 0.8744889927993072 1.654034011720491 -0.06699999999999994 0.8756231856302321 1.654604400021495 -0.07499999999999995 0.874488992799307 1.654604400021495 -0.06699999999999994 0.8744889927993072 1.655442052863356 -0.07499999999999995 0.8735350148602715 1.655442052863355 -0.06699999999999994 0.8735350148602716 1.653767660579065 -0.07499999999999995 0.8768644725676902 1.653767660579065 -0.06699999999999994 0.8768644725676902 1.654034011720491 -0.07499999999999995 0.8756231856302321 1.654034011720491 -0.06699999999999994 0.8756231856302321 1.654195047673261 -0.07499999999999995 0.8793464833042163 1.653822518108189 -0.07499999999999995 0.8781328285284292 1.653822518108189 -0.06699999999999994 0.8781328285284292 1.654195047673261 -0.06699999999999994 0.8793464833042163 1.654195047673261 -0.07499999999999995 0.8793464833042163 1.654861232498981 -0.07499999999999995 0.8804271932419999 1.654195047673261 -0.06699999999999994 0.8793464833042163 1.654861232498981 -0.06699999999999994 0.8804271932419999 1.656886610739318 -0.07499999999999995 0.8819241501579073 1.656886610739318 -0.06699999999999994 0.8819241501579073 1.655778124017591 -0.07499999999999995 0.881305285569004 1.655778124017591 -0.06699999999999994 0.881305285569004 1.654861232498981 -0.06699999999999994 0.8804271932419999 1.655778124017591 -0.06699999999999994 0.881305285569004 1.655778124017591 -0.07499999999999995 0.881305285569004 1.654861232498981 -0.07499999999999995 0.8804271932419999 1.653767660579065 -0.06699999999999994 0.8768644725676902 1.653822518108189 -0.06699999999999994 0.8781328285284292 1.653822518108189 -0.07499999999999995 0.8781328285284292 1.653767660579065 -0.07499999999999995 0.8768644725676902 1.656886610739318 -0.06699999999999994 0.8819241501579073 1.658115229137467 -0.06699999999999994 0.8822438891504833 1.658115229137467 -0.07499999999999995 0.8822438891504831 1.656886610739318 -0.07499999999999995 0.8819241501579073 1.658115229137467 -0.07499999999999995 0.8822438891504831 1.658115229137467 -0.06699999999999994 0.8822438891504833 1.659384770862518 -0.06699999999999994 0.8822438891504833 1.659384770862518 -0.07499999999999995 0.8822438891504833 1.660613389260666 -0.07499999999999995 0.8819241501579074 1.659384770862518 -0.07499999999999995 0.8822438891504833 1.659384770862518 -0.06699999999999994 0.8822438891504833 1.660613389260666 -0.06699999999999994 0.8819241501579073 1.662638767501004 -0.07499999999999995 0.880427193242 1.661721875982393 -0.07499999999999995 0.8813052855690041 1.661721875982393 -0.06699999999999994 0.881305285569004 1.662638767501004 -0.06699999999999994 0.8804271932419999 1.661721875982393 -0.07499999999999995 0.8813052855690041 1.661721875982393 -0.06699999999999994 0.881305285569004 1.660613389260666 -0.07499999999999995 0.8819241501579074 1.660613389260666 -0.06699999999999994 0.8819241501579073 1.663304952326724 -0.07499999999999995 0.8793464833042164 1.663304952326724 -0.06699999999999994 0.8793464833042164 1.662638767501004 -0.07499999999999995 0.880427193242 1.662638767501004 -0.06699999999999994 0.8804271932419999 1.66373233942092 -0.07499999999999995 0.8768644725676904 1.663677481891795 -0.07499999999999995 0.8781328285284293 1.663677481891795 -0.06699999999999994 0.8781328285284293 1.66373233942092 -0.06699999999999994 0.8768644725676902 1.663465988279493 -0.07499999999999995 0.8756231856302322 1.66373233942092 -0.07499999999999995 0.8768644725676904 1.66373233942092 -0.06699999999999994 0.8768644725676902 1.663465988279493 -0.06699999999999994 0.8756231856302321 1.662057947136629 -0.07499999999999995 0.8735350148602716 1.662057947136629 -0.06699999999999994 0.8735350148602716 1.66289559997849 -0.07499999999999995 0.8744889927993072 1.66289559997849 -0.06699999999999994 0.8744889927993072 1.663465988279493 -0.06699999999999994 0.8756231856302321 1.66289559997849 -0.06699999999999994 0.8744889927993072 1.66289559997849 -0.07499999999999995 0.8744889927993072 1.663465988279493 -0.07499999999999995 0.8756231856302322 1.663304952326724 -0.06699999999999994 0.8793464833042164 1.663677481891795 -0.06699999999999994 0.8781328285284293 1.663677481891795 -0.07499999999999995 0.8781328285284293 1.663304952326724 -0.07499999999999995 0.8793464833042164 1.661007032769962 -0.06699999999999994 0.8728227542439405 1.662057947136629 -0.06699999999999994 0.8735350148602716 1.661007032769962 -0.07499999999999995 0.8728227542439406 1.662057947136629 -0.07499999999999995 0.8735350148602716 1.664635861203957 -0.07499999999999995 0.8582683183497998 1.664635861203957 -0.06699999999999994 0.8582683183497998 1.661007032769962 -0.07499999999999995 0.8728227542439406 1.661007032769962 -0.06699999999999994 0.8728227542439405 1.652864138796027 -0.07499999999999995 0.8582683183497998 1.664635861203957 -0.07499999999999995 0.8582683183497998 1.664635861203957 -0.06699999999999994 0.8582683183497998 1.652864138796027 -0.06699999999999994 0.8582683183497998 1.652864138796027 -0.133 0.8582683183498001 1.644607864376262 -0.133 0.8558547778717831 1.641429491924304 -0.133 0.8599969134955139 1.652864138796027 -0.133 0.8582683183498001 1.641429491924304 -0.133 0.8599969134955139 1.639431483474211 -0.133 0.8648205325934634 1.648749999999993 -0.133 0.8526764054198252 1.652864138796027 -0.133 0.8582683183498001 1.644607864376262 -0.133 0.8558547778717831 1.653573619097942 -0.133 0.8506783969697325 1.648749999999993 -0.133 0.8526764054198252 1.652864138796027 -0.133 0.8582683183498001 1.658749999999993 -0.133 0.849996913495514 1.653573619097942 -0.133 0.8506783969697325 1.652864138796027 -0.133 0.8582683183498001 1.658749999999993 -0.133 0.849996913495514 1.652864138796027 -0.133 0.8582683183498001 1.664635861203957 -0.133 0.8582683183498001 1.664635861203957 -0.133 0.8582683183498001 1.658749999999993 -0.133 0.849996913495514 1.663926380902043 -0.133 0.8506783969697326 1.663926380902043 -0.133 0.8506783969697326 1.664635861203957 -0.133 0.8582683183498001 1.668749999999993 -0.133 0.8526764054198254 1.668749999999993 -0.133 0.8526764054198254 1.664635861203957 -0.133 0.8582683183498001 1.672892135623724 -0.133 0.8558547778717832 1.672892135623724 -0.133 0.8558547778717832 1.664635861203957 -0.133 0.8582683183498001 1.676070508075681 -0.133 0.8599969134955143 1.676070508075681 -0.133 0.8599969134955143 1.664635861203957 -0.133 0.8582683183498001 1.678068516525774 -0.133 0.8648205325934638 1.662057947136629 -0.133 0.8735350148602719 1.678068516525774 -0.133 0.8648205325934638 1.664635861203957 -0.133 0.8582683183498001 1.66289559997849 -0.133 0.8744889927993074 1.662057947136629 -0.133 0.8735350148602719 1.678068516525774 -0.133 0.8648205325934638 1.678749999999993 -0.133 0.8699969134955141 1.66289559997849 -0.133 0.8744889927993074 1.678068516525774 -0.133 0.8648205325934638 1.663465988279493 -0.133 0.8756231856302323 1.678749999999993 -0.133 0.8699969134955141 1.66289559997849 -0.133 0.8744889927993074 1.678068516525774 -0.133 0.8751732943975646 1.663465988279493 -0.133 0.8756231856302323 1.678749999999993 -0.133 0.8699969134955141 1.66373233942092 -0.133 0.8768644725676905 1.678068516525774 -0.133 0.8751732943975646 1.663465988279493 -0.133 0.8756231856302323 1.676070508075681 -0.133 0.8799969134955141 1.66373233942092 -0.133 0.8768644725676905 1.678068516525774 -0.133 0.8751732943975646 1.676070508075681 -0.133 0.8799969134955141 1.66373233942092 -0.133 0.8768644725676905 1.663677481891795 -0.133 0.8781328285284295 1.672892135623723 -0.133 0.8841390491192451 1.663677481891795 -0.133 0.8781328285284295 1.676070508075681 -0.133 0.8799969134955141 1.672892135623723 -0.133 0.8841390491192451 1.663677481891795 -0.133 0.8781328285284295 1.663304952326724 -0.133 0.8793464833042167 1.668749999999992 -0.133 0.8873174215712028 1.663304952326724 -0.133 0.8793464833042167 1.672892135623723 -0.133 0.8841390491192451 1.668749999999992 -0.133 0.8873174215712028 1.663304952326724 -0.133 0.8793464833042167 1.662638767501004 -0.133 0.8804271932420001 1.662638767501004 -0.133 0.8804271932420001 1.668749999999992 -0.133 0.8873174215712028 1.661721875982393 -0.133 0.8813052855690042 1.661721875982393 -0.133 0.8813052855690042 1.668749999999992 -0.133 0.8873174215712028 1.663926380902043 -0.133 0.8893154300212955 1.663926380902043 -0.133 0.8893154300212955 1.661721875982393 -0.133 0.8813052855690042 1.660613389260666 -0.133 0.8819241501579075 1.659384770862518 -0.133 0.8822438891504835 1.660613389260666 -0.133 0.8819241501579075 1.663926380902043 -0.133 0.8893154300212955 1.658749999999992 -0.133 0.889996913495514 1.659384770862518 -0.133 0.8822438891504835 1.663926380902043 -0.133 0.8893154300212955 1.658115229137467 -0.133 0.8822438891504835 1.658749999999992 -0.133 0.889996913495514 1.659384770862518 -0.133 0.8822438891504835 1.653573619097942 -0.133 0.8893154300212954 1.658115229137467 -0.133 0.8822438891504835 1.658749999999992 -0.133 0.889996913495514 1.653573619097942 -0.133 0.8893154300212954 1.658115229137467 -0.133 0.8822438891504835 1.656886610739318 -0.133 0.8819241501579075 1.655778124017591 -0.133 0.8813052855690042 1.656886610739318 -0.133 0.8819241501579075 1.653573619097942 -0.133 0.8893154300212954 1.648749999999992 -0.133 0.8873174215712027 1.655778124017591 -0.133 0.8813052855690042 1.653573619097942 -0.133 0.8893154300212954 1.648749999999992 -0.133 0.8873174215712027 1.655778124017591 -0.133 0.8813052855690042 1.654861232498981 -0.133 0.8804271932420001 1.654861232498981 -0.133 0.8804271932420001 1.648749999999992 -0.133 0.8873174215712027 1.654195047673261 -0.133 0.8793464833042166 1.654195047673261 -0.133 0.8793464833042166 1.648749999999992 -0.133 0.8873174215712027 1.644607864376261 -0.133 0.8841390491192449 1.644607864376261 -0.133 0.8841390491192449 1.654195047673261 -0.133 0.8793464833042166 1.653822518108189 -0.133 0.8781328285284294 1.641429491924304 -0.133 0.879996913495514 1.653822518108189 -0.133 0.8781328285284294 1.644607864376261 -0.133 0.8841390491192449 1.653767660579065 -0.133 0.8768644725676905 1.641429491924304 -0.133 0.879996913495514 1.653822518108189 -0.133 0.8781328285284294 1.653767660579065 -0.133 0.8768644725676905 1.641429491924304 -0.133 0.879996913495514 1.639431483474211 -0.133 0.8751732943975644 1.654034011720491 -0.133 0.8756231856302323 1.639431483474211 -0.133 0.8751732943975644 1.653767660579065 -0.133 0.8768644725676905 1.638749999999992 -0.133 0.8699969134955137 1.654034011720491 -0.133 0.8756231856302323 1.639431483474211 -0.133 0.8751732943975644 1.638749999999992 -0.133 0.8699969134955137 1.654034011720491 -0.133 0.8756231856302323 1.654604400021495 -0.133 0.8744889927993074 1.638749999999992 -0.133 0.8699969134955137 1.639431483474211 -0.133 0.8648205325934634 1.654604400021495 -0.133 0.8744889927993074 1.655442052863355 -0.133 0.8735350148602719 1.639431483474211 -0.133 0.8648205325934634 1.652864138796027 -0.133 0.8582683183498001 1.655442052863355 -0.133 0.8735350148602719 1.654604400021495 -0.133 0.8744889927993074 1.639431483474211 -0.133 0.8648205325934634 1.656492967230023 -0.133 0.8728227542439407 1.655442052863355 -0.133 0.8735350148602719 1.652864138796027 -0.133 0.8582683183498001 1.662057947136629 -0.133 0.8735350148602719 1.664635861203957 -0.133 0.8582683183498001 1.661007032769962 -0.133 0.8728227542439408 1.655778124017591 -0.125 0.8813052855690042 1.656886610739318 -0.125 0.8819241501579075 1.653573619097942 -0.125 0.8893154300212954 1.648749999999992 -0.125 0.8873174215712027 1.655778124017591 -0.125 0.8813052855690042 1.653573619097942 -0.125 0.8893154300212954 1.658115229137467 -0.125 0.8822438891504834 1.656886610739318 -0.125 0.8819241501579075 1.653573619097942 -0.125 0.8893154300212954 1.658115229137467 -0.125 0.8822438891504834 1.653573619097942 -0.125 0.8893154300212954 1.658749999999992 -0.125 0.889996913495514 1.658749999999992 -0.125 0.889996913495514 1.658115229137467 -0.125 0.8822438891504834 1.659384770862517 -0.125 0.8822438891504835 1.663926380902043 -0.125 0.8893154300212955 1.659384770862517 -0.125 0.8822438891504835 1.658749999999992 -0.125 0.889996913495514 1.663926380902043 -0.125 0.8893154300212955 1.659384770862517 -0.125 0.8822438891504835 1.660613389260666 -0.125 0.8819241501579077 1.661721875982393 -0.125 0.8813052855690044 1.660613389260666 -0.125 0.8819241501579077 1.663926380902043 -0.125 0.8893154300212955 1.668749999999992 -0.125 0.8873174215712028 1.661721875982393 -0.125 0.8813052855690044 1.663926380902043 -0.125 0.8893154300212955 1.668749999999992 -0.125 0.8873174215712028 1.661721875982393 -0.125 0.8813052855690044 1.662638767501004 -0.125 0.8804271932420002 1.663304952326724 -0.125 0.8793464833042167 1.662638767501004 -0.125 0.8804271932420002 1.668749999999992 -0.125 0.8873174215712028 1.672892135623723 -0.125 0.8841390491192451 1.663304952326724 -0.125 0.8793464833042167 1.668749999999992 -0.125 0.8873174215712028 1.663677481891795 -0.125 0.8781328285284295 1.672892135623723 -0.125 0.8841390491192451 1.663304952326724 -0.125 0.8793464833042167 1.676070508075681 -0.125 0.8799969134955141 1.663677481891795 -0.125 0.8781328285284295 1.672892135623723 -0.125 0.8841390491192451 1.676070508075681 -0.125 0.8799969134955141 1.663677481891795 -0.125 0.8781328285284295 1.66373233942092 -0.125 0.8768644725676906 1.678068516525774 -0.125 0.8751732943975646 1.66373233942092 -0.125 0.8768644725676906 1.676070508075681 -0.125 0.8799969134955141 1.678068516525774 -0.125 0.8751732943975646 1.66373233942092 -0.125 0.8768644725676906 1.663465988279493 -0.125 0.8756231856302324 1.678749999999993 -0.125 0.8699969134955143 1.663465988279493 -0.125 0.8756231856302324 1.678068516525774 -0.125 0.8751732943975646 1.678749999999993 -0.125 0.8699969134955143 1.663465988279493 -0.125 0.8756231856302324 1.66289559997849 -0.125 0.8744889927993074 1.66289559997849 -0.125 0.8744889927993074 1.678749999999993 -0.125 0.8699969134955143 1.678068516525774 -0.125 0.8648205325934638 1.678068516525774 -0.125 0.8648205325934638 1.66289559997849 -0.125 0.8744889927993074 1.662057947136629 -0.125 0.8735350148602719 1.662057947136629 -0.125 0.8735350148602719 1.678068516525774 -0.125 0.8648205325934638 1.664635861203957 -0.125 0.8582683183498001 1.676070508075681 -0.125 0.8599969134955143 1.664635861203957 -0.125 0.8582683183498001 1.678068516525774 -0.125 0.8648205325934638 1.676070508075681 -0.125 0.8599969134955143 1.664635861203957 -0.125 0.8582683183498001 1.672892135623724 -0.125 0.8558547778717832 1.672892135623724 -0.125 0.8558547778717832 1.664635861203957 -0.125 0.8582683183498001 1.668749999999993 -0.125 0.8526764054198254 1.668749999999993 -0.125 0.8526764054198254 1.664635861203957 -0.125 0.8582683183498001 1.663926380902043 -0.125 0.8506783969697326 1.663926380902043 -0.125 0.8506783969697326 1.664635861203957 -0.125 0.8582683183498001 1.658749999999993 -0.125 0.849996913495514 1.652864138796027 -0.125 0.8582683183498001 1.658749999999993 -0.125 0.849996913495514 1.664635861203957 -0.125 0.8582683183498001 1.652864138796027 -0.125 0.8582683183498001 1.658749999999993 -0.125 0.849996913495514 1.653573619097942 -0.125 0.8506783969697325 1.653573619097942 -0.125 0.8506783969697325 1.652864138796027 -0.125 0.8582683183498001 1.648749999999993 -0.125 0.8526764054198252 1.648749999999993 -0.125 0.8526764054198252 1.652864138796027 -0.125 0.8582683183498001 1.644607864376262 -0.125 0.8558547778717831 1.644607864376262 -0.125 0.8558547778717831 1.652864138796027 -0.125 0.8582683183498001 1.641429491924304 -0.125 0.8599969134955139 1.641429491924304 -0.125 0.8599969134955139 1.652864138796027 -0.125 0.8582683183498001 1.639431483474211 -0.125 0.8648205325934634 1.639431483474211 -0.125 0.8648205325934634 1.652864138796027 -0.125 0.8582683183498001 1.655442052863355 -0.125 0.8735350148602717 1.655442052863355 -0.125 0.8735350148602717 1.639431483474211 -0.125 0.8648205325934634 1.654604400021495 -0.125 0.8744889927993073 1.654604400021495 -0.125 0.8744889927993073 1.639431483474211 -0.125 0.8648205325934634 1.638749999999992 -0.125 0.869996913495514 1.654034011720491 -0.125 0.8756231856302323 1.638749999999992 -0.125 0.869996913495514 1.654604400021495 -0.125 0.8744889927993073 1.639431483474211 -0.125 0.8751732943975644 1.654034011720491 -0.125 0.8756231856302323 1.638749999999992 -0.125 0.869996913495514 1.639431483474211 -0.125 0.8751732943975644 1.654034011720491 -0.125 0.8756231856302323 1.653767660579065 -0.125 0.8768644725676905 1.641429491924304 -0.125 0.879996913495514 1.653767660579065 -0.125 0.8768644725676905 1.639431483474211 -0.125 0.8751732943975644 1.641429491924304 -0.125 0.879996913495514 1.653767660579065 -0.125 0.8768644725676905 1.653822518108189 -0.125 0.8781328285284294 1.653822518108189 -0.125 0.8781328285284294 1.641429491924304 -0.125 0.879996913495514 1.644607864376261 -0.125 0.8841390491192449 1.644607864376261 -0.125 0.8841390491192449 1.648749999999992 -0.125 0.8873174215712027 1.654195047673261 -0.125 0.8793464833042166 1.644607864376261 -0.125 0.8841390491192449 1.653822518108189 -0.125 0.8781328285284294 1.654195047673261 -0.125 0.8793464833042166 1.655442052863355 -0.125 0.8735350148602717 1.652864138796027 -0.125 0.8582683183498001 1.656492967230023 -0.125 0.8728227542439407 1.664635861203957 -0.125 0.8582683183498001 1.662057947136629 -0.125 0.8735350148602719 1.661007032769962 -0.125 0.8728227542439408 1.648749999999992 -0.125 0.8873174215712027 1.655778124017591 -0.125 0.8813052855690042 1.654861232498981 -0.125 0.8804271932420001 1.654861232498981 -0.125 0.8804271932420001 1.654195047673261 -0.125 0.8793464833042166 1.648749999999992 -0.125 0.8873174215712027 1.678068516525774 -0.125 0.8648205325934638 1.678749999999993 -0.125 0.8699969134955143 1.678749999999993 -0.133 0.8699969134955141 1.678068516525774 -0.133 0.8648205325934638 1.676070508075681 -0.125 0.8599969134955143 1.678068516525774 -0.125 0.8648205325934638 1.678068516525774 -0.133 0.8648205325934638 1.676070508075681 -0.133 0.8599969134955143 1.668749999999993 -0.125 0.8526764054198254 1.668749999999993 -0.133 0.8526764054198254 1.672892135623724 -0.125 0.8558547778717832 1.672892135623724 -0.133 0.8558547778717832 1.676070508075681 -0.133 0.8599969134955143 1.672892135623724 -0.133 0.8558547778717832 1.672892135623724 -0.125 0.8558547778717832 1.676070508075681 -0.125 0.8599969134955143 1.663926380902043 -0.125 0.8506783969697326 1.663926380902043 -0.133 0.8506783969697326 1.668749999999993 -0.125 0.8526764054198254 1.668749999999993 -0.133 0.8526764054198254 1.658749999999993 -0.125 0.849996913495514 1.663926380902043 -0.125 0.8506783969697326 1.663926380902043 -0.133 0.8506783969697326 1.658749999999993 -0.133 0.849996913495514 1.653573619097942 -0.125 0.8506783969697325 1.658749999999993 -0.125 0.849996913495514 1.658749999999993 -0.133 0.849996913495514 1.653573619097942 -0.133 0.8506783969697325 1.648749999999993 -0.125 0.8526764054198252 1.653573619097942 -0.125 0.8506783969697325 1.653573619097942 -0.133 0.8506783969697325 1.648749999999993 -0.133 0.8526764054198252 1.641429491924304 -0.125 0.8599969134955139 1.641429491924304 -0.133 0.8599969134955139 1.644607864376262 -0.125 0.8558547778717831 1.644607864376262 -0.133 0.8558547778717831 1.648749999999993 -0.133 0.8526764054198252 1.644607864376262 -0.133 0.8558547778717831 1.644607864376262 -0.125 0.8558547778717831 1.648749999999993 -0.125 0.8526764054198252 1.639431483474211 -0.125 0.8648205325934634 1.639431483474211 -0.133 0.8648205325934634 1.641429491924304 -0.125 0.8599969134955139 1.641429491924304 -0.133 0.8599969134955139 1.638749999999992 -0.125 0.869996913495514 1.639431483474211 -0.125 0.8648205325934634 1.639431483474211 -0.133 0.8648205325934634 1.638749999999992 -0.133 0.8699969134955137 1.639431483474211 -0.125 0.8751732943975644 1.638749999999992 -0.125 0.869996913495514 1.638749999999992 -0.133 0.8699969134955137 1.639431483474211 -0.133 0.8751732943975644 1.641429491924304 -0.125 0.879996913495514 1.639431483474211 -0.125 0.8751732943975644 1.639431483474211 -0.133 0.8751732943975644 1.641429491924304 -0.133 0.879996913495514 1.648749999999992 -0.125 0.8873174215712027 1.648749999999992 -0.133 0.8873174215712027 1.644607864376261 -0.125 0.8841390491192449 1.644607864376261 -0.133 0.8841390491192449 1.641429491924304 -0.133 0.879996913495514 1.644607864376261 -0.133 0.8841390491192449 1.644607864376261 -0.125 0.8841390491192449 1.641429491924304 -0.125 0.879996913495514 1.653573619097942 -0.125 0.8893154300212954 1.653573619097942 -0.133 0.8893154300212954 1.648749999999992 -0.125 0.8873174215712027 1.648749999999992 -0.133 0.8873174215712027 1.658749999999992 -0.125 0.889996913495514 1.653573619097942 -0.125 0.8893154300212954 1.653573619097942 -0.133 0.8893154300212954 1.658749999999992 -0.133 0.889996913495514 1.663926380902043 -0.125 0.8893154300212955 1.658749999999992 -0.125 0.889996913495514 1.658749999999992 -0.133 0.889996913495514 1.663926380902043 -0.133 0.8893154300212955 1.668749999999992 -0.125 0.8873174215712028 1.663926380902043 -0.125 0.8893154300212955 1.663926380902043 -0.133 0.8893154300212955 1.668749999999992 -0.133 0.8873174215712028 1.676070508075681 -0.125 0.8799969134955141 1.676070508075681 -0.133 0.8799969134955141 1.672892135623723 -0.125 0.8841390491192451 1.672892135623723 -0.133 0.8841390491192451 1.668749999999992 -0.133 0.8873174215712028 1.672892135623723 -0.133 0.8841390491192451 1.672892135623723 -0.125 0.8841390491192451 1.668749999999992 -0.125 0.8873174215712028 1.678068516525774 -0.125 0.8751732943975646 1.678068516525774 -0.133 0.8751732943975646 1.676070508075681 -0.125 0.8799969134955141 1.676070508075681 -0.133 0.8799969134955141 1.678749999999993 -0.125 0.8699969134955143 1.678068516525774 -0.125 0.8751732943975646 1.678068516525774 -0.133 0.8751732943975646 1.678749999999993 -0.133 0.8699969134955141 1.656492967230023 -0.125 0.8728227542439407 1.656492967230023 -0.133 0.8728227542439407 1.652864138796027 -0.133 0.8582683183498001 1.652864138796027 -0.125 0.8582683183498001 1.656492967230023 -0.125 0.8728227542439407 1.655442052863355 -0.125 0.8735350148602717 1.655442052863355 -0.133 0.8735350148602719 1.656492967230023 -0.133 0.8728227542439407 1.654034011720491 -0.125 0.8756231856302323 1.654604400021495 -0.125 0.8744889927993073 1.654034011720491 -0.133 0.8756231856302323 1.654604400021495 -0.133 0.8744889927993074 1.654604400021495 -0.125 0.8744889927993073 1.654604400021495 -0.133 0.8744889927993074 1.655442052863355 -0.133 0.8735350148602719 1.655442052863355 -0.125 0.8735350148602717 1.653767660579065 -0.125 0.8768644725676905 1.653767660579065 -0.133 0.8768644725676905 1.654034011720491 -0.133 0.8756231856302323 1.654034011720491 -0.125 0.8756231856302323 1.654195047673261 -0.125 0.8793464833042166 1.653822518108189 -0.125 0.8781328285284294 1.654195047673261 -0.133 0.8793464833042166 1.653822518108189 -0.133 0.8781328285284294 1.654861232498981 -0.125 0.8804271932420001 1.654195047673261 -0.125 0.8793464833042166 1.654861232498981 -0.133 0.8804271932420001 1.654195047673261 -0.133 0.8793464833042166 1.656886610739318 -0.125 0.8819241501579075 1.656886610739318 -0.133 0.8819241501579075 1.655778124017591 -0.133 0.8813052855690042 1.655778124017591 -0.125 0.8813052855690042 1.654861232498981 -0.125 0.8804271932420001 1.654861232498981 -0.133 0.8804271932420001 1.655778124017591 -0.125 0.8813052855690042 1.655778124017591 -0.133 0.8813052855690042 1.653767660579065 -0.125 0.8768644725676905 1.653767660579065 -0.133 0.8768644725676905 1.653822518108189 -0.125 0.8781328285284294 1.653822518108189 -0.133 0.8781328285284294 1.656886610739318 -0.125 0.8819241501579075 1.656886610739318 -0.133 0.8819241501579075 1.658115229137467 -0.125 0.8822438891504834 1.658115229137467 -0.133 0.8822438891504835 1.658115229137467 -0.125 0.8822438891504834 1.658115229137467 -0.133 0.8822438891504835 1.659384770862517 -0.125 0.8822438891504835 1.659384770862518 -0.133 0.8822438891504835 1.660613389260666 -0.125 0.8819241501579077 1.659384770862517 -0.125 0.8822438891504835 1.660613389260666 -0.133 0.8819241501579075 1.659384770862518 -0.133 0.8822438891504835 1.662638767501004 -0.125 0.8804271932420002 1.661721875982393 -0.125 0.8813052855690044 1.662638767501004 -0.133 0.8804271932420001 1.661721875982393 -0.133 0.8813052855690042 1.661721875982393 -0.125 0.8813052855690044 1.661721875982393 -0.133 0.8813052855690042 1.660613389260666 -0.133 0.8819241501579075 1.660613389260666 -0.125 0.8819241501579077 1.663304952326724 -0.125 0.8793464833042167 1.663304952326724 -0.133 0.8793464833042167 1.662638767501004 -0.133 0.8804271932420001 1.662638767501004 -0.125 0.8804271932420002 1.66373233942092 -0.125 0.8768644725676906 1.663677481891795 -0.125 0.8781328285284295 1.66373233942092 -0.133 0.8768644725676905 1.663677481891795 -0.133 0.8781328285284295 1.663465988279493 -0.125 0.8756231856302324 1.66373233942092 -0.125 0.8768644725676906 1.663465988279493 -0.133 0.8756231856302323 1.66373233942092 -0.133 0.8768644725676905 1.662057947136629 -0.125 0.8735350148602719 1.662057947136629 -0.133 0.8735350148602719 1.66289559997849 -0.133 0.8744889927993074 1.66289559997849 -0.125 0.8744889927993074 1.663465988279493 -0.125 0.8756231856302324 1.663465988279493 -0.133 0.8756231856302323 1.66289559997849 -0.125 0.8744889927993074 1.66289559997849 -0.133 0.8744889927993074 1.663304952326724 -0.125 0.8793464833042167 1.663304952326724 -0.133 0.8793464833042167 1.663677481891795 -0.125 0.8781328285284295 1.663677481891795 -0.133 0.8781328285284295 1.662057947136629 -0.125 0.8735350148602719 1.662057947136629 -0.133 0.8735350148602719 1.661007032769962 -0.125 0.8728227542439408 1.661007032769962 -0.133 0.8728227542439408 1.664635861203957 -0.125 0.8582683183498001 1.664635861203957 -0.133 0.8582683183498001 1.661007032769962 -0.133 0.8728227542439408 1.661007032769962 -0.125 0.8728227542439408 1.652864138796027 -0.125 0.8582683183498001 1.652864138796027 -0.133 0.8582683183498001 1.664635861203957 -0.133 0.8582683183498001 1.664635861203957 -0.125 0.8582683183498001 2.248749999999997 -0.125 2.03 2.248749999999997 -0.07499999999999995 2.03 1.623749999999999 -0.07499999999999995 2.03 1.623749999999999 -0.125 2.03 2.248749999999997 -0.125 0 1.623749999999999 -0.125 0 1.623749999999999 -0.07499999999999995 0 2.248749999999997 -0.07499999999999995 0 1.654867714323453 -0.07499999999999995 1.03982101232997 1.623749999999999 -0.07499999999999995 2.03 1.651249999999989 -0.07499999999999995 1.0383225059924 1.654867714323453 -0.07499999999999995 1.03982101232997 1.623749999999999 -0.07499999999999995 2.03 1.658749999999992 -0.07499999999999995 1.040332124935634 1.651249999999989 -0.07499999999999995 1.0383225059924 1.623749999999999 -0.07499999999999995 2.03 1.64814339828219 -0.07499999999999995 1.035938726653431 1.64575961894322 -0.07499999999999995 1.032832124935631 1.64814339828219 -0.07499999999999995 1.035938726653431 1.623749999999999 -0.07499999999999995 2.03 1.64426111260565 -0.07499999999999995 1.029214410612167 1.64575961894322 -0.07499999999999995 1.032832124935631 1.623749999999999 -0.07499999999999995 2.03 1.643749999999986 -0.07499999999999995 1.025332124935628 1.64426111260565 -0.07499999999999995 1.029214410612167 1.623749999999999 -0.07499999999999995 2.03 1.623749999999999 -0.07499999999999995 0 1.623749999999999 -0.07499999999999995 2.03 1.643749999999986 -0.07499999999999995 1.025332124935628 1.643749999999986 -0.07499999999999995 0.9706128530240071 1.643749999999986 -0.07499999999999995 1.025332124935628 1.623749999999999 -0.07499999999999995 0 1.64426111260565 -0.07499999999999995 0.9667305673474678 1.643749999999986 -0.07499999999999995 0.9706128530240071 1.623749999999999 -0.07499999999999995 0 1.645759618943221 -0.07499999999999995 0.9631128530240042 1.64426111260565 -0.07499999999999995 0.9667305673474678 1.623749999999999 -0.07499999999999995 0 1.645759618943221 -0.07499999999999995 0.9631128530240042 1.623749999999999 -0.07499999999999995 0 1.64814339828219 -0.07499999999999995 0.9600062513062049 1.64814339828219 -0.07499999999999995 0.9600062513062049 1.623749999999999 -0.07499999999999995 0 1.651249999999989 -0.07499999999999995 0.9576224719672356 1.654867714323453 -0.07499999999999995 0.9561239656296656 1.651249999999989 -0.07499999999999995 0.9576224719672356 1.623749999999999 -0.07499999999999995 0 1.654867714323453 -0.07499999999999995 0.9561239656296656 1.623749999999999 -0.07499999999999995 0 1.658749999999992 -0.07499999999999995 0.9556128530240014 1.658749999999992 -0.07499999999999995 0.9556128530240014 1.623749999999999 -0.07499999999999995 0 1.662632285676532 -0.07499999999999995 0.9561239656296656 1.666249999999995 -0.07499999999999995 0.9576224719672356 1.662632285676532 -0.07499999999999995 0.9561239656296656 1.623749999999999 -0.07499999999999995 0 1.666249999999995 -0.07499999999999995 0.9576224719672356 2.248749999999997 -0.07499999999999995 0 1.623749999999999 -0.07499999999999995 0 1.666249999999995 -0.07499999999999995 0.9576224719672356 2.248749999999997 -0.07499999999999995 0 1.669356601717794 -0.07499999999999995 0.9600062513062049 1.671740381056764 -0.07499999999999995 0.9631128530240042 1.669356601717794 -0.07499999999999995 0.9600062513062049 2.248749999999997 -0.07499999999999995 0 1.671740381056764 -0.07499999999999995 0.9631128530240042 2.248749999999997 -0.07499999999999995 0 1.673238887394334 -0.07499999999999995 0.9667305673474678 1.673749999999998 -0.07499999999999995 0.9706128530240072 1.673238887394334 -0.07499999999999995 0.9667305673474678 2.248749999999997 -0.07499999999999995 0 1.673749999999998 -0.07499999999999995 0.9706128530240072 2.248749999999997 -0.07499999999999995 0 1.673749999999998 -0.07499999999999995 1.025332124935628 2.248749999999997 -0.07499999999999995 0 2.248749999999997 -0.07499999999999995 2.03 1.673749999999998 -0.07499999999999995 1.025332124935628 1.673238887394334 -0.07499999999999995 1.029214410612168 1.673749999999998 -0.07499999999999995 1.025332124935628 2.248749999999997 -0.07499999999999995 2.03 1.671740381056764 -0.07499999999999995 1.032832124935631 1.673238887394334 -0.07499999999999995 1.029214410612168 2.248749999999997 -0.07499999999999995 2.03 1.669356601717794 -0.07499999999999995 1.035938726653431 1.671740381056764 -0.07499999999999995 1.032832124935631 2.248749999999997 -0.07499999999999995 2.03 1.669356601717794 -0.07499999999999995 1.035938726653431 2.248749999999997 -0.07499999999999995 2.03 1.666249999999995 -0.07499999999999995 1.0383225059924 1.666249999999995 -0.07499999999999995 1.0383225059924 1.623749999999999 -0.07499999999999995 2.03 1.662632285676531 -0.07499999999999995 1.03982101232997 1.623749999999999 -0.07499999999999995 2.03 2.248749999999997 -0.07499999999999995 2.03 1.666249999999995 -0.07499999999999995 1.0383225059924 1.662632285676531 -0.07499999999999995 1.03982101232997 1.658749999999992 -0.07499999999999995 1.040332124935634 1.623749999999999 -0.07499999999999995 2.03 2.248749999999997 -0.125 0 2.248749999999997 -0.07499999999999995 0 2.248749999999997 -0.07499999999999995 2.03 2.248749999999997 -0.125 2.03 2.248749999999997 -0.125 2.03 1.623749999999999 -0.125 2.03 1.666249999999991 -0.125 1.038322505992401 1.666249999999991 -0.125 1.038322505992401 2.248749999999997 -0.125 2.03 1.66935660171779 -0.125 1.035938726653432 1.666249999999991 -0.125 1.038322505992401 1.623749999999999 -0.125 2.03 1.662632285676528 -0.125 1.039821012329971 1.67174038105676 -0.125 1.032832124935632 1.66935660171779 -0.125 1.035938726653432 2.248749999999997 -0.125 2.03 1.67323888739433 -0.125 1.029214410612169 1.67174038105676 -0.125 1.032832124935632 2.248749999999997 -0.125 2.03 1.673749999999994 -0.125 1.025332124935629 1.67323888739433 -0.125 1.029214410612169 2.248749999999997 -0.125 2.03 2.248749999999997 -0.125 0 2.248749999999997 -0.125 2.03 1.673749999999994 -0.125 1.025332124935629 1.673749999999994 -0.125 0.9706128530240072 1.673749999999994 -0.125 1.025332124935629 2.248749999999997 -0.125 0 1.67323888739433 -0.125 0.9667305673474678 1.673749999999994 -0.125 0.9706128530240072 2.248749999999997 -0.125 0 1.67174038105676 -0.125 0.9631128530240042 1.67323888739433 -0.125 0.9667305673474678 2.248749999999997 -0.125 0 1.67174038105676 -0.125 0.9631128530240042 2.248749999999997 -0.125 0 1.66935660171779 -0.125 0.9600062513062049 1.66935660171779 -0.125 0.9600062513062049 2.248749999999997 -0.125 0 1.666249999999991 -0.125 0.9576224719672356 1.666249999999991 -0.125 0.9576224719672356 2.248749999999997 -0.125 0 1.623749999999999 -0.125 0 1.666249999999991 -0.125 0.9576224719672356 1.623749999999999 -0.125 0 1.662632285676527 -0.125 0.9561239656296656 1.658749999999988 -0.125 0.9556128530240014 1.662632285676527 -0.125 0.9561239656296656 1.623749999999999 -0.125 0 1.654867714323448 -0.125 0.9561239656296657 1.658749999999988 -0.125 0.9556128530240014 1.623749999999999 -0.125 0 1.654867714323448 -0.125 0.9561239656296657 1.623749999999999 -0.125 0 1.651249999999985 -0.125 0.9576224719672357 1.651249999999985 -0.125 0.9576224719672357 1.623749999999999 -0.125 0 1.648143398282186 -0.125 0.960006251306205 1.645759618943216 -0.125 0.9631128530240045 1.648143398282186 -0.125 0.960006251306205 1.623749999999999 -0.125 0 1.645759618943216 -0.125 0.9631128530240045 1.623749999999999 -0.125 0 1.644261112605646 -0.125 0.966730567347468 1.643749999999982 -0.125 0.9706128530240074 1.644261112605646 -0.125 0.966730567347468 1.623749999999999 -0.125 0 1.643749999999982 -0.125 0.9706128530240074 1.623749999999999 -0.125 0 1.643749999999982 -0.125 1.02533212493563 1.644261112605646 -0.125 1.029214410612169 1.643749999999982 -0.125 1.02533212493563 1.623749999999999 -0.125 2.03 1.623749999999999 -0.125 0 1.623749999999999 -0.125 2.03 1.643749999999982 -0.125 1.02533212493563 1.658749999999988 -0.125 1.040332124935635 1.662632285676528 -0.125 1.039821012329971 1.623749999999999 -0.125 2.03 1.654867714323449 -0.125 1.039821012329971 1.658749999999988 -0.125 1.040332124935635 1.623749999999999 -0.125 2.03 1.651249999999985 -0.125 1.038322505992401 1.654867714323449 -0.125 1.039821012329971 1.623749999999999 -0.125 2.03 1.651249999999985 -0.125 1.038322505992401 1.623749999999999 -0.125 2.03 1.648143398282186 -0.125 1.035938726653432 1.645759618943216 -0.125 1.032832124935633 1.648143398282186 -0.125 1.035938726653432 1.623749999999999 -0.125 2.03 1.645759618943216 -0.125 1.032832124935633 1.644261112605646 -0.125 1.029214410612169 1.623749999999999 -0.125 2.03 1.623749999999999 -0.07499999999999995 0 1.623749999999999 -0.125 0 1.623749999999999 -0.125 2.03 1.623749999999999 -0.07499999999999995 2.03 1.658749999999992 -0.08499999999999996 0.9556128530240014 1.654867714323453 -0.08499999999999996 0.9561239656296656 1.651249999999989 -0.08499999999999996 0.9576224719672356 1.64814339828219 -0.08499999999999996 0.9600062513062049 1.64575961894322 -0.08499999999999996 0.9631128530240042 1.64426111260565 -0.08499999999999996 0.9667305673474678 1.643749999999986 -0.08499999999999996 0.9706128530240072 1.643749999999986 -0.08499999999999996 1.025332124935628 1.64426111260565 -0.08499999999999996 1.029214410612167 1.64575961894322 -0.08499999999999996 1.032832124935631 1.64814339828219 -0.08499999999999996 1.035938726653431 1.651249999999989 -0.08499999999999996 1.0383225059924 1.654867714323453 -0.08499999999999996 1.03982101232997 1.658749999999992 -0.08499999999999996 1.040332124935634 1.662632285676532 -0.08499999999999996 1.03982101232997 1.666249999999995 -0.08499999999999996 1.0383225059924 1.669356601717794 -0.08499999999999996 1.035938726653431 1.671740381056764 -0.08499999999999996 1.032832124935631 1.673238887394334 -0.08499999999999996 1.029214410612167 1.673749999999998 -0.08499999999999996 1.025332124935628 1.673749999999998 -0.08499999999999996 0.9706128530240071 1.673238887394334 -0.08499999999999996 0.9667305673474678 1.671740381056764 -0.08499999999999996 0.9631128530240041 1.669356601717794 -0.08499999999999996 0.9600062513062049 1.666249999999995 -0.08499999999999996 0.9576224719672356 1.662632285676531 -0.08499999999999996 0.9561239656296656 1.673749999999998 -0.07499999999999995 0.9706128530240072 1.673238887394334 -0.07499999999999995 0.9667305673474678 1.673238887394334 -0.08499999999999996 0.9667305673474678 1.673749999999998 -0.08499999999999996 0.9706128530240071 1.673749999999994 -0.1149999999999999 0.9706128530240071 1.673749999999994 -0.125 0.9706128530240072 1.67323888739433 -0.1149999999999999 0.9667305673474677 1.67323888739433 -0.125 0.9667305673474678 1.673238887394334 -0.07499999999999995 0.9667305673474678 1.671740381056764 -0.07499999999999995 0.9631128530240042 1.671740381056764 -0.08499999999999996 0.9631128530240041 1.673238887394334 -0.08499999999999996 0.9667305673474678 1.67323888739433 -0.1149999999999999 0.9667305673474677 1.67323888739433 -0.125 0.9667305673474678 1.67174038105676 -0.1149999999999999 0.9631128530240041 1.67174038105676 -0.125 0.9631128530240042 1.666249999999995 -0.08499999999999996 0.9576224719672356 1.666249999999995 -0.07499999999999995 0.9576224719672356 1.669356601717794 -0.08499999999999996 0.9600062513062049 1.669356601717794 -0.07499999999999995 0.9600062513062049 1.666249999999991 -0.1149999999999999 0.9576224719672356 1.666249999999991 -0.125 0.9576224719672356 1.66935660171779 -0.125 0.9600062513062049 1.66935660171779 -0.1149999999999999 0.9600062513062047 1.671740381056764 -0.08499999999999996 0.9631128530240041 1.671740381056764 -0.07499999999999995 0.9631128530240042 1.669356601717794 -0.07499999999999995 0.9600062513062049 1.669356601717794 -0.08499999999999996 0.9600062513062049 1.67174038105676 -0.1149999999999999 0.9631128530240041 1.67174038105676 -0.125 0.9631128530240042 1.66935660171779 -0.1149999999999999 0.9600062513062047 1.66935660171779 -0.125 0.9600062513062049 1.662632285676531 -0.08499999999999996 0.9561239656296656 1.662632285676532 -0.07499999999999995 0.9561239656296656 1.666249999999995 -0.08499999999999996 0.9576224719672356 1.666249999999995 -0.07499999999999995 0.9576224719672356 1.662632285676527 -0.125 0.9561239656296656 1.666249999999991 -0.125 0.9576224719672356 1.666249999999991 -0.1149999999999999 0.9576224719672356 1.662632285676527 -0.1149999999999999 0.9561239656296656 1.658749999999992 -0.08499999999999996 0.9556128530240014 1.658749999999992 -0.07499999999999995 0.9556128530240014 1.662632285676531 -0.08499999999999996 0.9561239656296656 1.662632285676532 -0.07499999999999995 0.9561239656296656 1.658749999999988 -0.125 0.9556128530240014 1.662632285676527 -0.125 0.9561239656296656 1.662632285676527 -0.1149999999999999 0.9561239656296656 1.658749999999988 -0.1149999999999999 0.9556128530240014 1.658749999999992 -0.07499999999999995 0.9556128530240014 1.654867714323453 -0.07499999999999995 0.9561239656296656 1.654867714323453 -0.08499999999999996 0.9561239656296656 1.658749999999992 -0.08499999999999996 0.9556128530240014 1.658749999999988 -0.1149999999999999 0.9556128530240014 1.658749999999988 -0.125 0.9556128530240014 1.654867714323449 -0.1149999999999999 0.9561239656296657 1.654867714323448 -0.125 0.9561239656296657 1.654867714323453 -0.07499999999999995 0.9561239656296656 1.651249999999989 -0.07499999999999995 0.9576224719672356 1.651249999999989 -0.08499999999999996 0.9576224719672356 1.654867714323453 -0.08499999999999996 0.9561239656296656 1.654867714323449 -0.1149999999999999 0.9561239656296657 1.654867714323448 -0.125 0.9561239656296657 1.651249999999985 -0.1149999999999999 0.9576224719672357 1.651249999999985 -0.125 0.9576224719672357 1.64575961894322 -0.08499999999999996 0.9631128530240042 1.645759618943221 -0.07499999999999995 0.9631128530240042 1.64814339828219 -0.08499999999999996 0.9600062513062049 1.64814339828219 -0.07499999999999995 0.9600062513062049 1.645759618943216 -0.1149999999999999 0.9631128530240045 1.645759618943216 -0.125 0.9631128530240045 1.648143398282186 -0.125 0.960006251306205 1.648143398282186 -0.1149999999999999 0.960006251306205 1.651249999999989 -0.08499999999999996 0.9576224719672356 1.651249999999989 -0.07499999999999995 0.9576224719672356 1.64814339828219 -0.07499999999999995 0.9600062513062049 1.64814339828219 -0.08499999999999996 0.9600062513062049 1.651249999999985 -0.1149999999999999 0.9576224719672357 1.651249999999985 -0.125 0.9576224719672357 1.648143398282186 -0.1149999999999999 0.960006251306205 1.648143398282186 -0.125 0.960006251306205 1.64426111260565 -0.08499999999999996 0.9667305673474678 1.64426111260565 -0.07499999999999995 0.9667305673474678 1.64575961894322 -0.08499999999999996 0.9631128530240042 1.645759618943221 -0.07499999999999995 0.9631128530240042 1.644261112605646 -0.125 0.966730567347468 1.645759618943216 -0.125 0.9631128530240045 1.645759618943216 -0.1149999999999999 0.9631128530240045 1.644261112605646 -0.1149999999999999 0.9667305673474679 1.643749999999986 -0.08499999999999996 0.9706128530240072 1.643749999999986 -0.07499999999999995 0.9706128530240071 1.64426111260565 -0.08499999999999996 0.9667305673474678 1.64426111260565 -0.07499999999999995 0.9667305673474678 1.643749999999982 -0.125 0.9706128530240074 1.644261112605646 -0.125 0.966730567347468 1.644261112605646 -0.1149999999999999 0.9667305673474679 1.643749999999982 -0.1149999999999999 0.9706128530240073 1.643749999999986 -0.08499999999999996 1.025332124935628 1.643749999999986 -0.07499999999999995 1.025332124935628 1.643749999999986 -0.08499999999999996 0.9706128530240072 1.643749999999986 -0.07499999999999995 0.9706128530240071 1.643749999999982 -0.1149999999999999 0.9706128530240073 1.643749999999982 -0.125 0.9706128530240074 1.643749999999982 -0.1149999999999999 1.025332124935629 1.643749999999982 -0.125 1.02533212493563 1.643749999999986 -0.07499999999999995 1.025332124935628 1.64426111260565 -0.07499999999999995 1.029214410612167 1.64426111260565 -0.08499999999999996 1.029214410612167 1.643749999999986 -0.08499999999999996 1.025332124935628 1.643749999999982 -0.1149999999999999 1.025332124935629 1.643749999999982 -0.125 1.02533212493563 1.644261112605646 -0.1149999999999999 1.029214410612169 1.644261112605646 -0.125 1.029214410612169 1.64426111260565 -0.07499999999999995 1.029214410612167 1.64575961894322 -0.07499999999999995 1.032832124935631 1.64575961894322 -0.08499999999999996 1.032832124935631 1.64426111260565 -0.08499999999999996 1.029214410612167 1.644261112605646 -0.1149999999999999 1.029214410612169 1.644261112605646 -0.125 1.029214410612169 1.645759618943216 -0.1149999999999999 1.032832124935632 1.645759618943216 -0.125 1.032832124935633 1.651249999999989 -0.08499999999999996 1.0383225059924 1.651249999999989 -0.07499999999999995 1.0383225059924 1.64814339828219 -0.08499999999999996 1.035938726653431 1.64814339828219 -0.07499999999999995 1.035938726653431 1.651249999999985 -0.1149999999999999 1.038322505992401 1.651249999999985 -0.125 1.038322505992401 1.648143398282186 -0.125 1.035938726653432 1.648143398282186 -0.1149999999999999 1.035938726653432 1.64575961894322 -0.08499999999999996 1.032832124935631 1.64575961894322 -0.07499999999999995 1.032832124935631 1.64814339828219 -0.07499999999999995 1.035938726653431 1.64814339828219 -0.08499999999999996 1.035938726653431 1.645759618943216 -0.1149999999999999 1.032832124935632 1.645759618943216 -0.125 1.032832124935633 1.648143398282186 -0.1149999999999999 1.035938726653432 1.648143398282186 -0.125 1.035938726653432 1.654867714323453 -0.08499999999999996 1.03982101232997 1.654867714323453 -0.07499999999999995 1.03982101232997 1.651249999999989 -0.08499999999999996 1.0383225059924 1.651249999999989 -0.07499999999999995 1.0383225059924 1.651249999999985 -0.125 1.038322505992401 1.654867714323449 -0.125 1.039821012329971 1.651249999999985 -0.1149999999999999 1.038322505992401 1.654867714323449 -0.1149999999999999 1.039821012329971 1.658749999999992 -0.08499999999999996 1.040332124935634 1.658749999999992 -0.07499999999999995 1.040332124935634 1.654867714323453 -0.08499999999999996 1.03982101232997 1.654867714323453 -0.07499999999999995 1.03982101232997 1.654867714323449 -0.125 1.039821012329971 1.658749999999988 -0.125 1.040332124935635 1.654867714323449 -0.1149999999999999 1.039821012329971 1.658749999999988 -0.1149999999999999 1.040332124935635 1.662632285676531 -0.07499999999999995 1.03982101232997 1.658749999999992 -0.07499999999999995 1.040332124935634 1.662632285676532 -0.08499999999999996 1.03982101232997 1.658749999999992 -0.08499999999999996 1.040332124935634 1.658749999999988 -0.1149999999999999 1.040332124935635 1.658749999999988 -0.125 1.040332124935635 1.662632285676528 -0.1149999999999999 1.039821012329971 1.662632285676528 -0.125 1.039821012329971 1.662632285676531 -0.07499999999999995 1.03982101232997 1.666249999999995 -0.07499999999999995 1.0383225059924 1.666249999999995 -0.08499999999999996 1.0383225059924 1.662632285676532 -0.08499999999999996 1.03982101232997 1.662632285676528 -0.1149999999999999 1.039821012329971 1.662632285676528 -0.125 1.039821012329971 1.666249999999991 -0.1149999999999999 1.038322505992401 1.666249999999991 -0.125 1.038322505992401 1.671740381056764 -0.08499999999999996 1.032832124935631 1.671740381056764 -0.07499999999999995 1.032832124935631 1.669356601717794 -0.08499999999999996 1.035938726653431 1.669356601717794 -0.07499999999999995 1.035938726653431 1.67174038105676 -0.1149999999999999 1.032832124935633 1.67174038105676 -0.125 1.032832124935632 1.66935660171779 -0.125 1.035938726653432 1.66935660171779 -0.1149999999999999 1.035938726653432 1.666249999999995 -0.08499999999999996 1.0383225059924 1.666249999999995 -0.07499999999999995 1.0383225059924 1.669356601717794 -0.07499999999999995 1.035938726653431 1.669356601717794 -0.08499999999999996 1.035938726653431 1.666249999999991 -0.1149999999999999 1.038322505992401 1.666249999999991 -0.125 1.038322505992401 1.66935660171779 -0.1149999999999999 1.035938726653432 1.66935660171779 -0.125 1.035938726653432 1.673238887394334 -0.08499999999999996 1.029214410612167 1.673238887394334 -0.07499999999999995 1.029214410612168 1.671740381056764 -0.08499999999999996 1.032832124935631 1.671740381056764 -0.07499999999999995 1.032832124935631 1.67323888739433 -0.125 1.029214410612169 1.67174038105676 -0.125 1.032832124935632 1.67174038105676 -0.1149999999999999 1.032832124935633 1.67323888739433 -0.1149999999999999 1.029214410612169 1.673749999999998 -0.08499999999999996 1.025332124935628 1.673749999999998 -0.07499999999999995 1.025332124935628 1.673238887394334 -0.08499999999999996 1.029214410612167 1.673238887394334 -0.07499999999999995 1.029214410612168 1.673749999999994 -0.125 1.025332124935629 1.67323888739433 -0.125 1.029214410612169 1.67323888739433 -0.1149999999999999 1.029214410612169 1.673749999999994 -0.1149999999999999 1.02533212493563 1.673749999999998 -0.08499999999999996 0.9706128530240071 1.673749999999998 -0.07499999999999995 0.9706128530240072 1.673749999999998 -0.08499999999999996 1.025332124935628 1.673749999999998 -0.07499999999999995 1.025332124935628 1.673749999999994 -0.1149999999999999 1.02533212493563 1.673749999999994 -0.125 1.025332124935629 1.673749999999994 -0.1149999999999999 0.9706128530240071 1.673749999999994 -0.125 0.9706128530240072 1.662632285676527 -0.1149999999999999 0.9561239656296656 1.666249999999991 -0.1149999999999999 0.9576224719672356 1.66935660171779 -0.1149999999999999 0.9600062513062047 1.67174038105676 -0.1149999999999999 0.9631128530240041 1.67323888739433 -0.1149999999999999 0.9667305673474677 1.673749999999994 -0.1149999999999999 0.9706128530240071 1.673749999999994 -0.1149999999999999 1.02533212493563 1.67323888739433 -0.1149999999999999 1.029214410612169 1.67174038105676 -0.1149999999999999 1.032832124935633 1.66935660171779 -0.1149999999999999 1.035938726653432 1.666249999999991 -0.1149999999999999 1.038322505992401 1.662632285676528 -0.1149999999999999 1.039821012329971 1.658749999999988 -0.1149999999999999 1.040332124935635 1.654867714323449 -0.1149999999999999 1.039821012329971 1.651249999999985 -0.1149999999999999 1.038322505992401 1.648143398282186 -0.1149999999999999 1.035938726653432 1.645759618943216 -0.1149999999999999 1.032832124935632 1.644261112605646 -0.1149999999999999 1.029214410612169 1.643749999999982 -0.1149999999999999 1.025332124935629 1.643749999999982 -0.1149999999999999 0.9706128530240073 1.644261112605646 -0.1149999999999999 0.9667305673474679 1.645759618943216 -0.1149999999999999 0.9631128530240045 1.648143398282186 -0.1149999999999999 0.960006251306205 1.651249999999985 -0.1149999999999999 0.9576224719672357 1.654867714323449 -0.1149999999999999 0.9561239656296657 1.658749999999988 -0.1149999999999999 0.9556128530240014 0.3112499999999991 -0.125 2.03 0.9362499999999968 -0.125 2.03 0.9362499999999968 -0.07499999999999995 2.03 0.3112499999999991 -0.07499999999999995 2.03 0.9362499999999968 -0.125 0 0.3112499999999991 -0.125 0 0.3112499999999992 -0.07499999999999995 0 0.9362499999999968 -0.07499999999999995 0 0.9051322856765434 -0.07499999999999995 1.03982101232997 0.908750000000007 -0.07499999999999995 1.0383225059924 0.9362499999999968 -0.07499999999999995 2.03 0.9118566017178063 -0.07499999999999995 1.035938726653431 0.908750000000007 -0.07499999999999995 1.0383225059924 0.9362499999999968 -0.07499999999999995 2.03 0.9012500000000041 -0.07499999999999995 1.040332124935634 0.9051322856765434 -0.07499999999999995 1.03982101232997 0.9362499999999968 -0.07499999999999995 2.03 0.9118566017178063 -0.07499999999999995 1.035938726653431 0.9362499999999968 -0.07499999999999995 2.03 0.9142403810567756 -0.07499999999999995 1.032832124935631 0.9142403810567756 -0.07499999999999995 1.032832124935631 0.9362499999999968 -0.07499999999999995 2.03 0.9157388873943457 -0.07499999999999995 1.029214410612167 0.9157388873943457 -0.07499999999999995 1.029214410612167 0.9362499999999968 -0.07499999999999995 2.03 0.9162500000000098 -0.07499999999999995 1.025332124935628 0.9162500000000098 -0.07499999999999995 1.025332124935628 0.9362499999999968 -0.07499999999999995 0 0.9362499999999968 -0.07499999999999995 2.03 0.9012500000000041 -0.07499999999999995 1.040332124935634 0.9362499999999968 -0.07499999999999995 2.03 0.8973677143234647 -0.07499999999999995 1.03982101232997 0.8973677143234647 -0.07499999999999995 1.03982101232997 0.9362499999999968 -0.07499999999999995 2.03 0.8937500000000012 -0.07499999999999995 1.0383225059924 0.8937500000000012 -0.07499999999999995 1.0383225059924 0.3112499999999991 -0.07499999999999995 2.03 0.9362499999999968 -0.07499999999999995 2.03 0.9162500000000098 -0.07499999999999995 1.025332124935628 0.9362499999999968 -0.07499999999999995 0 0.9162500000000098 -0.07499999999999995 0.9706128530240072 0.9162500000000098 -0.07499999999999995 0.9706128530240072 0.9362499999999968 -0.07499999999999995 0 0.9157388873943456 -0.07499999999999995 0.9667305673474678 0.9157388873943456 -0.07499999999999995 0.9667305673474678 0.9362499999999968 -0.07499999999999995 0 0.9142403810567756 -0.07499999999999995 0.9631128530240042 0.9118566017178062 -0.07499999999999995 0.9600062513062049 0.9142403810567756 -0.07499999999999995 0.9631128530240042 0.9362499999999968 -0.07499999999999995 0 0.9087500000000068 -0.07499999999999995 0.9576224719672356 0.9118566017178062 -0.07499999999999995 0.9600062513062049 0.9362499999999968 -0.07499999999999995 0 0.9087500000000068 -0.07499999999999995 0.9576224719672356 0.9362499999999968 -0.07499999999999995 0 0.9051322856765432 -0.07499999999999995 0.9561239656296656 0.9012500000000039 -0.07499999999999995 0.9556128530240014 0.9051322856765432 -0.07499999999999995 0.9561239656296656 0.9362499999999968 -0.07499999999999995 0 0.8973677143234647 -0.07499999999999995 0.9561239656296656 0.9012500000000039 -0.07499999999999995 0.9556128530240014 0.9362499999999968 -0.07499999999999995 0 0.8973677143234647 -0.07499999999999995 0.9561239656296656 0.9362499999999968 -0.07499999999999995 0 0.893750000000001 -0.07499999999999995 0.9576224719672356 0.893750000000001 -0.07499999999999995 0.9576224719672356 0.9362499999999968 -0.07499999999999995 0 0.3112499999999992 -0.07499999999999995 0 0.8862499999999982 -0.07499999999999995 1.025332124935628 0.3112499999999992 -0.07499999999999995 0 0.3112499999999991 -0.07499999999999995 2.03 0.8906433982822017 -0.07499999999999995 0.9600062513062049 0.893750000000001 -0.07499999999999995 0.9576224719672356 0.3112499999999992 -0.07499999999999995 0 0.8906433982822017 -0.07499999999999995 0.9600062513062049 0.3112499999999992 -0.07499999999999995 0 0.8882596189432324 -0.07499999999999995 0.9631128530240042 0.8867611126056624 -0.07499999999999995 0.9667305673474678 0.8882596189432324 -0.07499999999999995 0.9631128530240042 0.3112499999999992 -0.07499999999999995 0 0.8867611126056624 -0.07499999999999995 0.9667305673474678 0.3112499999999992 -0.07499999999999995 0 0.8862499999999983 -0.07499999999999995 0.9706128530240072 0.8862499999999982 -0.07499999999999995 1.025332124935628 0.3112499999999992 -0.07499999999999995 0 0.8862499999999983 -0.07499999999999995 0.9706128530240072 0.8862499999999982 -0.07499999999999995 1.025332124935628 0.3112499999999991 -0.07499999999999995 2.03 0.8867611126056623 -0.07499999999999995 1.029214410612168 0.8906433982822017 -0.07499999999999995 1.035938726653431 0.8937500000000012 -0.07499999999999995 1.0383225059924 0.3112499999999991 -0.07499999999999995 2.03 0.8906433982822017 -0.07499999999999995 1.035938726653431 0.3112499999999991 -0.07499999999999995 2.03 0.8882596189432324 -0.07499999999999995 1.032832124935631 0.8867611126056623 -0.07499999999999995 1.029214410612168 0.3112499999999991 -0.07499999999999995 2.03 0.8882596189432324 -0.07499999999999995 1.032832124935631 0.3112499999999991 -0.125 0 0.3112499999999991 -0.125 2.03 0.3112499999999991 -0.07499999999999995 2.03 0.3112499999999992 -0.07499999999999995 0 0.8937500000000052 -0.125 1.038322505992401 0.3112499999999991 -0.125 2.03 0.9362499999999968 -0.125 2.03 0.8973677143234688 -0.125 1.039821012329971 0.8937500000000052 -0.125 1.038322505992401 0.9362499999999968 -0.125 2.03 0.8973677143234688 -0.125 1.039821012329971 0.9362499999999968 -0.125 2.03 0.9012500000000082 -0.125 1.040332124935635 0.9012500000000082 -0.125 1.040332124935635 0.9362499999999968 -0.125 2.03 0.9051322856765474 -0.125 1.039821012329971 0.9051322856765474 -0.125 1.039821012329971 0.9362499999999968 -0.125 2.03 0.908750000000011 -0.125 1.038322505992401 0.9118566017178104 -0.125 1.035938726653432 0.908750000000011 -0.125 1.038322505992401 0.9362499999999968 -0.125 2.03 0.9118566017178104 -0.125 1.035938726653432 0.9362499999999968 -0.125 2.03 0.9142403810567798 -0.125 1.032832124935633 0.9142403810567798 -0.125 1.032832124935633 0.9362499999999968 -0.125 2.03 0.9157388873943498 -0.125 1.029214410612169 0.9157388873943498 -0.125 1.029214410612169 0.9362499999999968 -0.125 2.03 0.9162500000000139 -0.125 1.025332124935629 0.9162500000000139 -0.125 1.025332124935629 0.9362499999999968 -0.125 0 0.9362499999999968 -0.125 2.03 0.8906433982822057 -0.125 1.035938726653432 0.8937500000000052 -0.125 1.038322505992401 0.3112499999999991 -0.125 2.03 0.8906433982822057 -0.125 1.035938726653432 0.3112499999999991 -0.125 2.03 0.8882596189432365 -0.125 1.032832124935632 0.8882596189432365 -0.125 1.032832124935632 0.3112499999999991 -0.125 2.03 0.8867611126056665 -0.125 1.029214410612169 0.8867611126056665 -0.125 1.029214410612169 0.3112499999999991 -0.125 2.03 0.8862500000000024 -0.125 1.025332124935629 0.8862500000000024 -0.125 1.025332124935629 0.3112499999999991 -0.125 0 0.3112499999999991 -0.125 2.03 0.9362499999999968 -0.125 0 0.3112499999999991 -0.125 0 0.8937500000000052 -0.125 0.9576224719672356 0.8937500000000052 -0.125 0.9576224719672356 0.3112499999999991 -0.125 0 0.8906433982822059 -0.125 0.9600062513062049 0.8882596189432366 -0.125 0.9631128530240042 0.8906433982822059 -0.125 0.9600062513062049 0.3112499999999991 -0.125 0 0.8882596189432366 -0.125 0.9631128530240042 0.3112499999999991 -0.125 0 0.8867611126056667 -0.125 0.9667305673474678 0.8867611126056667 -0.125 0.9667305673474678 0.3112499999999991 -0.125 0 0.8862500000000024 -0.125 0.9706128530240071 0.8862500000000024 -0.125 1.025332124935629 0.3112499999999991 -0.125 0 0.8862500000000024 -0.125 0.9706128530240071 0.9162500000000139 -0.125 1.025332124935629 0.9362499999999968 -0.125 0 0.9162500000000139 -0.125 0.9706128530240073 0.9162500000000139 -0.125 0.9706128530240073 0.9362499999999968 -0.125 0 0.9157388873943498 -0.125 0.966730567347468 0.9157388873943498 -0.125 0.966730567347468 0.9362499999999968 -0.125 0 0.9142403810567798 -0.125 0.9631128530240045 0.9142403810567798 -0.125 0.9631128530240045 0.9362499999999968 -0.125 0 0.9118566017178105 -0.125 0.960006251306205 0.9118566017178105 -0.125 0.960006251306205 0.9362499999999968 -0.125 0 0.9087500000000112 -0.125 0.9576224719672357 0.9051322856765475 -0.125 0.9561239656296657 0.9087500000000112 -0.125 0.9576224719672357 0.9362499999999968 -0.125 0 0.9051322856765475 -0.125 0.9561239656296657 0.9362499999999968 -0.125 0 0.9012500000000083 -0.125 0.9556128530240014 0.9012500000000083 -0.125 0.9556128530240014 0.9362499999999968 -0.125 0 0.8973677143234689 -0.125 0.9561239656296656 0.8973677143234689 -0.125 0.9561239656296656 0.8937500000000052 -0.125 0.9576224719672356 0.9362499999999968 -0.125 0 0.9362499999999968 -0.07499999999999995 0 0.9362499999999968 -0.07499999999999995 2.03 0.9362499999999968 -0.125 2.03 0.9362499999999968 -0.125 0 0.9142403810567756 -0.08499999999999996 0.9631128530240042 0.9118566017178062 -0.08499999999999996 0.9600062513062049 0.9087500000000068 -0.08499999999999996 0.9576224719672356 0.9051322856765433 -0.08499999999999996 0.9561239656296656 0.9012500000000041 -0.08499999999999996 0.9556128530240014 0.8973677143234647 -0.08499999999999996 0.9561239656296656 0.8937500000000012 -0.08499999999999996 0.9576224719672356 0.8906433982822017 -0.08499999999999996 0.9600062513062049 0.8882596189432323 -0.08499999999999996 0.9631128530240041 0.8867611126056623 -0.08499999999999996 0.9667305673474678 0.886249999999998 -0.08499999999999996 0.9706128530240071 0.886249999999998 -0.08499999999999996 1.025332124935628 0.8867611126056623 -0.08499999999999996 1.029214410612167 0.8882596189432323 -0.08499999999999996 1.032832124935631 0.8906433982822017 -0.08499999999999996 1.035938726653431 0.893750000000001 -0.08499999999999996 1.0383225059924 0.8973677143234647 -0.08499999999999996 1.03982101232997 0.9012500000000041 -0.08499999999999996 1.040332124935634 0.9051322856765433 -0.08499999999999996 1.03982101232997 0.908750000000007 -0.08499999999999996 1.0383225059924 0.9118566017178062 -0.08499999999999996 1.035938726653431 0.9142403810567756 -0.08499999999999996 1.032832124935631 0.9157388873943456 -0.08499999999999996 1.029214410612167 0.9162500000000098 -0.08499999999999996 1.025332124935629 0.9162500000000097 -0.08499999999999996 0.9706128530240072 0.9157388873943456 -0.08499999999999996 0.9667305673474678 0.8862499999999983 -0.07499999999999995 0.9706128530240072 0.8867611126056624 -0.07499999999999995 0.9667305673474678 0.886249999999998 -0.08499999999999996 0.9706128530240071 0.8867611126056623 -0.08499999999999996 0.9667305673474678 0.8862500000000024 -0.125 0.9706128530240071 0.8867611126056667 -0.125 0.9667305673474678 0.8867611126056667 -0.1149999999999999 0.9667305673474677 0.8862500000000024 -0.1149999999999999 0.9706128530240071 0.8867611126056624 -0.07499999999999995 0.9667305673474678 0.8882596189432324 -0.07499999999999995 0.9631128530240042 0.8867611126056623 -0.08499999999999996 0.9667305673474678 0.8882596189432323 -0.08499999999999996 0.9631128530240041 0.8867611126056667 -0.1149999999999999 0.9667305673474677 0.8867611126056667 -0.125 0.9667305673474678 0.8882596189432366 -0.125 0.9631128530240042 0.8882596189432366 -0.1149999999999999 0.9631128530240041 0.8937500000000012 -0.08499999999999996 0.9576224719672356 0.893750000000001 -0.07499999999999995 0.9576224719672356 0.8906433982822017 -0.07499999999999995 0.9600062513062049 0.8906433982822017 -0.08499999999999996 0.9600062513062049 0.8937500000000055 -0.1149999999999999 0.9576224719672356 0.890643398282206 -0.1149999999999999 0.9600062513062047 0.8906433982822059 -0.125 0.9600062513062049 0.8937500000000052 -0.125 0.9576224719672356 0.8882596189432323 -0.08499999999999996 0.9631128530240041 0.8906433982822017 -0.08499999999999996 0.9600062513062049 0.8906433982822017 -0.07499999999999995 0.9600062513062049 0.8882596189432324 -0.07499999999999995 0.9631128530240042 0.8882596189432366 -0.1149999999999999 0.9631128530240041 0.8882596189432366 -0.125 0.9631128530240042 0.8906433982822059 -0.125 0.9600062513062049 0.890643398282206 -0.1149999999999999 0.9600062513062047 0.8973677143234647 -0.08499999999999996 0.9561239656296656 0.8973677143234647 -0.07499999999999995 0.9561239656296656 0.893750000000001 -0.07499999999999995 0.9576224719672356 0.8937500000000012 -0.08499999999999996 0.9576224719672356 0.8973677143234689 -0.125 0.9561239656296656 0.8937500000000052 -0.125 0.9576224719672356 0.897367714323469 -0.1149999999999999 0.9561239656296656 0.8937500000000055 -0.1149999999999999 0.9576224719672356 0.8973677143234647 -0.07499999999999995 0.9561239656296656 0.9012500000000039 -0.07499999999999995 0.9556128530240014 0.8973677143234647 -0.08499999999999996 0.9561239656296656 0.9012500000000041 -0.08499999999999996 0.9556128530240014 0.8973677143234689 -0.125 0.9561239656296656 0.9012500000000083 -0.125 0.9556128530240014 0.9012500000000084 -0.1149999999999999 0.9556128530240014 0.897367714323469 -0.1149999999999999 0.9561239656296656 0.9012500000000039 -0.07499999999999995 0.9556128530240014 0.9051322856765432 -0.07499999999999995 0.9561239656296656 0.9012500000000041 -0.08499999999999996 0.9556128530240014 0.9051322856765433 -0.08499999999999996 0.9561239656296656 0.9012500000000083 -0.125 0.9556128530240014 0.9051322856765475 -0.125 0.9561239656296657 0.9051322856765476 -0.1149999999999999 0.9561239656296657 0.9012500000000084 -0.1149999999999999 0.9556128530240014 0.9051322856765432 -0.07499999999999995 0.9561239656296656 0.9087500000000068 -0.07499999999999995 0.9576224719672356 0.9051322856765433 -0.08499999999999996 0.9561239656296656 0.9087500000000068 -0.08499999999999996 0.9576224719672356 0.9087500000000113 -0.1149999999999999 0.9576224719672357 0.9051322856765476 -0.1149999999999999 0.9561239656296657 0.9051322856765475 -0.125 0.9561239656296657 0.9087500000000112 -0.125 0.9576224719672357 0.9142403810567756 -0.08499999999999996 0.9631128530240042 0.9142403810567756 -0.07499999999999995 0.9631128530240042 0.9118566017178062 -0.07499999999999995 0.9600062513062049 0.9118566017178062 -0.08499999999999996 0.9600062513062049 0.9142403810567799 -0.1149999999999999 0.9631128530240045 0.9118566017178105 -0.1149999999999999 0.960006251306205 0.9118566017178105 -0.125 0.960006251306205 0.9142403810567798 -0.125 0.9631128530240045 0.9087500000000068 -0.08499999999999996 0.9576224719672356 0.9118566017178062 -0.08499999999999996 0.9600062513062049 0.9118566017178062 -0.07499999999999995 0.9600062513062049 0.9087500000000068 -0.07499999999999995 0.9576224719672356 0.9087500000000113 -0.1149999999999999 0.9576224719672357 0.9087500000000112 -0.125 0.9576224719672357 0.9118566017178105 -0.125 0.960006251306205 0.9118566017178105 -0.1149999999999999 0.960006251306205 0.9157388873943456 -0.08499999999999996 0.9667305673474678 0.9157388873943456 -0.07499999999999995 0.9667305673474678 0.9142403810567756 -0.07499999999999995 0.9631128530240042 0.9142403810567756 -0.08499999999999996 0.9631128530240042 0.9142403810567798 -0.125 0.9631128530240045 0.9157388873943498 -0.125 0.966730567347468 0.9157388873943499 -0.1149999999999999 0.9667305673474679 0.9142403810567799 -0.1149999999999999 0.9631128530240045 0.9157388873943456 -0.07499999999999995 0.9667305673474678 0.9162500000000098 -0.07499999999999995 0.9706128530240072 0.9157388873943456 -0.08499999999999996 0.9667305673474678 0.9162500000000097 -0.08499999999999996 0.9706128530240072 0.9157388873943499 -0.1149999999999999 0.9667305673474679 0.9157388873943498 -0.125 0.966730567347468 0.9162500000000139 -0.125 0.9706128530240073 0.9162500000000139 -0.1149999999999999 0.9706128530240072 0.9162500000000098 -0.07499999999999995 0.9706128530240072 0.9162500000000098 -0.07499999999999995 1.025332124935628 0.9162500000000097 -0.08499999999999996 0.9706128530240072 0.9162500000000098 -0.08499999999999996 1.025332124935629 0.9162500000000139 -0.125 0.9706128530240073 0.9162500000000139 -0.125 1.025332124935629 0.9162500000000141 -0.1149999999999999 1.025332124935629 0.9162500000000139 -0.1149999999999999 0.9706128530240072 0.9162500000000098 -0.07499999999999995 1.025332124935628 0.9157388873943457 -0.07499999999999995 1.029214410612167 0.9162500000000098 -0.08499999999999996 1.025332124935629 0.9157388873943456 -0.08499999999999996 1.029214410612167 0.9162500000000139 -0.125 1.025332124935629 0.9157388873943498 -0.125 1.029214410612169 0.9157388873943499 -0.1149999999999999 1.029214410612169 0.9162500000000141 -0.1149999999999999 1.025332124935629 0.9157388873943457 -0.07499999999999995 1.029214410612167 0.9142403810567756 -0.07499999999999995 1.032832124935631 0.9157388873943456 -0.08499999999999996 1.029214410612167 0.9142403810567756 -0.08499999999999996 1.032832124935631 0.9157388873943499 -0.1149999999999999 1.029214410612169 0.9157388873943498 -0.125 1.029214410612169 0.9142403810567798 -0.125 1.032832124935633 0.9142403810567799 -0.1149999999999999 1.032832124935632 0.908750000000007 -0.08499999999999996 1.0383225059924 0.908750000000007 -0.07499999999999995 1.0383225059924 0.9118566017178063 -0.07499999999999995 1.035938726653431 0.9118566017178062 -0.08499999999999996 1.035938726653431 0.9087500000000112 -0.1149999999999999 1.038322505992401 0.9118566017178105 -0.1149999999999999 1.035938726653432 0.9118566017178104 -0.125 1.035938726653432 0.908750000000011 -0.125 1.038322505992401 0.9142403810567756 -0.08499999999999996 1.032832124935631 0.9118566017178062 -0.08499999999999996 1.035938726653431 0.9118566017178063 -0.07499999999999995 1.035938726653431 0.9142403810567756 -0.07499999999999995 1.032832124935631 0.9142403810567799 -0.1149999999999999 1.032832124935632 0.9142403810567798 -0.125 1.032832124935633 0.9118566017178104 -0.125 1.035938726653432 0.9118566017178105 -0.1149999999999999 1.035938726653432 0.9051322856765433 -0.08499999999999996 1.03982101232997 0.9051322856765434 -0.07499999999999995 1.03982101232997 0.908750000000007 -0.07499999999999995 1.0383225059924 0.908750000000007 -0.08499999999999996 1.0383225059924 0.908750000000011 -0.125 1.038322505992401 0.9051322856765474 -0.125 1.039821012329971 0.9051322856765475 -0.1149999999999999 1.039821012329971 0.9087500000000112 -0.1149999999999999 1.038322505992401 0.9012500000000041 -0.07499999999999995 1.040332124935634 0.9051322856765434 -0.07499999999999995 1.03982101232997 0.9051322856765433 -0.08499999999999996 1.03982101232997 0.9012500000000041 -0.08499999999999996 1.040332124935634 0.9051322856765474 -0.125 1.039821012329971 0.9012500000000082 -0.125 1.040332124935635 0.9012500000000083 -0.1149999999999999 1.040332124935635 0.9051322856765475 -0.1149999999999999 1.039821012329971 0.8973677143234647 -0.07499999999999995 1.03982101232997 0.9012500000000041 -0.07499999999999995 1.040332124935634 0.9012500000000041 -0.08499999999999996 1.040332124935634 0.8973677143234647 -0.08499999999999996 1.03982101232997 0.9012500000000082 -0.125 1.040332124935635 0.8973677143234688 -0.125 1.039821012329971 0.8973677143234689 -0.1149999999999999 1.039821012329971 0.9012500000000083 -0.1149999999999999 1.040332124935635 0.8937500000000012 -0.07499999999999995 1.0383225059924 0.8973677143234647 -0.07499999999999995 1.03982101232997 0.8973677143234647 -0.08499999999999996 1.03982101232997 0.893750000000001 -0.08499999999999996 1.0383225059924 0.8973677143234689 -0.1149999999999999 1.039821012329971 0.8973677143234688 -0.125 1.039821012329971 0.8937500000000052 -0.125 1.038322505992401 0.8937500000000052 -0.1149999999999999 1.038322505992401 0.8882596189432323 -0.08499999999999996 1.032832124935631 0.8882596189432324 -0.07499999999999995 1.032832124935631 0.8906433982822017 -0.07499999999999995 1.035938726653431 0.8906433982822017 -0.08499999999999996 1.035938726653431 0.8882596189432366 -0.1149999999999999 1.032832124935633 0.890643398282206 -0.1149999999999999 1.035938726653432 0.8906433982822057 -0.125 1.035938726653432 0.8882596189432365 -0.125 1.032832124935632 0.893750000000001 -0.08499999999999996 1.0383225059924 0.8906433982822017 -0.08499999999999996 1.035938726653431 0.8906433982822017 -0.07499999999999995 1.035938726653431 0.8937500000000012 -0.07499999999999995 1.0383225059924 0.8937500000000052 -0.1149999999999999 1.038322505992401 0.8937500000000052 -0.125 1.038322505992401 0.8906433982822057 -0.125 1.035938726653432 0.890643398282206 -0.1149999999999999 1.035938726653432 0.8867611126056623 -0.08499999999999996 1.029214410612167 0.8867611126056623 -0.07499999999999995 1.029214410612168 0.8882596189432324 -0.07499999999999995 1.032832124935631 0.8882596189432323 -0.08499999999999996 1.032832124935631 0.8867611126056665 -0.125 1.029214410612169 0.8882596189432365 -0.125 1.032832124935632 0.8867611126056667 -0.1149999999999999 1.029214410612169 0.8882596189432366 -0.1149999999999999 1.032832124935633 0.8867611126056623 -0.07499999999999995 1.029214410612168 0.8862499999999982 -0.07499999999999995 1.025332124935628 0.8867611126056623 -0.08499999999999996 1.029214410612167 0.886249999999998 -0.08499999999999996 1.025332124935628 0.8862500000000024 -0.125 1.025332124935629 0.8867611126056665 -0.125 1.029214410612169 0.8862500000000024 -0.1149999999999999 1.02533212493563 0.8867611126056667 -0.1149999999999999 1.029214410612169 0.8862499999999983 -0.07499999999999995 0.9706128530240072 0.8862499999999982 -0.07499999999999995 1.025332124935628 0.886249999999998 -0.08499999999999996 1.025332124935628 0.886249999999998 -0.08499999999999996 0.9706128530240071 0.8862500000000024 -0.125 0.9706128530240071 0.8862500000000024 -0.125 1.025332124935629 0.8862500000000024 -0.1149999999999999 0.9706128530240071 0.8862500000000024 -0.1149999999999999 1.02533212493563 0.897367714323469 -0.1149999999999999 0.9561239656296656 0.8937500000000055 -0.1149999999999999 0.9576224719672356 0.9012500000000084 -0.1149999999999999 0.9556128530240014 0.9051322856765476 -0.1149999999999999 0.9561239656296657 0.9087500000000113 -0.1149999999999999 0.9576224719672357 0.9118566017178105 -0.1149999999999999 0.960006251306205 0.9142403810567799 -0.1149999999999999 0.9631128530240045 0.9157388873943499 -0.1149999999999999 0.9667305673474679 0.9162500000000139 -0.1149999999999999 0.9706128530240072 0.9162500000000141 -0.1149999999999999 1.025332124935629 0.9157388873943499 -0.1149999999999999 1.029214410612169 0.9142403810567799 -0.1149999999999999 1.032832124935632 0.9118566017178105 -0.1149999999999999 1.035938726653432 0.9087500000000112 -0.1149999999999999 1.038322505992401 0.9051322856765475 -0.1149999999999999 1.039821012329971 0.9012500000000083 -0.1149999999999999 1.040332124935635 0.8973677143234689 -0.1149999999999999 1.039821012329971 0.8937500000000052 -0.1149999999999999 1.038322505992401 0.890643398282206 -0.1149999999999999 1.035938726653432 0.8882596189432366 -0.1149999999999999 1.032832124935633 0.8867611126056667 -0.1149999999999999 1.029214410612169 0.8862500000000024 -0.1149999999999999 1.02533212493563 0.8862500000000024 -0.1149999999999999 0.9706128530240071 0.8867611126056667 -0.1149999999999999 0.9667305673474677 0.8882596189432366 -0.1149999999999999 0.9631128530240041 0.890643398282206 -0.1149999999999999 0.9600062513062047 0.525 0 0 0.525 0.0149999999999999 0 0.625 0.0149999999999999 0 0.625 0 0 0.625 0.0149999999999999 2.06 0.625 0.0149999999999999 0 0.525 0.0149999999999999 0 0.525 0.0149999999999999 2.16 2.035 0.0149999999999999 2.16 2.035 0.0149999999999999 0 1.935 0.0149999999999999 0 1.935 0.0149999999999999 2.06 0.625 0 2.06 0.625 0 0 0.625 0.0149999999999999 0 0.625 0.0149999999999999 2.06 0.525 0 2.16 0.525 0 0 0.625 0 0 0.625 0 2.06 1.935 0 2.06 1.935 0 0 2.035 0 0 2.035 0 2.16 0.525 0.0149999999999999 2.16 0.525 0.0149999999999999 0 0.525 0 0 0.525 0 2.16 1.935 0 2.06 0.625 0 2.06 0.625 0.0149999999999999 2.06 1.935 0.0149999999999999 2.06 2.035 0.0149999999999999 2.16 0.525 0.0149999999999999 2.16 0.525 0 2.16 2.035 0 2.16 1.935 0.0149999999999999 0 2.035 0.0149999999999999 0 2.035 0 0 1.935 0 0 1.935 0 0 1.935 0 2.06 1.935 0.0149999999999999 2.06 1.935 0.0149999999999999 0 2.035 0.0149999999999999 0 2.035 0.0149999999999999 2.16 2.035 0 2.16 2.035 0 0 2.035 -0.2 0 2.035 -0.2149999999999999 0 1.935 -0.2149999999999999 0 1.935 -0.2 0 1.935 -0.2149999999999999 2.06 1.935 -0.2149999999999999 0 2.035 -0.2149999999999999 0 2.035 -0.2149999999999999 2.16 0.525 -0.2149999999999999 2.16 0.525 -0.2149999999999999 0 0.625 -0.2149999999999999 0 0.625 -0.2149999999999999 2.06 1.935 -0.2 2.06 1.935 -0.2 0 1.935 -0.2149999999999999 0 1.935 -0.2149999999999999 2.06 2.035 -0.2 2.16 2.035 -0.2 0 1.935 -0.2 0 1.935 -0.2 2.06 0.625 -0.2 2.06 0.625 -0.2 0 0.525 -0.2 0 0.525 -0.2 2.16 2.035 -0.2149999999999999 2.16 2.035 -0.2149999999999999 0 2.035 -0.2 0 2.035 -0.2 2.16 0.625 -0.2 2.06 1.935 -0.2 2.06 1.935 -0.2149999999999999 2.06 0.625 -0.2149999999999999 2.06 0.525 -0.2149999999999999 2.16 2.035 -0.2149999999999999 2.16 2.035 -0.2 2.16 0.525 -0.2 2.16 0.625 -0.2149999999999999 0 0.525 -0.2149999999999999 0 0.525 -0.2 0 0.625 -0.2 0 0.625 -0.2 0 0.625 -0.2 2.06 0.625 -0.2149999999999999 2.06 0.625 -0.2149999999999999 0 0.525 -0.2149999999999999 0 0.525 -0.2149999999999999 2.16 0.525 -0.2 2.16 0.525 -0.2 0 1.965 -0.1325000000000052 0 1.965 -0.2 0 1.89 -0.2 0 1.89 -0.1325000000000052 0 1.965 0 2.09 1.965 0 0 1.89 0 0 1.89 0 2.015 0.67 0 2.015 0.67 0 0 0.5949999999999999 0 0 0.5949999999999999 0 2.09 1.965 -0.06749999999999467 0 1.965 0 0 1.965 0 2.09 1.965 -0.2 2.09 1.965 -0.2 0 1.965 -0.1325000000000052 0 1.965 -0.1325000000000052 2.03 1.965 -0.06749999999999467 2.03 1.965 -0.06749999999999467 0 1.965 -0.06749999999999467 2.03 0.5949999999999999 -0.06749999999999467 2.03 0.5949999999999999 -0.06749999999999467 0 0.67 -0.06749999999999467 0 0.67 -0.06749999999999467 2.015 1.89 -0.06749999999999467 2.015 1.89 -0.06749999999999467 0 1.89 -0.1325000000000052 0 1.89 -0.2 0 1.89 -0.2 2.015 1.89 -0.1325000000000052 2.015 1.89 -0.2 2.015 1.89 -0.2 0 1.965 -0.2 0 1.965 -0.2 2.09 0.5949999999999999 -0.2 2.09 0.5949999999999999 -0.2 0 0.67 -0.2 0 0.67 -0.2 2.015 0.5949999999999999 -0.1325000000000052 0 0.5949999999999999 -0.1325000000000052 2.03 1.965 -0.1325000000000052 2.03 1.965 -0.1325000000000052 0 1.89 -0.1325000000000052 0 1.89 -0.1325000000000052 2.015 0.67 -0.1325000000000052 2.015 0.67 -0.1325000000000052 0 0.67 -0.06749999999999467 0 0.67 0 0 0.67 0 2.015 0.67 -0.06749999999999467 2.015 0.67 -0.1325000000000052 0 0.67 -0.2 0 0.5949999999999999 -0.2 0 0.5949999999999999 -0.1325000000000052 0 0.5949999999999999 -0.2 2.09 0.5949999999999999 0 2.09 0.5949999999999999 0 0 0.5949999999999999 -0.06749999999999467 0 0.5949999999999999 -0.06749999999999467 2.03 0.5949999999999999 -0.1325000000000052 2.03 0.5949999999999999 -0.1325000000000052 0 0.5949999999999999 -0.2 0 1.965 -0.2 2.09 1.965 0 2.09 0.5949999999999999 0 2.09 0.5949999999999999 -0.2 2.09 0.67 -0.06749999999999467 2.015 0.67 0 2.015 1.89 0 2.015 1.89 -0.06749999999999467 2.015 1.965 -0.06749999999999467 2.03 1.965 -0.1325000000000052 2.03 0.5949999999999999 -0.1325000000000052 2.03 0.5949999999999999 -0.06749999999999467 2.03 1.89 -0.1325000000000052 2.015 1.89 -0.2 2.015 0.67 -0.2 2.015 0.67 -0.1325000000000052 2.015 0.5949999999999999 -0.06749999999999467 0 0.5949999999999999 0 0 0.67 0 0 0.67 -0.06749999999999467 0 0.67 -0.1325000000000052 2.015 0.67 -0.2 2.015 0.67 -0.2 0 0.67 -0.1325000000000052 0 1.89 -0.06749999999999467 2.015 1.89 0 2.015 1.89 0 0 1.89 -0.06749999999999467 0 1.89 -0.06749999999999467 0 1.89 0 0 1.965 0 0 1.965 -0.06749999999999467 0</float_array>
          <technique_common>
            <accessor source="#representation-3726-material-3732-positions-array" count="2064" stride="3">
              <param name="X" type="float"/>
              <param name="Y" type="float"/>
              <param name="Z" type="float"/>
            </accessor>
          </technique_common>
        </source>
        <source id="representation-3726-material-3732-normals">
          <float_array id="representation-3726-material-3732-normals-array" count="6192">0 1 0 0 1 0 0 1 0 0 1 0 0 1 0 0 1 0 0 1 0 0 1 0 0 1 0 0 1 0 0 1 0 0 1 0 0 1 0 0 1 0 0 1 0 0 1 0 0 1 0 0 1 0 0 1 0 0 1 0 0 1 0 0 1 0 0 1 0 0 1 0 0 1 0 0 1 0 0 1 0 0 1 0 0 1 0 0 1 0 0 1 0 0 1 0 0 1 0 0 1 0 0 1 0 0 1 0 0 1 0 0 1 0 0 1 0 0 1 0 0 1 0 0 1 0 0 1 0 0 1 0 0 1 0 0 1 0 0 1 0 0 1 0 0 1 0 0 1 0 0 1 0 0 1 0 0 1 0 0 1 0 0 1 0 0 1 0 0 1 0 0 1 0 0 1 0 0 1 0 0 1 0 0 1 0 0 1 0 0 1 0 0 1 0 0 1 0 0 1 0 0 1 0 0 1 0 0 1 0 0 1 0 0 1 0 0 1 0 0 1 0 0 1 0 0 1 0 0 1 0 0 1 0 0 1 0 0 1 0 0 1 0 0 1 0 0 1 0 0 1 0 0 1 0 0 1 0 0 1 0 0 1 0 0 1 0 0 1 0 0 1 0 0 1 0 0 1 0 0 1 0 0 1 0 0 1 0 0 1 0 0 1 0 0 1 0 0 1 0 0 1 0 0 1 0 0 1 0 0 1 0 0 1 0 0 1 0 0 1 0 0 1 0 0 1 0 0 1 0 0 1 0 0 1 0 0 1 0 0 1 0 0 1 0 0 1 0 0 1 0 0 1 0 0 1 0 0 1 0 0 1 0 0 1 0 0 1 0 0 1 0 0 1 0 0 1 0 0 1 0 0 1 0 0 1 0 0 1 0 0 1 0 0 1 0 0 1 0 0 1 0 0 1 0 0 1 0 0 1 0 0 1 0 0 1 0 0 1 0 0 1 0 0 1 0 0 1 0 0 1 0 0 -1 0 0 -1 0 0 -1 0 0 -1 0 0 -1 0 0 -1 0 0 -1 0 0 -1 0 0 -1 0 0 -1 0 0 -1 0 0 -1 0 0 -1 0 0 -1 0 0 -1 0 0 -1 0 0 -1 0 0 -1 0 0 -1 0 0 -1 0 0 -1 0 0 -1 0 0 -1 0 0 -1 0 0 -1 0 0 -1 0 0 -1 0 0 -1 0 0 -1 0 0 -1 0 0 -1 0 0 -1 0 0 -1 0 0 -1 0 0 -1 0 0 -1 0 0 -1 0 0 -1 0 0 -1 0 0 -1 0 0 -1 0 0 -1 0 0 -1 0 0 -1 0 0 -1 0 0 -1 0 0 -1 0 0 -1 0 0 -1 0 0 -1 0 0 -1 0 0 -1 0 0 -1 0 0 -1 0 0 -1 0 0 -1 0 0 -1 0 0 -1 0 0 -1 0 0 -1 0 0 -1 0 0 -1 0 0 -1 0 0 -1 0 0 -1 0 0 -1 0 0 -1 0 0 -1 0 0 -1 0 0 -1 0 0 -1 0 0 -1 0 0 -1 0 0 -1 0 0 -1 0 0 -1 0 0 -1 0 0 -1 0 0 -1 0 0 -1 0 0 -1 0 0 -1 0 0 -1 0 0 -1 0 0 -1 0 0 -1 0 0 -1 0 0 -1 0 0 -1 0 0 -1 0 0 -1 0 0 -1 0 0 -1 0 0 -1 0 0 -1 0 0 -1 0 0 -1 0 0 -1 0 0 -1 0 0 -1 0 0 -1 0 0 -1 0 0 -1 0 0 -1 0 0 -1 0 0 -1 0 0 -1 0 0 -1 0 0 -1 0 0 -1 0 0 -1 0 0 -1 0 0 -1 0 0 -1 0 0 -1 0 0 -1 0 0 -1 0 0 -1 0 0 -1 0 0 -1 0 0 -1 0 0 -1 0 0 -1 0 0 -1 0 0 -1 0 0 -1 0 0 -1 0 0 -1 0 0 -1 0 0 -1 0 0 -1 0 0 -1 0 0 -1 0 0 -1 0 0 -1 0 0 -1 0 0 -1 0 0 -1 0 0 -1 0 0 -1 0 0 -1 0 0 -1 0 0 -1 0 0 -1 0 0.9914448613738108 3.654814009198112e-14 -0.1305261922200486 0.9914448613738108 3.654814009198112e-14 -0.1305261922200486 0.9914448613738108 3.654814009198112e-14 -0.1305261922200486 0.9914448613738108 3.654814009198112e-14 -0.1305261922200486 0.9238795325112739 0 -0.3826834323651207 0.9238795325112739 0 -0.3826834323651207 0.9238795325112739 0 -0.3826834323651207 0.9238795325112739 0 -0.3826834323651207 0.6087614290086988 0 -0.7933533402912518 0.6087614290086988 0 -0.7933533402912518 0.6087614290086988 0 -0.7933533402912518 0.6087614290086988 0 -0.7933533402912518 0.7933533402912688 0 -0.6087614290086769 0.7933533402912688 0 -0.6087614290086769 0.7933533402912688 0 -0.6087614290086769 0.7933533402912688 0 -0.6087614290086769 0.382683432365115 0 -0.9238795325112763 0.382683432365115 0 -0.9238795325112763 0.382683432365115 0 -0.9238795325112763 0.382683432365115 0 -0.9238795325112763 0.130526192220041 0 -0.9914448613738118 0.130526192220041 0 -0.9914448613738118 0.130526192220041 0 -0.9914448613738118 0.130526192220041 0 -0.9914448613738118 -0.1305261922199919 -5.191497172161695e-15 -0.9914448613738182 -0.1305261922199919 -5.191497172161695e-15 -0.9914448613738182 -0.1305261922199919 -5.191497172161695e-15 -0.9914448613738182 -0.1305261922199919 -5.191497172161695e-15 -0.9914448613738182 -0.3826834323651149 0 -0.9238795325112764 -0.3826834323651149 0 -0.9238795325112764 -0.3826834323651149 0 -0.9238795325112764 -0.3826834323651149 0 -0.9238795325112764 -0.793353340291233 0 -0.6087614290087235 -0.793353340291233 0 -0.6087614290087235 -0.793353340291233 0 -0.6087614290087235 -0.793353340291233 0 -0.6087614290087235 -0.6087614290087013 0 -0.79335334029125 -0.6087614290087013 0 -0.79335334029125 -0.6087614290087013 0 -0.79335334029125 -0.6087614290087013 0 -0.79335334029125 -0.9238795325112828 0 -0.3826834323650994 -0.9238795325112828 0 -0.3826834323650994 -0.9238795325112828 0 -0.3826834323650994 -0.9238795325112828 0 -0.3826834323650994 -0.9914448613738063 0 -0.1305261922200822 -0.9914448613738063 0 -0.1305261922200822 -0.9914448613738063 0 -0.1305261922200822 -0.9914448613738063 0 -0.1305261922200822 -0.9914448613738063 -4.983837285295411e-15 0.1305261922200822 -0.9914448613738063 -4.983837285295411e-15 0.1305261922200822 -0.9914448613738063 -4.983837285295411e-15 0.1305261922200822 -0.9914448613738063 -4.983837285295411e-15 0.1305261922200822 -0.9238795325112858 0 0.382683432365092 -0.9238795325112858 0 0.382683432365092 -0.9238795325112858 0 0.382683432365092 -0.9238795325112858 0 0.382683432365092 -0.6087614290086988 0 0.7933533402912518 -0.6087614290086988 0 0.7933533402912518 -0.6087614290086988 0 0.7933533402912518 -0.6087614290086988 0 0.7933533402912518 -0.793353340291261 0 0.6087614290086869 -0.793353340291261 0 0.6087614290086869 -0.793353340291261 0 0.6087614290086869 -0.793353340291261 0 0.6087614290086869 -0.3826834323650972 0 0.9238795325112837 -0.3826834323650972 0 0.9238795325112837 -0.3826834323650972 0 0.9238795325112837 -0.3826834323650972 0 0.9238795325112837 -0.1305261922200708 0 0.9914448613738079 -0.1305261922200708 0 0.9914448613738079 -0.1305261922200708 0 0.9914448613738079 -0.1305261922200708 0 0.9914448613738079 0.1305261922200614 0 0.9914448613738091 0.1305261922200614 0 0.9914448613738091 0.1305261922200614 0 0.9914448613738091 0.1305261922200614 0 0.9914448613738091 0.3826834323650796 0 0.923879532511291 0.3826834323650796 0 0.923879532511291 0.3826834323650796 0 0.923879532511291 0.3826834323650796 0 0.923879532511291 0.793353340291243 2.076598868864728e-14 0.6087614290087105 0.793353340291243 2.076598868864728e-14 0.6087614290087105 0.793353340291243 2.076598868864728e-14 0.6087614290087105 0.793353340291243 2.076598868864728e-14 0.6087614290087105 0.6087614290087013 0 0.79335334029125 0.6087614290087013 0 0.79335334029125 0.6087614290087013 0 0.79335334029125 0.6087614290087013 0 0.79335334029125 0.9238795325112739 0 0.3826834323651207 0.9238795325112739 0 0.3826834323651207 0.9238795325112739 0 0.3826834323651207 0.9238795325112739 0 0.3826834323651207 0.9914448613738114 0 0.1305261922200432 0.9914448613738114 0 0.1305261922200432 0.9914448613738114 0 0.1305261922200432 0.9914448613738114 0 0.1305261922200432 0.9702957262759936 0 -0.2419218955996791 0.9702957262759936 0 -0.2419218955996791 0.9702957262759936 0 -0.2419218955996791 0.9702957262759936 0 -0.2419218955996791 0.5610375793698068 -8.831942031551324e-15 0.8277903324724611 0.5610375793698068 -8.831942031551324e-15 0.8277903324724611 0.5610375793698068 -8.831942031551324e-15 0.8277903324724611 0.5610375793698068 -8.831942031551324e-15 0.8277903324724611 0.8933875969141579 0 0.4492867699809844 0.8933875969141579 0 0.4492867699809844 0.8933875969141579 0 0.4492867699809844 0.8933875969141579 0 0.4492867699809844 0.7514348841096581 -2.13502666177169e-14 0.65980725590365 0.7514348841096581 -2.13502666177169e-14 0.65980725590365 0.7514348841096581 -2.13502666177169e-14 0.65980725590365 0.7514348841096581 -2.13502666177169e-14 0.65980725590365 0.9777441047943199 0 0.2098010141537787 0.9777441047943199 0 0.2098010141537787 0.9777441047943199 0 0.2098010141537787 0.9777441047943199 0 0.2098010141537787 0.9559786431904132 0 -0.2934362516183314 0.9559786431904132 0 -0.2934362516183314 0.9559786431904132 0 -0.2934362516183314 0.9559786431904132 0 -0.2934362516183314 0.8512598809943371 2.135026661771899e-14 -0.5247443329941802 0.8512598809943371 2.135026661771899e-14 -0.5247443329941802 0.8512598809943371 2.135026661771899e-14 -0.5247443329941802 0.8512598809943371 2.135026661771899e-14 -0.5247443329941802 0.4874708540035227 0 -0.8731392595096594 0.4874708540035227 0 -0.8731392595096594 0.4874708540035227 0 -0.8731392595096594 0.4874708540035227 0 -0.8731392595096594 0.6916608644503744 4.270053323543218e-14 -0.722222437056452 0.6916608644503744 4.270053323543218e-14 -0.722222437056452 0.6916608644503744 4.270053323543218e-14 -0.722222437056452 0.6916608644503744 4.270053323543218e-14 -0.722222437056452 0.999065990279855 0 -0.04321049717525327 0.999065990279855 0 -0.04321049717525327 0.999065990279855 0 -0.04321049717525327 0.999065990279855 0 -0.04321049717525327 0.2518538668457612 1.067513330885815e-14 -0.9677652761671281 0.2518538668457612 1.067513330885815e-14 -0.9677652761671281 0.2518538668457612 1.067513330885815e-14 -0.9677652761671281 0.2518538668457612 1.067513330885815e-14 -0.9677652761671281 8.540106647087213e-14 1.387778780781206e-14 -1 8.540106647087213e-14 1.387778780781206e-14 -1 8.540106647087213e-14 1.387778780781206e-14 -1 8.540106647087213e-14 1.387778780781206e-14 -1 -0.2518538668458413 -4.997143089487322e-15 -0.9677652761671072 -0.2518538668458413 -4.997143089487322e-15 -0.9677652761671072 -0.2518538668458413 -4.997143089487322e-15 -0.9677652761671072 -0.2518538668458413 -4.997143089487322e-15 -0.9677652761671072 -0.6916608644504176 -5.786967573429953e-15 -0.7222224370564107 -0.6916608644504176 -5.786967573429953e-15 -0.7222224370564107 -0.6916608644504176 -5.786967573429953e-15 -0.7222224370564107 -0.6916608644504176 -5.786967573429953e-15 -0.7222224370564107 -0.4874708540035227 -2.135026661771497e-14 -0.8731392595096594 -0.4874708540035227 -2.135026661771497e-14 -0.8731392595096594 -0.4874708540035227 -2.135026661771497e-14 -0.8731392595096594 -0.4874708540035227 -2.135026661771497e-14 -0.8731392595096594 -0.8512598809942589 -2.135026661771703e-14 -0.5247443329943068 -0.8512598809942589 -2.135026661771703e-14 -0.5247443329943068 -0.8512598809942589 -2.135026661771703e-14 -0.5247443329943068 -0.8512598809942589 -2.135026661771703e-14 -0.5247443329943068 -0.9990659902798475 3.609096391690874e-15 -0.04321049717542779 -0.9990659902798475 3.609096391690874e-15 -0.04321049717542779 -0.9990659902798475 3.609096391690874e-15 -0.04321049717542779 -0.9990659902798475 3.609096391690874e-15 -0.04321049717542779 -0.9777441047942877 6.520670347983739e-15 0.2098010141539282 -0.9777441047942877 6.520670347983739e-15 0.2098010141539282 -0.9777441047942877 6.520670347983739e-15 0.2098010141539282 -0.9777441047942877 6.520670347983739e-15 0.2098010141539282 -0.7514348841096953 -2.135026661771552e-14 0.6598072559036076 -0.7514348841096953 -2.135026661771552e-14 0.6598072559036076 -0.7514348841096953 -2.135026661771552e-14 0.6598072559036076 -0.7514348841096953 -2.135026661771552e-14 0.6598072559036076 -0.8933875969142111 -2.787093696570044e-14 0.4492867699808786 -0.8933875969142111 -2.787093696570044e-14 0.4492867699808786 -0.8933875969142111 -2.787093696570044e-14 0.4492867699808786 -0.8933875969142111 -2.787093696570044e-14 0.4492867699808786 -0.9559786431904623 0 -0.2934362516181716 -0.9559786431904623 0 -0.2934362516181716 -0.9559786431904623 0 -0.2934362516181716 -0.9559786431904623 0 -0.2934362516181716 -0.5610375793698297 2.135026661771915e-14 0.8277903324724456 -0.5610375793698297 2.135026661771915e-14 0.8277903324724456 -0.5610375793698297 2.135026661771915e-14 0.8277903324724456 -0.5610375793698297 2.135026661771915e-14 0.8277903324724456 -0.970295726276001 0 -0.2419218955996494 -0.970295726276001 0 -0.2419218955996494 -0.970295726276001 0 -0.2419218955996494 -0.970295726276001 0 -0.2419218955996494 0 0 1 0 0 1 0 0 1 0 0 1 0 -1 0 0 -1 0 0 -1 0 0 -1 0 0 -1 0 0 -1 0 0 -1 0 0 -1 0 0 -1 0 0 -1 0 0 -1 0 0 -1 0 0 -1 0 0 -1 0 0 -1 0 0 -1 0 0 -1 0 0 -1 0 0 -1 0 0 -1 0 0 -1 0 0 -1 0 0 -1 0 0 -1 0 0 -1 0 0 -1 0 0 -1 0 0 -1 0 0 -1 0 0 -1 0 0 -1 0 0 -1 0 0 -1 0 0 -1 0 0 -1 0 0 -1 0 0 -1 0 0 -1 0 0 -1 0 0 -1 0 0 -1 0 0 -1 0 0 -1 0 0 -1 0 0 -1 0 0 -1 0 0 -1 0 0 -1 0 0 -1 0 0 -1 0 0 -1 0 0 -1 0 0 -1 0 0 -1 0 0 -1 0 0 -1 0 0 -1 0 0 -1 0 0 -1 0 0 -1 0 0 -1 0 0 -1 0 0 -1 0 0 -1 0 0 -1 0 0 -1 0 0 -1 0 0 -1 0 0 -1 0 0 -1 0 0 -1 0 0 -1 0 0 -1 0 0 -1 0 0 -1 0 0 -1 0 0 -1 0 0 -1 0 0 -1 0 0 -1 0 0 -1 0 0 -1 0 0 -1 0 0 -1 0 0 -1 0 0 -1 0 0 -1 0 0 -1 0 0 -1 0 0 -1 0 0 -1 0 0 -1 0 0 -1 0 0 -1 0 0 -1 0 0 -1 0 0 -1 0 0 -1 0 0 -1 0 0 -1 0 0 -1 0 0 -1 0 0 -1 0 0 -1 0 0 -1 0 0 -1 0 0 -1 0 0 -1 0 0 -1 0 0 -1 0 0 -1 0 0 -1 0 0 -1 0 0 -1 0 0 -1 0 0 -1 0 0 -1 0 0 -1 0 0 -1 0 0 -1 0 0 -1 0 0 -1 0 0 -1 0 0 -1 0 0 -1 0 0 -1 0 0 -1 0 0 -1 0 0 -1 0 0 -1 0 0 -1 0 0 -1 0 0 -1 0 0 -1 0 0 -1 0 0 -1 0 0 -1 0 0 -1 0 0 -1 0 0 -1 0 0 -1 0 0 -1 0 0 -1 0 0 -1 0 0 1 0 0 1 0 0 1 0 0 1 0 0 1 0 0 1 0 0 1 0 0 1 0 0 1 0 0 1 0 0 1 0 0 1 0 0 1 0 0 1 0 0 1 0 0 1 0 0 1 0 0 1 0 0 1 0 0 1 0 0 1 0 0 1 0 0 1 0 0 1 0 0 1 0 0 1 0 0 1 0 0 1 0 0 1 0 0 1 0 0 1 0 0 1 0 0 1 0 0 1 0 0 1 0 0 1 0 0 1 0 0 1 0 0 1 0 0 1 0 0 1 0 0 1 0 0 1 0 0 1 0 0 1 0 0 1 0 0 1 0 0 1 0 0 1 0 0 1 0 0 1 0 0 1 0 0 1 0 0 1 0 0 1 0 0 1 0 0 1 0 0 1 0 0 1 0 0 1 0 0 1 0 0 1 0 0 1 0 0 1 0 0 1 0 0 1 0 0 1 0 0 1 0 0 1 0 0 1 0 0 1 0 0 1 0 0 1 0 0 1 0 0 1 0 0 1 0 0 1 0 0 1 0 0 1 0 0 1 0 0 1 0 0 1 0 0 1 0 0 1 0 0 1 0 0 1 0 0 1 0 0 1 0 0 1 0 0 1 0 0 1 0 0 1 0 0 1 0 0 1 0 0 1 0 0 1 0 0 1 0 0 1 0 0 1 0 0 1 0 0 1 0 0 1 0 0 1 0 0 1 0 0 1 0 0 1 0 0 1 0 0 1 0 0 1 0 0 1 0 0 1 0 0 1 0 0 1 0 0 1 0 0 1 0 0 1 0 0 1 0 0 1 0 0 1 0 0 1 0 0 1 0 0 1 0 0 1 0 0 1 0 0 1 0 0 1 0 0 1 0 0 1 0 0 1 0 0 1 0 0 1 0 0 1 0 0 1 0 0 1 0 0 1 0 0 1 0 0 1 0 0 1 0 0 1 0 0 1 0 0 1 0 0 1 0 0 1 0 0 1 0 0.9914448613738114 0 -0.1305261922200434 0.9914448613738114 0 -0.1305261922200434 0.9914448613738114 0 -0.1305261922200434 0.9914448613738114 0 -0.1305261922200434 0.9238795325112705 0 -0.3826834323651292 0.9238795325112705 0 -0.3826834323651292 0.9238795325112705 0 -0.3826834323651292 0.9238795325112705 0 -0.3826834323651292 0.6087614290087107 0 -0.7933533402912428 0.6087614290087107 0 -0.7933533402912428 0.6087614290087107 0 -0.7933533402912428 0.6087614290087107 0 -0.7933533402912428 0.7933533402912607 0 -0.6087614290086873 0.7933533402912607 0 -0.6087614290086873 0.7933533402912607 0 -0.6087614290086873 0.7933533402912607 0 -0.6087614290086873 0.3826834323651141 0 -0.9238795325112767 0.3826834323651141 0 -0.9238795325112767 0.3826834323651141 0 -0.9238795325112767 0.3826834323651141 0 -0.9238795325112767 0.1305261922200612 0 -0.9914448613738091 0.1305261922200612 0 -0.9914448613738091 0.1305261922200612 0 -0.9914448613738091 0.1305261922200612 0 -0.9914448613738091 -0.1305261922200298 0 -0.9914448613738133 -0.1305261922200298 0 -0.9914448613738133 -0.1305261922200298 0 -0.9914448613738133 -0.1305261922200298 0 -0.9914448613738133 -0.3826834323650963 0 -0.923879532511284 -0.3826834323650963 0 -0.923879532511284 -0.3826834323650963 0 -0.923879532511284 -0.3826834323650963 0 -0.923879532511284 -0.7933533402912247 0 -0.6087614290087344 -0.7933533402912247 0 -0.6087614290087344 -0.7933533402912247 0 -0.6087614290087344 -0.7933533402912247 0 -0.6087614290087344 -0.6087614290087238 0 -0.7933533402912328 -0.6087614290087238 0 -0.7933533402912328 -0.6087614290087238 0 -0.7933533402912328 -0.6087614290087238 0 -0.7933533402912328 -0.9238795325112856 0 -0.3826834323650926 -0.9238795325112856 0 -0.3826834323650926 -0.9238795325112856 0 -0.3826834323650926 -0.9238795325112856 0 -0.3826834323650926 -0.991444861373806 9.967674570591025e-15 -0.1305261922200852 -0.991444861373806 9.967674570591025e-15 -0.1305261922200852 -0.991444861373806 9.967674570591025e-15 -0.1305261922200852 -0.991444861373806 9.967674570591025e-15 -0.1305261922200852 -0.9914448613738063 0 0.1305261922200825 -0.9914448613738063 0 0.1305261922200825 -0.9914448613738063 0 0.1305261922200825 -0.9914448613738063 0 0.1305261922200825 -0.9238795325112886 0 0.3826834323650852 -0.9238795325112886 0 0.3826834323650852 -0.9238795325112886 0 0.3826834323650852 -0.9238795325112886 0 0.3826834323650852 -0.6087614290087107 0 0.7933533402912428 -0.6087614290087107 0 0.7933533402912428 -0.6087614290087107 0 0.7933533402912428 -0.6087614290087107 0 0.7933533402912428 -0.793353340291253 0 0.6087614290086973 -0.793353340291253 0 0.6087614290086973 -0.793353340291253 0 0.6087614290086973 -0.793353340291253 0 0.6087614290086973 -0.3826834323651141 0 0.9238795325112767 -0.3826834323651141 0 0.9238795325112767 -0.3826834323651141 0 0.9238795325112767 -0.3826834323651141 0 0.9238795325112767 -0.1305261922200351 0 0.9914448613738126 -0.1305261922200351 0 0.9914448613738126 -0.1305261922200351 0 0.9914448613738126 -0.1305261922200351 0 0.9914448613738126 0.1305261922200147 0 0.9914448613738152 0.1305261922200147 0 0.9914448613738152 0.1305261922200147 0 0.9914448613738152 0.1305261922200147 0 0.9914448613738152 0.3826834323651141 0 0.9238795325112767 0.3826834323651141 0 0.9238795325112767 0.3826834323651141 0 0.9238795325112767 0.3826834323651141 0 0.9238795325112767 0.79335334029124 0 0.6087614290087143 0.79335334029124 0 0.6087614290087143 0.79335334029124 0 0.6087614290087143 0.79335334029124 0 0.6087614290087143 0.6087614290086976 0 0.7933533402912528 0.6087614290086976 0 0.7933533402912528 0.6087614290086976 0 0.7933533402912528 0.6087614290086976 0 0.7933533402912528 0.9238795325112705 0 0.3826834323651292 0.9238795325112705 0 0.3826834323651292 0.9238795325112705 0 0.3826834323651292 0.9238795325112705 0 0.3826834323651292 0.9914448613738114 4.983837285314429e-15 0.1305261922200434 0.9914448613738114 4.983837285314429e-15 0.1305261922200434 0.9914448613738114 4.983837285314429e-15 0.1305261922200434 0.9914448613738114 4.983837285314429e-15 0.1305261922200434 0.9702957262759935 0 -0.2419218955996796 0.9702957262759935 0 -0.2419218955996796 0.9702957262759935 0 -0.2419218955996796 0.9702957262759935 0 -0.2419218955996796 0.5610375793697253 2.135026661771192e-14 0.8277903324725164 0.5610375793697253 2.135026661771192e-14 0.8277903324725164 0.5610375793697253 2.135026661771192e-14 0.8277903324725164 0.5610375793697253 2.135026661771192e-14 0.8277903324725164 0.8933875969141577 3.361659494677045e-15 0.449286769980985 0.8933875969141577 3.361659494677045e-15 0.449286769980985 0.8933875969141577 3.361659494677045e-15 0.449286769980985 0.8933875969141577 3.361659494677045e-15 0.449286769980985 0.7514348841097441 0 0.659807255903552 0.7514348841097441 0 0.659807255903552 0.7514348841097441 0 0.659807255903552 0.7514348841097441 0 0.659807255903552 0.9777441047943236 0 0.2098010141537615 0.9777441047943236 0 0.2098010141537615 0.9777441047943236 0 0.2098010141537615 0.9777441047943236 0 0.2098010141537615 0.9559786431903639 0 -0.2934362516184917 0.9559786431903639 0 -0.2934362516184917 0.9559786431903639 0 -0.2934362516184917 0.9559786431903639 0 -0.2934362516184917 0.8512598809944149 0 -0.524744332994054 0.8512598809944149 0 -0.524744332994054 0.8512598809944149 0 -0.524744332994054 0.8512598809944149 0 -0.524744332994054 0.4874708540034846 2.13502666177133e-14 -0.8731392595096806 0.4874708540034846 2.13502666177133e-14 -0.8731392595096806 0.4874708540034846 2.13502666177133e-14 -0.8731392595096806 0.4874708540034846 2.13502666177133e-14 -0.8731392595096806 0.6916608644503753 0 -0.7222224370564511 0.6916608644503753 0 -0.7222224370564511 0.6916608644503753 0 -0.7222224370564511 0.6916608644503753 0 -0.7222224370564511 0.9990659902798624 0 -0.04321049717508251 0.9990659902798624 0 -0.04321049717508251 0.9990659902798624 0 -0.04321049717508251 0.9990659902798624 0 -0.04321049717508251 0.2518538668457609 -1.067513330885814e-14 -0.9677652761671281 0.2518538668457609 -1.067513330885814e-14 -0.9677652761671281 0.2518538668457609 -1.067513330885814e-14 -0.9677652761671281 0.2518538668457609 -1.067513330885814e-14 -0.9677652761671281 0 -6.93889390390662e-15 -1 0 -6.93889390390662e-15 -1 0 -6.93889390390662e-15 -1 0 -6.93889390390662e-15 -1 -0.2518538668457396 0 -0.9677652761671337 -0.2518538668457396 0 -0.9677652761671337 -0.2518538668457396 0 -0.9677652761671337 -0.2518538668457396 0 -0.9677652761671337 -0.6916608644504622 -1.287850230154972e-14 -0.7222224370563679 -0.6916608644504622 -1.287850230154972e-14 -0.7222224370563679 -0.6916608644504622 -1.287850230154972e-14 -0.7222224370563679 -0.6916608644504622 -1.287850230154972e-14 -0.7222224370563679 -0.4874708540034945 2.135026661771747e-14 -0.8731392595096751 -0.4874708540034945 2.135026661771747e-14 -0.8731392595096751 -0.4874708540034945 2.135026661771747e-14 -0.8731392595096751 -0.4874708540034945 2.135026661771747e-14 -0.8731392595096751 -0.8512598809942587 2.135026661771702e-14 -0.5247443329943074 -0.8512598809942587 2.135026661771702e-14 -0.5247443329943074 -0.8512598809942587 2.135026661771702e-14 -0.5247443329943074 -0.8512598809942587 2.135026661771702e-14 -0.5247443329943074 -0.9990659902798473 0 -0.04321049717543157 -0.9990659902798473 0 -0.04321049717543157 -0.9990659902798473 0 -0.04321049717543157 -0.9990659902798473 0 -0.04321049717543157 -0.9777441047942915 3.60909639169094e-15 0.2098010141539111 -0.9777441047942915 3.60909639169094e-15 0.2098010141539111 -0.9777441047942915 3.60909639169094e-15 0.2098010141539111 -0.9777441047942915 3.60909639169094e-15 0.2098010141539111 -0.7514348841096575 0 0.6598072559036508 -0.7514348841096575 0 0.6598072559036508 -0.7514348841096575 0 0.6598072559036508 -0.7514348841096575 0 0.6598072559036508 -0.8933875969141404 -2.135026661771503e-14 0.4492867699810193 -0.8933875969141404 -2.135026661771503e-14 0.4492867699810193 -0.8933875969141404 -2.135026661771503e-14 0.4492867699810193 -0.8933875969141404 -2.135026661771503e-14 0.4492867699810193 -0.9559786431904621 0 -0.2934362516181723 -0.9559786431904621 0 -0.2934362516181723 -0.9559786431904621 0 -0.2934362516181723 -0.9559786431904621 0 -0.2934362516181723 -0.5610375793699682 0 0.8277903324723517 -0.5610375793699682 0 0.8277903324723517 -0.5610375793699682 0 0.8277903324723517 -0.5610375793699682 0 0.8277903324723517 -0.9702957262760009 0 -0.2419218955996499 -0.9702957262760009 0 -0.2419218955996499 -0.9702957262760009 0 -0.2419218955996499 -0.9702957262760009 0 -0.2419218955996499 0 0 1 0 0 1 0 0 1 0 0 1 0 0 1 0 0 1 0 0 1 0 0 1 0 0 -1 0 0 -1 0 0 -1 0 0 -1 0 1 0 0 1 0 0 1 0 0 1 0 0 1 0 0 1 0 0 1 0 0 1 0 0 1 0 0 1 0 0 1 0 0 1 0 0 1 0 0 1 0 0 1 0 0 1 0 0 1 0 0 1 0 0 1 0 0 1 0 0 1 0 0 1 0 0 1 0 0 1 0 0 1 0 0 1 0 0 1 0 0 1 0 0 1 0 0 1 0 0 1 0 0 1 0 0 1 0 0 1 0 0 1 0 0 1 0 0 1 0 0 1 0 0 1 0 0 1 0 0 1 0 0 1 0 0 1 0 0 1 0 0 1 0 0 1 0 0 1 0 0 1 0 0 1 0 0 1 0 0 1 0 0 1 0 0 1 0 0 1 0 0 1 0 0 1 0 0 1 0 0 1 0 0 1 0 0 1 0 0 1 0 0 1 0 0 1 0 0 1 0 0 1 0 0 1 0 0 1 0 0 1 0 0 1 0 0 1 0 0 1 0 0 1 0 0 1 0 0 1 0 0 1 0 0 1 0 0 1 0 0 1 0 0 1 0 0 1 0 0 1 0 0 1 0 0 1 0 0 1 0 0 1 0 0 1 0 0 1 0 0 1 0 0 1 0 0 1 0 1 8.750526302464287e-15 0 1 8.750526302464287e-15 0 1 8.750526302464287e-15 0 1 8.750526302464287e-15 0 0 -1 0 0 -1 0 0 -1 0 0 -1 0 0 -1 0 0 -1 0 0 -1 0 0 -1 0 0 -1 0 0 -1 0 0 -1 0 0 -1 0 0 -1 0 0 -1 0 0 -1 0 0 -1 0 0 -1 0 0 -1 0 0 -1 0 0 -1 0 0 -1 0 0 -1 0 0 -1 0 0 -1 0 0 -1 0 0 -1 0 0 -1 0 0 -1 0 0 -1 0 0 -1 0 0 -1 0 0 -1 0 0 -1 0 0 -1 0 0 -1 0 0 -1 0 0 -1 0 0 -1 0 0 -1 0 0 -1 0 0 -1 0 0 -1 0 0 -1 0 0 -1 0 0 -1 0 0 -1 0 0 -1 0 0 -1 0 0 -1 0 0 -1 0 0 -1 0 0 -1 0 0 -1 0 0 -1 0 0 -1 0 0 -1 0 0 -1 0 0 -1 0 0 -1 0 0 -1 0 0 -1 0 0 -1 0 0 -1 0 0 -1 0 0 -1 0 0 -1 0 0 -1 0 0 -1 0 0 -1 0 0 -1 0 0 -1 0 0 -1 0 0 -1 0 0 -1 0 0 -1 0 0 -1 0 0 -1 0 0 -1 0 0 -1 0 0 -1 0 0 -1 0 0 -1 0 0 -1 0 0 -1 0 0 -1 0 0 -1 0 0 -1 0 0 -1 0 0 -1 0 0 -1 0 -1 0 0 -1 0 0 -1 0 0 -1 0 0 0 1 0 0 1 0 0 1 0 0 1 0 0 1 0 0 1 0 0 1 0 0 1 0 0 1 0 0 1 0 0 1 0 0 1 0 0 1 0 0 1 0 0 1 0 0 1 0 0 1 0 0 1 0 0 1 0 0 1 0 0 1 0 0 1 0 0 1 0 0 1 0 0 1 0 0 1 0 -0.9914448613738073 -5.316093104286006e-15 0.1305261922200752 -0.9914448613738073 -5.316093104286006e-15 0.1305261922200752 -0.9914448613738073 -5.316093104286006e-15 0.1305261922200752 -0.9914448613738073 -5.316093104286006e-15 0.1305261922200752 -0.991444861373811 2.215038793454787e-14 0.1305261922200471 -0.991444861373811 2.215038793454787e-14 0.1305261922200471 -0.991444861373811 2.215038793454787e-14 0.1305261922200471 -0.991444861373811 2.215038793454787e-14 0.1305261922200471 -0.923879532511291 2.215038793454828e-14 0.3826834323650795 -0.923879532511291 2.215038793454828e-14 0.3826834323650795 -0.923879532511291 2.215038793454828e-14 0.3826834323650795 -0.923879532511291 2.215038793454828e-14 0.3826834323650795 -0.9238795325112948 0 0.3826834323650702 -0.9238795325112948 0 0.3826834323650702 -0.9238795325112948 0 0.3826834323650702 -0.9238795325112948 0 0.3826834323650702 -0.6087614290087491 0 0.7933533402912132 -0.6087614290087491 0 0.7933533402912132 -0.6087614290087491 0 0.7933533402912132 -0.6087614290087491 0 0.7933533402912132 -0.6087614290086947 0 0.7933533402912551 -0.6087614290086947 0 0.7933533402912551 -0.6087614290086947 0 0.7933533402912551 -0.6087614290086947 0 0.7933533402912551 -0.7933533402912001 0 0.6087614290087661 -0.7933533402912001 0 0.6087614290087661 -0.7933533402912001 0 0.6087614290087661 -0.7933533402912001 0 0.6087614290087661 -0.7933533402912307 2.215038793454764e-14 0.6087614290087265 -0.7933533402912307 2.215038793454764e-14 0.6087614290087265 -0.7933533402912307 2.215038793454764e-14 0.6087614290087265 -0.7933533402912307 2.215038793454764e-14 0.6087614290087265 -0.3826834323650553 2.215038793454792e-14 0.923879532511301 -0.3826834323650553 2.215038793454792e-14 0.923879532511301 -0.3826834323650553 2.215038793454792e-14 0.923879532511301 -0.3826834323650553 2.215038793454792e-14 0.923879532511301 -0.3826834323650764 0 0.9238795325112924 -0.3826834323650764 0 0.9238795325112924 -0.3826834323650764 0 0.9238795325112924 -0.3826834323650764 0 0.9238795325112924 -0.1305261922200903 2.76879849181872e-15 0.9914448613738053 -0.1305261922200903 2.76879849181872e-15 0.9914448613738053 -0.1305261922200903 2.76879849181872e-15 0.9914448613738053 -0.1305261922200903 2.76879849181872e-15 0.9914448613738053 -0.1305261922200322 0 0.991444861373813 -0.1305261922200322 0 0.991444861373813 -0.1305261922200322 0 0.991444861373813 -0.1305261922200322 0 0.991444861373813 0.1305261922200791 0 0.9914448613738068 0.1305261922200791 0 0.9914448613738068 0.1305261922200791 0 0.9914448613738068 0.1305261922200791 0 0.9914448613738068 0.1305261922200904 -2.768798491818723e-15 0.9914448613738053 0.1305261922200904 -2.768798491818723e-15 0.9914448613738053 0.1305261922200904 -2.768798491818723e-15 0.9914448613738053 0.1305261922200904 -2.768798491818723e-15 0.9914448613738053 0.3826834323650657 0 0.9238795325112967 0.3826834323650657 0 0.9238795325112967 0.3826834323650657 0 0.9238795325112967 0.3826834323650657 0 0.9238795325112967 0.3826834323650563 0 0.9238795325113006 0.3826834323650563 0 0.9238795325113006 0.3826834323650563 0 0.9238795325113006 0.3826834323650563 0 0.9238795325113006 0.7933533402911999 0 0.6087614290087667 0.7933533402911999 0 0.6087614290087667 0.7933533402911999 0 0.6087614290087667 0.7933533402911999 0 0.6087614290087667 0.7933533402912307 0 0.6087614290087265 0.7933533402912307 0 0.6087614290087265 0.7933533402912307 0 0.6087614290087265 0.7933533402912307 0 0.6087614290087265 0.6087614290087214 0 0.7933533402912344 0.6087614290087214 0 0.7933533402912344 0.6087614290087214 0 0.7933533402912344 0.6087614290087214 0 0.7933533402912344 0.6087614290087495 0 0.793353340291213 0.6087614290087495 0 0.793353340291213 0.6087614290087495 0 0.793353340291213 0.6087614290087495 0 0.793353340291213 0.923879532511291 -2.215038793454828e-14 0.3826834323650795 0.923879532511291 -2.215038793454828e-14 0.3826834323650795 0.923879532511291 -2.215038793454828e-14 0.3826834323650795 0.923879532511291 -2.215038793454828e-14 0.3826834323650795 0.9238795325112747 1.18411009215864e-14 0.3826834323651188 0.9238795325112747 1.18411009215864e-14 0.3826834323651188 0.9238795325112747 1.18411009215864e-14 0.3826834323651188 0.9238795325112747 1.18411009215864e-14 0.3826834323651188 0.9914448613738147 2.215038793454795e-14 0.1305261922200194 0.9914448613738147 2.215038793454795e-14 0.1305261922200194 0.9914448613738147 2.215038793454795e-14 0.1305261922200194 0.9914448613738147 2.215038793454795e-14 0.1305261922200194 0.9914448613738117 -3.10105431083148e-14 0.1305261922200413 0.9914448613738117 -3.10105431083148e-14 0.1305261922200413 0.9914448613738117 -3.10105431083148e-14 0.1305261922200413 0.9914448613738117 -3.10105431083148e-14 0.1305261922200413 1 0 0 1 0 0 1 0 0 1 0 0 1 0 2.028943342700711e-15 1 0 2.028943342700711e-15 1 0 2.028943342700711e-15 1 0 2.028943342700711e-15 0.9914448613738212 0 -0.1305261922199695 0.9914448613738212 0 -0.1305261922199695 0.9914448613738212 0 -0.1305261922199695 0.9914448613738212 0 -0.1305261922199695 0.9914448613738081 2.215038793454682e-14 -0.1305261922200693 0.9914448613738081 2.215038793454682e-14 -0.1305261922200693 0.9914448613738081 2.215038793454682e-14 -0.1305261922200693 0.9914448613738081 2.215038793454682e-14 -0.1305261922200693 0.923879532511281 0 -0.3826834323651037 0.923879532511281 0 -0.3826834323651037 0.923879532511281 0 -0.3826834323651037 0.923879532511281 0 -0.3826834323651037 0.9238795325112747 0 -0.3826834323651188 0.9238795325112747 0 -0.3826834323651188 0.9238795325112747 0 -0.3826834323651188 0.9238795325112747 0 -0.3826834323651188 0.6087614290086661 0 -0.793353340291277 0.6087614290086661 0 -0.793353340291277 0.6087614290086661 0 -0.793353340291277 0.6087614290086661 0 -0.793353340291277 0.6087614290087499 0 -0.7933533402912126 0.6087614290087499 0 -0.7933533402912126 0.6087614290087499 0 -0.7933533402912126 0.6087614290087499 0 -0.7933533402912126 0.79335334029123 0 -0.6087614290087274 0.79335334029123 0 -0.6087614290087274 0.79335334029123 0 -0.6087614290087274 0.79335334029123 0 -0.6087614290087274 0.7933533402912142 -2.215038793454842e-14 -0.6087614290087479 0.7933533402912142 -2.215038793454842e-14 -0.6087614290087479 0.7933533402912142 -2.215038793454842e-14 -0.6087614290087479 0.7933533402912142 -2.215038793454842e-14 -0.6087614290087479 0.3826834323651888 0 -0.9238795325112457 0.3826834323651888 0 -0.9238795325112457 0.3826834323651888 0 -0.9238795325112457 0.3826834323651888 0 -0.9238795325112457 0.3826834323650563 0 -0.9238795325113006 0.3826834323650563 0 -0.9238795325113006 0.3826834323650563 0 -0.9238795325113006 0.3826834323650563 0 -0.9238795325113006 0.1305261922199885 0 -0.9914448613738187 0.1305261922199885 0 -0.9914448613738187 0.1305261922199885 0 -0.9914448613738187 0.1305261922199885 0 -0.9914448613738187 0.1305261922200904 2.768798491818723e-15 -0.9914448613738053 0.1305261922200904 2.768798491818723e-15 -0.9914448613738053 0.1305261922200904 2.768798491818723e-15 -0.9914448613738053 0.1305261922200904 2.768798491818723e-15 -0.9914448613738053 -0.1305261922200029 -2.768798491818748e-15 -0.9914448613738169 -0.1305261922200029 -2.768798491818748e-15 -0.9914448613738169 -0.1305261922200029 -2.768798491818748e-15 -0.9914448613738169 -0.1305261922200029 -2.768798491818748e-15 -0.9914448613738169 -0.1305261922200684 -5.537596983636513e-15 -0.9914448613738082 -0.1305261922200684 -5.537596983636513e-15 -0.9914448613738082 -0.1305261922200684 -5.537596983636513e-15 -0.9914448613738082 -0.1305261922200684 -5.537596983636513e-15 -0.9914448613738082 -0.3826834323651691 -2.215038793454681e-14 -0.9238795325112539 -0.3826834323651691 -2.215038793454681e-14 -0.9238795325112539 -0.3826834323651691 -2.215038793454681e-14 -0.9238795325112539 -0.3826834323651691 -2.215038793454681e-14 -0.9238795325112539 -0.3826834323650964 0 -0.923879532511284 -0.3826834323650964 0 -0.923879532511284 -0.3826834323650964 0 -0.923879532511284 -0.3826834323650964 0 -0.923879532511284 -0.7933533402911835 0 -0.608761429008788 -0.7933533402911835 0 -0.608761429008788 -0.7933533402911835 0 -0.608761429008788 -0.7933533402911835 0 -0.608761429008788 -0.7933533402912142 2.215038793454842e-14 -0.6087614290087479 -0.7933533402912142 2.215038793454842e-14 -0.6087614290087479 -0.7933533402912142 2.215038793454842e-14 -0.6087614290087479 -0.7933533402912142 2.215038793454842e-14 -0.6087614290087479 -0.6087614290087213 0 -0.7933533402912347 -0.6087614290087213 0 -0.7933533402912347 -0.6087614290087213 0 -0.7933533402912347 -0.6087614290087213 0 -0.7933533402912347 -0.6087614290087499 0 -0.7933533402912126 -0.6087614290087499 0 -0.7933533402912126 -0.6087614290087499 0 -0.7933533402912126 -0.6087614290087499 0 -0.7933533402912126 -0.923879532511284 -2.215038793454599e-14 -0.3826834323650962 -0.923879532511284 -2.215038793454599e-14 -0.3826834323650962 -0.923879532511284 -2.215038793454599e-14 -0.3826834323650962 -0.923879532511284 -2.215038793454599e-14 -0.3826834323650962 -0.9238795325112948 0 -0.3826834323650702 -0.9238795325112948 0 -0.3826834323650702 -0.9238795325112948 0 -0.3826834323650702 -0.9238795325112948 0 -0.3826834323650702 -0.9914448613738131 2.21503879345499e-14 -0.1305261922200309 -0.9914448613738131 2.21503879345499e-14 -0.1305261922200309 -0.9914448613738131 2.21503879345499e-14 -0.1305261922200309 -0.9914448613738131 2.21503879345499e-14 -0.1305261922200309 -0.9914448613738081 1.063218620854762e-14 -0.1305261922200693 -0.9914448613738081 1.063218620854762e-14 -0.1305261922200693 -0.9914448613738081 1.063218620854762e-14 -0.1305261922200693 -0.9914448613738081 1.063218620854762e-14 -0.1305261922200693 -1 0 0 -1 0 0 -1 0 0 -1 0 0 -1 0 2.028943342700704e-15 -1 0 2.028943342700704e-15 -1 0 2.028943342700704e-15 -1 0 2.028943342700704e-15 0 -1 0 0 -1 0 0 -1 0 0 -1 0 0 -1 0 0 -1 0 0 -1 0 0 -1 0 0 -1 0 0 -1 0 0 -1 0 0 -1 0 0 -1 0 0 -1 0 0 -1 0 0 -1 0 0 -1 0 0 -1 0 0 -1 0 0 -1 0 0 -1 0 0 -1 0 0 -1 0 0 -1 0 0 -1 0 0 -1 0 0 0 1 0 0 1 0 0 1 0 0 1 0 0 -1 0 0 -1 0 0 -1 0 0 -1 0 1 0 0 1 0 0 1 0 0 1 0 0 1 0 0 1 0 0 1 0 0 1 0 0 1 0 0 1 0 0 1 0 0 1 0 0 1 0 0 1 0 0 1 0 0 1 0 0 1 0 0 1 0 0 1 0 0 1 0 0 1 0 0 1 0 0 1 0 0 1 0 0 1 0 0 1 0 0 1 0 0 1 0 0 1 0 0 1 0 0 1 0 0 1 0 0 1 0 0 1 0 0 1 0 0 1 0 0 1 0 0 1 0 0 1 0 0 1 0 0 1 0 0 1 0 0 1 0 0 1 0 0 1 0 0 1 0 0 1 0 0 1 0 0 1 0 0 1 0 0 1 0 0 1 0 0 1 0 0 1 0 0 1 0 0 1 0 0 1 0 0 1 0 0 1 0 0 1 0 0 1 0 0 1 0 0 1 0 0 1 0 0 1 0 0 1 0 0 1 0 0 1 0 0 1 0 0 1 0 0 1 0 0 1 0 0 1 0 0 1 0 0 1 0 0 1 0 0 1 0 0 1 0 0 1 0 0 1 0 0 1 0 0 1 0 0 1 0 0 1 0 0 1 0 0 1 0 0 1 0 0 1 0 0 1 0 0 1 0 -1 1.093815787808036e-15 0 -1 1.093815787808036e-15 0 -1 1.093815787808036e-15 0 -1 1.093815787808036e-15 0 0 -1 0 0 -1 0 0 -1 0 0 -1 0 0 -1 0 0 -1 0 0 -1 0 0 -1 0 0 -1 0 0 -1 0 0 -1 0 0 -1 0 0 -1 0 0 -1 0 0 -1 0 0 -1 0 0 -1 0 0 -1 0 0 -1 0 0 -1 0 0 -1 0 0 -1 0 0 -1 0 0 -1 0 0 -1 0 0 -1 0 0 -1 0 0 -1 0 0 -1 0 0 -1 0 0 -1 0 0 -1 0 0 -1 0 0 -1 0 0 -1 0 0 -1 0 0 -1 0 0 -1 0 0 -1 0 0 -1 0 0 -1 0 0 -1 0 0 -1 0 0 -1 0 0 -1 0 0 -1 0 0 -1 0 0 -1 0 0 -1 0 0 -1 0 0 -1 0 0 -1 0 0 -1 0 0 -1 0 0 -1 0 0 -1 0 0 -1 0 0 -1 0 0 -1 0 0 -1 0 0 -1 0 0 -1 0 0 -1 0 0 -1 0 0 -1 0 0 -1 0 0 -1 0 0 -1 0 0 -1 0 0 -1 0 0 -1 0 0 -1 0 0 -1 0 0 -1 0 0 -1 0 0 -1 0 0 -1 0 0 -1 0 0 -1 0 0 -1 0 0 -1 0 0 -1 0 0 -1 0 0 -1 0 0 -1 0 0 -1 0 0 -1 0 0 -1 0 0 -1 0 0 -1 0 1 0 0 1 0 0 1 0 0 1 0 0 0 1 0 0 1 0 0 1 0 0 1 0 0 1 0 0 1 0 0 1 0 0 1 0 0 1 0 0 1 0 0 1 0 0 1 0 0 1 0 0 1 0 0 1 0 0 1 0 0 1 0 0 1 0 0 1 0 0 1 0 0 1 0 0 1 0 0 1 0 0 1 0 0 1 0 0 1 0 0.9914448613738091 -1.107519396727392e-14 0.1305261922200614 0.9914448613738091 -1.107519396727392e-14 0.1305261922200614 0.9914448613738091 -1.107519396727392e-14 0.1305261922200614 0.9914448613738091 -1.107519396727392e-14 0.1305261922200614 0.9914448613738073 0 0.1305261922200749 0.9914448613738073 0 0.1305261922200749 0.9914448613738073 0 0.1305261922200749 0.9914448613738073 0 0.1305261922200749 0.923879532511291 -4.368748140658446e-15 0.3826834323650796 0.923879532511291 -4.368748140658446e-15 0.3826834323650796 0.923879532511291 -4.368748140658446e-15 0.3826834323650796 0.923879532511291 -4.368748140658446e-15 0.3826834323650796 0.9238795325112848 0 0.3826834323650946 0.9238795325112848 0 0.3826834323650946 0.9238795325112848 0 0.3826834323650946 0.9238795325112848 0 0.3826834323650946 0.608761429008721 0 0.7933533402912348 0.608761429008721 0 0.7933533402912348 0.608761429008721 0 0.7933533402912348 0.608761429008721 0 0.7933533402912348 0.6087614290087226 0 0.7933533402912337 0.6087614290087226 0 0.7933533402912337 0.6087614290087226 0 0.7933533402912337 0.6087614290087226 0 0.7933533402912337 0.7933533402912205 4.368748140658506e-15 0.6087614290087398 0.7933533402912205 4.368748140658506e-15 0.6087614290087398 0.7933533402912205 4.368748140658506e-15 0.6087614290087398 0.7933533402912205 4.368748140658506e-15 0.6087614290087398 0.7933533402912373 1.107519396727391e-14 0.6087614290087177 0.7933533402912373 1.107519396727391e-14 0.6087614290087177 0.7933533402912373 1.107519396727391e-14 0.6087614290087177 0.7933533402912373 1.107519396727391e-14 0.6087614290087177 0.3826834323650656 5.53759698363713e-15 0.9238795325112968 0.3826834323650656 5.53759698363713e-15 0.9238795325112968 0.3826834323650656 5.53759698363713e-15 0.9238795325112968 0.3826834323650656 5.53759698363713e-15 0.9238795325112968 0.3826834323650661 -1.107519396727428e-14 0.9238795325112965 0.3826834323650661 -1.107519396727428e-14 0.9238795325112965 0.3826834323650661 -1.107519396727428e-14 0.9238795325112965 0.3826834323650661 -1.107519396727428e-14 0.9238795325112965 0.1305261922200809 1.384399245909261e-15 0.9914448613738066 0.1305261922200809 1.384399245909261e-15 0.9914448613738066 0.1305261922200809 1.384399245909261e-15 0.9914448613738066 0.1305261922200809 1.384399245909261e-15 0.9914448613738066 0.1305261922200356 0 0.9914448613738124 0.1305261922200356 0 0.9914448613738124 0.1305261922200356 0 0.9914448613738124 0.1305261922200356 0 0.9914448613738124 -0.1305261922200826 -1.384399245909279e-15 0.9914448613738062 -0.1305261922200826 -1.384399245909279e-15 0.9914448613738062 -0.1305261922200826 -1.384399245909279e-15 0.9914448613738062 -0.1305261922200826 -1.384399245909279e-15 0.9914448613738062 -0.1305261922200831 1.384399245909283e-15 0.9914448613738062 -0.1305261922200831 1.384399245909283e-15 0.9914448613738062 -0.1305261922200831 1.384399245909283e-15 0.9914448613738062 -0.1305261922200831 1.384399245909283e-15 0.9914448613738062 -0.3826834323650705 -5.537596983637202e-15 0.9238795325112948 -0.3826834323650705 -5.537596983637202e-15 0.9238795325112948 -0.3826834323650705 -5.537596983637202e-15 0.9238795325112948 -0.3826834323650705 -5.537596983637202e-15 0.9238795325112948 -0.3826834323650564 5.537596983636998e-15 0.9238795325113006 -0.3826834323650564 5.537596983636998e-15 0.9238795325113006 -0.3826834323650564 5.537596983636998e-15 0.9238795325113006 -0.3826834323650564 5.537596983636998e-15 0.9238795325113006 -0.7933533402912136 0 0.6087614290087488 -0.7933533402912136 0 0.6087614290087488 -0.7933533402912136 0 0.6087614290087488 -0.7933533402912136 0 0.6087614290087488 -0.7933533402912376 1.107519396727392e-14 0.6087614290087176 -0.7933533402912376 1.107519396727392e-14 0.6087614290087176 -0.7933533402912376 1.107519396727392e-14 0.6087614290087176 -0.7933533402912376 1.107519396727392e-14 0.6087614290087176 -0.6087614290087214 0 0.7933533402912344 -0.6087614290087214 0 0.7933533402912344 -0.6087614290087214 0 0.7933533402912344 -0.6087614290087214 0 0.7933533402912344 -0.6087614290087428 0 0.7933533402912181 -0.6087614290087428 0 0.7933533402912181 -0.6087614290087428 0 0.7933533402912181 -0.6087614290087428 0 0.7933533402912181 -0.923879532511291 0 0.3826834323650795 -0.923879532511291 0 0.3826834323650795 -0.923879532511291 0 0.3826834323650795 -0.923879532511291 0 0.3826834323650795 -0.9238795325112847 1.107519396727459e-14 0.3826834323650948 -0.9238795325112847 1.107519396727459e-14 0.3826834323650948 -0.9238795325112847 1.107519396727459e-14 0.3826834323650948 -0.9238795325112847 1.107519396727459e-14 0.3826834323650948 -0.9914448613738091 1.107519396727392e-14 0.1305261922200614 -0.9914448613738091 1.107519396727392e-14 0.1305261922200614 -0.9914448613738091 1.107519396727392e-14 0.1305261922200614 -0.9914448613738091 1.107519396727392e-14 0.1305261922200614 -0.9914448613738121 2.215038793454889e-14 0.1305261922200389 -0.9914448613738121 2.215038793454889e-14 0.1305261922200389 -0.9914448613738121 2.215038793454889e-14 0.1305261922200389 -0.9914448613738121 2.215038793454889e-14 0.1305261922200389 -1 2.079666926269062e-14 1.014471671350371e-15 -1 2.079666926269062e-14 1.014471671350371e-15 -1 2.079666926269062e-14 1.014471671350371e-15 -1 2.079666926269062e-14 1.014471671350371e-15 -1 4.311504603236152e-15 1.014471671350349e-15 -1 4.311504603236152e-15 1.014471671350349e-15 -1 4.311504603236152e-15 1.014471671350349e-15 -1 4.311504603236152e-15 1.014471671350349e-15 -0.9914448613738077 1.107519396727489e-14 -0.1305261922200727 -0.9914448613738077 1.107519396727489e-14 -0.1305261922200727 -0.9914448613738077 1.107519396727489e-14 -0.1305261922200727 -0.9914448613738077 1.107519396727489e-14 -0.1305261922200727 -0.9914448613738117 2.21503879345469e-14 -0.1305261922200414 -0.9914448613738117 2.21503879345469e-14 -0.1305261922200414 -0.9914448613738117 2.21503879345469e-14 -0.1305261922200414 -0.9914448613738117 2.21503879345469e-14 -0.1305261922200414 -0.923879532511286 1.107519396727408e-14 -0.3826834323650916 -0.923879532511286 1.107519396727408e-14 -0.3826834323650916 -0.923879532511286 1.107519396727408e-14 -0.3826834323650916 -0.923879532511286 1.107519396727408e-14 -0.3826834323650916 -0.9238795325112848 1.10751939672746e-14 -0.3826834323650946 -0.9238795325112848 1.10751939672746e-14 -0.3826834323650946 -0.9238795325112848 1.10751939672746e-14 -0.3826834323650946 -0.9238795325112848 1.10751939672746e-14 -0.3826834323650946 -0.6087614290087143 1.107519396727478e-14 -0.79335334029124 -0.6087614290087143 1.107519396727478e-14 -0.79335334029124 -0.6087614290087143 1.107519396727478e-14 -0.79335334029124 -0.6087614290087143 1.107519396727478e-14 -0.79335334029124 -0.608761429008757 0 -0.7933533402912072 -0.608761429008757 0 -0.7933533402912072 -0.608761429008757 0 -0.7933533402912072 -0.608761429008757 0 -0.7933533402912072 -0.793353340291237 0 -0.6087614290087183 -0.793353340291237 0 -0.6087614290087183 -0.793353340291237 0 -0.6087614290087183 -0.793353340291237 0 -0.6087614290087183 -0.7933533402912142 0 -0.6087614290087479 -0.7933533402912142 0 -0.6087614290087479 -0.7933533402912142 0 -0.6087614290087479 -0.7933533402912142 0 -0.6087614290087479 -0.3826834323651741 0 -0.9238795325112518 -0.3826834323651741 0 -0.9238795325112518 -0.3826834323651741 0 -0.9238795325112518 -0.3826834323651741 0 -0.9238795325112518 -0.3826834323650614 1.107519396727414e-14 -0.9238795325112985 -0.3826834323650614 1.107519396727414e-14 -0.9238795325112985 -0.3826834323650614 1.107519396727414e-14 -0.9238795325112985 -0.3826834323650614 1.107519396727414e-14 -0.9238795325112985 -0.1305261922199938 0 -0.991444861373818 -0.1305261922199938 0 -0.991444861373818 -0.1305261922199938 0 -0.991444861373818 -0.1305261922199938 0 -0.991444861373818 -0.1305261922200831 1.384399245909284e-15 -0.9914448613738062 -0.1305261922200831 1.384399245909284e-15 -0.9914448613738062 -0.1305261922200831 1.384399245909284e-15 -0.9914448613738062 -0.1305261922200831 1.384399245909284e-15 -0.9914448613738062 0.130526192219992 0 -0.9914448613738182 0.130526192219992 0 -0.9914448613738182 0.130526192219992 0 -0.9914448613738182 0.130526192219992 0 -0.9914448613738182 0.1305261922200793 -2.768798491818489e-15 -0.9914448613738068 0.1305261922200793 -2.768798491818489e-15 -0.9914448613738068 0.1305261922200793 -2.768798491818489e-15 -0.9914448613738068 0.1305261922200793 -2.768798491818489e-15 -0.9914448613738068 0.3826834323651788 0 -0.9238795325112498 0.3826834323651788 0 -0.9238795325112498 0.3826834323651788 0 -0.9238795325112498 0.3826834323651788 0 -0.9238795325112498 0.3826834323650611 -5.537596983637068e-15 -0.9238795325112986 0.3826834323650611 -5.537596983637068e-15 -0.9238795325112986 0.3826834323650611 -5.537596983637068e-15 -0.9238795325112986 0.3826834323650611 -5.537596983637068e-15 -0.9238795325112986 0.7933533402912043 0 -0.608761429008761 0.7933533402912043 0 -0.608761429008761 0.7933533402912043 0 -0.608761429008761 0.7933533402912043 0 -0.608761429008761 0.7933533402912281 -8.737496281341018e-15 -0.6087614290087298 0.7933533402912281 -8.737496281341018e-15 -0.6087614290087298 0.7933533402912281 -8.737496281341018e-15 -0.6087614290087298 0.7933533402912281 -8.737496281341018e-15 -0.6087614290087298 0.6087614290086942 0 -0.7933533402912555 0.6087614290086942 0 -0.7933533402912555 0.6087614290086942 0 -0.7933533402912555 0.6087614290086942 0 -0.7933533402912555 0.6087614290087566 -1.107519396727394e-14 -0.7933533402912075 0.6087614290087566 -1.107519396727394e-14 -0.7933533402912075 0.6087614290087566 -1.107519396727394e-14 -0.7933533402912075 0.6087614290087566 -1.107519396727394e-14 -0.7933533402912075 0.923879532511299 0 -0.3826834323650603 0.923879532511299 0 -0.3826834323650603 0.923879532511299 0 -0.3826834323650603 0.923879532511299 0 -0.3826834323650603 0.9238795325112848 8.737496281341172e-15 -0.3826834323650942 0.9238795325112848 8.737496281341172e-15 -0.3826834323650942 0.9238795325112848 8.737496281341172e-15 -0.3826834323650942 0.9238795325112848 8.737496281341172e-15 -0.3826834323650942 0.9914448613738077 -1.107519396727489e-14 -0.1305261922200727 0.9914448613738077 -1.107519396727489e-14 -0.1305261922200727 0.9914448613738077 -1.107519396727489e-14 -0.1305261922200727 0.9914448613738077 -1.107519396727489e-14 -0.1305261922200727 0.9914448613738099 -1.107519396727343e-14 -0.1305261922200553 0.9914448613738099 -1.107519396727343e-14 -0.1305261922200553 0.9914448613738099 -1.107519396727343e-14 -0.1305261922200553 0.9914448613738099 -1.107519396727343e-14 -0.1305261922200553 1 -1.49634571524176e-14 1.014471671350371e-15 1 -1.49634571524176e-14 1.014471671350371e-15 1 -1.49634571524176e-14 1.014471671350371e-15 1 -1.49634571524176e-14 1.014471671350371e-15 1 -8.115773370801825e-15 0 1 -8.115773370801825e-15 0 1 -8.115773370801825e-15 0 1 -8.115773370801825e-15 0 0 -1 -2.316285677724848e-16 0 -1 -2.316285677724848e-16 0 -1 -2.316285677724848e-16 0 -1 -2.316285677724848e-16 0 -1 -2.316285677724848e-16 0 -1 -2.316285677724848e-16 0 -1 -2.316285677724848e-16 0 -1 -2.316285677724848e-16 0 -1 -2.316285677724848e-16 0 -1 -2.316285677724848e-16 0 -1 -2.316285677724848e-16 0 -1 -2.316285677724848e-16 0 -1 -2.316285677724848e-16 0 -1 -2.316285677724848e-16 0 -1 -2.316285677724848e-16 0 -1 -2.316285677724848e-16 0 -1 -2.316285677724848e-16 0 -1 -2.316285677724848e-16 0 -1 -2.316285677724848e-16 0 -1 -2.316285677724848e-16 0 -1 -2.316285677724848e-16 0 -1 -2.316285677724848e-16 0 -1 -2.316285677724848e-16 0 -1 -2.316285677724848e-16 0 -1 -2.316285677724848e-16 0 -1 -2.316285677724848e-16 0 0 -1 0 0 -1 0 0 -1 0 0 -1 0 1 0 0 1 0 0 1 0 0 1 0 0 1 0 0 1 0 0 1 0 0 1 0 1 0 0 1 0 0 1 0 0 1 0 0 0 -1 0 0 -1 0 0 -1 0 0 -1 0 0 -1 0 0 -1 0 0 -1 0 0 -1 0 -1 0 0 -1 0 0 -1 0 0 -1 0 0 0 0 -1 0 0 -1 0 0 -1 0 0 -1 0 0 1 0 0 1 0 0 1 0 0 1 0 0 -1 0 0 -1 0 0 -1 0 0 -1 -1 0 0 -1 0 0 -1 0 0 -1 0 0 1 0 0 1 0 0 1 0 0 1 0 0 0 0 -1 0 0 -1 0 0 -1 0 0 -1 0 -1 0 0 -1 0 0 -1 0 0 -1 0 0 -1 0 0 -1 0 0 -1 0 0 -1 0 -1 0 0 -1 0 0 -1 0 0 -1 0 0 0 1 0 0 1 0 0 1 0 0 1 0 0 1 0 0 1 0 0 1 0 0 1 0 1 0 0 1 0 0 1 0 0 1 0 0 0 0 -1 0 0 -1 0 0 -1 0 0 -1 0 0 1 0 0 1 0 0 1 0 0 1 0 0 -1 0 0 -1 0 0 -1 0 0 -1 1 0 0 1 0 0 1 0 0 1 0 0 -1 0 0 -1 0 0 -1 0 0 -1 0 0 0 0 -1 0 0 -1 0 0 -1 0 0 -1 0 1 0 0 1 0 0 1 0 0 1 0 0 1 0 0 1 0 0 1 0 0 1 0 1 0 0 1 0 0 1 0 0 1 0 0 1 0 0 1 0 0 1 0 0 1 0 0 0 -1 0 0 -1 0 0 -1 0 0 -1 0 0 -1 0 0 -1 0 0 -1 0 0 -1 0 -1 0 0 -1 0 0 -1 0 0 -1 0 0 0 -1 0 0 -1 0 0 -1 0 0 -1 0 0 -1 0 0 -1 0 0 -1 0 0 -1 0 0 1 0 0 1 0 0 1 0 0 1 0 0 1 0 0 1 0 0 1 0 0 1 0 1 0 0 1 0 0 1 0 0 1 0 0 0 0 -1 0 0 -1 0 0 -1 0 0 -1 -1 0 0 -1 0 0 -1 0 0 -1 0 0 -1 0 0 -1 0 0 -1 0 0 -1 0 0 0 0 1 0 0 1 0 0 1 0 0 1 0 0 -1 0 0 -1 0 0 -1 0 0 -1 0 0 -1 0 0 -1 0 0 -1 0 0 -1 0 0 -1 0 0 -1 0 0 -1 0 0 -1 0 0 -1 0 0 -1 0 0 -1 0 0 -1 1 0 0 1 0 0 1 0 0 1 0 0 -1 0 0 -1 0 0 -1 0 0 -1 0 0 0 0 -1 0 0 -1 0 0 -1 0 0 -1</float_array>
          <technique_common>
            <accessor source="#representation-3726-material-3732-normals-array" count="2064" stride="3">
              <param name="X" type="float"/>
              <param name="Y" type="float"/>
              <param name="Z" type="float"/>
            </accessor>
          </technique_common>
        </source>
        <vertices id="representation-3726-material-3732-vertices">
          <input semantic="POSITION" source="#representation-3726-material-3732-positions"/>
        </vertices>
        <triangles material="IfcMaterial-3732" count="940">
          <input semantic="VERTEX" source="#representation-3726-material-3732-vertices" offset="0"/>
          <input semantic="NORMAL" source="#representation-3726-material-3732-normals" offset="1"/>
          <p>1 1 0 0 2 2 4 4 3 3 5 5 7 7 8 8 6 6 9 9 10 10 11 11 12 12 13 13 14 14 17 17 16 16 15 15 18 18 20 20 19 19 21 21 22 22 23 23 26 26 25 25 24 24 29 29 27 27 28 28 31 31 32 32 30 30 33 33 34 34 35 35 38 38 36 36 37 37 40 40 41 41 39 39 43 43 44 44 42 42 46 46 45 45 47 47 50 50 49 49 48 48 52 52 53 53 51 51 54 54 56 56 55 55 58 58 59 59 57 57 60 60 62 62 61 61 65 65 63 63 64 64 66 66 68 68 67 67 70 70 71 71 69 69 72 72 74 74 73 73 75 75 76 76 77 77 78 78 80 80 79 79 82 82 81 81 83 83 84 84 85 85 86 86 88 88 87 87 89 89 91 91 90 90 92 92 95 95 93 93 94 94 97 97 96 96 98 98 100 100 101 101 99 99 104 104 103 103 102 102 107 107 106 106 105 105 110 110 108 108 109 109 113 113 112 112 111 111 114 114 116 116 115 115 118 118 119 119 117 117 122 122 121 121 120 120 123 123 124 124 125 125 126 126 128 128 127 127 129 129 130 130 131 131 134 134 133 133 132 132 137 137 135 135 136 136 138 138 139 139 140 140 143 143 142 142 141 141 146 146 145 145 144 144 149 149 148 148 147 147 151 151 150 150 152 152 154 154 155 155 153 153 158 158 157 157 156 156 159 159 160 160 161 161 162 162 164 164 163 163 167 167 165 165 166 166 170 170 169 169 168 168 173 173 172 172 171 171 174 174 175 175 176 176 177 177 179 179 178 178 181 181 180 180 182 182 184 184 185 185 183 183 186 186 188 188 187 187 190 190 191 191 189 189 192 192 194 194 193 193 197 197 195 195 196 196 198 198 200 200 199 199 203 203 201 201 202 202 205 205 204 204 206 206 209 209 207 207 208 208 211 211 210 210 212 212 213 213 214 214 215 215 218 218 217 217 216 216 221 221 219 219 220 220 223 223 224 224 222 222 225 225 226 226 227 227 228 228 229 229 230 230 233 233 231 231 232 232 234 234 236 236 235 235 237 237 238 238 239 239 241 241 242 242 240 240 243 243 244 244 245 245 246 246 247 247 248 248 251 251 249 249 250 250 253 253 254 254 252 252 257 257 256 256 255 255 258 258 260 260 259 259 261 261 262 262 263 263 264 264 266 266 265 265 269 269 267 267 268 268 270 270 272 272 271 271 275 275 273 273 274 274 276 276 278 278 277 277 280 280 281 281 279 279 283 283 282 282 284 284 285 285 286 286 287 287 289 289 288 288 290 290 289 289 290 290 291 291 293 293 292 292 294 294 293 293 294 294 295 295 297 297 298 298 299 299 297 297 299 299 296 296 300 300 302 302 303 303 300 300 303 303 301 301 305 305 306 306 307 307 305 305 307 307 304 304 309 309 310 310 311 311 309 309 311 311 308 308 314 314 313 313 312 312 314 314 315 315 313 313 318 318 317 317 316 316 318 318 319 319 317 317 323 323 320 320 321 321 323 323 321 321 322 322 327 327 325 325 324 324 327 327 324 324 326 326 331 331 328 328 329 329 331 331 329 329 330 330 335 335 332 332 333 333 335 335 333 333 334 334 337 337 336 336 338 338 337 337 338 338 339 339 341 341 340 340 342 342 341 341 342 342 343 343 345 345 346 346 347 347 345 345 347 347 344 344 348 348 350 350 351 351 348 348 351 351 349 349 353 353 354 354 355 355 353 353 355 355 352 352 357 357 358 358 359 359 357 357 359 359 356 356 362 362 361 361 360 360 362 362 363 363 361 361 366 366 365 365 364 364 366 366 367 367 365 365 371 371 368 368 369 369 371 371 369 369 370 370 375 375 373 373 372 372 375 375 372 372 374 374 379 379 376 376 377 377 379 379 377 377 378 378 383 383 380 380 381 381 383 383 381 381 382 382 384 384 386 386 387 387 384 384 387 387 385 385 390 390 389 389 388 388 390 390 391 391 389 389 392 392 393 393 394 394 392 392 394 394 395 395 396 396 398 398 399 399 396 396 399 399 397 397 400 400 402 402 403 403 400 400 403 403 401 401 404 404 405 405 406 406 404 404 406 406 407 407 409 409 408 408 410 410 409 409 410 410 411 411 415 415 413 413 412 412 415 415 412 412 414 414 416 416 417 417 418 418 416 416 418 418 419 419 422 422 420 420 421 421 422 422 423 423 420 420 424 424 425 425 426 426 424 424 426 426 427 427 429 429 430 430 431 431 429 429 431 431 428 428 434 434 432 432 433 433 434 434 435 435 432 432 438 438 436 436 437 437 438 438 439 439 436 436 443 443 441 441 440 440 443 443 440 440 442 442 444 444 446 446 447 447 444 444 447 447 445 445 448 448 449 449 450 450 448 448 450 450 451 451 452 452 453 453 454 454 452 452 454 454 455 455 456 456 458 458 459 459 456 456 459 459 457 457 462 462 460 460 461 461 462 462 463 463 460 460 466 466 464 464 465 465 466 466 467 467 464 464 469 469 468 468 470 470 469 469 470 470 471 471 472 472 474 474 475 475 472 472 475 475 473 473 478 478 476 476 477 477 478 478 479 479 476 476 482 482 481 481 480 480 485 485 484 484 483 483 488 488 486 486 487 487 490 490 489 489 491 491 493 493 492 492 494 494 496 496 495 495 497 497 499 499 500 500 498 498 501 501 503 503 502 502 506 506 505 505 504 504 508 508 507 507 509 509 510 510 512 512 511 511 513 513 515 515 514 514 516 516 517 517 518 518 520 520 521 521 519 519 522 522 524 524 523 523 527 527 525 525 526 526 528 528 530 530 529 529 533 533 531 531 532 532 534 534 536 536 535 535 539 539 537 537 538 538 542 542 541 541 540 540 545 545 543 543 544 544 547 547 546 546 548 548 551 551 549 549 550 550 554 554 552 552 553 553 556 556 555 555 557 557 558 558 559 559 560 560 561 561 562 562 563 563 564 564 566 566 565 565 567 567 568 568 569 569 572 572 571 571 570 570 574 574 575 575 573 573 577 577 578 578 576 576 579 579 581 581 580 580 584 584 582 582 583 583 587 587 585 585 586 586 590 590 589 589 588 588 592 592 593 593 591 591 595 595 594 594 596 596 598 598 599 599 597 597 601 601 600 600 602 602 604 604 605 605 603 603 606 606 608 608 607 607 609 609 610 610 611 611 613 613 614 614 612 612 615 615 616 616 617 617 620 620 618 618 619 619 623 623 622 622 621 621 624 624 626 626 625 625 627 627 629 629 628 628 632 632 630 630 631 631 634 634 635 635 633 633 637 637 636 636 638 638 641 641 639 639 640 640 642 642 644 644 643 643 646 646 647 647 645 645 649 649 650 650 648 648 652 652 651 651 653 653 656 656 654 654 655 655 657 657 658 658 659 659 660 660 662 662 661 661 665 665 663 663 664 664 668 668 667 667 666 666 671 671 669 669 670 670 672 672 674 674 673 673 677 677 675 675 676 676 678 678 680 680 679 679 681 681 682 682 683 683 684 684 686 686 685 685 689 689 687 687 688 688 691 691 692 692 690 690 693 693 695 695 694 694 698 698 697 697 696 696 700 700 699 699 701 701 703 703 702 702 704 704 705 705 707 707 706 706 710 710 708 708 709 709 712 712 711 711 713 713 716 716 715 715 714 714 718 718 717 717 719 719 721 721 720 720 722 722 723 723 725 725 724 724 727 727 728 728 726 726 730 730 731 731 729 729 733 733 732 732 734 734 737 737 735 735 736 736 738 738 740 740 739 739 743 743 741 741 742 742 744 744 746 746 745 745 748 748 749 749 747 747 750 750 751 751 752 752 755 755 754 754 753 753 758 758 757 757 756 756 760 760 759 759 761 761 764 764 762 762 763 763 767 767 765 765 766 766 770 770 768 768 769 769 770 770 771 771 768 768 774 774 772 772 773 773 774 774 775 775 772 772 776 776 778 778 779 779 776 776 779 779 777 777 780 780 781 781 782 782 780 780 782 782 783 783 784 784 786 786 787 787 784 784 787 787 785 785 788 788 789 789 790 790 788 788 790 790 791 791 792 792 793 793 794 794 792 792 794 794 795 795 796 796 797 797 798 798 796 796 798 798 799 799 803 803 801 801 800 800 803 803 800 800 802 802 806 806 804 804 805 805 806 806 807 807 804 804 811 811 809 809 808 808 811 811 808 808 810 810 814 814 812 812 813 813 814 814 815 815 812 812 818 818 816 816 817 817 818 818 819 819 816 816 822 822 820 820 821 821 822 822 823 823 820 820 824 824 826 826 827 827 824 824 827 827 825 825 828 828 829 829 830 830 828 828 830 830 831 831 832 832 834 834 835 835 832 832 835 835 833 833 836 836 837 837 838 838 836 836 838 838 839 839 840 840 841 841 842 842 840 840 842 842 843 843 844 844 845 845 846 846 844 844 846 846 847 847 851 851 849 849 848 848 851 851 848 848 850 850 854 854 852 852 853 853 854 854 855 855 852 852 859 859 857 857 856 856 859 859 856 856 858 858 862 862 860 860 861 861 862 862 863 863 860 860 865 865 866 866 867 867 865 865 867 867 864 864 868 868 869 869 870 870 868 868 870 870 871 871 874 874 873 873 872 872 874 874 875 875 873 873 877 877 878 878 879 879 877 877 879 879 876 876 881 881 882 882 883 883 881 881 883 883 880 880 886 886 885 885 884 884 886 886 887 887 885 885 890 890 889 889 888 888 890 890 891 891 889 889 895 895 892 892 893 893 895 895 893 893 894 894 896 896 898 898 899 899 896 896 899 899 897 897 903 903 901 901 900 900 903 903 900 900 902 902 904 904 906 906 907 907 904 904 907 907 905 905 909 909 908 908 910 910 909 909 910 910 911 911 913 913 912 912 914 914 913 913 914 914 915 915 917 917 916 916 918 918 917 917 918 918 919 919 923 923 920 920 921 921 923 923 921 921 922 922 925 925 926 926 927 927 925 925 927 927 924 924 930 930 929 929 928 928 930 930 931 931 929 929 934 934 933 933 932 932 934 934 935 935 933 933 937 937 938 938 939 939 937 937 939 939 936 936 943 943 941 941 940 940 943 943 940 940 942 942 947 947 945 945 944 944 947 947 944 944 946 946 948 948 950 950 951 951 948 948 951 951 949 949 953 953 954 954 955 955 953 953 955 955 952 952 959 959 956 956 957 957 959 959 957 957 958 958 961 961 962 962 963 963 961 961 963 963 960 960 966 966 964 964 965 965 966 966 967 967 964 964 969 969 968 968 970 970 971 971 972 972 973 973 976 976 975 975 974 974 979 979 978 978 977 977 982 982 981 981 980 980 985 985 984 984 983 983 987 987 988 988 986 986 989 989 991 991 990 990 993 993 992 992 994 994 996 996 995 995 997 997 998 998 1000 1000 999 999 1001 1001 1003 1003 1002 1002 1005 1005 1004 1004 1006 1006 1009 1009 1008 1008 1007 1007 1010 1010 1012 1012 1011 1011 1014 1014 1013 1013 1015 1015 1018 1018 1016 1016 1017 1017 1019 1019 1021 1021 1020 1020 1023 1023 1022 1022 1024 1024 1025 1025 1027 1027 1026 1026 1029 1029 1028 1028 1030 1030 1031 1031 1033 1033 1032 1032 1035 1035 1034 1034 1036 1036 1037 1037 1039 1039 1038 1038 1040 1040 1042 1042 1041 1041 1043 1043 1045 1045 1044 1044 1047 1047 1046 1046 1048 1048 1051 1051 1050 1050 1049 1049 1052 1052 1053 1053 1054 1054 1057 1057 1055 1055 1056 1056 1060 1060 1058 1058 1059 1059 1060 1060 1061 1061 1058 1058 1063 1063 1064 1064 1062 1062 1065 1065 1067 1067 1066 1066 1070 1070 1068 1068 1069 1069 1072 1072 1071 1071 1073 1073 1075 1075 1074 1074 1076 1076 1078 1078 1077 1077 1079 1079 1082 1082 1080 1080 1081 1081 1083 1083 1085 1085 1084 1084 1086 1086 1088 1088 1087 1087 1089 1089 1091 1091 1090 1090 1093 1093 1092 1092 1094 1094 1097 1097 1096 1096 1095 1095 1100 1100 1099 1099 1098 1098 1102 1102 1101 1101 1103 1103 1104 1104 1106 1106 1105 1105 1107 1107 1109 1109 1108 1108 1111 1111 1110 1110 1112 1112 1115 1115 1114 1114 1113 1113 1118 1118 1117 1117 1116 1116 1120 1120 1119 1119 1121 1121 1124 1124 1123 1123 1122 1122 1125 1125 1127 1127 1126 1126 1129 1129 1128 1128 1130 1130 1131 1131 1133 1133 1132 1132 1135 1135 1136 1136 1134 1134 1137 1137 1138 1138 1139 1139 1141 1141 1142 1142 1140 1140 1145 1145 1143 1143 1144 1144 1146 1146 1147 1147 1148 1148 1150 1150 1149 1149 1151 1151 1153 1153 1154 1154 1155 1155 1153 1153 1155 1155 1152 1152 1162 1162 1159 1159 1160 1160 1162 1162 1160 1160 1161 1161 1179 1179 1180 1180 1181 1181 1176 1176 1156 1156 1157 1157 1176 1176 1157 1157 1158 1158 1176 1176 1158 1158 1159 1159 1176 1176 1177 1177 1178 1178 1176 1176 1178 1178 1179 1179 1176 1176 1181 1181 1156 1156 1176 1176 1159 1159 1162 1162 1176 1176 1179 1179 1181 1181 1167 1167 1163 1163 1164 1164 1167 1167 1164 1164 1165 1165 1167 1167 1165 1165 1166 1166 1175 1175 1162 1162 1163 1163 1175 1175 1176 1176 1162 1162 1171 1171 1169 1169 1170 1170 1172 1172 1167 1167 1168 1168 1172 1172 1168 1168 1169 1169 1172 1172 1173 1173 1174 1174 1172 1172 1174 1174 1175 1175 1172 1172 1163 1163 1167 1167 1172 1172 1175 1175 1163 1163 1172 1172 1169 1169 1171 1171 1184 1184 1182 1182 1183 1183 1184 1184 1185 1185 1182 1182 1189 1189 1187 1187 1186 1186 1189 1189 1186 1186 1188 1188 1192 1192 1190 1190 1191 1191 1192 1192 1193 1193 1190 1190 1197 1197 1195 1195 1194 1194 1197 1197 1194 1194 1196 1196 1201 1201 1199 1199 1198 1198 1201 1201 1198 1198 1200 1200 1205 1205 1202 1202 1203 1203 1205 1205 1203 1203 1204 1204 1209 1209 1206 1206 1207 1207 1209 1209 1207 1207 1208 1208 1213 1213 1211 1211 1210 1210 1213 1213 1210 1210 1212 1212 1217 1217 1215 1215 1214 1214 1217 1217 1214 1214 1216 1216 1220 1220 1218 1218 1219 1219 1220 1220 1221 1221 1218 1218 1225 1225 1223 1223 1222 1222 1225 1225 1222 1222 1224 1224 1228 1228 1226 1226 1227 1227 1228 1228 1229 1229 1226 1226 1230 1230 1231 1231 1232 1232 1230 1230 1232 1232 1233 1233 1234 1234 1236 1236 1237 1237 1234 1234 1237 1237 1235 1235 1238 1238 1239 1239 1240 1240 1238 1238 1240 1240 1241 1241 1242 1242 1244 1244 1245 1245 1242 1242 1245 1245 1243 1243 1246 1246 1248 1248 1249 1249 1246 1246 1249 1249 1247 1247 1251 1251 1252 1252 1253 1253 1251 1251 1253 1253 1250 1250 1255 1255 1256 1256 1257 1257 1255 1255 1257 1257 1254 1254 1258 1258 1260 1260 1261 1261 1258 1258 1261 1261 1259 1259 1262 1262 1264 1264 1265 1265 1262 1262 1265 1265 1263 1263 1266 1266 1267 1267 1268 1268 1266 1266 1268 1268 1269 1269 1270 1270 1272 1272 1273 1273 1270 1270 1273 1273 1271 1271 1274 1274 1275 1275 1276 1276 1274 1274 1276 1276 1277 1277 1278 1278 1280 1280 1281 1281 1278 1278 1281 1281 1279 1279 1285 1285 1283 1283 1282 1282 1285 1285 1282 1282 1284 1284 1288 1288 1286 1286 1287 1287 1288 1288 1289 1289 1286 1286 1293 1293 1291 1291 1290 1290 1293 1293 1290 1290 1292 1292 1296 1296 1294 1294 1295 1295 1296 1296 1297 1297 1294 1294 1301 1301 1299 1299 1298 1298 1301 1301 1298 1298 1300 1300 1305 1305 1303 1303 1302 1302 1305 1305 1302 1302 1304 1304 1309 1309 1306 1306 1307 1307 1309 1309 1307 1307 1308 1308 1313 1313 1310 1310 1311 1311 1313 1313 1311 1311 1312 1312 1317 1317 1315 1315 1314 1314 1317 1317 1314 1314 1316 1316 1321 1321 1319 1319 1318 1318 1321 1321 1318 1318 1320 1320 1324 1324 1323 1323 1322 1322 1324 1324 1325 1325 1323 1323 1329 1329 1327 1327 1326 1326 1329 1329 1326 1326 1328 1328 1332 1332 1331 1331 1330 1330 1332 1332 1333 1333 1331 1331 1335 1335 1334 1334 1336 1336 1335 1335 1336 1336 1337 1337 1338 1338 1340 1340 1341 1341 1338 1338 1341 1341 1339 1339 1342 1342 1343 1343 1344 1344 1342 1342 1344 1344 1345 1345 1346 1346 1348 1348 1349 1349 1346 1346 1349 1349 1347 1347 1350 1350 1352 1352 1353 1353 1350 1350 1353 1353 1351 1351 1355 1355 1356 1356 1357 1357 1355 1355 1357 1357 1354 1354 1359 1359 1360 1360 1361 1361 1359 1359 1361 1361 1358 1358 1362 1362 1364 1364 1365 1365 1362 1362 1365 1365 1363 1363 1366 1366 1368 1368 1369 1369 1366 1366 1369 1369 1367 1367 1370 1370 1371 1371 1372 1372 1370 1370 1372 1372 1373 1373 1374 1374 1376 1376 1377 1377 1374 1374 1377 1377 1375 1375 1378 1378 1379 1379 1380 1380 1378 1378 1380 1380 1381 1381 1382 1382 1384 1384 1385 1385 1382 1382 1385 1385 1383 1383 1389 1389 1387 1387 1386 1386 1389 1389 1386 1386 1388 1388 1403 1403 1404 1404 1405 1405 1408 1408 1406 1406 1407 1407 1397 1397 1398 1398 1399 1399 1396 1396 1399 1399 1400 1400 1396 1396 1400 1400 1401 1401 1396 1396 1401 1401 1402 1402 1396 1396 1402 1402 1403 1403 1396 1396 1405 1405 1406 1406 1396 1396 1403 1403 1405 1405 1396 1396 1406 1406 1408 1408 1396 1396 1397 1397 1399 1399 1395 1395 1408 1408 1409 1409 1395 1395 1396 1396 1408 1408 1391 1391 1414 1414 1415 1415 1391 1391 1415 1415 1390 1390 1392 1392 1393 1393 1394 1394 1392 1392 1394 1394 1395 1395 1392 1392 1409 1409 1410 1410 1392 1392 1410 1410 1411 1411 1392 1392 1411 1411 1412 1412 1392 1392 1412 1412 1413 1413 1392 1392 1413 1413 1414 1414 1392 1392 1395 1395 1409 1409 1392 1392 1414 1414 1391 1391 1418 1418 1416 1416 1417 1417 1418 1418 1419 1419 1416 1416 1422 1422 1420 1420 1421 1421 1422 1422 1423 1423 1420 1420 1424 1424 1426 1426 1425 1425 1429 1429 1427 1427 1428 1428 1430 1430 1432 1432 1431 1431 1433 1433 1434 1434 1435 1435 1436 1436 1437 1437 1438 1438 1439 1439 1440 1440 1441 1441 1442 1442 1444 1444 1443 1443 1447 1447 1446 1446 1445 1445 1450 1450 1449 1449 1448 1448 1453 1453 1451 1451 1452 1452 1456 1456 1454 1454 1455 1455 1459 1459 1457 1457 1458 1458 1462 1462 1460 1460 1461 1461 1463 1463 1464 1464 1465 1465 1467 1467 1468 1468 1466 1466 1471 1471 1469 1469 1470 1470 1472 1472 1473 1473 1474 1474 1476 1476 1477 1477 1475 1475 1480 1480 1478 1478 1479 1479 1483 1483 1481 1481 1482 1482 1486 1486 1484 1484 1485 1485 1488 1488 1489 1489 1487 1487 1492 1492 1490 1490 1491 1491 1493 1493 1494 1494 1495 1495 1498 1498 1496 1496 1497 1497 1499 1499 1501 1501 1500 1500 1503 1503 1504 1504 1502 1502 1505 1505 1507 1507 1506 1506 1509 1509 1508 1508 1510 1510 1512 1512 1513 1513 1511 1511 1515 1515 1516 1516 1517 1517 1515 1515 1517 1517 1514 1514 1519 1519 1518 1518 1520 1520 1522 1522 1521 1521 1523 1523 1524 1524 1526 1526 1525 1525 1529 1529 1528 1528 1527 1527 1530 1530 1532 1532 1531 1531 1534 1534 1533 1533 1535 1535 1538 1538 1537 1537 1536 1536 1541 1541 1540 1540 1539 1539 1544 1544 1543 1543 1542 1542 1545 1545 1546 1546 1547 1547 1549 1549 1550 1550 1548 1548 1553 1553 1551 1551 1552 1552 1556 1556 1554 1554 1555 1555 1559 1559 1557 1557 1558 1558 1561 1561 1560 1560 1562 1562 1564 1564 1563 1563 1565 1565 1568 1568 1567 1567 1566 1566 1571 1571 1570 1570 1569 1569 1573 1573 1572 1572 1574 1574 1576 1576 1575 1575 1577 1577 1579 1579 1580 1580 1578 1578 1583 1583 1582 1582 1581 1581 1585 1585 1584 1584 1586 1586 1589 1589 1588 1588 1587 1587 1591 1591 1590 1590 1592 1592 1595 1595 1594 1594 1593 1593 1596 1596 1598 1598 1597 1597 1600 1600 1599 1599 1601 1601 1603 1603 1602 1602 1604 1604 1606 1606 1607 1607 1605 1605 1610 1610 1608 1608 1609 1609 1610 1610 1611 1611 1608 1608 1621 1621 1619 1619 1620 1620 1636 1636 1612 1612 1613 1613 1636 1636 1613 1613 1614 1614 1636 1636 1614 1614 1615 1615 1636 1636 1615 1615 1616 1616 1636 1636 1616 1616 1617 1617 1636 1636 1617 1617 1618 1618 1636 1636 1618 1618 1619 1619 1636 1636 1621 1621 1622 1622 1636 1636 1637 1637 1612 1612 1636 1636 1619 1619 1621 1621 1626 1626 1624 1624 1625 1625 1629 1629 1627 1627 1628 1628 1635 1635 1622 1622 1623 1623 1635 1635 1636 1636 1622 1622 1631 1631 1629 1629 1630 1630 1632 1632 1623 1623 1624 1624 1632 1632 1626 1626 1627 1627 1632 1632 1633 1633 1634 1634 1632 1632 1634 1634 1635 1635 1632 1632 1624 1624 1626 1626 1632 1632 1627 1627 1629 1629 1632 1632 1635 1635 1623 1623 1632 1632 1629 1629 1631 1631 1640 1640 1639 1639 1638 1638 1640 1640 1641 1641 1639 1639 1642 1642 1643 1643 1644 1644 1642 1642 1644 1644 1645 1645 1648 1648 1647 1647 1646 1646 1648 1648 1649 1649 1647 1647 1651 1651 1652 1652 1653 1653 1651 1651 1653 1653 1650 1650 1655 1655 1656 1656 1657 1657 1655 1655 1657 1657 1654 1654 1658 1658 1659 1659 1660 1660 1658 1658 1660 1660 1661 1661 1662 1662 1663 1663 1664 1664 1662 1662 1664 1664 1665 1665 1667 1667 1668 1668 1669 1669 1667 1667 1669 1669 1666 1666 1671 1671 1672 1672 1673 1673 1671 1671 1673 1673 1670 1670 1676 1676 1675 1675 1674 1674 1676 1676 1677 1677 1675 1675 1679 1679 1678 1678 1680 1680 1679 1679 1680 1680 1681 1681 1684 1684 1682 1682 1683 1683 1684 1684 1685 1685 1682 1682 1687 1687 1686 1686 1688 1688 1687 1687 1688 1688 1689 1689 1692 1692 1690 1690 1691 1691 1692 1692 1693 1693 1690 1690 1695 1695 1694 1694 1696 1696 1695 1695 1696 1696 1697 1697 1698 1698 1699 1699 1700 1700 1698 1698 1700 1700 1701 1701 1705 1705 1702 1702 1703 1703 1705 1705 1703 1703 1704 1704 1708 1708 1706 1706 1707 1707 1708 1708 1709 1709 1706 1706 1712 1712 1710 1710 1711 1711 1712 1712 1713 1713 1710 1710 1717 1717 1714 1714 1715 1715 1717 1717 1715 1715 1716 1716 1721 1721 1718 1718 1719 1719 1721 1721 1719 1719 1720 1720 1722 1722 1723 1723 1724 1724 1722 1722 1724 1724 1725 1725 1728 1728 1727 1727 1726 1726 1728 1728 1729 1729 1727 1727 1731 1731 1732 1732 1733 1733 1731 1731 1733 1733 1730 1730 1737 1737 1735 1735 1734 1734 1737 1737 1734 1734 1736 1736 1739 1739 1740 1740 1741 1741 1739 1739 1741 1741 1738 1738 1744 1744 1743 1743 1742 1742 1744 1744 1745 1745 1743 1743 1746 1746 1747 1747 1748 1748 1746 1746 1748 1748 1749 1749 1752 1752 1751 1751 1750 1750 1752 1752 1753 1753 1751 1751 1755 1755 1756 1756 1757 1757 1755 1755 1757 1757 1754 1754 1759 1759 1760 1760 1761 1761 1759 1759 1761 1761 1758 1758 1762 1762 1763 1763 1764 1764 1762 1762 1764 1764 1765 1765 1766 1766 1767 1767 1768 1768 1766 1766 1768 1768 1769 1769 1771 1771 1772 1772 1773 1773 1771 1771 1773 1773 1770 1770 1775 1775 1776 1776 1777 1777 1775 1775 1777 1777 1774 1774 1780 1780 1778 1778 1779 1779 1780 1780 1781 1781 1778 1778 1782 1782 1783 1783 1784 1784 1782 1782 1784 1784 1785 1785 1788 1788 1786 1786 1787 1787 1788 1788 1789 1789 1786 1786 1790 1790 1791 1791 1792 1792 1790 1790 1792 1792 1793 1793 1796 1796 1794 1794 1795 1795 1796 1796 1797 1797 1794 1794 1798 1798 1799 1799 1800 1800 1798 1798 1800 1800 1801 1801 1805 1805 1802 1802 1803 1803 1805 1805 1803 1803 1804 1804 1809 1809 1806 1806 1807 1807 1809 1809 1807 1807 1808 1808 1812 1812 1810 1810 1811 1811 1812 1812 1813 1813 1810 1810 1816 1816 1814 1814 1815 1815 1816 1816 1817 1817 1814 1814 1821 1821 1818 1818 1819 1819 1821 1821 1819 1819 1820 1820 1825 1825 1822 1822 1823 1823 1825 1825 1823 1823 1824 1824 1827 1827 1826 1826 1828 1828 1827 1827 1828 1828 1829 1829 1832 1832 1831 1831 1830 1830 1832 1832 1833 1833 1831 1831 1835 1835 1834 1834 1836 1836 1835 1835 1836 1836 1837 1837 1839 1839 1840 1840 1841 1841 1839 1839 1841 1841 1838 1838 1845 1845 1843 1843 1842 1842 1845 1845 1842 1842 1844 1844 1862 1862 1863 1863 1864 1864 1860 1860 1861 1861 1862 1862 1858 1858 1859 1859 1860 1860 1855 1855 1856 1856 1857 1857 1855 1855 1857 1857 1858 1858 1855 1855 1864 1864 1865 1865 1855 1855 1865 1865 1866 1866 1855 1855 1866 1866 1867 1867 1855 1855 1862 1862 1864 1864 1855 1855 1858 1858 1860 1860 1855 1855 1860 1860 1862 1862 1854 1854 1867 1867 1868 1868 1854 1854 1855 1855 1867 1867 1851 1851 1847 1847 1846 1846 1851 1851 1846 1846 1848 1848 1851 1851 1848 1848 1849 1849 1851 1851 1849 1849 1850 1850 1851 1851 1852 1852 1853 1853 1851 1851 1853 1853 1854 1854 1851 1851 1868 1868 1869 1869 1851 1851 1869 1869 1870 1870 1851 1851 1870 1870 1871 1871 1851 1851 1871 1871 1847 1847 1851 1851 1854 1854 1868 1868 1873 1873 1874 1874 1875 1875 1873 1873 1875 1875 1872 1872 1876 1876 1877 1877 1878 1878 1879 1879 1876 1876 1878 1878 1883 1883 1881 1881 1882 1882 1880 1880 1883 1883 1876 1876 1880 1880 1876 1876 1879 1879 1880 1880 1881 1881 1883 1883 1884 1884 1885 1885 1886 1886 1884 1884 1886 1886 1887 1887 1892 1892 1895 1895 1888 1888 1892 1892 1888 1888 1891 1891 1889 1889 1891 1891 1888 1888 1890 1890 1891 1891 1889 1889 1894 1894 1892 1892 1893 1893 1894 1894 1895 1895 1892 1892 1898 1898 1896 1896 1897 1897 1898 1898 1899 1899 1896 1896 1902 1902 1900 1900 1901 1901 1902 1902 1903 1903 1900 1900 1904 1904 1905 1905 1906 1906 1904 1904 1906 1906 1907 1907 1908 1908 1909 1909 1910 1910 1908 1908 1910 1910 1911 1911 1912 1912 1913 1913 1914 1914 1912 1912 1914 1914 1915 1915 1918 1918 1916 1916 1917 1917 1918 1918 1919 1919 1916 1916 1923 1923 1920 1920 1921 1921 1923 1923 1921 1921 1922 1922 1924 1924 1927 1927 1928 1928 1924 1924 1928 1928 1931 1931 1929 1929 1931 1931 1928 1928 1930 1930 1931 1931 1929 1929 1926 1926 1924 1924 1925 1925 1926 1926 1927 1927 1924 1924 1934 1934 1932 1932 1933 1933 1934 1934 1935 1935 1932 1932 1940 1940 1941 1941 1942 1942 1940 1940 1942 1942 1943 1943 1939 1939 1937 1937 1938 1938 1936 1936 1939 1939 1940 1940 1936 1936 1940 1940 1943 1943 1936 1936 1937 1937 1939 1939 1944 1944 1945 1945 1946 1946 1944 1944 1946 1946 1947 1947 1948 1948 1949 1949 1950 1950 1948 1948 1950 1950 1951 1951 1954 1954 1952 1952 1953 1953 1954 1954 1955 1955 1952 1952 1958 1958 1956 1956 1957 1957 1958 1958 1959 1959 1956 1956 1962 1962 1960 1960 1961 1961 1962 1962 1963 1963 1960 1960 1964 1964 1965 1965 1966 1966 1964 1964 1966 1966 1967 1967 1971 1971 1968 1968 1969 1969 1971 1971 1969 1969 1970 1970 1976 1976 1977 1977 1978 1978 1976 1976 1978 1978 1979 1979 1975 1975 1973 1973 1974 1974 1972 1972 1975 1975 1976 1976 1972 1972 1976 1976 1979 1979 1972 1972 1973 1973 1975 1975 1987 1987 1980 1980 1981 1981 1987 1987 1981 1981 1982 1982 1986 1986 1984 1984 1985 1985 1983 1983 1986 1986 1987 1987 1983 1983 1987 1987 1982 1982 1983 1983 1984 1984 1986 1986 1990 1990 1993 1993 1994 1994 1990 1990 1994 1994 1989 1989 1988 1988 1989 1989 1994 1994 1995 1995 1988 1988 1994 1994 1991 1991 1992 1992 1993 1993 1991 1991 1993 1993 1990 1990 1997 1997 1998 1998 1999 1999 1997 1997 1999 1999 1996 1996 2000 2000 2003 2003 2004 2004 2000 2000 2004 2004 2007 2007 2005 2005 2007 2007 2004 2004 2006 2006 2007 2007 2005 2005 2002 2002 2000 2000 2001 2001 2002 2002 2003 2003 2000 2000 2014 2014 2008 2008 2009 2009 2014 2014 2015 2015 2008 2008 2013 2013 2011 2011 2012 2012 2010 2010 2011 2011 2013 2013 2009 2009 2010 2010 2013 2013 2009 2009 2013 2013 2014 2014 2019 2019 2016 2016 2017 2017 2019 2019 2017 2017 2018 2018 2023 2023 2020 2020 2021 2021 2023 2023 2021 2021 2022 2022 2024 2024 2028 2028 2029 2029 2024 2024 2025 2025 2028 2028 2026 2026 2028 2028 2025 2025 2027 2027 2028 2028 2026 2026 2031 2031 2029 2029 2030 2030 2031 2031 2024 2024 2029 2029 2033 2033 2034 2034 2035 2035 2033 2033 2035 2035 2032 2032 2037 2037 2038 2038 2039 2039 2037 2037 2039 2039 2036 2036 2043 2043 2040 2040 2041 2041 2043 2043 2041 2041 2042 2042 2047 2047 2044 2044 2045 2045 2047 2047 2045 2045 2046 2046 2049 2049 2050 2050 2051 2051 2049 2049 2051 2051 2048 2048 2053 2053 2054 2054 2055 2055 2053 2053 2055 2055 2052 2052 2059 2059 2056 2056 2057 2057 2059 2059 2057 2057 2058 2058 2061 2061 2062 2062 2063 2063 2061 2061 2063 2063 2060 2060</p>
        </triangles>
      </mesh>
    </geometry>
  </library_geometries>
  <library_visual_scenes>
    <visual_scene id="IfcOpenShell">
      <node id="project" name="project" type="NODE">
        <matrix>1 0 0 0 0 1 0 0 0 0 1 0 0 0 0 1</matrix>
        <node id="product-a61f50d9-1b06-47d0-9196-83196ee53d41" name="product-a61f50d9-1b06-47d0-9196-83196ee53d41" type="NODE">
          <matrix>1 0 0 -13.02814769744871 0 1 0 -3.752376317977907 0 0 1 -0.6543173789978029 0 0 0 1</matrix>
          <node id="product-a61f50d9-1b06-47d0-9196-83196ee53d42" name="product-a61f50d9-1b06-47d0-9196-83196ee53d42" type="NODE">
            <matrix>1 0 0 0 0 1 0 0 0 0 1 0 0 0 0 1</matrix>
            <node id="product-79503529-d2a7-11d3-9162-0000863f14a2" name="product-79503529-d2a7-11d3-9162-0000863f14a2" type="NODE">
              <matrix>1 0 0 0 0 1 0 0 0 0 1 0 0 0 0 1</matrix>
              <node id="product-e1101115-ac30-429a-95ac-7e9efa47811b" name="product-e1101115-ac30-429a-95ac-7e9efa47811b" type="NODE">
                <matrix>7.549790126404311e-8 0.9999999999999972 0 12.9281482696533 -0.9999999999999972 7.549790126404311e-8 0 3.67237639427185 0 0 1 0.6543173789978029 0 0 0 1</matrix>
                <node id="product-4c3c89dd-202b-5a5a-76e0-47d73dcab237" name="product-4c3c89dd-202b-5a5a-76e0-47d73dcab237" type="NODE">
                  <matrix>0 -0.9999999999999998 0 2.05657609814232 0.9999999999999998 0 0 -3.762933190729059 0 0 1 0 0 0 0 1</matrix>
                  <node id="product-e1101115-ac30-429a-95ac-7e9efa47e96c-body" name="product-e1101115-ac30-429a-95ac-7e9efa47e96c-body" type="NODE">
                    <matrix>0 0.9999999999999998 0 3.862932624564299 -0.9999999999999998 0 0 2.13657601429863 0 0 1 0 0 0 0 1</matrix>
                    <instance_geometry url="#representation-3726-material-3732">
                      <bind_material>
                        <technique_common>
                          <instance_material symbol="IfcMaterial-3732" target="#IfcMaterial-3732"/>
                        </technique_common>
                      </bind_material>
                    </instance_geometry>
                  </node>
                </node>
              </node>
            </node>
          </node>
        </node>
      </node>
    </visual_scene>
  </library_visual_scenes>
  <scene>
    <instance_visual_scene url="#IfcOpenShell"/>
  </scene>
</COLLADA>